ACC,ARI,KMeans_readout,K_registry,K_source,NMI,actual_batch_size,attempt,dataset_group,dataset_id,fit_seconds,input_array_sha256,labels_read_after_fit,labels_used_during_fit,labels_used_for_controls,labels_used_for_preprocessing,n_features,n_pred_clusters,n_samples,observed_K_after_fit,output_files,peak_cuda_allocated_bytes,physical_gpu,protocol_id,pseudo_loss_weighting,seed,selected_candidate,selection_path,source_path,source_sha256,status,study,variant,wall_seconds
0.9368770764119602,0.9576625863763094,external_after_embedding,11,pre_registered_benchmark_registry,0.9517985459799246,256,1,biological,Pollen,4.761561596766114,79a91831abf2a37136df644afeb644426b9268523a0790f6a703d35bd126a5fc,True,False,False,False,2000,11,301,11,"['embedding_final.npy', 'predictions.npy', 'labels_true.npy', 'gate_diagnostics.npz']",227512320,5,topogate_v0_t_plus_paired_mechanism_ablation_v1,topology,42,T04_3__k_minus,project-root/result/v0_t_plus_local_refine_20260906_retry/selected/Pollen/selected_config.json,project-root/datasets/Pollen.npz,906d965830e4f7a744c397301537069accfa02c117fabb814d3244294f422ca0,completed,core,T_full,6.177110657095909
0.9368770764119602,0.9610492343852464,external_after_embedding,11,pre_registered_benchmark_registry,0.9616351095230327,256,1,biological,Pollen,5.8510672794654965,79a91831abf2a37136df644afeb644426b9268523a0790f6a703d35bd126a5fc,True,False,False,False,2000,11,301,11,"['embedding_final.npy', 'predictions.npy', 'labels_true.npy', 'gate_diagnostics.npz']",227512320,1,topogate_v0_t_plus_paired_mechanism_ablation_v1,topology,123,T04_3__k_minus,project-root/result/v0_t_plus_local_refine_20260906_retry/selected/Pollen/selected_config.json,project-root/datasets/Pollen.npz,906d965830e4f7a744c397301537069accfa02c117fabb814d3244294f422ca0,completed,core,T_full,7.542804007418454
0.9368770764119602,0.9580657155605906,external_after_embedding,11,pre_registered_benchmark_registry,0.9538075583176423,256,1,biological,Pollen,7.031049665994942,79a91831abf2a37136df644afeb644426b9268523a0790f6a703d35bd126a5fc,True,False,False,False,2000,11,301,11,"['embedding_final.npy', 'predictions.npy', 'labels_true.npy', 'gate_diagnostics.npz']",227512320,5,topogate_v0_t_plus_paired_mechanism_ablation_v1,topology,7,T04_3__k_minus,project-root/result/v0_t_plus_local_refine_20260906_retry/selected/Pollen/selected_config.json,project-root/datasets/Pollen.npz,906d965830e4f7a744c397301537069accfa02c117fabb814d3244294f422ca0,completed,core,T_full,10.201580391265452
0.9401993355481728,0.9610353898677569,external_after_embedding,11,pre_registered_benchmark_registry,0.9590534742638828,256,1,biological,Pollen,4.9744991064071655,79a91831abf2a37136df644afeb644426b9268523a0790f6a703d35bd126a5fc,True,False,False,False,2000,11,301,11,"['embedding_final.npy', 'predictions.npy', 'labels_true.npy', 'gate_diagnostics.npz']",227512320,1,topogate_v0_t_plus_paired_mechanism_ablation_v1,topology,2025,T04_3__k_minus,project-root/result/v0_t_plus_local_refine_20260906_retry/selected/Pollen/selected_config.json,project-root/datasets/Pollen.npz,906d965830e4f7a744c397301537069accfa02c117fabb814d3244294f422ca0,completed,core,T_full,10.311530478298664
0.9368770764119602,0.9562580360493971,external_after_embedding,11,pre_registered_benchmark_registry,0.9536073581478525,256,1,biological,Pollen,6.94536111317575,79a91831abf2a37136df644afeb644426b9268523a0790f6a703d35bd126a5fc,True,False,False,False,2000,11,301,11,"['embedding_final.npy', 'predictions.npy', 'labels_true.npy', 'gate_diagnostics.npz']",227512320,5,topogate_v0_t_plus_paired_mechanism_ablation_v1,topology,3407,T04_3__k_minus,project-root/result/v0_t_plus_local_refine_20260906_retry/selected/Pollen/selected_config.json,project-root/datasets/Pollen.npz,906d965830e4f7a744c397301537069accfa02c117fabb814d3244294f422ca0,completed,core,T_full,10.114587204530835
0.9368770764119602,0.9556924156589283,external_after_embedding,11,pre_registered_benchmark_registry,0.9495517624688466,256,1,biological,Pollen,6.107462962158024,79a91831abf2a37136df644afeb644426b9268523a0790f6a703d35bd126a5fc,True,False,False,False,2000,11,301,11,"['embedding_final.npy', 'predictions.npy', 'labels_true.npy', 'gate_diagnostics.npz']",227512320,1,topogate_v0_t_plus_paired_mechanism_ablation_v1,topology,42,T04_3__k_minus,project-root/result/v0_t_plus_local_refine_20260906_retry/selected/Pollen/selected_config.json,project-root/datasets/Pollen.npz,906d965830e4f7a744c397301537069accfa02c117fabb814d3244294f422ca0,completed,core,F_matched_total_mix,8.88129112124443
0.9368770764119602,0.9580955096127466,external_after_embedding,11,pre_registered_benchmark_registry,0.9564236974874687,256,1,biological,Pollen,5.491831332445145,79a91831abf2a37136df644afeb644426b9268523a0790f6a703d35bd126a5fc,True,False,False,False,2000,11,301,11,"['embedding_final.npy', 'predictions.npy', 'labels_true.npy', 'gate_diagnostics.npz']",227512320,5,topogate_v0_t_plus_paired_mechanism_ablation_v1,topology,123,T04_3__k_minus,project-root/result/v0_t_plus_local_refine_20260906_retry/selected/Pollen/selected_config.json,project-root/datasets/Pollen.npz,906d965830e4f7a744c397301537069accfa02c117fabb814d3244294f422ca0,completed,core,F_matched_total_mix,8.539753388613462
0.9335548172757475,0.9580582604265178,external_after_embedding,11,pre_registered_benchmark_registry,0.9534004276160645,256,1,biological,Pollen,6.095934083685279,79a91831abf2a37136df644afeb644426b9268523a0790f6a703d35bd126a5fc,True,False,False,False,2000,11,301,11,"['embedding_final.npy', 'predictions.npy', 'labels_true.npy', 'gate_diagnostics.npz']",227512320,1,topogate_v0_t_plus_paired_mechanism_ablation_v1,topology,7,T04_3__k_minus,project-root/result/v0_t_plus_local_refine_20260906_retry/selected/Pollen/selected_config.json,project-root/datasets/Pollen.npz,906d965830e4f7a744c397301537069accfa02c117fabb814d3244294f422ca0,completed,core,F_matched_total_mix,8.235128476284444
0.9401993355481728,0.9610492343852464,external_after_embedding,11,pre_registered_benchmark_registry,0.9616351095230327,256,1,biological,Pollen,6.465530674904585,79a91831abf2a37136df644afeb644426b9268523a0790f6a703d35bd126a5fc,True,False,False,False,2000,11,301,11,"['embedding_final.npy', 'predictions.npy', 'labels_true.npy', 'gate_diagnostics.npz']",227512320,5,topogate_v0_t_plus_paired_mechanism_ablation_v1,topology,2025,T04_3__k_minus,project-root/result/v0_t_plus_local_refine_20260906_retry/selected/Pollen/selected_config.json,project-root/datasets/Pollen.npz,906d965830e4f7a744c397301537069accfa02c117fabb814d3244294f422ca0,completed,core,F_matched_total_mix,9.347992572002113
0.9435215946843853,0.958829924400796,external_after_embedding,11,pre_registered_benchmark_registry,0.9569000888218137,256,1,biological,Pollen,4.815115012228489,79a91831abf2a37136df644afeb644426b9268523a0790f6a703d35bd126a5fc,True,False,False,False,2000,11,301,11,"['embedding_final.npy', 'predictions.npy', 'labels_true.npy', 'gate_diagnostics.npz']",227512320,1,topogate_v0_t_plus_paired_mechanism_ablation_v1,topology,3407,T04_3__k_minus,project-root/result/v0_t_plus_local_refine_20260906_retry/selected/Pollen/selected_config.json,project-root/datasets/Pollen.npz,906d965830e4f7a744c397301537069accfa02c117fabb814d3244294f422ca0,completed,core,F_matched_total_mix,5.9673050520941615
0.9368770764119602,0.9576625863763094,external_after_embedding,11,pre_registered_benchmark_registry,0.9517985459799246,256,1,biological,Pollen,4.721756627783179,79a91831abf2a37136df644afeb644426b9268523a0790f6a703d35bd126a5fc,True,False,False,False,2000,11,301,11,"['embedding_final.npy', 'predictions.npy', 'labels_true.npy', 'gate_diagnostics.npz']",227512320,5,topogate_v0_t_plus_paired_mechanism_ablation_v1,topology,42,T04_3__k_minus,project-root/result/v0_t_plus_local_refine_20260906_retry/selected/Pollen/selected_config.json,project-root/datasets/Pollen.npz,906d965830e4f7a744c397301537069accfa02c117fabb814d3244294f422ca0,completed,core,T_shuffled_gate,5.671378158964217
0.9335548172757475,0.9580582604265178,external_after_embedding,11,pre_registered_benchmark_registry,0.9534004276160642,256,1,biological,Pollen,5.763520506210625,79a91831abf2a37136df644afeb644426b9268523a0790f6a703d35bd126a5fc,True,False,False,False,2000,11,301,11,"['embedding_final.npy', 'predictions.npy', 'labels_true.npy', 'gate_diagnostics.npz']",227512320,1,topogate_v0_t_plus_paired_mechanism_ablation_v1,topology,123,T04_3__k_minus,project-root/result/v0_t_plus_local_refine_20260906_retry/selected/Pollen/selected_config.json,project-root/datasets/Pollen.npz,906d965830e4f7a744c397301537069accfa02c117fabb814d3244294f422ca0,completed,core,T_shuffled_gate,10.009628295898438
0.9368770764119602,0.9610492343852464,external_after_embedding,11,pre_registered_benchmark_registry,0.9616351095230327,256,1,biological,Pollen,6.83903549797833,79a91831abf2a37136df644afeb644426b9268523a0790f6a703d35bd126a5fc,True,False,False,False,2000,11,301,11,"['embedding_final.npy', 'predictions.npy', 'labels_true.npy', 'gate_diagnostics.npz']",227512320,5,topogate_v0_t_plus_paired_mechanism_ablation_v1,topology,7,T04_3__k_minus,project-root/result/v0_t_plus_local_refine_20260906_retry/selected/Pollen/selected_config.json,project-root/datasets/Pollen.npz,906d965830e4f7a744c397301537069accfa02c117fabb814d3244294f422ca0,completed,core,T_shuffled_gate,10.249775723554194
0.9401993355481728,0.9610492343852464,external_after_embedding,11,pre_registered_benchmark_registry,0.9616351095230327,256,1,biological,Pollen,5.738071597181261,79a91831abf2a37136df644afeb644426b9268523a0790f6a703d35bd126a5fc,True,False,False,False,2000,11,301,11,"['embedding_final.npy', 'predictions.npy', 'labels_true.npy', 'gate_diagnostics.npz']",227512320,1,topogate_v0_t_plus_paired_mechanism_ablation_v1,topology,2025,T04_3__k_minus,project-root/result/v0_t_plus_local_refine_20260906_retry/selected/Pollen/selected_config.json,project-root/datasets/Pollen.npz,906d965830e4f7a744c397301537069accfa02c117fabb814d3244294f422ca0,completed,core,T_shuffled_gate,9.789338238537312
0.9368770764119602,0.9535406737010886,external_after_embedding,11,pre_registered_benchmark_registry,0.9485567487893656,256,1,biological,Pollen,5.765399180352688,79a91831abf2a37136df644afeb644426b9268523a0790f6a703d35bd126a5fc,True,False,False,False,2000,11,301,11,"['embedding_final.npy', 'predictions.npy', 'labels_true.npy', 'gate_diagnostics.npz']",227512320,5,topogate_v0_t_plus_paired_mechanism_ablation_v1,topology,3407,T04_3__k_minus,project-root/result/v0_t_plus_local_refine_20260906_retry/selected/Pollen/selected_config.json,project-root/datasets/Pollen.npz,906d965830e4f7a744c397301537069accfa02c117fabb814d3244294f422ca0,completed,core,T_shuffled_gate,10.121480470523238
0.9368770764119602,0.9556924156589283,external_after_embedding,11,pre_registered_benchmark_registry,0.9495517624688466,256,1,biological,Pollen,5.545713366940618,79a91831abf2a37136df644afeb644426b9268523a0790f6a703d35bd126a5fc,True,False,False,False,2000,11,301,11,"['embedding_final.npy', 'predictions.npy', 'labels_true.npy', 'gate_diagnostics.npz']",227512320,1,topogate_v0_t_plus_paired_mechanism_ablation_v1,topology,42,T04_3__k_minus,project-root/result/v0_t_plus_local_refine_20260906_retry/selected/Pollen/selected_config.json,project-root/datasets/Pollen.npz,906d965830e4f7a744c397301537069accfa02c117fabb814d3244294f422ca0,completed,core,T_fixed_mean_gate,9.870700537227094
0.9368770764119602,0.9580955096127466,external_after_embedding,11,pre_registered_benchmark_registry,0.9564236974874687,256,1,biological,Pollen,6.902442115359008,79a91831abf2a37136df644afeb644426b9268523a0790f6a703d35bd126a5fc,True,False,False,False,2000,11,301,11,"['embedding_final.npy', 'predictions.npy', 'labels_true.npy', 'gate_diagnostics.npz']",227512320,5,topogate_v0_t_plus_paired_mechanism_ablation_v1,topology,123,T04_3__k_minus,project-root/result/v0_t_plus_local_refine_20260906_retry/selected/Pollen/selected_config.json,project-root/datasets/Pollen.npz,906d965830e4f7a744c397301537069accfa02c117fabb814d3244294f422ca0,completed,core,T_fixed_mean_gate,10.199973428621888
0.9335548172757475,0.9580582604265178,external_after_embedding,11,pre_registered_benchmark_registry,0.9534004276160645,256,1,biological,Pollen,5.911771854385734,79a91831abf2a37136df644afeb644426b9268523a0790f6a703d35bd126a5fc,True,False,False,False,2000,11,301,11,"['embedding_final.npy', 'predictions.npy', 'labels_true.npy', 'gate_diagnostics.npz']",227512320,1,topogate_v0_t_plus_paired_mechanism_ablation_v1,topology,7,T04_3__k_minus,project-root/result/v0_t_plus_local_refine_20260906_retry/selected/Pollen/selected_config.json,project-root/datasets/Pollen.npz,906d965830e4f7a744c397301537069accfa02c117fabb814d3244294f422ca0,completed,core,T_fixed_mean_gate,9.914619073271751
0.9401993355481728,0.9610492343852464,external_after_embedding,11,pre_registered_benchmark_registry,0.9616351095230327,256,1,biological,Pollen,6.921998095698655,79a91831abf2a37136df644afeb644426b9268523a0790f6a703d35bd126a5fc,True,False,False,False,2000,11,301,11,"['embedding_final.npy', 'predictions.npy', 'labels_true.npy', 'gate_diagnostics.npz']",227512320,5,topogate_v0_t_plus_paired_mechanism_ablation_v1,topology,2025,T04_3__k_minus,project-root/result/v0_t_plus_local_refine_20260906_retry/selected/Pollen/selected_config.json,project-root/datasets/Pollen.npz,906d965830e4f7a744c397301537069accfa02c117fabb814d3244294f422ca0,completed,core,T_fixed_mean_gate,10.077873864211142
0.9368770764119602,0.9535406737010886,external_after_embedding,11,pre_registered_benchmark_registry,0.9485567487893656,256,1,biological,Pollen,5.741055117920041,79a91831abf2a37136df644afeb644426b9268523a0790f6a703d35bd126a5fc,True,False,False,False,2000,11,301,11,"['embedding_final.npy', 'predictions.npy', 'labels_true.npy', 'gate_diagnostics.npz']",227512320,1,topogate_v0_t_plus_paired_mechanism_ablation_v1,topology,3407,T04_3__k_minus,project-root/result/v0_t_plus_local_refine_20260906_retry/selected/Pollen/selected_config.json,project-root/datasets/Pollen.npz,906d965830e4f7a744c397301537069accfa02c117fabb814d3244294f422ca0,completed,core,T_fixed_mean_gate,7.3978271195665
0.9368770764119602,0.9576625863763094,external_after_embedding,11,pre_registered_benchmark_registry,0.9517985459799249,256,1,biological,Pollen,4.196771928109229,79a91831abf2a37136df644afeb644426b9268523a0790f6a703d35bd126a5fc,True,False,False,False,2000,11,301,11,"['embedding_final.npy', 'predictions.npy', 'labels_true.npy', 'gate_diagnostics.npz']",227512320,5,topogate_v0_t_plus_paired_mechanism_ablation_v1,topology,42,T04_3__k_minus,project-root/result/v0_t_plus_local_refine_20260906_retry/selected/Pollen/selected_config.json,project-root/datasets/Pollen.npz,906d965830e4f7a744c397301537069accfa02c117fabb814d3244294f422ca0,completed,core,T_random_neighbor,5.060440415516496
0.9302325581395349,0.9549930153338924,external_after_embedding,11,pre_registered_benchmark_registry,0.9500336476075225,256,1,biological,Pollen,4.070901817642152,79a91831abf2a37136df644afeb644426b9268523a0790f6a703d35bd126a5fc,True,False,False,False,2000,11,301,11,"['embedding_final.npy', 'predictions.npy', 'labels_true.npy', 'gate_diagnostics.npz']",227512320,1,topogate_v0_t_plus_paired_mechanism_ablation_v1,topology,123,T04_3__k_minus,project-root/result/v0_t_plus_local_refine_20260906_retry/selected/Pollen/selected_config.json,project-root/datasets/Pollen.npz,906d965830e4f7a744c397301537069accfa02c117fabb814d3244294f422ca0,completed,core,T_random_neighbor,6.925970500335097
0.9401993355481728,0.9610492343852464,external_after_embedding,11,pre_registered_benchmark_registry,0.9616351095230327,256,1,biological,Pollen,3.677823232486844,79a91831abf2a37136df644afeb644426b9268523a0790f6a703d35bd126a5fc,True,False,False,False,2000,11,301,11,"['embedding_final.npy', 'predictions.npy', 'labels_true.npy', 'gate_diagnostics.npz']",227512320,5,topogate_v0_t_plus_paired_mechanism_ablation_v1,topology,7,T04_3__k_minus,project-root/result/v0_t_plus_local_refine_20260906_retry/selected/Pollen/selected_config.json,project-root/datasets/Pollen.npz,906d965830e4f7a744c397301537069accfa02c117fabb814d3244294f422ca0,completed,core,T_random_neighbor,5.061712265945971
0.9401993355481728,0.9610492343852464,external_after_embedding,11,pre_registered_benchmark_registry,0.9616351095230327,256,1,biological,Pollen,4.161900601349771,79a91831abf2a37136df644afeb644426b9268523a0790f6a703d35bd126a5fc,True,False,False,False,2000,11,301,11,"['embedding_final.npy', 'predictions.npy', 'labels_true.npy', 'gate_diagnostics.npz']",227512320,1,topogate_v0_t_plus_paired_mechanism_ablation_v1,topology,2025,T04_3__k_minus,project-root/result/v0_t_plus_local_refine_20260906_retry/selected/Pollen/selected_config.json,project-root/datasets/Pollen.npz,906d965830e4f7a744c397301537069accfa02c117fabb814d3244294f422ca0,completed,core,T_random_neighbor,6.218152097426355
0.9368770764119602,0.9562580360493971,external_after_embedding,11,pre_registered_benchmark_registry,0.9536073581478525,256,1,biological,Pollen,3.7377752540633082,79a91831abf2a37136df644afeb644426b9268523a0790f6a703d35bd126a5fc,True,False,False,False,2000,11,301,11,"['embedding_final.npy', 'predictions.npy', 'labels_true.npy', 'gate_diagnostics.npz']",227512320,5,topogate_v0_t_plus_paired_mechanism_ablation_v1,topology,3407,T04_3__k_minus,project-root/result/v0_t_plus_local_refine_20260906_retry/selected/Pollen/selected_config.json,project-root/datasets/Pollen.npz,906d965830e4f7a744c397301537069accfa02c117fabb814d3244294f422ca0,completed,core,T_random_neighbor,4.897635002620518
0.9335548172757475,0.9558967105481656,external_after_embedding,11,pre_registered_benchmark_registry,0.9514935928598272,256,1,biological,Pollen,2.510637058876455,79a91831abf2a37136df644afeb644426b9268523a0790f6a703d35bd126a5fc,True,False,False,False,2000,11,301,11,"['embedding_final.npy', 'predictions.npy', 'labels_true.npy', 'gate_diagnostics.npz']",202954240,1,topogate_v0_t_plus_paired_mechanism_ablation_v1,topology,42,T04_3__k_minus,project-root/result/v0_t_plus_local_refine_20260906_retry/selected/Pollen/selected_config.json,project-root/datasets/Pollen.npz,906d965830e4f7a744c397301537069accfa02c117fabb814d3244294f422ca0,completed,core,T_no_vicinal,4.500771887600422
0.9368770764119602,0.9610492343852464,external_after_embedding,11,pre_registered_benchmark_registry,0.9616351095230327,256,1,biological,Pollen,1.9350721193477511,79a91831abf2a37136df644afeb644426b9268523a0790f6a703d35bd126a5fc,True,False,False,False,2000,11,301,11,"['embedding_final.npy', 'predictions.npy', 'labels_true.npy', 'gate_diagnostics.npz']",202954240,5,topogate_v0_t_plus_paired_mechanism_ablation_v1,topology,123,T04_3__k_minus,project-root/result/v0_t_plus_local_refine_20260906_retry/selected/Pollen/selected_config.json,project-root/datasets/Pollen.npz,906d965830e4f7a744c397301537069accfa02c117fabb814d3244294f422ca0,completed,core,T_no_vicinal,2.858967970125377
0.9368770764119602,0.9610492343852464,external_after_embedding,11,pre_registered_benchmark_registry,0.9616351095230327,256,1,biological,Pollen,3.4494765270501375,79a91831abf2a37136df644afeb644426b9268523a0790f6a703d35bd126a5fc,True,False,False,False,2000,11,301,11,"['embedding_final.npy', 'predictions.npy', 'labels_true.npy', 'gate_diagnostics.npz']",202954240,1,topogate_v0_t_plus_paired_mechanism_ablation_v1,topology,7,T04_3__k_minus,project-root/result/v0_t_plus_local_refine_20260906_retry/selected/Pollen/selected_config.json,project-root/datasets/Pollen.npz,906d965830e4f7a744c397301537069accfa02c117fabb814d3244294f422ca0,completed,core,T_no_vicinal,6.653094503097236
0.9401993355481728,0.9610353898677569,external_after_embedding,11,pre_registered_benchmark_registry,0.959053474263883,256,1,biological,Pollen,2.570922741666436,79a91831abf2a37136df644afeb644426b9268523a0790f6a703d35bd126a5fc,True,False,False,False,2000,11,301,11,"['embedding_final.npy', 'predictions.npy', 'labels_true.npy', 'gate_diagnostics.npz']",202954240,5,topogate_v0_t_plus_paired_mechanism_ablation_v1,topology,2025,T04_3__k_minus,project-root/result/v0_t_plus_local_refine_20260906_retry/selected/Pollen/selected_config.json,project-root/datasets/Pollen.npz,906d965830e4f7a744c397301537069accfa02c117fabb814d3244294f422ca0,completed,core,T_no_vicinal,5.008045077323914
0.9335548172757475,0.9532631225078652,external_after_embedding,11,pre_registered_benchmark_registry,0.9453763410020664,256,1,biological,Pollen,3.2787962751463056,79a91831abf2a37136df644afeb644426b9268523a0790f6a703d35bd126a5fc,True,False,False,False,2000,11,301,11,"['embedding_final.npy', 'predictions.npy', 'labels_true.npy', 'gate_diagnostics.npz']",202954240,1,topogate_v0_t_plus_paired_mechanism_ablation_v1,topology,3407,T04_3__k_minus,project-root/result/v0_t_plus_local_refine_20260906_retry/selected/Pollen/selected_config.json,project-root/datasets/Pollen.npz,906d965830e4f7a744c397301537069accfa02c117fabb814d3244294f422ca0,completed,core,T_no_vicinal,5.580049734562635
0.9368770764119602,0.9586391508005138,external_after_embedding,11,pre_registered_benchmark_registry,0.9547338848487265,256,1,biological,Pollen,4.303356093354523,79a91831abf2a37136df644afeb644426b9268523a0790f6a703d35bd126a5fc,True,False,False,False,2000,11,301,11,"['embedding_final.npy', 'predictions.npy', 'labels_true.npy', 'gate_diagnostics.npz']",227512320,5,topogate_v0_t_plus_paired_mechanism_ablation_v1,unit,42,T04_3__k_minus,project-root/result/v0_t_plus_local_refine_20260906_retry/selected/Pollen/selected_config.json,project-root/datasets/Pollen.npz,906d965830e4f7a744c397301537069accfa02c117fabb814d3244294f422ca0,completed,core,T_uniform_pseudo_loss,5.1305991522967815
0.9335548172757475,0.9579405496149892,external_after_embedding,11,pre_registered_benchmark_registry,0.9526870564041163,256,1,biological,Pollen,5.412187630310655,79a91831abf2a37136df644afeb644426b9268523a0790f6a703d35bd126a5fc,True,False,False,False,2000,11,301,11,"['embedding_final.npy', 'predictions.npy', 'labels_true.npy', 'gate_diagnostics.npz']",227512320,1,topogate_v0_t_plus_paired_mechanism_ablation_v1,unit,123,T04_3__k_minus,project-root/result/v0_t_plus_local_refine_20260906_retry/selected/Pollen/selected_config.json,project-root/datasets/Pollen.npz,906d965830e4f7a744c397301537069accfa02c117fabb814d3244294f422ca0,completed,core,T_uniform_pseudo_loss,7.640907405875623
0.9368770764119602,0.9610492343852464,external_after_embedding,11,pre_registered_benchmark_registry,0.9616351095230327,256,1,biological,Pollen,4.557764649391174,79a91831abf2a37136df644afeb644426b9268523a0790f6a703d35bd126a5fc,True,False,False,False,2000,11,301,11,"['embedding_final.npy', 'predictions.npy', 'labels_true.npy', 'gate_diagnostics.npz']",227512320,5,topogate_v0_t_plus_paired_mechanism_ablation_v1,unit,7,T04_3__k_minus,project-root/result/v0_t_plus_local_refine_20260906_retry/selected/Pollen/selected_config.json,project-root/datasets/Pollen.npz,906d965830e4f7a744c397301537069accfa02c117fabb814d3244294f422ca0,completed,core,T_uniform_pseudo_loss,6.660614783875644
0.9401993355481728,0.9610353898677569,external_after_embedding,11,pre_registered_benchmark_registry,0.959053474263883,256,1,biological,Pollen,6.063448294065893,79a91831abf2a37136df644afeb644426b9268523a0790f6a703d35bd126a5fc,True,False,False,False,2000,11,301,11,"['embedding_final.npy', 'predictions.npy', 'labels_true.npy', 'gate_diagnostics.npz']",227512320,1,topogate_v0_t_plus_paired_mechanism_ablation_v1,unit,2025,T04_3__k_minus,project-root/result/v0_t_plus_local_refine_20260906_retry/selected/Pollen/selected_config.json,project-root/datasets/Pollen.npz,906d965830e4f7a744c397301537069accfa02c117fabb814d3244294f422ca0,completed,core,T_uniform_pseudo_loss,8.274949567392468
0.9401993355481728,0.9619265437015292,external_after_embedding,11,pre_registered_benchmark_registry,0.9571326038615537,256,1,biological,Pollen,5.241758490912616,79a91831abf2a37136df644afeb644426b9268523a0790f6a703d35bd126a5fc,True,False,False,False,2000,11,301,11,"['embedding_final.npy', 'predictions.npy', 'labels_true.npy', 'gate_diagnostics.npz']",227512320,5,topogate_v0_t_plus_paired_mechanism_ablation_v1,unit,3407,T04_3__k_minus,project-root/result/v0_t_plus_local_refine_20260906_retry/selected/Pollen/selected_config.json,project-root/datasets/Pollen.npz,906d965830e4f7a744c397301537069accfa02c117fabb814d3244294f422ca0,completed,core,T_uniform_pseudo_loss,6.632740182802081
0.9368770764119602,0.9576625863763094,external_after_embedding,11,pre_registered_benchmark_registry,0.9517985459799249,256,1,biological,Pollen,4.554139786399901,79a91831abf2a37136df644afeb644426b9268523a0790f6a703d35bd126a5fc,True,False,False,False,2000,11,301,11,"['embedding_final.npy', 'predictions.npy', 'labels_true.npy', 'gate_diagnostics.npz']",227512320,1,topogate_v0_t_plus_paired_mechanism_ablation_v1,topology,42,T04_3__k_minus,project-root/result/v0_t_plus_local_refine_20260906_retry/selected/Pollen/selected_config.json,project-root/datasets/Pollen.npz,906d965830e4f7a744c397301537069accfa02c117fabb814d3244294f422ca0,completed,core,T_edge_none,8.295307826250792
0.9368770764119602,0.9610492343852464,external_after_embedding,11,pre_registered_benchmark_registry,0.9616351095230327,256,1,biological,Pollen,3.9897731887176633,79a91831abf2a37136df644afeb644426b9268523a0790f6a703d35bd126a5fc,True,False,False,False,2000,11,301,11,"['embedding_final.npy', 'predictions.npy', 'labels_true.npy', 'gate_diagnostics.npz']",227512320,5,topogate_v0_t_plus_paired_mechanism_ablation_v1,topology,123,T04_3__k_minus,project-root/result/v0_t_plus_local_refine_20260906_retry/selected/Pollen/selected_config.json,project-root/datasets/Pollen.npz,906d965830e4f7a744c397301537069accfa02c117fabb814d3244294f422ca0,completed,core,T_edge_none,6.645614107139409
0.9368770764119602,0.9580657155605906,external_after_embedding,11,pre_registered_benchmark_registry,0.9538075583176423,256,1,biological,Pollen,6.256480262614787,79a91831abf2a37136df644afeb644426b9268523a0790f6a703d35bd126a5fc,True,False,False,False,2000,11,301,11,"['embedding_final.npy', 'predictions.npy', 'labels_true.npy', 'gate_diagnostics.npz']",227512320,1,topogate_v0_t_plus_paired_mechanism_ablation_v1,topology,7,T04_3__k_minus,project-root/result/v0_t_plus_local_refine_20260906_retry/selected/Pollen/selected_config.json,project-root/datasets/Pollen.npz,906d965830e4f7a744c397301537069accfa02c117fabb814d3244294f422ca0,completed,core,T_edge_none,8.574766722507775
0.9401993355481728,0.9610353898677569,external_after_embedding,11,pre_registered_benchmark_registry,0.9590534742638828,256,1,biological,Pollen,5.019041126593947,79a91831abf2a37136df644afeb644426b9268523a0790f6a703d35bd126a5fc,True,False,False,False,2000,11,301,11,"['embedding_final.npy', 'predictions.npy', 'labels_true.npy', 'gate_diagnostics.npz']",227512320,5,topogate_v0_t_plus_paired_mechanism_ablation_v1,topology,2025,T04_3__k_minus,project-root/result/v0_t_plus_local_refine_20260906_retry/selected/Pollen/selected_config.json,project-root/datasets/Pollen.npz,906d965830e4f7a744c397301537069accfa02c117fabb814d3244294f422ca0,completed,core,T_edge_none,7.653226342052221
0.9368770764119602,0.9562580360493971,external_after_embedding,11,pre_registered_benchmark_registry,0.9536073581478525,256,1,biological,Pollen,4.865779465995729,79a91831abf2a37136df644afeb644426b9268523a0790f6a703d35bd126a5fc,True,False,False,False,2000,11,301,11,"['embedding_final.npy', 'predictions.npy', 'labels_true.npy', 'gate_diagnostics.npz']",227512320,1,topogate_v0_t_plus_paired_mechanism_ablation_v1,topology,3407,T04_3__k_minus,project-root/result/v0_t_plus_local_refine_20260906_retry/selected/Pollen/selected_config.json,project-root/datasets/Pollen.npz,906d965830e4f7a744c397301537069accfa02c117fabb814d3244294f422ca0,completed,core,T_edge_none,8.95642239227891
0.9368770764119602,0.9576625863763094,external_after_embedding,11,pre_registered_benchmark_registry,0.9517985459799249,256,1,biological,Pollen,4.402428508736193,79a91831abf2a37136df644afeb644426b9268523a0790f6a703d35bd126a5fc,True,False,False,False,2000,11,301,11,"['embedding_final.npy', 'predictions.npy', 'labels_true.npy', 'gate_diagnostics.npz']",227512320,5,topogate_v0_t_plus_paired_mechanism_ablation_v1,topology,42,T04_3__k_minus,project-root/result/v0_t_plus_local_refine_20260906_retry/selected/Pollen/selected_config.json,project-root/datasets/Pollen.npz,906d965830e4f7a744c397301537069accfa02c117fabb814d3244294f422ca0,completed,core,T_edge_sim,5.362907890230417
0.9368770764119602,0.9610492343852464,external_after_embedding,11,pre_registered_benchmark_registry,0.9616351095230327,256,1,biological,Pollen,3.9498094711452723,79a91831abf2a37136df644afeb644426b9268523a0790f6a703d35bd126a5fc,True,False,False,False,2000,11,301,11,"['embedding_final.npy', 'predictions.npy', 'labels_true.npy', 'gate_diagnostics.npz']",227512320,1,topogate_v0_t_plus_paired_mechanism_ablation_v1,topology,123,T04_3__k_minus,project-root/result/v0_t_plus_local_refine_20260906_retry/selected/Pollen/selected_config.json,project-root/datasets/Pollen.npz,906d965830e4f7a744c397301537069accfa02c117fabb814d3244294f422ca0,completed,core,T_edge_sim,5.162591073662043
0.9368770764119602,0.9580657155605906,external_after_embedding,11,pre_registered_benchmark_registry,0.9538075583176423,256,1,biological,Pollen,4.820913540199399,79a91831abf2a37136df644afeb644426b9268523a0790f6a703d35bd126a5fc,True,False,False,False,2000,11,301,11,"['embedding_final.npy', 'predictions.npy', 'labels_true.npy', 'gate_diagnostics.npz']",227512320,5,topogate_v0_t_plus_paired_mechanism_ablation_v1,topology,7,T04_3__k_minus,project-root/result/v0_t_plus_local_refine_20260906_retry/selected/Pollen/selected_config.json,project-root/datasets/Pollen.npz,906d965830e4f7a744c397301537069accfa02c117fabb814d3244294f422ca0,completed,core,T_edge_sim,5.820453934371471
0.9401993355481728,0.9610353898677569,external_after_embedding,11,pre_registered_benchmark_registry,0.9590534742638828,256,1,biological,Pollen,3.287569089792669,79a91831abf2a37136df644afeb644426b9268523a0790f6a703d35bd126a5fc,True,False,False,False,2000,11,301,11,"['embedding_final.npy', 'predictions.npy', 'labels_true.npy', 'gate_diagnostics.npz']",227512320,1,topogate_v0_t_plus_paired_mechanism_ablation_v1,topology,2025,T04_3__k_minus,project-root/result/v0_t_plus_local_refine_20260906_retry/selected/Pollen/selected_config.json,project-root/datasets/Pollen.npz,906d965830e4f7a744c397301537069accfa02c117fabb814d3244294f422ca0,completed,core,T_edge_sim,5.0735419150441885
0.9368770764119602,0.9562580360493971,external_after_embedding,11,pre_registered_benchmark_registry,0.9536073581478525,256,1,biological,Pollen,4.083333573304117,79a91831abf2a37136df644afeb644426b9268523a0790f6a703d35bd126a5fc,True,False,False,False,2000,11,301,11,"['embedding_final.npy', 'predictions.npy', 'labels_true.npy', 'gate_diagnostics.npz']",227512320,5,topogate_v0_t_plus_paired_mechanism_ablation_v1,topology,3407,T04_3__k_minus,project-root/result/v0_t_plus_local_refine_20260906_retry/selected/Pollen/selected_config.json,project-root/datasets/Pollen.npz,906d965830e4f7a744c397301537069accfa02c117fabb814d3244294f422ca0,completed,core,T_edge_sim,5.270390243269503
0.9368770764119602,0.9576625863763094,external_after_embedding,11,pre_registered_benchmark_registry,0.9517985459799249,256,1,biological,Pollen,3.8734218925237656,79a91831abf2a37136df644afeb644426b9268523a0790f6a703d35bd126a5fc,True,False,False,False,2000,11,301,11,"['embedding_final.npy', 'predictions.npy', 'labels_true.npy', 'gate_diagnostics.npz']",227512320,1,topogate_v0_t_plus_paired_mechanism_ablation_v1,topology,42,T04_3__k_minus,project-root/result/v0_t_plus_local_refine_20260906_retry/selected/Pollen/selected_config.json,project-root/datasets/Pollen.npz,906d965830e4f7a744c397301537069accfa02c117fabb814d3244294f422ca0,completed,core,T_edge_sim_mutual,7.521231021732092
0.9368770764119602,0.9610492343852464,external_after_embedding,11,pre_registered_benchmark_registry,0.9616351095230327,256,1,biological,Pollen,4.763723328709602,79a91831abf2a37136df644afeb644426b9268523a0790f6a703d35bd126a5fc,True,False,False,False,2000,11,301,11,"['embedding_final.npy', 'predictions.npy', 'labels_true.npy', 'gate_diagnostics.npz']",227512320,5,topogate_v0_t_plus_paired_mechanism_ablation_v1,topology,123,T04_3__k_minus,project-root/result/v0_t_plus_local_refine_20260906_retry/selected/Pollen/selected_config.json,project-root/datasets/Pollen.npz,906d965830e4f7a744c397301537069accfa02c117fabb814d3244294f422ca0,completed,core,T_edge_sim_mutual,5.74493445828557
0.9368770764119602,0.9580657155605906,external_after_embedding,11,pre_registered_benchmark_registry,0.9538075583176423,256,1,biological,Pollen,5.457013642415404,79a91831abf2a37136df644afeb644426b9268523a0790f6a703d35bd126a5fc,True,False,False,False,2000,11,301,11,"['embedding_final.npy', 'predictions.npy', 'labels_true.npy', 'gate_diagnostics.npz']",227512320,1,topogate_v0_t_plus_paired_mechanism_ablation_v1,topology,7,T04_3__k_minus,project-root/result/v0_t_plus_local_refine_20260906_retry/selected/Pollen/selected_config.json,project-root/datasets/Pollen.npz,906d965830e4f7a744c397301537069accfa02c117fabb814d3244294f422ca0,completed,core,T_edge_sim_mutual,7.129117915406823
0.9401993355481728,0.9610353898677569,external_after_embedding,11,pre_registered_benchmark_registry,0.9590534742638828,256,1,biological,Pollen,4.276100194081664,79a91831abf2a37136df644afeb644426b9268523a0790f6a703d35bd126a5fc,True,False,False,False,2000,11,301,11,"['embedding_final.npy', 'predictions.npy', 'labels_true.npy', 'gate_diagnostics.npz']",227512320,5,topogate_v0_t_plus_paired_mechanism_ablation_v1,topology,2025,T04_3__k_minus,project-root/result/v0_t_plus_local_refine_20260906_retry/selected/Pollen/selected_config.json,project-root/datasets/Pollen.npz,906d965830e4f7a744c397301537069accfa02c117fabb814d3244294f422ca0,completed,core,T_edge_sim_mutual,5.335714142769575
0.9368770764119602,0.9562580360493971,external_after_embedding,11,pre_registered_benchmark_registry,0.9536073581478525,256,1,biological,Pollen,5.086186111904681,79a91831abf2a37136df644afeb644426b9268523a0790f6a703d35bd126a5fc,True,False,False,False,2000,11,301,11,"['embedding_final.npy', 'predictions.npy', 'labels_true.npy', 'gate_diagnostics.npz']",227512320,1,topogate_v0_t_plus_paired_mechanism_ablation_v1,topology,3407,T04_3__k_minus,project-root/result/v0_t_plus_local_refine_20260906_retry/selected/Pollen/selected_config.json,project-root/datasets/Pollen.npz,906d965830e4f7a744c397301537069accfa02c117fabb814d3244294f422ca0,completed,core,T_edge_sim_mutual,7.222925581969321
0.9368770764119602,0.9576625863763094,external_after_embedding,11,pre_registered_benchmark_registry,0.9517985459799249,256,1,biological,Pollen,3.9350992403924465,79a91831abf2a37136df644afeb644426b9268523a0790f6a703d35bd126a5fc,True,False,False,False,2000,11,301,11,"['embedding_final.npy', 'predictions.npy', 'labels_true.npy', 'gate_diagnostics.npz']",227512320,5,topogate_v0_t_plus_paired_mechanism_ablation_v1,topology,42,T04_3__k_minus,project-root/result/v0_t_plus_local_refine_20260906_retry/selected/Pollen/selected_config.json,project-root/datasets/Pollen.npz,906d965830e4f7a744c397301537069accfa02c117fabb814d3244294f422ca0,completed,core,T_edge_sim_mutual_snn,4.828508653678
0.9368770764119602,0.9610492343852464,external_after_embedding,11,pre_registered_benchmark_registry,0.9616351095230327,256,1,biological,Pollen,4.968616772443056,79a91831abf2a37136df644afeb644426b9268523a0790f6a703d35bd126a5fc,True,False,False,False,2000,11,301,11,"['embedding_final.npy', 'predictions.npy', 'labels_true.npy', 'gate_diagnostics.npz']",227512320,1,topogate_v0_t_plus_paired_mechanism_ablation_v1,topology,123,T04_3__k_minus,project-root/result/v0_t_plus_local_refine_20260906_retry/selected/Pollen/selected_config.json,project-root/datasets/Pollen.npz,906d965830e4f7a744c397301537069accfa02c117fabb814d3244294f422ca0,completed,core,T_edge_sim_mutual_snn,6.745843689888716
0.9368770764119602,0.9580657155605906,external_after_embedding,11,pre_registered_benchmark_registry,0.9538075583176423,256,1,biological,Pollen,4.918637277558446,79a91831abf2a37136df644afeb644426b9268523a0790f6a703d35bd126a5fc,True,False,False,False,2000,11,301,11,"['embedding_final.npy', 'predictions.npy', 'labels_true.npy', 'gate_diagnostics.npz']",227512320,5,topogate_v0_t_plus_paired_mechanism_ablation_v1,topology,7,T04_3__k_minus,project-root/result/v0_t_plus_local_refine_20260906_retry/selected/Pollen/selected_config.json,project-root/datasets/Pollen.npz,906d965830e4f7a744c397301537069accfa02c117fabb814d3244294f422ca0,completed,core,T_edge_sim_mutual_snn,6.173785368911922
0.9401993355481728,0.9610353898677569,external_after_embedding,11,pre_registered_benchmark_registry,0.9590534742638828,256,1,biological,Pollen,4.111716249026358,79a91831abf2a37136df644afeb644426b9268523a0790f6a703d35bd126a5fc,True,False,False,False,2000,11,301,11,"['embedding_final.npy', 'predictions.npy', 'labels_true.npy', 'gate_diagnostics.npz']",227512320,1,topogate_v0_t_plus_paired_mechanism_ablation_v1,topology,2025,T04_3__k_minus,project-root/result/v0_t_plus_local_refine_20260906_retry/selected/Pollen/selected_config.json,project-root/datasets/Pollen.npz,906d965830e4f7a744c397301537069accfa02c117fabb814d3244294f422ca0,completed,core,T_edge_sim_mutual_snn,5.226110686548054
0.9368770764119602,0.9562580360493971,external_after_embedding,11,pre_registered_benchmark_registry,0.9536073581478525,256,1,biological,Pollen,4.201361091807485,79a91831abf2a37136df644afeb644426b9268523a0790f6a703d35bd126a5fc,True,False,False,False,2000,11,301,11,"['embedding_final.npy', 'predictions.npy', 'labels_true.npy', 'gate_diagnostics.npz']",227512320,5,topogate_v0_t_plus_paired_mechanism_ablation_v1,topology,3407,T04_3__k_minus,project-root/result/v0_t_plus_local_refine_20260906_retry/selected/Pollen/selected_config.json,project-root/datasets/Pollen.npz,906d965830e4f7a744c397301537069accfa02c117fabb814d3244294f422ca0,completed,core,T_edge_sim_mutual_snn,5.534356291405857
0.9368770764119602,0.9576625863763094,external_after_embedding,11,pre_registered_benchmark_registry,0.9517985459799246,256,1,biological,Pollen,4.8864774173125625,79a91831abf2a37136df644afeb644426b9268523a0790f6a703d35bd126a5fc,True,False,False,False,2000,11,301,11,"['embedding_final.npy', 'predictions.npy', 'labels_true.npy', 'gate_diagnostics.npz']",227512320,1,topogate_v0_t_plus_paired_mechanism_ablation_v1,topology,42,T04_3__k_minus,project-root/result/v0_t_plus_local_refine_20260906_retry/selected/Pollen/selected_config.json,project-root/datasets/Pollen.npz,906d965830e4f7a744c397301537069accfa02c117fabb814d3244294f422ca0,completed,core,T_edge_sim_mutual_snn_distance,7.226288047619164
0.9368770764119602,0.9610492343852464,external_after_embedding,11,pre_registered_benchmark_registry,0.9616351095230327,256,1,biological,Pollen,5.081515017896891,79a91831abf2a37136df644afeb644426b9268523a0790f6a703d35bd126a5fc,True,False,False,False,2000,11,301,11,"['embedding_final.npy', 'predictions.npy', 'labels_true.npy', 'gate_diagnostics.npz']",227512320,5,topogate_v0_t_plus_paired_mechanism_ablation_v1,topology,123,T04_3__k_minus,project-root/result/v0_t_plus_local_refine_20260906_retry/selected/Pollen/selected_config.json,project-root/datasets/Pollen.npz,906d965830e4f7a744c397301537069accfa02c117fabb814d3244294f422ca0,completed,core,T_edge_sim_mutual_snn_distance,6.575287778861821
0.9368770764119602,0.9580657155605906,external_after_embedding,11,pre_registered_benchmark_registry,0.9538075583176423,256,1,biological,Pollen,5.049792089499533,79a91831abf2a37136df644afeb644426b9268523a0790f6a703d35bd126a5fc,True,False,False,False,2000,11,301,11,"['embedding_final.npy', 'predictions.npy', 'labels_true.npy', 'gate_diagnostics.npz']",227512320,1,topogate_v0_t_plus_paired_mechanism_ablation_v1,topology,7,T04_3__k_minus,project-root/result/v0_t_plus_local_refine_20260906_retry/selected/Pollen/selected_config.json,project-root/datasets/Pollen.npz,906d965830e4f7a744c397301537069accfa02c117fabb814d3244294f422ca0,completed,core,T_edge_sim_mutual_snn_distance,7.490170077420771
0.9401993355481728,0.9610353898677569,external_after_embedding,11,pre_registered_benchmark_registry,0.9590534742638828,256,1,biological,Pollen,4.836491915397346,79a91831abf2a37136df644afeb644426b9268523a0790f6a703d35bd126a5fc,True,False,False,False,2000,11,301,11,"['embedding_final.npy', 'predictions.npy', 'labels_true.npy', 'gate_diagnostics.npz']",227512320,5,topogate_v0_t_plus_paired_mechanism_ablation_v1,topology,2025,T04_3__k_minus,project-root/result/v0_t_plus_local_refine_20260906_retry/selected/Pollen/selected_config.json,project-root/datasets/Pollen.npz,906d965830e4f7a744c397301537069accfa02c117fabb814d3244294f422ca0,completed,core,T_edge_sim_mutual_snn_distance,6.370764633640647
0.9368770764119602,0.9562580360493971,external_after_embedding,11,pre_registered_benchmark_registry,0.9536073581478525,256,1,biological,Pollen,4.865310784429312,79a91831abf2a37136df644afeb644426b9268523a0790f6a703d35bd126a5fc,True,False,False,False,2000,11,301,11,"['embedding_final.npy', 'predictions.npy', 'labels_true.npy', 'gate_diagnostics.npz']",227512320,1,topogate_v0_t_plus_paired_mechanism_ablation_v1,topology,3407,T04_3__k_minus,project-root/result/v0_t_plus_local_refine_20260906_retry/selected/Pollen/selected_config.json,project-root/datasets/Pollen.npz,906d965830e4f7a744c397301537069accfa02c117fabb814d3244294f422ca0,completed,core,T_edge_sim_mutual_snn_distance,6.93458413425833
0.9368770764119602,0.9576400260215808,external_after_embedding,11,pre_registered_benchmark_registry,0.9487898323089511,256,1,biological,Pollen,4.0320579735562205,79a91831abf2a37136df644afeb644426b9268523a0790f6a703d35bd126a5fc,True,False,False,False,2000,11,301,11,"['embedding_final.npy', 'predictions.npy', 'labels_true.npy', 'gate_diagnostics.npz']",227512320,5,topogate_v0_t_plus_paired_mechanism_ablation_v1,topology,42,T04_3__k_minus,project-root/result/v0_t_plus_local_refine_20260906_retry/selected/Pollen/selected_config.json,project-root/datasets/Pollen.npz,906d965830e4f7a744c397301537069accfa02c117fabb814d3244294f422ca0,completed,core,T_beta_no_mutual,5.014462820254266
0.9335548172757475,0.9580582604265178,external_after_embedding,11,pre_registered_benchmark_registry,0.9534004276160645,256,1,biological,Pollen,4.790392320603132,79a91831abf2a37136df644afeb644426b9268523a0790f6a703d35bd126a5fc,True,False,False,False,2000,11,301,11,"['embedding_final.npy', 'predictions.npy', 'labels_true.npy', 'gate_diagnostics.npz']",227512320,1,topogate_v0_t_plus_paired_mechanism_ablation_v1,topology,123,T04_3__k_minus,project-root/result/v0_t_plus_local_refine_20260906_retry/selected/Pollen/selected_config.json,project-root/datasets/Pollen.npz,906d965830e4f7a744c397301537069accfa02c117fabb814d3244294f422ca0,completed,core,T_beta_no_mutual,7.4323358135297894
0.9368770764119602,0.9580657155605906,external_after_embedding,11,pre_registered_benchmark_registry,0.9538075583176423,256,1,biological,Pollen,4.546593555249274,79a91831abf2a37136df644afeb644426b9268523a0790f6a703d35bd126a5fc,True,False,False,False,2000,11,301,11,"['embedding_final.npy', 'predictions.npy', 'labels_true.npy', 'gate_diagnostics.npz']",227512320,5,topogate_v0_t_plus_paired_mechanism_ablation_v1,topology,7,T04_3__k_minus,project-root/result/v0_t_plus_local_refine_20260906_retry/selected/Pollen/selected_config.json,project-root/datasets/Pollen.npz,906d965830e4f7a744c397301537069accfa02c117fabb814d3244294f422ca0,completed,core,T_beta_no_mutual,5.552924741059542
0.9401993355481728,0.9610353898677569,external_after_embedding,11,pre_registered_benchmark_registry,0.9590534742638828,256,1,biological,Pollen,4.802499423734844,79a91831abf2a37136df644afeb644426b9268523a0790f6a703d35bd126a5fc,True,False,False,False,2000,11,301,11,"['embedding_final.npy', 'predictions.npy', 'labels_true.npy', 'gate_diagnostics.npz']",227512320,1,topogate_v0_t_plus_paired_mechanism_ablation_v1,topology,2025,T04_3__k_minus,project-root/result/v0_t_plus_local_refine_20260906_retry/selected/Pollen/selected_config.json,project-root/datasets/Pollen.npz,906d965830e4f7a744c397301537069accfa02c117fabb814d3244294f422ca0,completed,core,T_beta_no_mutual,7.171619958244264
0.9368770764119602,0.9562580360493971,external_after_embedding,11,pre_registered_benchmark_registry,0.9536073581478525,256,1,biological,Pollen,3.711311693303287,79a91831abf2a37136df644afeb644426b9268523a0790f6a703d35bd126a5fc,True,False,False,False,2000,11,301,11,"['embedding_final.npy', 'predictions.npy', 'labels_true.npy', 'gate_diagnostics.npz']",227512320,5,topogate_v0_t_plus_paired_mechanism_ablation_v1,topology,3407,T04_3__k_minus,project-root/result/v0_t_plus_local_refine_20260906_retry/selected/Pollen/selected_config.json,project-root/datasets/Pollen.npz,906d965830e4f7a744c397301537069accfa02c117fabb814d3244294f422ca0,completed,core,T_beta_no_mutual,4.6549600251019
0.9368770764119602,0.9576625863763094,external_after_embedding,11,pre_registered_benchmark_registry,0.9517985459799246,256,1,biological,Pollen,5.023942947387695,79a91831abf2a37136df644afeb644426b9268523a0790f6a703d35bd126a5fc,True,False,False,False,2000,11,301,11,"['embedding_final.npy', 'predictions.npy', 'labels_true.npy', 'gate_diagnostics.npz']",227512320,1,topogate_v0_t_plus_paired_mechanism_ablation_v1,topology,42,T04_3__k_minus,project-root/result/v0_t_plus_local_refine_20260906_retry/selected/Pollen/selected_config.json,project-root/datasets/Pollen.npz,906d965830e4f7a744c397301537069accfa02c117fabb814d3244294f422ca0,completed,core,T_beta_no_snn,6.949611494317651
0.9335548172757475,0.9580582604265178,external_after_embedding,11,pre_registered_benchmark_registry,0.9534004276160645,256,1,biological,Pollen,3.940847453661263,79a91831abf2a37136df644afeb644426b9268523a0790f6a703d35bd126a5fc,True,False,False,False,2000,11,301,11,"['embedding_final.npy', 'predictions.npy', 'labels_true.npy', 'gate_diagnostics.npz']",227512320,5,topogate_v0_t_plus_paired_mechanism_ablation_v1,topology,123,T04_3__k_minus,project-root/result/v0_t_plus_local_refine_20260906_retry/selected/Pollen/selected_config.json,project-root/datasets/Pollen.npz,906d965830e4f7a744c397301537069accfa02c117fabb814d3244294f422ca0,completed,core,T_beta_no_snn,4.811832341365516
0.9401993355481728,0.9610492343852464,external_after_embedding,11,pre_registered_benchmark_registry,0.9616351095230327,256,1,biological,Pollen,4.744330335408449,79a91831abf2a37136df644afeb644426b9268523a0790f6a703d35bd126a5fc,True,False,False,False,2000,11,301,11,"['embedding_final.npy', 'predictions.npy', 'labels_true.npy', 'gate_diagnostics.npz']",227512320,1,topogate_v0_t_plus_paired_mechanism_ablation_v1,topology,7,T04_3__k_minus,project-root/result/v0_t_plus_local_refine_20260906_retry/selected/Pollen/selected_config.json,project-root/datasets/Pollen.npz,906d965830e4f7a744c397301537069accfa02c117fabb814d3244294f422ca0,completed,core,T_beta_no_snn,6.492242994718254
0.9401993355481728,0.9610353898677569,external_after_embedding,11,pre_registered_benchmark_registry,0.9590534742638828,256,1,biological,Pollen,3.4998171906918287,79a91831abf2a37136df644afeb644426b9268523a0790f6a703d35bd126a5fc,True,False,False,False,2000,11,301,11,"['embedding_final.npy', 'predictions.npy', 'labels_true.npy', 'gate_diagnostics.npz']",227512320,5,topogate_v0_t_plus_paired_mechanism_ablation_v1,topology,2025,T04_3__k_minus,project-root/result/v0_t_plus_local_refine_20260906_retry/selected/Pollen/selected_config.json,project-root/datasets/Pollen.npz,906d965830e4f7a744c397301537069accfa02c117fabb814d3244294f422ca0,completed,core,T_beta_no_snn,4.722459033131599
0.9368770764119602,0.9612425893967662,external_after_embedding,11,pre_registered_benchmark_registry,0.9580747288921644,256,1,biological,Pollen,4.6635334976017475,79a91831abf2a37136df644afeb644426b9268523a0790f6a703d35bd126a5fc,True,False,False,False,2000,11,301,11,"['embedding_final.npy', 'predictions.npy', 'labels_true.npy', 'gate_diagnostics.npz']",227512320,1,topogate_v0_t_plus_paired_mechanism_ablation_v1,topology,3407,T04_3__k_minus,project-root/result/v0_t_plus_local_refine_20260906_retry/selected/Pollen/selected_config.json,project-root/datasets/Pollen.npz,906d965830e4f7a744c397301537069accfa02c117fabb814d3244294f422ca0,completed,core,T_beta_no_snn,7.035969192162156
0.9368770764119602,0.9576625863763094,external_after_embedding,11,pre_registered_benchmark_registry,0.9517985459799246,256,1,biological,Pollen,4.18785803578794,79a91831abf2a37136df644afeb644426b9268523a0790f6a703d35bd126a5fc,True,False,False,False,2000,11,301,11,"['embedding_final.npy', 'predictions.npy', 'labels_true.npy', 'gate_diagnostics.npz']",227512320,5,topogate_v0_t_plus_paired_mechanism_ablation_v1,topology,42,T04_3__k_minus,project-root/result/v0_t_plus_local_refine_20260906_retry/selected/Pollen/selected_config.json,project-root/datasets/Pollen.npz,906d965830e4f7a744c397301537069accfa02c117fabb814d3244294f422ca0,completed,core,T_beta_no_perturb,5.4958053259179
0.9335548172757475,0.9580582604265178,external_after_embedding,11,pre_registered_benchmark_registry,0.9534004276160642,256,1,biological,Pollen,4.574481047689915,79a91831abf2a37136df644afeb644426b9268523a0790f6a703d35bd126a5fc,True,False,False,False,2000,11,301,11,"['embedding_final.npy', 'predictions.npy', 'labels_true.npy', 'gate_diagnostics.npz']",227512320,1,topogate_v0_t_plus_paired_mechanism_ablation_v1,topology,123,T04_3__k_minus,project-root/result/v0_t_plus_local_refine_20260906_retry/selected/Pollen/selected_config.json,project-root/datasets/Pollen.npz,906d965830e4f7a744c397301537069accfa02c117fabb814d3244294f422ca0,completed,core,T_beta_no_perturb,6.331838961690664
0.9368770764119602,0.9610492343852464,external_after_embedding,11,pre_registered_benchmark_registry,0.9616351095230327,256,1,biological,Pollen,4.804334608837962,79a91831abf2a37136df644afeb644426b9268523a0790f6a703d35bd126a5fc,True,False,False,False,2000,11,301,11,"['embedding_final.npy', 'predictions.npy', 'labels_true.npy', 'gate_diagnostics.npz']",227512320,5,topogate_v0_t_plus_paired_mechanism_ablation_v1,topology,7,T04_3__k_minus,project-root/result/v0_t_plus_local_refine_20260906_retry/selected/Pollen/selected_config.json,project-root/datasets/Pollen.npz,906d965830e4f7a744c397301537069accfa02c117fabb814d3244294f422ca0,completed,core,T_beta_no_perturb,5.64804142806679
0.9401993355481728,0.9610353898677569,external_after_embedding,11,pre_registered_benchmark_registry,0.959053474263883,256,1,biological,Pollen,4.037940988317132,79a91831abf2a37136df644afeb644426b9268523a0790f6a703d35bd126a5fc,True,False,False,False,2000,11,301,11,"['embedding_final.npy', 'predictions.npy', 'labels_true.npy', 'gate_diagnostics.npz']",227512320,1,topogate_v0_t_plus_paired_mechanism_ablation_v1,topology,2025,T04_3__k_minus,project-root/result/v0_t_plus_local_refine_20260906_retry/selected/Pollen/selected_config.json,project-root/datasets/Pollen.npz,906d965830e4f7a744c397301537069accfa02c117fabb814d3244294f422ca0,completed,core,T_beta_no_perturb,5.391001420095563
0.9335548172757475,0.9533729694465823,external_after_embedding,11,pre_registered_benchmark_registry,0.9454242978505717,256,1,biological,Pollen,3.63834981713444,79a91831abf2a37136df644afeb644426b9268523a0790f6a703d35bd126a5fc,True,False,False,False,2000,11,301,11,"['embedding_final.npy', 'predictions.npy', 'labels_true.npy', 'gate_diagnostics.npz']",227512320,5,topogate_v0_t_plus_paired_mechanism_ablation_v1,topology,3407,T04_3__k_minus,project-root/result/v0_t_plus_local_refine_20260906_retry/selected/Pollen/selected_config.json,project-root/datasets/Pollen.npz,906d965830e4f7a744c397301537069accfa02c117fabb814d3244294f422ca0,completed,core,T_beta_no_perturb,4.809257930144668
0.9861329971635676,0.9398697986985323,external_after_embedding,2,pre_registered_benchmark_registry,0.8792085312364546,256,1,biological,Wang,91.20695799216628,75545142646e8a599aca2651b13a9aab9a32529ad3b30b42ec79dff07987ea94,True,False,False,False,2000,2,9519,2,"['embedding_final.npy', 'predictions.npy', 'labels_true.npy', 'gate_diagnostics.npz']",228315136,1,topogate_v0_t_plus_paired_mechanism_ablation_v1,topology,42,T04_0__beta_perturb_150,project-root/result/v0_t_plus_local_refine_20260906_retry/selected/Wang/selected_config.json,project-root/datasets/Wang.npz,1a801befb67864ad0b9ef78859becdca062ae81475e833ab2797efb12ede2ec9,completed,core,T_full,100.1175271179527
0.9810904506775922,0.9187855845136785,external_after_embedding,2,pre_registered_benchmark_registry,0.8520874066290508,256,1,biological,Wang,89.72897600010037,75545142646e8a599aca2651b13a9aab9a32529ad3b30b42ec79dff07987ea94,True,False,False,False,2000,2,9519,2,"['embedding_final.npy', 'predictions.npy', 'labels_true.npy', 'gate_diagnostics.npz']",228315136,5,topogate_v0_t_plus_paired_mechanism_ablation_v1,topology,123,T04_0__beta_perturb_150,project-root/result/v0_t_plus_local_refine_20260906_retry/selected/Wang/selected_config.json,project-root/datasets/Wang.npz,1a801befb67864ad0b9ef78859becdca062ae81475e833ab2797efb12ede2ec9,completed,core,T_full,98.04726265184581
0.9855026788528207,0.9372254946106423,external_after_embedding,2,pre_registered_benchmark_registry,0.8763434958937006,256,1,biological,Wang,90.91944260150194,75545142646e8a599aca2651b13a9aab9a32529ad3b30b42ec79dff07987ea94,True,False,False,False,2000,2,9519,2,"['embedding_final.npy', 'predictions.npy', 'labels_true.npy', 'gate_diagnostics.npz']",228315136,1,topogate_v0_t_plus_paired_mechanism_ablation_v1,topology,7,T04_0__beta_perturb_150,project-root/result/v0_t_plus_local_refine_20260906_retry/selected/Wang/selected_config.json,project-root/datasets/Wang.npz,1a801befb67864ad0b9ef78859becdca062ae81475e833ab2797efb12ede2ec9,completed,core,T_full,106.85957603994757
0.968694190566236,0.8684095322592278,external_after_embedding,2,pre_registered_benchmark_registry,0.78962976891096,256,1,biological,Wang,89.82287231460214,75545142646e8a599aca2651b13a9aab9a32529ad3b30b42ec79dff07987ea94,True,False,False,False,2000,2,9519,2,"['embedding_final.npy', 'predictions.npy', 'labels_true.npy', 'gate_diagnostics.npz']",228315136,5,topogate_v0_t_plus_paired_mechanism_ablation_v1,topology,2025,T04_0__beta_perturb_150,project-root/result/v0_t_plus_local_refine_20260906_retry/selected/Wang/selected_config.json,project-root/datasets/Wang.npz,1a801befb67864ad0b9ef78859becdca062ae81475e833ab2797efb12ede2ec9,completed,core,T_full,98.19285803567618
0.9891795356655111,0.9528357474381886,external_after_embedding,2,pre_registered_benchmark_registry,0.8999500111239089,256,1,biological,Wang,95.3255274342373,75545142646e8a599aca2651b13a9aab9a32529ad3b30b42ec79dff07987ea94,True,False,False,False,2000,2,9519,2,"['embedding_final.npy', 'predictions.npy', 'labels_true.npy', 'gate_diagnostics.npz']",228315136,1,topogate_v0_t_plus_paired_mechanism_ablation_v1,topology,3407,T04_0__beta_perturb_150,project-root/result/v0_t_plus_local_refine_20260906_retry/selected/Wang/selected_config.json,project-root/datasets/Wang.npz,1a801befb67864ad0b9ef78859becdca062ae81475e833ab2797efb12ede2ec9,completed,core,T_full,104.36709457077086
0.9853976258010295,0.9367724537827563,external_after_embedding,2,pre_registered_benchmark_registry,0.8751060138062499,256,1,biological,Wang,78.41062601841986,75545142646e8a599aca2651b13a9aab9a32529ad3b30b42ec79dff07987ea94,True,False,False,False,2000,2,9519,2,"['embedding_final.npy', 'predictions.npy', 'labels_true.npy', 'gate_diagnostics.npz']",228315136,5,topogate_v0_t_plus_paired_mechanism_ablation_v1,topology,42,T04_0__beta_perturb_150,project-root/result/v0_t_plus_local_refine_20260906_retry/selected/Wang/selected_config.json,project-root/datasets/Wang.npz,1a801befb67864ad0b9ef78859becdca062ae81475e833ab2797efb12ede2ec9,completed,core,F_matched_total_mix,86.36205440573394
0.9819308750919215,0.9222815334134363,external_after_embedding,2,pre_registered_benchmark_registry,0.856893874304765,256,1,biological,Wang,82.15143392328173,75545142646e8a599aca2651b13a9aab9a32529ad3b30b42ec79dff07987ea94,True,False,False,False,2000,2,9519,2,"['embedding_final.npy', 'predictions.npy', 'labels_true.npy', 'gate_diagnostics.npz']",228315136,1,topogate_v0_t_plus_paired_mechanism_ablation_v1,topology,123,T04_0__beta_perturb_150,project-root/result/v0_t_plus_local_refine_20260906_retry/selected/Wang/selected_config.json,project-root/datasets/Wang.npz,1a801befb67864ad0b9ef78859becdca062ae81475e833ab2797efb12ede2ec9,completed,core,F_matched_total_mix,90.26199279166758
0.9858178380081941,0.9385562479434706,external_after_embedding,2,pre_registered_benchmark_registry,0.8783251812720109,256,1,biological,Wang,75.99562738277018,75545142646e8a599aca2651b13a9aab9a32529ad3b30b42ec79dff07987ea94,True,False,False,False,2000,2,9519,2,"['embedding_final.npy', 'predictions.npy', 'labels_true.npy', 'gate_diagnostics.npz']",228315136,5,topogate_v0_t_plus_paired_mechanism_ablation_v1,topology,7,T04_0__beta_perturb_150,project-root/result/v0_t_plus_local_refine_20260906_retry/selected/Wang/selected_config.json,project-root/datasets/Wang.npz,1a801befb67864ad0b9ef78859becdca062ae81475e833ab2797efb12ede2ec9,completed,core,F_matched_total_mix,92.0589333102107
0.9710053577056413,0.8776404850058114,external_after_embedding,2,pre_registered_benchmark_registry,0.8005067808926257,256,1,biological,Wang,84.02024750504643,75545142646e8a599aca2651b13a9aab9a32529ad3b30b42ec79dff07987ea94,True,False,False,False,2000,2,9519,2,"['embedding_final.npy', 'predictions.npy', 'labels_true.npy', 'gate_diagnostics.npz']",228315136,1,topogate_v0_t_plus_paired_mechanism_ablation_v1,topology,2025,T04_0__beta_perturb_150,project-root/result/v0_t_plus_local_refine_20260906_retry/selected/Wang/selected_config.json,project-root/datasets/Wang.npz,1a801befb67864ad0b9ef78859becdca062ae81475e833ab2797efb12ede2ec9,completed,core,F_matched_total_mix,93.6947788214311
0.9899149070280492,0.9559771579080125,external_after_embedding,2,pre_registered_benchmark_registry,0.9046104488978045,256,1,biological,Wang,82.18243714701384,75545142646e8a599aca2651b13a9aab9a32529ad3b30b42ec79dff07987ea94,True,False,False,False,2000,2,9519,2,"['embedding_final.npy', 'predictions.npy', 'labels_true.npy', 'gate_diagnostics.npz']",228315136,5,topogate_v0_t_plus_paired_mechanism_ablation_v1,topology,3407,T04_0__beta_perturb_150,project-root/result/v0_t_plus_local_refine_20260906_retry/selected/Wang/selected_config.json,project-root/datasets/Wang.npz,1a801befb67864ad0b9ef78859becdca062ae81475e833ab2797efb12ede2ec9,completed,core,F_matched_total_mix,89.53250319417566
0.9855026788528207,0.9372157747931671,external_after_embedding,2,pre_registered_benchmark_registry,0.8757648107560932,256,1,biological,Wang,92.30925075989217,75545142646e8a599aca2651b13a9aab9a32529ad3b30b42ec79dff07987ea94,True,False,False,False,2000,2,9519,2,"['embedding_final.npy', 'predictions.npy', 'labels_true.npy', 'gate_diagnostics.npz']",228315136,1,topogate_v0_t_plus_paired_mechanism_ablation_v1,topology,42,T04_0__beta_perturb_150,project-root/result/v0_t_plus_local_refine_20260906_retry/selected/Wang/selected_config.json,project-root/datasets/Wang.npz,1a801befb67864ad0b9ef78859becdca062ae81475e833ab2797efb12ede2ec9,completed,core,T_shuffled_gate,101.78925350494683
0.980250026263263,0.9152998866000339,external_after_embedding,2,pre_registered_benchmark_registry,0.8473582461976604,256,1,biological,Wang,89.9507727343589,75545142646e8a599aca2651b13a9aab9a32529ad3b30b42ec79dff07987ea94,True,False,False,False,2000,2,9519,2,"['embedding_final.npy', 'predictions.npy', 'labels_true.npy', 'gate_diagnostics.npz']",228315136,5,topogate_v0_t_plus_paired_mechanism_ablation_v1,topology,123,T04_0__beta_perturb_150,project-root/result/v0_t_plus_local_refine_20260906_retry/selected/Wang/selected_config.json,project-root/datasets/Wang.npz,1a801befb67864ad0b9ef78859becdca062ae81475e833ab2797efb12ede2ec9,completed,core,T_shuffled_gate,99.90513228066266
0.9860279441117764,0.9394442362687784,external_after_embedding,2,pre_registered_benchmark_registry,0.8796545488683517,256,1,biological,Wang,91.30524613335729,75545142646e8a599aca2651b13a9aab9a32529ad3b30b42ec79dff07987ea94,True,False,False,False,2000,2,9519,2,"['embedding_final.npy', 'predictions.npy', 'labels_true.npy', 'gate_diagnostics.npz']",228315136,1,topogate_v0_t_plus_paired_mechanism_ablation_v1,topology,7,T04_0__beta_perturb_150,project-root/result/v0_t_plus_local_refine_20260906_retry/selected/Wang/selected_config.json,project-root/datasets/Wang.npz,1a801befb67864ad0b9ef78859becdca062ae81475e833ab2797efb12ede2ec9,completed,core,T_shuffled_gate,102.91010552551597
0.9697447210841474,0.8725962864815527,external_after_embedding,2,pre_registered_benchmark_registry,0.7945291109070125,256,1,biological,Wang,89.54940412938595,75545142646e8a599aca2651b13a9aab9a32529ad3b30b42ec79dff07987ea94,True,False,False,False,2000,2,9519,2,"['embedding_final.npy', 'predictions.npy', 'labels_true.npy', 'gate_diagnostics.npz']",228315136,5,topogate_v0_t_plus_paired_mechanism_ablation_v1,topology,2025,T04_0__beta_perturb_150,project-root/result/v0_t_plus_local_refine_20260906_retry/selected/Wang/selected_config.json,project-root/datasets/Wang.npz,1a801befb67864ad0b9ef78859becdca062ae81475e833ab2797efb12ede2ec9,completed,core,T_shuffled_gate,97.87454212270677
0.9889694295619288,0.951937713998837,external_after_embedding,2,pre_registered_benchmark_registry,0.8985028419759287,256,1,biological,Wang,90.32731557264924,75545142646e8a599aca2651b13a9aab9a32529ad3b30b42ec79dff07987ea94,True,False,False,False,2000,2,9519,2,"['embedding_final.npy', 'predictions.npy', 'labels_true.npy', 'gate_diagnostics.npz']",228315136,1,topogate_v0_t_plus_paired_mechanism_ablation_v1,topology,3407,T04_0__beta_perturb_150,project-root/result/v0_t_plus_local_refine_20260906_retry/selected/Wang/selected_config.json,project-root/datasets/Wang.npz,1a801befb67864ad0b9ef78859becdca062ae81475e833ab2797efb12ede2ec9,completed,core,T_shuffled_gate,101.79470864497125
0.9853976258010295,0.9367724537827563,external_after_embedding,2,pre_registered_benchmark_registry,0.8751060138062499,256,1,biological,Wang,89.69108967855573,75545142646e8a599aca2651b13a9aab9a32529ad3b30b42ec79dff07987ea94,True,False,False,False,2000,2,9519,2,"['embedding_final.npy', 'predictions.npy', 'labels_true.npy', 'gate_diagnostics.npz']",228315136,5,topogate_v0_t_plus_paired_mechanism_ablation_v1,topology,42,T04_0__beta_perturb_150,project-root/result/v0_t_plus_local_refine_20260906_retry/selected/Wang/selected_config.json,project-root/datasets/Wang.npz,1a801befb67864ad0b9ef78859becdca062ae81475e833ab2797efb12ede2ec9,completed,core,T_fixed_mean_gate,98.70714404433966
0.981615715936548,0.9209693488152569,external_after_embedding,2,pre_registered_benchmark_registry,0.8550821653517394,256,1,biological,Wang,91.23894319683313,75545142646e8a599aca2651b13a9aab9a32529ad3b30b42ec79dff07987ea94,True,False,False,False,2000,2,9519,2,"['embedding_final.npy', 'predictions.npy', 'labels_true.npy', 'gate_diagnostics.npz']",228315136,1,topogate_v0_t_plus_paired_mechanism_ablation_v1,topology,123,T04_0__beta_perturb_150,project-root/result/v0_t_plus_local_refine_20260906_retry/selected/Wang/selected_config.json,project-root/datasets/Wang.npz,1a801befb67864ad0b9ef78859becdca062ae81475e833ab2797efb12ede2ec9,completed,core,T_fixed_mean_gate,101.67222937941551
0.9862380502153587,0.9403328808777837,external_after_embedding,2,pre_registered_benchmark_registry,0.8809906312988726,256,1,biological,Wang,89.12191847525537,75545142646e8a599aca2651b13a9aab9a32529ad3b30b42ec79dff07987ea94,True,False,False,False,2000,2,9519,2,"['embedding_final.npy', 'predictions.npy', 'labels_true.npy', 'gate_diagnostics.npz']",228315136,5,topogate_v0_t_plus_paired_mechanism_ablation_v1,topology,7,T04_0__beta_perturb_150,project-root/result/v0_t_plus_local_refine_20260906_retry/selected/Wang/selected_config.json,project-root/datasets/Wang.npz,1a801befb67864ad0b9ef78859becdca062ae81475e833ab2797efb12ede2ec9,completed,core,T_fixed_mean_gate,98.18279039952904
0.9710053577056413,0.8776404850058114,external_after_embedding,2,pre_registered_benchmark_registry,0.8005067808926257,256,1,biological,Wang,90.30684975907207,75545142646e8a599aca2651b13a9aab9a32529ad3b30b42ec79dff07987ea94,True,False,False,False,2000,2,9519,2,"['embedding_final.npy', 'predictions.npy', 'labels_true.npy', 'gate_diagnostics.npz']",228315136,1,topogate_v0_t_plus_paired_mechanism_ablation_v1,topology,2025,T04_0__beta_perturb_150,project-root/result/v0_t_plus_local_refine_20260906_retry/selected/Wang/selected_config.json,project-root/datasets/Wang.npz,1a801befb67864ad0b9ef78859becdca062ae81475e833ab2797efb12ede2ec9,completed,core,T_fixed_mean_gate,100.73835789691657
0.9903351192352138,0.9577801723297877,external_after_embedding,2,pre_registered_benchmark_registry,0.9076065913311882,256,1,biological,Wang,90.08592934161425,75545142646e8a599aca2651b13a9aab9a32529ad3b30b42ec79dff07987ea94,True,False,False,False,2000,2,9519,2,"['embedding_final.npy', 'predictions.npy', 'labels_true.npy', 'gate_diagnostics.npz']",228315136,5,topogate_v0_t_plus_paired_mechanism_ablation_v1,topology,3407,T04_0__beta_perturb_150,project-root/result/v0_t_plus_local_refine_20260906_retry/selected/Wang/selected_config.json,project-root/datasets/Wang.npz,1a801befb67864ad0b9ef78859becdca062ae81475e833ab2797efb12ede2ec9,completed,core,T_fixed_mean_gate,98.56250269897282
0.9851875196974472,0.9358763802457634,external_after_embedding,2,pre_registered_benchmark_registry,0.873235846572437,256,1,biological,Wang,77.23162465170026,75545142646e8a599aca2651b13a9aab9a32529ad3b30b42ec79dff07987ea94,True,False,False,False,2000,2,9519,2,"['embedding_final.npy', 'predictions.npy', 'labels_true.npy', 'gate_diagnostics.npz']",228315136,1,topogate_v0_t_plus_paired_mechanism_ablation_v1,topology,42,T04_0__beta_perturb_150,project-root/result/v0_t_plus_local_refine_20260906_retry/selected/Wang/selected_config.json,project-root/datasets/Wang.npz,1a801befb67864ad0b9ef78859becdca062ae81475e833ab2797efb12ede2ec9,completed,core,T_random_neighbor,87.32139600627124
0.9784641243828133,0.907926638032177,external_after_embedding,2,pre_registered_benchmark_registry,0.8375505825215798,256,1,biological,Wang,81.23639031685889,75545142646e8a599aca2651b13a9aab9a32529ad3b30b42ec79dff07987ea94,True,False,False,False,2000,2,9519,2,"['embedding_final.npy', 'predictions.npy', 'labels_true.npy', 'gate_diagnostics.npz']",228315136,5,topogate_v0_t_plus_paired_mechanism_ablation_v1,topology,123,T04_0__beta_perturb_150,project-root/result/v0_t_plus_local_refine_20260906_retry/selected/Wang/selected_config.json,project-root/datasets/Wang.npz,1a801befb67864ad0b9ef78859becdca062ae81475e833ab2797efb12ede2ec9,completed,core,T_random_neighbor,90.99385919980705
0.9825611934026683,0.9248873505066459,external_after_embedding,2,pre_registered_benchmark_registry,0.8591543517021161,256,1,biological,Wang,81.65161492861807,75545142646e8a599aca2651b13a9aab9a32529ad3b30b42ec79dff07987ea94,True,False,False,False,2000,2,9519,2,"['embedding_final.npy', 'predictions.npy', 'labels_true.npy', 'gate_diagnostics.npz']",228315136,1,topogate_v0_t_plus_paired_mechanism_ablation_v1,topology,7,T04_0__beta_perturb_150,project-root/result/v0_t_plus_local_refine_20260906_retry/selected/Wang/selected_config.json,project-root/datasets/Wang.npz,1a801befb67864ad0b9ef78859becdca062ae81475e833ab2797efb12ede2ec9,completed,core,T_random_neighbor,91.7004285575822
0.9663830234268306,0.8592518929426802,external_after_embedding,2,pre_registered_benchmark_registry,0.7791006338103846,256,1,biological,Wang,82.28788066934794,75545142646e8a599aca2651b13a9aab9a32529ad3b30b42ec79dff07987ea94,True,False,False,False,2000,2,9519,2,"['embedding_final.npy', 'predictions.npy', 'labels_true.npy', 'gate_diagnostics.npz']",228315136,5,topogate_v0_t_plus_paired_mechanism_ablation_v1,topology,2025,T04_0__beta_perturb_150,project-root/result/v0_t_plus_local_refine_20260906_retry/selected/Wang/selected_config.json,project-root/datasets/Wang.npz,1a801befb67864ad0b9ef78859becdca062ae81475e833ab2797efb12ede2ec9,completed,core,T_random_neighbor,91.52442959696054
0.9878138459922261,0.9470269778152477,external_after_embedding,2,pre_registered_benchmark_registry,0.8918087947372884,256,1,biological,Wang,83.19467744696885,75545142646e8a599aca2651b13a9aab9a32529ad3b30b42ec79dff07987ea94,True,False,False,False,2000,2,9519,2,"['embedding_final.npy', 'predictions.npy', 'labels_true.npy', 'gate_diagnostics.npz']",228315136,1,topogate_v0_t_plus_paired_mechanism_ablation_v1,topology,3407,T04_0__beta_perturb_150,project-root/result/v0_t_plus_local_refine_20260906_retry/selected/Wang/selected_config.json,project-root/datasets/Wang.npz,1a801befb67864ad0b9ef78859becdca062ae81475e833ab2797efb12ede2ec9,completed,core,T_random_neighbor,92.86060227174312
0.9843470952831179,0.9323586528409291,external_after_embedding,2,pre_registered_benchmark_registry,0.8691993518972728,256,1,biological,Wang,25.598440158180892,75545142646e8a599aca2651b13a9aab9a32529ad3b30b42ec79dff07987ea94,True,False,False,False,2000,2,9519,2,"['embedding_final.npy', 'predictions.npy', 'labels_true.npy', 'gate_diagnostics.npz']",203478528,5,topogate_v0_t_plus_paired_mechanism_ablation_v1,topology,42,T04_0__beta_perturb_150,project-root/result/v0_t_plus_local_refine_20260906_retry/selected/Wang/selected_config.json,project-root/datasets/Wang.npz,1a801befb67864ad0b9ef78859becdca062ae81475e833ab2797efb12ede2ec9,completed,core,T_no_vicinal,37.067174568772316
0.9814056098329657,0.9200832505038449,external_after_embedding,2,pre_registered_benchmark_registry,0.8531494884140796,256,1,biological,Wang,29.260733195580542,75545142646e8a599aca2651b13a9aab9a32529ad3b30b42ec79dff07987ea94,True,False,False,False,2000,2,9519,2,"['embedding_final.npy', 'predictions.npy', 'labels_true.npy', 'gate_diagnostics.npz']",203478528,1,topogate_v0_t_plus_paired_mechanism_ablation_v1,topology,123,T04_0__beta_perturb_150,project-root/result/v0_t_plus_local_refine_20260906_retry/selected/Wang/selected_config.json,project-root/datasets/Wang.npz,1a801befb67864ad0b9ef78859becdca062ae81475e833ab2797efb12ede2ec9,completed,core,T_no_vicinal,38.061050824820995
0.9878138459922261,0.9470021119879208,external_after_embedding,2,pre_registered_benchmark_registry,0.8901775971034174,256,1,biological,Wang,28.858485744334757,75545142646e8a599aca2651b13a9aab9a32529ad3b30b42ec79dff07987ea94,True,False,False,False,2000,2,9519,2,"['embedding_final.npy', 'predictions.npy', 'labels_true.npy', 'gate_diagnostics.npz']",203478528,5,topogate_v0_t_plus_paired_mechanism_ablation_v1,topology,7,T04_0__beta_perturb_150,project-root/result/v0_t_plus_local_refine_20260906_retry/selected/Wang/selected_config.json,project-root/datasets/Wang.npz,1a801befb67864ad0b9ef78859becdca062ae81475e833ab2797efb12ede2ec9,completed,core,T_no_vicinal,40.45618491247296
0.969429561928774,0.8713386655768539,external_after_embedding,2,pre_registered_benchmark_registry,0.7930516163782355,256,1,biological,Wang,30.2137355171144,75545142646e8a599aca2651b13a9aab9a32529ad3b30b42ec79dff07987ea94,True,False,False,False,2000,2,9519,2,"['embedding_final.npy', 'predictions.npy', 'labels_true.npy', 'gate_diagnostics.npz']",203478528,1,topogate_v0_t_plus_paired_mechanism_ablation_v1,topology,2025,T04_0__beta_perturb_150,project-root/result/v0_t_plus_local_refine_20260906_retry/selected/Wang/selected_config.json,project-root/datasets/Wang.npz,1a801befb67864ad0b9ef78859becdca062ae81475e833ab2797efb12ede2ec9,completed,core,T_no_vicinal,38.69074869621545
0.9906502783905873,0.9591471433607012,external_after_embedding,2,pre_registered_benchmark_registry,0.9108249228487703,256,1,biological,Wang,27.9231781270355,75545142646e8a599aca2651b13a9aab9a32529ad3b30b42ec79dff07987ea94,True,False,False,False,2000,2,9519,2,"['embedding_final.npy', 'predictions.npy', 'labels_true.npy', 'gate_diagnostics.npz']",203478528,5,topogate_v0_t_plus_paired_mechanism_ablation_v1,topology,3407,T04_0__beta_perturb_150,project-root/result/v0_t_plus_local_refine_20260906_retry/selected/Wang/selected_config.json,project-root/datasets/Wang.npz,1a801befb67864ad0b9ef78859becdca062ae81475e833ab2797efb12ede2ec9,completed,core,T_no_vicinal,36.209030501544476
0.9851875196974472,0.9358763802457634,external_after_embedding,2,pre_registered_benchmark_registry,0.873235846572437,256,1,biological,Wang,84.72177575249225,75545142646e8a599aca2651b13a9aab9a32529ad3b30b42ec79dff07987ea94,True,False,False,False,2000,2,9519,2,"['embedding_final.npy', 'predictions.npy', 'labels_true.npy', 'gate_diagnostics.npz']",228315136,1,topogate_v0_t_plus_paired_mechanism_ablation_v1,unit,42,T04_0__beta_perturb_150,project-root/result/v0_t_plus_local_refine_20260906_retry/selected/Wang/selected_config.json,project-root/datasets/Wang.npz,1a801befb67864ad0b9ef78859becdca062ae81475e833ab2797efb12ede2ec9,completed,core,T_uniform_pseudo_loss,94.43915421515703
0.9804601323668453,0.9161703521753557,external_after_embedding,2,pre_registered_benchmark_registry,0.8485334760722902,256,1,biological,Wang,82.41972823720425,75545142646e8a599aca2651b13a9aab9a32529ad3b30b42ec79dff07987ea94,True,False,False,False,2000,2,9519,2,"['embedding_final.npy', 'predictions.npy', 'labels_true.npy', 'gate_diagnostics.npz']",228315136,5,topogate_v0_t_plus_paired_mechanism_ablation_v1,unit,123,T04_0__beta_perturb_150,project-root/result/v0_t_plus_local_refine_20260906_retry/selected/Wang/selected_config.json,project-root/datasets/Wang.npz,1a801befb67864ad0b9ef78859becdca062ae81475e833ab2797efb12ede2ec9,completed,core,T_uniform_pseudo_loss,96.937181038782
0.9856077319046118,0.9376689152723576,external_after_embedding,2,pre_registered_benchmark_registry,0.8770024255837866,256,1,biological,Wang,82.85743388254195,75545142646e8a599aca2651b13a9aab9a32529ad3b30b42ec79dff07987ea94,True,False,False,False,2000,2,9519,2,"['embedding_final.npy', 'predictions.npy', 'labels_true.npy', 'gate_diagnostics.npz']",228315136,1,topogate_v0_t_plus_paired_mechanism_ablation_v1,unit,7,T04_0__beta_perturb_150,project-root/result/v0_t_plus_local_refine_20260906_retry/selected/Wang/selected_config.json,project-root/datasets/Wang.npz,1a801befb67864ad0b9ef78859becdca062ae81475e833ab2797efb12ede2ec9,completed,core,T_uniform_pseudo_loss,94.33755697961897
0.9695346149805651,0.8717577204870451,external_after_embedding,2,pre_registered_benchmark_registry,0.7935433750420969,256,1,biological,Wang,77.41953133326024,75545142646e8a599aca2651b13a9aab9a32529ad3b30b42ec79dff07987ea94,True,False,False,False,2000,2,9519,2,"['embedding_final.npy', 'predictions.npy', 'labels_true.npy', 'gate_diagnostics.npz']",228315136,5,topogate_v0_t_plus_paired_mechanism_ablation_v1,unit,2025,T04_0__beta_perturb_150,project-root/result/v0_t_plus_local_refine_20260906_retry/selected/Wang/selected_config.json,project-root/datasets/Wang.npz,1a801befb67864ad0b9ef78859becdca062ae81475e833ab2797efb12ede2ec9,completed,core,T_uniform_pseudo_loss,85.09514308348298
0.9888643765101376,0.9514889469019969,external_after_embedding,2,pre_registered_benchmark_registry,0.8977825213372048,256,1,biological,Wang,83.3119537262246,75545142646e8a599aca2651b13a9aab9a32529ad3b30b42ec79dff07987ea94,True,False,False,False,2000,2,9519,2,"['embedding_final.npy', 'predictions.npy', 'labels_true.npy', 'gate_diagnostics.npz']",228315136,1,topogate_v0_t_plus_paired_mechanism_ablation_v1,unit,3407,T04_0__beta_perturb_150,project-root/result/v0_t_plus_local_refine_20260906_retry/selected/Wang/selected_config.json,project-root/datasets/Wang.npz,1a801befb67864ad0b9ef78859becdca062ae81475e833ab2797efb12ede2ec9,completed,core,T_uniform_pseudo_loss,93.16360644903034
0.9858178380081941,0.9385371830948811,external_after_embedding,2,pre_registered_benchmark_registry,0.8772026394300283,256,1,biological,Wang,89.38353666756302,75545142646e8a599aca2651b13a9aab9a32529ad3b30b42ec79dff07987ea94,True,False,False,False,2000,2,9519,2,"['embedding_final.npy', 'predictions.npy', 'labels_true.npy', 'gate_diagnostics.npz']",228315136,5,topogate_v0_t_plus_paired_mechanism_ablation_v1,topology,42,T04_0__beta_perturb_150,project-root/result/v0_t_plus_local_refine_20260906_retry/selected/Wang/selected_config.json,project-root/datasets/Wang.npz,1a801befb67864ad0b9ef78859becdca062ae81475e833ab2797efb12ede2ec9,completed,core,T_edge_none,98.15310241095722
0.9810904506775922,0.9187855845136785,external_after_embedding,2,pre_registered_benchmark_registry,0.8520874066290508,256,1,biological,Wang,91.39495895523578,75545142646e8a599aca2651b13a9aab9a32529ad3b30b42ec79dff07987ea94,True,False,False,False,2000,2,9519,2,"['embedding_final.npy', 'predictions.npy', 'labels_true.npy', 'gate_diagnostics.npz']",228315136,1,topogate_v0_t_plus_paired_mechanism_ablation_v1,topology,123,T04_0__beta_perturb_150,project-root/result/v0_t_plus_local_refine_20260906_retry/selected/Wang/selected_config.json,project-root/datasets/Wang.npz,1a801befb67864ad0b9ef78859becdca062ae81475e833ab2797efb12ede2ec9,completed,core,T_edge_none,103.02622120454907
0.9851875196974472,0.9358962143790489,external_after_embedding,2,pre_registered_benchmark_registry,0.8743763536116301,256,1,biological,Wang,87.62724772654474,75545142646e8a599aca2651b13a9aab9a32529ad3b30b42ec79dff07987ea94,True,False,False,False,2000,2,9519,2,"['embedding_final.npy', 'predictions.npy', 'labels_true.npy', 'gate_diagnostics.npz']",228315136,5,topogate_v0_t_plus_paired_mechanism_ablation_v1,topology,7,T04_0__beta_perturb_150,project-root/result/v0_t_plus_local_refine_20260906_retry/selected/Wang/selected_config.json,project-root/datasets/Wang.npz,1a801befb67864ad0b9ef78859becdca062ae81475e833ab2797efb12ede2ec9,completed,core,T_edge_none,96.77850095182657
0.9677487131001156,0.864654406354281,external_after_embedding,2,pre_registered_benchmark_registry,0.7852818400372285,256,1,biological,Wang,90.65116174519062,75545142646e8a599aca2651b13a9aab9a32529ad3b30b42ec79dff07987ea94,True,False,False,False,2000,2,9519,2,"['embedding_final.npy', 'predictions.npy', 'labels_true.npy', 'gate_diagnostics.npz']",228315136,1,topogate_v0_t_plus_paired_mechanism_ablation_v1,topology,2025,T04_0__beta_perturb_150,project-root/result/v0_t_plus_local_refine_20260906_retry/selected/Wang/selected_config.json,project-root/datasets/Wang.npz,1a801befb67864ad0b9ef78859becdca062ae81475e833ab2797efb12ede2ec9,completed,core,T_edge_none,101.15701383259147
0.9891795356655111,0.9528357474381886,external_after_embedding,2,pre_registered_benchmark_registry,0.8999500111239089,256,1,biological,Wang,86.78748711757362,75545142646e8a599aca2651b13a9aab9a32529ad3b30b42ec79dff07987ea94,True,False,False,False,2000,2,9519,2,"['embedding_final.npy', 'predictions.npy', 'labels_true.npy', 'gate_diagnostics.npz']",228315136,5,topogate_v0_t_plus_paired_mechanism_ablation_v1,topology,3407,T04_0__beta_perturb_150,project-root/result/v0_t_plus_local_refine_20260906_retry/selected/Wang/selected_config.json,project-root/datasets/Wang.npz,1a801befb67864ad0b9ef78859becdca062ae81475e833ab2797efb12ede2ec9,completed,core,T_edge_none,96.68967449385673
0.9853976258010295,0.936762659210047,external_after_embedding,2,pre_registered_benchmark_registry,0.8745515643277421,256,1,biological,Wang,88.36424496304244,75545142646e8a599aca2651b13a9aab9a32529ad3b30b42ec79dff07987ea94,True,False,False,False,2000,2,9519,2,"['embedding_final.npy', 'predictions.npy', 'labels_true.npy', 'gate_diagnostics.npz']",228315136,1,topogate_v0_t_plus_paired_mechanism_ablation_v1,topology,42,T04_0__beta_perturb_150,project-root/result/v0_t_plus_local_refine_20260906_retry/selected/Wang/selected_config.json,project-root/datasets/Wang.npz,1a801befb67864ad0b9ef78859becdca062ae81475e833ab2797efb12ede2ec9,completed,core,T_edge_sim,99.07737540919334
0.9810904506775922,0.9187855845136785,external_after_embedding,2,pre_registered_benchmark_registry,0.8520874066290508,256,1,biological,Wang,84.19320143200457,75545142646e8a599aca2651b13a9aab9a32529ad3b30b42ec79dff07987ea94,True,False,False,False,2000,2,9519,2,"['embedding_final.npy', 'predictions.npy', 'labels_true.npy', 'gate_diagnostics.npz']",228315136,5,topogate_v0_t_plus_paired_mechanism_ablation_v1,topology,123,T04_0__beta_perturb_150,project-root/result/v0_t_plus_local_refine_20260906_retry/selected/Wang/selected_config.json,project-root/datasets/Wang.npz,1a801befb67864ad0b9ef78859becdca062ae81475e833ab2797efb12ede2ec9,completed,core,T_edge_sim,92.35382644925267
0.9851875196974472,0.9358962143790489,external_after_embedding,2,pre_registered_benchmark_registry,0.8743763536116301,256,1,biological,Wang,85.14248444326222,75545142646e8a599aca2651b13a9aab9a32529ad3b30b42ec79dff07987ea94,True,False,False,False,2000,2,9519,2,"['embedding_final.npy', 'predictions.npy', 'labels_true.npy', 'gate_diagnostics.npz']",228315136,1,topogate_v0_t_plus_paired_mechanism_ablation_v1,topology,7,T04_0__beta_perturb_150,project-root/result/v0_t_plus_local_refine_20260906_retry/selected/Wang/selected_config.json,project-root/datasets/Wang.npz,1a801befb67864ad0b9ef78859becdca062ae81475e833ab2797efb12ede2ec9,completed,core,T_edge_sim,95.2758241193369
0.9683790314108625,0.8671564628950448,external_after_embedding,2,pre_registered_benchmark_registry,0.7881740850266385,256,1,biological,Wang,85.16991535015404,75545142646e8a599aca2651b13a9aab9a32529ad3b30b42ec79dff07987ea94,True,False,False,False,2000,2,9519,2,"['embedding_final.npy', 'predictions.npy', 'labels_true.npy', 'gate_diagnostics.npz']",228315136,5,topogate_v0_t_plus_paired_mechanism_ablation_v1,topology,2025,T04_0__beta_perturb_150,project-root/result/v0_t_plus_local_refine_20260906_retry/selected/Wang/selected_config.json,project-root/datasets/Wang.npz,1a801befb67864ad0b9ef78859becdca062ae81475e833ab2797efb12ede2ec9,completed,core,T_edge_sim,93.04280714504421
0.9891795356655111,0.9528357474381886,external_after_embedding,2,pre_registered_benchmark_registry,0.8999500111239089,256,1,biological,Wang,84.76722672954202,75545142646e8a599aca2651b13a9aab9a32529ad3b30b42ec79dff07987ea94,True,False,False,False,2000,2,9519,2,"['embedding_final.npy', 'predictions.npy', 'labels_true.npy', 'gate_diagnostics.npz']",228315136,1,topogate_v0_t_plus_paired_mechanism_ablation_v1,topology,3407,T04_0__beta_perturb_150,project-root/result/v0_t_plus_local_refine_20260906_retry/selected/Wang/selected_config.json,project-root/datasets/Wang.npz,1a801befb67864ad0b9ef78859becdca062ae81475e833ab2797efb12ede2ec9,completed,core,T_edge_sim,94.02402598038316
0.9856077319046118,0.9376495932834649,external_after_embedding,2,pre_registered_benchmark_registry,0.875873795330433,256,1,biological,Wang,82.8419082313776,75545142646e8a599aca2651b13a9aab9a32529ad3b30b42ec79dff07987ea94,True,False,False,False,2000,2,9519,2,"['embedding_final.npy', 'predictions.npy', 'labels_true.npy', 'gate_diagnostics.npz']",228315136,5,topogate_v0_t_plus_paired_mechanism_ablation_v1,topology,42,T04_0__beta_perturb_150,project-root/result/v0_t_plus_local_refine_20260906_retry/selected/Wang/selected_config.json,project-root/datasets/Wang.npz,1a801befb67864ad0b9ef78859becdca062ae81475e833ab2797efb12ede2ec9,completed,core,T_edge_sim_mutual,90.50233899708837
0.9810904506775922,0.9187855845136785,external_after_embedding,2,pre_registered_benchmark_registry,0.8520874066290508,256,1,biological,Wang,88.65630685351789,75545142646e8a599aca2651b13a9aab9a32529ad3b30b42ec79dff07987ea94,True,False,False,False,2000,2,9519,2,"['embedding_final.npy', 'predictions.npy', 'labels_true.npy', 'gate_diagnostics.npz']",228315136,1,topogate_v0_t_plus_paired_mechanism_ablation_v1,topology,123,T04_0__beta_perturb_150,project-root/result/v0_t_plus_local_refine_20260906_retry/selected/Wang/selected_config.json,project-root/datasets/Wang.npz,1a801befb67864ad0b9ef78859becdca062ae81475e833ab2797efb12ede2ec9,completed,core,T_edge_sim_mutual,98.6999715687707
0.9855026788528207,0.9372254946106423,external_after_embedding,2,pre_registered_benchmark_registry,0.8763434958937006,256,1,biological,Wang,83.93327536154538,75545142646e8a599aca2651b13a9aab9a32529ad3b30b42ec79dff07987ea94,True,False,False,False,2000,2,9519,2,"['embedding_final.npy', 'predictions.npy', 'labels_true.npy', 'gate_diagnostics.npz']",228315136,5,topogate_v0_t_plus_paired_mechanism_ablation_v1,topology,7,T04_0__beta_perturb_150,project-root/result/v0_t_plus_local_refine_20260906_retry/selected/Wang/selected_config.json,project-root/datasets/Wang.npz,1a801befb67864ad0b9ef78859becdca062ae81475e833ab2797efb12ede2ec9,completed,core,T_edge_sim_mutual,93.12777561787516
0.9679588192036979,0.865487821084952,external_after_embedding,2,pre_registered_benchmark_registry,0.7862431113226857,256,1,biological,Wang,87.41426221188158,75545142646e8a599aca2651b13a9aab9a32529ad3b30b42ec79dff07987ea94,True,False,False,False,2000,2,9519,2,"['embedding_final.npy', 'predictions.npy', 'labels_true.npy', 'gate_diagnostics.npz']",228315136,1,topogate_v0_t_plus_paired_mechanism_ablation_v1,topology,2025,T04_0__beta_perturb_150,project-root/result/v0_t_plus_local_refine_20260906_retry/selected/Wang/selected_config.json,project-root/datasets/Wang.npz,1a801befb67864ad0b9ef78859becdca062ae81475e833ab2797efb12ede2ec9,completed,core,T_edge_sim_mutual,97.05150639917701
0.9890744826137199,0.952386647484107,external_after_embedding,2,pre_registered_benchmark_registry,0.8992253312143318,256,1,biological,Wang,83.14550530072302,75545142646e8a599aca2651b13a9aab9a32529ad3b30b42ec79dff07987ea94,True,False,False,False,2000,2,9519,2,"['embedding_final.npy', 'predictions.npy', 'labels_true.npy', 'gate_diagnostics.npz']",228315136,5,topogate_v0_t_plus_paired_mechanism_ablation_v1,topology,3407,T04_0__beta_perturb_150,project-root/result/v0_t_plus_local_refine_20260906_retry/selected/Wang/selected_config.json,project-root/datasets/Wang.npz,1a801befb67864ad0b9ef78859becdca062ae81475e833ab2797efb12ede2ec9,completed,core,T_edge_sim_mutual,93.24677225854248
0.9861329971635676,0.9398697986985323,external_after_embedding,2,pre_registered_benchmark_registry,0.8792085312364546,256,1,biological,Wang,89.83119607251137,75545142646e8a599aca2651b13a9aab9a32529ad3b30b42ec79dff07987ea94,True,False,False,False,2000,2,9519,2,"['embedding_final.npy', 'predictions.npy', 'labels_true.npy', 'gate_diagnostics.npz']",228315136,1,topogate_v0_t_plus_paired_mechanism_ablation_v1,topology,42,T04_0__beta_perturb_150,project-root/result/v0_t_plus_local_refine_20260906_retry/selected/Wang/selected_config.json,project-root/datasets/Wang.npz,1a801befb67864ad0b9ef78859becdca062ae81475e833ab2797efb12ede2ec9,completed,core,T_edge_sim_mutual_snn,99.66983450297266
0.9810904506775922,0.9187855845136785,external_after_embedding,2,pre_registered_benchmark_registry,0.8520874066290508,256,1,biological,Wang,86.2186424471438,75545142646e8a599aca2651b13a9aab9a32529ad3b30b42ec79dff07987ea94,True,False,False,False,2000,2,9519,2,"['embedding_final.npy', 'predictions.npy', 'labels_true.npy', 'gate_diagnostics.npz']",228315136,5,topogate_v0_t_plus_paired_mechanism_ablation_v1,topology,123,T04_0__beta_perturb_150,project-root/result/v0_t_plus_local_refine_20260906_retry/selected/Wang/selected_config.json,project-root/datasets/Wang.npz,1a801befb67864ad0b9ef78859becdca062ae81475e833ab2797efb12ede2ec9,completed,core,T_edge_sim_mutual_snn,101.27215645834804
0.9855026788528207,0.9372254946106423,external_after_embedding,2,pre_registered_benchmark_registry,0.8763434958937006,256,1,biological,Wang,87.1428710995242,75545142646e8a599aca2651b13a9aab9a32529ad3b30b42ec79dff07987ea94,True,False,False,False,2000,2,9519,2,"['embedding_final.npy', 'predictions.npy', 'labels_true.npy', 'gate_diagnostics.npz']",228315136,1,topogate_v0_t_plus_paired_mechanism_ablation_v1,topology,7,T04_0__beta_perturb_150,project-root/result/v0_t_plus_local_refine_20260906_retry/selected/Wang/selected_config.json,project-root/datasets/Wang.npz,1a801befb67864ad0b9ef78859becdca062ae81475e833ab2797efb12ede2ec9,completed,core,T_edge_sim_mutual_snn,95.5136572252959
0.968694190566236,0.8684095322592278,external_after_embedding,2,pre_registered_benchmark_registry,0.78962976891096,256,1,biological,Wang,87.08608351647854,75545142646e8a599aca2651b13a9aab9a32529ad3b30b42ec79dff07987ea94,True,False,False,False,2000,2,9519,2,"['embedding_final.npy', 'predictions.npy', 'labels_true.npy', 'gate_diagnostics.npz']",228315136,5,topogate_v0_t_plus_paired_mechanism_ablation_v1,topology,2025,T04_0__beta_perturb_150,project-root/result/v0_t_plus_local_refine_20260906_retry/selected/Wang/selected_config.json,project-root/datasets/Wang.npz,1a801befb67864ad0b9ef78859becdca062ae81475e833ab2797efb12ede2ec9,completed,core,T_edge_sim_mutual_snn,99.38334567379206
0.9891795356655111,0.9528357474381886,external_after_embedding,2,pre_registered_benchmark_registry,0.8999500111239089,256,1,biological,Wang,87.89883905649185,75545142646e8a599aca2651b13a9aab9a32529ad3b30b42ec79dff07987ea94,True,False,False,False,2000,2,9519,2,"['embedding_final.npy', 'predictions.npy', 'labels_true.npy', 'gate_diagnostics.npz']",228315136,1,topogate_v0_t_plus_paired_mechanism_ablation_v1,topology,3407,T04_0__beta_perturb_150,project-root/result/v0_t_plus_local_refine_20260906_retry/selected/Wang/selected_config.json,project-root/datasets/Wang.npz,1a801befb67864ad0b9ef78859becdca062ae81475e833ab2797efb12ede2ec9,completed,core,T_edge_sim_mutual_snn,97.99361755512655
0.9853976258010295,0.936762659210047,external_after_embedding,2,pre_registered_benchmark_registry,0.8745515643277421,256,1,biological,Wang,86.71475127805024,75545142646e8a599aca2651b13a9aab9a32529ad3b30b42ec79dff07987ea94,True,False,False,False,2000,2,9519,2,"['embedding_final.npy', 'predictions.npy', 'labels_true.npy', 'gate_diagnostics.npz']",228315136,5,topogate_v0_t_plus_paired_mechanism_ablation_v1,topology,42,T04_0__beta_perturb_150,project-root/result/v0_t_plus_local_refine_20260906_retry/selected/Wang/selected_config.json,project-root/datasets/Wang.npz,1a801befb67864ad0b9ef78859becdca062ae81475e833ab2797efb12ede2ec9,completed,core,T_edge_sim_mutual_snn_distance,98.15438732411712
0.9810904506775922,0.9187855845136785,external_after_embedding,2,pre_registered_benchmark_registry,0.8520874066290508,256,1,biological,Wang,90.74611872527748,75545142646e8a599aca2651b13a9aab9a32529ad3b30b42ec79dff07987ea94,True,False,False,False,2000,2,9519,2,"['embedding_final.npy', 'predictions.npy', 'labels_true.npy', 'gate_diagnostics.npz']",228315136,1,topogate_v0_t_plus_paired_mechanism_ablation_v1,topology,123,T04_0__beta_perturb_150,project-root/result/v0_t_plus_local_refine_20260906_retry/selected/Wang/selected_config.json,project-root/datasets/Wang.npz,1a801befb67864ad0b9ef78859becdca062ae81475e833ab2797efb12ede2ec9,completed,core,T_edge_sim_mutual_snn_distance,100.48749541118741
0.9856077319046118,0.9376689152723576,external_after_embedding,2,pre_registered_benchmark_registry,0.8770024255837866,256,1,biological,Wang,87.0468369834125,75545142646e8a599aca2651b13a9aab9a32529ad3b30b42ec79dff07987ea94,True,False,False,False,2000,2,9519,2,"['embedding_final.npy', 'predictions.npy', 'labels_true.npy', 'gate_diagnostics.npz']",228315136,5,topogate_v0_t_plus_paired_mechanism_ablation_v1,topology,7,T04_0__beta_perturb_150,project-root/result/v0_t_plus_local_refine_20260906_retry/selected/Wang/selected_config.json,project-root/datasets/Wang.npz,1a801befb67864ad0b9ef78859becdca062ae81475e833ab2797efb12ede2ec9,completed,core,T_edge_sim_mutual_snn_distance,95.84703921712935
0.968694190566236,0.8684095322592278,external_after_embedding,2,pre_registered_benchmark_registry,0.78962976891096,256,1,biological,Wang,86.415467903018,75545142646e8a599aca2651b13a9aab9a32529ad3b30b42ec79dff07987ea94,True,False,False,False,2000,2,9519,2,"['embedding_final.npy', 'predictions.npy', 'labels_true.npy', 'gate_diagnostics.npz']",228315136,1,topogate_v0_t_plus_paired_mechanism_ablation_v1,topology,2025,T04_0__beta_perturb_150,project-root/result/v0_t_plus_local_refine_20260906_retry/selected/Wang/selected_config.json,project-root/datasets/Wang.npz,1a801befb67864ad0b9ef78859becdca062ae81475e833ab2797efb12ede2ec9,completed,core,T_edge_sim_mutual_snn_distance,96.46404164843261
0.9889694295619288,0.951937713998837,external_after_embedding,2,pre_registered_benchmark_registry,0.8985028419759287,256,1,biological,Wang,86.49687575362623,75545142646e8a599aca2651b13a9aab9a32529ad3b30b42ec79dff07987ea94,True,False,False,False,2000,2,9519,2,"['embedding_final.npy', 'predictions.npy', 'labels_true.npy', 'gate_diagnostics.npz']",228315136,5,topogate_v0_t_plus_paired_mechanism_ablation_v1,topology,3407,T04_0__beta_perturb_150,project-root/result/v0_t_plus_local_refine_20260906_retry/selected/Wang/selected_config.json,project-root/datasets/Wang.npz,1a801befb67864ad0b9ef78859becdca062ae81475e833ab2797efb12ede2ec9,completed,core,T_edge_sim_mutual_snn_distance,94.40336219314486
0.9855026788528207,0.9372157747931671,external_after_embedding,2,pre_registered_benchmark_registry,0.8757648107560932,256,1,biological,Wang,84.12042438238859,75545142646e8a599aca2651b13a9aab9a32529ad3b30b42ec79dff07987ea94,True,False,False,False,2000,2,9519,2,"['embedding_final.npy', 'predictions.npy', 'labels_true.npy', 'gate_diagnostics.npz']",228315136,1,topogate_v0_t_plus_paired_mechanism_ablation_v1,topology,42,T04_0__beta_perturb_150,project-root/result/v0_t_plus_local_refine_20260906_retry/selected/Wang/selected_config.json,project-root/datasets/Wang.npz,1a801befb67864ad0b9ef78859becdca062ae81475e833ab2797efb12ede2ec9,completed,core,T_beta_no_mutual,91.55284158140421
0.9810904506775922,0.9187855845136785,external_after_embedding,2,pre_registered_benchmark_registry,0.8520874066290508,256,1,biological,Wang,82.51225244998932,75545142646e8a599aca2651b13a9aab9a32529ad3b30b42ec79dff07987ea94,True,False,False,False,2000,2,9519,2,"['embedding_final.npy', 'predictions.npy', 'labels_true.npy', 'gate_diagnostics.npz']",228315136,5,topogate_v0_t_plus_paired_mechanism_ablation_v1,topology,123,T04_0__beta_perturb_150,project-root/result/v0_t_plus_local_refine_20260906_retry/selected/Wang/selected_config.json,project-root/datasets/Wang.npz,1a801befb67864ad0b9ef78859becdca062ae81475e833ab2797efb12ede2ec9,completed,core,T_beta_no_mutual,90.25669209752232
0.9853976258010295,0.9367822376268058,external_after_embedding,2,pre_registered_benchmark_registry,0.8756861819824864,256,1,biological,Wang,83.50457833800465,75545142646e8a599aca2651b13a9aab9a32529ad3b30b42ec79dff07987ea94,True,False,False,False,2000,2,9519,2,"['embedding_final.npy', 'predictions.npy', 'labels_true.npy', 'gate_diagnostics.npz']",228315136,1,topogate_v0_t_plus_paired_mechanism_ablation_v1,topology,7,T04_0__beta_perturb_150,project-root/result/v0_t_plus_local_refine_20260906_retry/selected/Wang/selected_config.json,project-root/datasets/Wang.npz,1a801befb67864ad0b9ef78859becdca062ae81475e833ab2797efb12ede2ec9,completed,core,T_beta_no_mutual,92.09397258423269
0.9691144027734006,0.8700824123490586,external_after_embedding,2,pre_registered_benchmark_registry,0.7915807459889743,256,1,biological,Wang,82.6237957905978,75545142646e8a599aca2651b13a9aab9a32529ad3b30b42ec79dff07987ea94,True,False,False,False,2000,2,9519,2,"['embedding_final.npy', 'predictions.npy', 'labels_true.npy', 'gate_diagnostics.npz']",228315136,5,topogate_v0_t_plus_paired_mechanism_ablation_v1,topology,2025,T04_0__beta_perturb_150,project-root/result/v0_t_plus_local_refine_20260906_retry/selected/Wang/selected_config.json,project-root/datasets/Wang.npz,1a801befb67864ad0b9ef78859becdca062ae81475e833ab2797efb12ede2ec9,completed,core,T_beta_no_mutual,94.24695904180408
0.9890744826137199,0.952386647484107,external_after_embedding,2,pre_registered_benchmark_registry,0.8992253312143318,256,1,biological,Wang,88.8280229382217,75545142646e8a599aca2651b13a9aab9a32529ad3b30b42ec79dff07987ea94,True,False,False,False,2000,2,9519,2,"['embedding_final.npy', 'predictions.npy', 'labels_true.npy', 'gate_diagnostics.npz']",228315136,1,topogate_v0_t_plus_paired_mechanism_ablation_v1,topology,3407,T04_0__beta_perturb_150,project-root/result/v0_t_plus_local_refine_20260906_retry/selected/Wang/selected_config.json,project-root/datasets/Wang.npz,1a801befb67864ad0b9ef78859becdca062ae81475e833ab2797efb12ede2ec9,completed,core,T_beta_no_mutual,99.38958110939711
0.9852925727492383,0.9363194378785334,external_after_embedding,2,pre_registered_benchmark_registry,0.8738928974173369,256,1,biological,Wang,84.32383793406188,75545142646e8a599aca2651b13a9aab9a32529ad3b30b42ec79dff07987ea94,True,False,False,False,2000,2,9519,2,"['embedding_final.npy', 'predictions.npy', 'labels_true.npy', 'gate_diagnostics.npz']",228315136,5,topogate_v0_t_plus_paired_mechanism_ablation_v1,topology,42,T04_0__beta_perturb_150,project-root/result/v0_t_plus_local_refine_20260906_retry/selected/Wang/selected_config.json,project-root/datasets/Wang.npz,1a801befb67864ad0b9ef78859becdca062ae81475e833ab2797efb12ede2ec9,completed,core,T_beta_no_snn,93.00002298876643
0.9810904506775922,0.9187855845136785,external_after_embedding,2,pre_registered_benchmark_registry,0.8520874066290508,256,1,biological,Wang,86.70709791686386,75545142646e8a599aca2651b13a9aab9a32529ad3b30b42ec79dff07987ea94,True,False,False,False,2000,2,9519,2,"['embedding_final.npy', 'predictions.npy', 'labels_true.npy', 'gate_diagnostics.npz']",228315136,1,topogate_v0_t_plus_paired_mechanism_ablation_v1,topology,123,T04_0__beta_perturb_150,project-root/result/v0_t_plus_local_refine_20260906_retry/selected/Wang/selected_config.json,project-root/datasets/Wang.npz,1a801befb67864ad0b9ef78859becdca062ae81475e833ab2797efb12ede2ec9,completed,core,T_beta_no_snn,96.03680410142988
0.9856077319046118,0.9376689152723576,external_after_embedding,2,pre_registered_benchmark_registry,0.8770024255837866,256,1,biological,Wang,86.60744078364223,75545142646e8a599aca2651b13a9aab9a32529ad3b30b42ec79dff07987ea94,True,False,False,False,2000,2,9519,2,"['embedding_final.npy', 'predictions.npy', 'labels_true.npy', 'gate_diagnostics.npz']",228315136,5,topogate_v0_t_plus_paired_mechanism_ablation_v1,topology,7,T04_0__beta_perturb_150,project-root/result/v0_t_plus_local_refine_20260906_retry/selected/Wang/selected_config.json,project-root/datasets/Wang.npz,1a801befb67864ad0b9ef78859becdca062ae81475e833ab2797efb12ede2ec9,completed,core,T_beta_no_snn,94.29826674237847
0.968694190566236,0.8684095322592278,external_after_embedding,2,pre_registered_benchmark_registry,0.78962976891096,256,1,biological,Wang,88.08505381084979,75545142646e8a599aca2651b13a9aab9a32529ad3b30b42ec79dff07987ea94,True,False,False,False,2000,2,9519,2,"['embedding_final.npy', 'predictions.npy', 'labels_true.npy', 'gate_diagnostics.npz']",228315136,1,topogate_v0_t_plus_paired_mechanism_ablation_v1,topology,2025,T04_0__beta_perturb_150,project-root/result/v0_t_plus_local_refine_20260906_retry/selected/Wang/selected_config.json,project-root/datasets/Wang.npz,1a801befb67864ad0b9ef78859becdca062ae81475e833ab2797efb12ede2ec9,completed,core,T_beta_no_snn,97.26312991976738
0.9892845887173022,0.9532923690249797,external_after_embedding,2,pre_registered_benchmark_registry,0.9011921667943859,256,1,biological,Wang,83.31997033581138,75545142646e8a599aca2651b13a9aab9a32529ad3b30b42ec79dff07987ea94,True,False,False,False,2000,2,9519,2,"['embedding_final.npy', 'predictions.npy', 'labels_true.npy', 'gate_diagnostics.npz']",228315136,5,topogate_v0_t_plus_paired_mechanism_ablation_v1,topology,3407,T04_0__beta_perturb_150,project-root/result/v0_t_plus_local_refine_20260906_retry/selected/Wang/selected_config.json,project-root/datasets/Wang.npz,1a801befb67864ad0b9ef78859becdca062ae81475e833ab2797efb12ede2ec9,completed,core,T_beta_no_snn,91.89926742110401
0.9853976258010295,0.936762659210047,external_after_embedding,2,pre_registered_benchmark_registry,0.8745515643277422,256,1,biological,Wang,89.51998610887676,75545142646e8a599aca2651b13a9aab9a32529ad3b30b42ec79dff07987ea94,True,False,False,False,2000,2,9519,2,"['embedding_final.npy', 'predictions.npy', 'labels_true.npy', 'gate_diagnostics.npz']",228315136,1,topogate_v0_t_plus_paired_mechanism_ablation_v1,topology,42,T04_0__beta_perturb_150,project-root/result/v0_t_plus_local_refine_20260906_retry/selected/Wang/selected_config.json,project-root/datasets/Wang.npz,1a801befb67864ad0b9ef78859becdca062ae81475e833ab2797efb12ede2ec9,completed,core,T_beta_no_perturb,98.36612385045737
0.9811955037293834,0.9192220167268157,external_after_embedding,2,pre_registered_benchmark_registry,0.8526839157432277,256,1,biological,Wang,88.16974132042378,75545142646e8a599aca2651b13a9aab9a32529ad3b30b42ec79dff07987ea94,True,False,False,False,2000,2,9519,2,"['embedding_final.npy', 'predictions.npy', 'labels_true.npy', 'gate_diagnostics.npz']",228315136,5,topogate_v0_t_plus_paired_mechanism_ablation_v1,topology,123,T04_0__beta_perturb_150,project-root/result/v0_t_plus_local_refine_20260906_retry/selected/Wang/selected_config.json,project-root/datasets/Wang.npz,1a801befb67864ad0b9ef78859becdca062ae81475e833ab2797efb12ede2ec9,completed,core,T_beta_no_perturb,100.50381013192236
0.9856077319046118,0.9376689152723576,external_after_embedding,2,pre_registered_benchmark_registry,0.8770024255837866,256,1,biological,Wang,89.18131925165653,75545142646e8a599aca2651b13a9aab9a32529ad3b30b42ec79dff07987ea94,True,False,False,False,2000,2,9519,2,"['embedding_final.npy', 'predictions.npy', 'labels_true.npy', 'gate_diagnostics.npz']",228315136,1,topogate_v0_t_plus_paired_mechanism_ablation_v1,topology,7,T04_0__beta_perturb_150,project-root/result/v0_t_plus_local_refine_20260906_retry/selected/Wang/selected_config.json,project-root/datasets/Wang.npz,1a801befb67864ad0b9ef78859becdca062ae81475e833ab2797efb12ede2ec9,completed,core,T_beta_no_perturb,99.13446058612317
0.9691144027734006,0.8700824123490586,external_after_embedding,2,pre_registered_benchmark_registry,0.7915807459889743,256,1,biological,Wang,88.80231101159006,75545142646e8a599aca2651b13a9aab9a32529ad3b30b42ec79dff07987ea94,True,False,False,False,2000,2,9519,2,"['embedding_final.npy', 'predictions.npy', 'labels_true.npy', 'gate_diagnostics.npz']",228315136,5,topogate_v0_t_plus_paired_mechanism_ablation_v1,topology,2025,T04_0__beta_perturb_150,project-root/result/v0_t_plus_local_refine_20260906_retry/selected/Wang/selected_config.json,project-root/datasets/Wang.npz,1a801befb67864ad0b9ef78859becdca062ae81475e833ab2797efb12ede2ec9,completed,core,T_beta_no_perturb,97.47890428360552
0.9893896417690934,0.9537344470745934,external_after_embedding,2,pre_registered_benchmark_registry,0.9014060335449589,256,1,biological,Wang,86.39615370426327,75545142646e8a599aca2651b13a9aab9a32529ad3b30b42ec79dff07987ea94,True,False,False,False,2000,2,9519,2,"['embedding_final.npy', 'predictions.npy', 'labels_true.npy', 'gate_diagnostics.npz']",228315136,1,topogate_v0_t_plus_paired_mechanism_ablation_v1,topology,3407,T04_0__beta_perturb_150,project-root/result/v0_t_plus_local_refine_20260906_retry/selected/Wang/selected_config.json,project-root/datasets/Wang.npz,1a801befb67864ad0b9ef78859becdca062ae81475e833ab2797efb12ede2ec9,completed,core,T_beta_no_perturb,95.96452471520752
0.9920977011494253,0.9715916111610209,external_after_embedding,5,pre_registered_benchmark_registry,0.9442338259244447,256,1,biological,Mouse_retina,76.30372553505003,82c986943d5e990de5dd3a12e4ff018b8b04912f38a62144abec8cda70d68a09,True,False,False,False,2000,5,8352,5,"['embedding_final.npy', 'predictions.npy', 'labels_true.npy', 'gate_diagnostics.npz']",201382912,5,topogate_v0_t_plus_paired_mechanism_ablation_v1,topology,42,T00_0__base,project-root/result/v0_t_plus_local_refine_20260906_retry/selected/Mouse_retina/selected_config.json,project-root/datasets/Mouse_retina.npz,d3bc2eb08d95acd12d324f668c537ae4208de57c355862f8e5800d4ba1e727c1,completed,core,T_full,81.57370157819241
0.9914990421455939,0.9697570785217894,external_after_embedding,5,pre_registered_benchmark_registry,0.9415977373228935,256,1,biological,Mouse_retina,78.98194398637861,82c986943d5e990de5dd3a12e4ff018b8b04912f38a62144abec8cda70d68a09,True,False,False,False,2000,5,8352,5,"['embedding_final.npy', 'predictions.npy', 'labels_true.npy', 'gate_diagnostics.npz']",201382912,1,topogate_v0_t_plus_paired_mechanism_ablation_v1,topology,123,T00_0__base,project-root/result/v0_t_plus_local_refine_20260906_retry/selected/Mouse_retina/selected_config.json,project-root/datasets/Mouse_retina.npz,d3bc2eb08d95acd12d324f668c537ae4208de57c355862f8e5800d4ba1e727c1,completed,core,T_full,84.45420452300459
0.9889846743295019,0.9605585768652329,external_after_embedding,5,pre_registered_benchmark_registry,0.9322246715003726,256,1,biological,Mouse_retina,75.1608624663204,82c986943d5e990de5dd3a12e4ff018b8b04912f38a62144abec8cda70d68a09,True,False,False,False,2000,5,8352,5,"['embedding_final.npy', 'predictions.npy', 'labels_true.npy', 'gate_diagnostics.npz']",201382912,5,topogate_v0_t_plus_paired_mechanism_ablation_v1,topology,7,T00_0__base,project-root/result/v0_t_plus_local_refine_20260906_retry/selected/Mouse_retina/selected_config.json,project-root/datasets/Mouse_retina.npz,d3bc2eb08d95acd12d324f668c537ae4208de57c355862f8e5800d4ba1e727c1,completed,core,T_full,79.5528404880315
0.9912595785440613,0.9692670362441955,external_after_embedding,5,pre_registered_benchmark_registry,0.9379283666751367,256,1,biological,Mouse_retina,77.39742268249393,82c986943d5e990de5dd3a12e4ff018b8b04912f38a62144abec8cda70d68a09,True,False,False,False,2000,5,8352,5,"['embedding_final.npy', 'predictions.npy', 'labels_true.npy', 'gate_diagnostics.npz']",201382912,1,topogate_v0_t_plus_paired_mechanism_ablation_v1,topology,2025,T00_0__base,project-root/result/v0_t_plus_local_refine_20260906_retry/selected/Mouse_retina/selected_config.json,project-root/datasets/Mouse_retina.npz,d3bc2eb08d95acd12d324f668c537ae4208de57c355862f8e5800d4ba1e727c1,completed,core,T_full,84.20764230098575
0.990301724137931,0.9665953417700576,external_after_embedding,5,pre_registered_benchmark_registry,0.9355632052240074,256,1,biological,Mouse_retina,77.49999716132879,82c986943d5e990de5dd3a12e4ff018b8b04912f38a62144abec8cda70d68a09,True,False,False,False,2000,5,8352,5,"['embedding_final.npy', 'predictions.npy', 'labels_true.npy', 'gate_diagnostics.npz']",201382912,5,topogate_v0_t_plus_paired_mechanism_ablation_v1,topology,3407,T00_0__base,project-root/result/v0_t_plus_local_refine_20260906_retry/selected/Mouse_retina/selected_config.json,project-root/datasets/Mouse_retina.npz,d3bc2eb08d95acd12d324f668c537ae4208de57c355862f8e5800d4ba1e727c1,completed,core,T_full,84.05565463192761
0.9879070881226054,0.9563173624649255,external_after_embedding,5,pre_registered_benchmark_registry,0.9264473802057471,256,1,biological,Mouse_retina,66.96299935504794,82c986943d5e990de5dd3a12e4ff018b8b04912f38a62144abec8cda70d68a09,True,False,False,False,2000,5,8352,5,"['embedding_final.npy', 'predictions.npy', 'labels_true.npy', 'gate_diagnostics.npz']",201382912,1,topogate_v0_t_plus_paired_mechanism_ablation_v1,topology,42,T00_0__base,project-root/result/v0_t_plus_local_refine_20260906_retry/selected/Mouse_retina/selected_config.json,project-root/datasets/Mouse_retina.npz,d3bc2eb08d95acd12d324f668c537ae4208de57c355862f8e5800d4ba1e727c1,completed,core,F_matched_total_mix,73.30797374807298
0.9883860153256705,0.9583849318193093,external_after_embedding,5,pre_registered_benchmark_registry,0.9267241821177157,256,1,biological,Mouse_retina,72.93387405760586,82c986943d5e990de5dd3a12e4ff018b8b04912f38a62144abec8cda70d68a09,True,False,False,False,2000,5,8352,5,"['embedding_final.npy', 'predictions.npy', 'labels_true.npy', 'gate_diagnostics.npz']",201382912,5,topogate_v0_t_plus_paired_mechanism_ablation_v1,topology,123,T00_0__base,project-root/result/v0_t_plus_local_refine_20260906_retry/selected/Mouse_retina/selected_config.json,project-root/datasets/Mouse_retina.npz,d3bc2eb08d95acd12d324f668c537ae4208de57c355862f8e5800d4ba1e727c1,completed,core,F_matched_total_mix,80.77650322113186
0.9846743295019157,0.945031978062826,external_after_embedding,5,pre_registered_benchmark_registry,0.9157328626229384,256,1,biological,Mouse_retina,64.56126815732569,82c986943d5e990de5dd3a12e4ff018b8b04912f38a62144abec8cda70d68a09,True,False,False,False,2000,5,8352,5,"['embedding_final.npy', 'predictions.npy', 'labels_true.npy', 'gate_diagnostics.npz']",201382912,1,topogate_v0_t_plus_paired_mechanism_ablation_v1,topology,7,T00_0__base,project-root/result/v0_t_plus_local_refine_20260906_retry/selected/Mouse_retina/selected_config.json,project-root/datasets/Mouse_retina.npz,d3bc2eb08d95acd12d324f668c537ae4208de57c355862f8e5800d4ba1e727c1,completed,core,F_matched_total_mix,70.88946276251227
0.9874281609195402,0.9557129271379651,external_after_embedding,5,pre_registered_benchmark_registry,0.9225310501540935,256,1,biological,Mouse_retina,68.78541834373027,82c986943d5e990de5dd3a12e4ff018b8b04912f38a62144abec8cda70d68a09,True,False,False,False,2000,5,8352,5,"['embedding_final.npy', 'predictions.npy', 'labels_true.npy', 'gate_diagnostics.npz']",201382912,5,topogate_v0_t_plus_paired_mechanism_ablation_v1,topology,2025,T00_0__base,project-root/result/v0_t_plus_local_refine_20260906_retry/selected/Mouse_retina/selected_config.json,project-root/datasets/Mouse_retina.npz,d3bc2eb08d95acd12d324f668c537ae4208de57c355862f8e5800d4ba1e727c1,completed,core,F_matched_total_mix,77.89128710329533
0.9857519157088123,0.9496845258624359,external_after_embedding,5,pre_registered_benchmark_registry,0.9157891162827695,256,1,biological,Mouse_retina,66.22023587208241,82c986943d5e990de5dd3a12e4ff018b8b04912f38a62144abec8cda70d68a09,True,False,False,False,2000,5,8352,5,"['embedding_final.npy', 'predictions.npy', 'labels_true.npy', 'gate_diagnostics.npz']",201382912,1,topogate_v0_t_plus_paired_mechanism_ablation_v1,topology,3407,T00_0__base,project-root/result/v0_t_plus_local_refine_20260906_retry/selected/Mouse_retina/selected_config.json,project-root/datasets/Mouse_retina.npz,d3bc2eb08d95acd12d324f668c537ae4208de57c355862f8e5800d4ba1e727c1,completed,core,F_matched_total_mix,72.06875381059945
0.9924568965517241,0.9729205145949932,external_after_embedding,5,pre_registered_benchmark_registry,0.9462163147014431,256,1,biological,Mouse_retina,77.46824220381677,82c986943d5e990de5dd3a12e4ff018b8b04912f38a62144abec8cda70d68a09,True,False,False,False,2000,5,8352,5,"['embedding_final.npy', 'predictions.npy', 'labels_true.npy', 'gate_diagnostics.npz']",201382912,5,topogate_v0_t_plus_paired_mechanism_ablation_v1,topology,42,T00_0__base,project-root/result/v0_t_plus_local_refine_20260906_retry/selected/Mouse_retina/selected_config.json,project-root/datasets/Mouse_retina.npz,d3bc2eb08d95acd12d324f668c537ae4208de57c355862f8e5800d4ba1e727c1,completed,core,T_shuffled_gate,82.76666544843465
0.9920977011494253,0.9719745496315897,external_after_embedding,5,pre_registered_benchmark_registry,0.9450370395224478,256,1,biological,Mouse_retina,76.37702293880284,82c986943d5e990de5dd3a12e4ff018b8b04912f38a62144abec8cda70d68a09,True,False,False,False,2000,5,8352,5,"['embedding_final.npy', 'predictions.npy', 'labels_true.npy', 'gate_diagnostics.npz']",201382912,1,topogate_v0_t_plus_paired_mechanism_ablation_v1,topology,123,T00_0__base,project-root/result/v0_t_plus_local_refine_20260906_retry/selected/Mouse_retina/selected_config.json,project-root/datasets/Mouse_retina.npz,d3bc2eb08d95acd12d324f668c537ae4208de57c355862f8e5800d4ba1e727c1,completed,core,T_shuffled_gate,83.36510067805648
0.9891044061302682,0.960595770391986,external_after_embedding,5,pre_registered_benchmark_registry,0.9326908284766116,256,1,biological,Mouse_retina,73.54105875361711,82c986943d5e990de5dd3a12e4ff018b8b04912f38a62144abec8cda70d68a09,True,False,False,False,2000,5,8352,5,"['embedding_final.npy', 'predictions.npy', 'labels_true.npy', 'gate_diagnostics.npz']",201382912,5,topogate_v0_t_plus_paired_mechanism_ablation_v1,topology,7,T00_0__base,project-root/result/v0_t_plus_local_refine_20260906_retry/selected/Mouse_retina/selected_config.json,project-root/datasets/Mouse_retina.npz,d3bc2eb08d95acd12d324f668c537ae4208de57c355862f8e5800d4ba1e727c1,completed,core,T_shuffled_gate,78.69540891516954
0.9914990421455939,0.9705508060686412,external_after_embedding,5,pre_registered_benchmark_registry,0.9395479314593382,256,1,biological,Mouse_retina,76.85115003027022,82c986943d5e990de5dd3a12e4ff018b8b04912f38a62144abec8cda70d68a09,True,False,False,False,2000,5,8352,5,"['embedding_final.npy', 'predictions.npy', 'labels_true.npy', 'gate_diagnostics.npz']",201382912,1,topogate_v0_t_plus_paired_mechanism_ablation_v1,topology,2025,T00_0__base,project-root/result/v0_t_plus_local_refine_20260906_retry/selected/Mouse_retina/selected_config.json,project-root/datasets/Mouse_retina.npz,d3bc2eb08d95acd12d324f668c537ae4208de57c355862f8e5800d4ba1e727c1,completed,core,T_shuffled_gate,82.47953759413213
0.9907806513409961,0.9683563838848774,external_after_embedding,5,pre_registered_benchmark_registry,0.9382769588419794,256,1,biological,Mouse_retina,76.41636798810214,82c986943d5e990de5dd3a12e4ff018b8b04912f38a62144abec8cda70d68a09,True,False,False,False,2000,5,8352,5,"['embedding_final.npy', 'predictions.npy', 'labels_true.npy', 'gate_diagnostics.npz']",201382912,5,topogate_v0_t_plus_paired_mechanism_ablation_v1,topology,3407,T00_0__base,project-root/result/v0_t_plus_local_refine_20260906_retry/selected/Mouse_retina/selected_config.json,project-root/datasets/Mouse_retina.npz,d3bc2eb08d95acd12d324f668c537ae4208de57c355862f8e5800d4ba1e727c1,completed,core,T_shuffled_gate,82.77807538770139
0.9877873563218391,0.9558809248085745,external_after_embedding,5,pre_registered_benchmark_registry,0.9258190310655722,256,1,biological,Mouse_retina,76.70004330016673,82c986943d5e990de5dd3a12e4ff018b8b04912f38a62144abec8cda70d68a09,True,False,False,False,2000,5,8352,5,"['embedding_final.npy', 'predictions.npy', 'labels_true.npy', 'gate_diagnostics.npz']",201382912,1,topogate_v0_t_plus_paired_mechanism_ablation_v1,topology,42,T00_0__base,project-root/result/v0_t_plus_local_refine_20260906_retry/selected/Mouse_retina/selected_config.json,project-root/datasets/Mouse_retina.npz,d3bc2eb08d95acd12d324f668c537ae4208de57c355862f8e5800d4ba1e727c1,completed,core,T_fixed_mean_gate,83.01326970476657
0.9886254789272031,0.9592582446679613,external_after_embedding,5,pre_registered_benchmark_registry,0.928546845830069,256,1,biological,Mouse_retina,77.52054451499134,82c986943d5e990de5dd3a12e4ff018b8b04912f38a62144abec8cda70d68a09,True,False,False,False,2000,5,8352,5,"['embedding_final.npy', 'predictions.npy', 'labels_true.npy', 'gate_diagnostics.npz']",201382912,5,topogate_v0_t_plus_paired_mechanism_ablation_v1,topology,123,T00_0__base,project-root/result/v0_t_plus_local_refine_20260906_retry/selected/Mouse_retina/selected_config.json,project-root/datasets/Mouse_retina.npz,d3bc2eb08d95acd12d324f668c537ae4208de57c355862f8e5800d4ba1e727c1,completed,core,T_fixed_mean_gate,84.65637245588005
0.9845545977011494,0.9446041958322331,external_after_embedding,5,pre_registered_benchmark_registry,0.915299455421552,256,1,biological,Mouse_retina,75.78513223491609,82c986943d5e990de5dd3a12e4ff018b8b04912f38a62144abec8cda70d68a09,True,False,False,False,2000,5,8352,5,"['embedding_final.npy', 'predictions.npy', 'labels_true.npy', 'gate_diagnostics.npz']",201382912,1,topogate_v0_t_plus_paired_mechanism_ablation_v1,topology,7,T00_0__base,project-root/result/v0_t_plus_local_refine_20260906_retry/selected/Mouse_retina/selected_config.json,project-root/datasets/Mouse_retina.npz,d3bc2eb08d95acd12d324f668c537ae4208de57c355862f8e5800d4ba1e727c1,completed,core,T_fixed_mean_gate,80.25446307566017
0.9875478927203065,0.9561522855874025,external_after_embedding,5,pre_registered_benchmark_registry,0.9232503666630077,256,1,biological,Mouse_retina,77.03403936512768,82c986943d5e990de5dd3a12e4ff018b8b04912f38a62144abec8cda70d68a09,True,False,False,False,2000,5,8352,5,"['embedding_final.npy', 'predictions.npy', 'labels_true.npy', 'gate_diagnostics.npz']",201382912,5,topogate_v0_t_plus_paired_mechanism_ablation_v1,topology,2025,T00_0__base,project-root/result/v0_t_plus_local_refine_20260906_retry/selected/Mouse_retina/selected_config.json,project-root/datasets/Mouse_retina.npz,d3bc2eb08d95acd12d324f668c537ae4208de57c355862f8e5800d4ba1e727c1,completed,core,T_fixed_mean_gate,83.69182383827865
0.9857519157088123,0.9496805379141009,external_after_embedding,5,pre_registered_benchmark_registry,0.9156596248333414,256,1,biological,Mouse_retina,76.90670219901949,82c986943d5e990de5dd3a12e4ff018b8b04912f38a62144abec8cda70d68a09,True,False,False,False,2000,5,8352,5,"['embedding_final.npy', 'predictions.npy', 'labels_true.npy', 'gate_diagnostics.npz']",201382912,1,topogate_v0_t_plus_paired_mechanism_ablation_v1,topology,3407,T00_0__base,project-root/result/v0_t_plus_local_refine_20260906_retry/selected/Mouse_retina/selected_config.json,project-root/datasets/Mouse_retina.npz,d3bc2eb08d95acd12d324f668c537ae4208de57c355862f8e5800d4ba1e727c1,completed,core,T_fixed_mean_gate,83.98798265028745
0.9920977011494253,0.9719220284763181,external_after_embedding,5,pre_registered_benchmark_registry,0.9410516772390839,256,1,biological,Mouse_retina,70.60083044320345,82c986943d5e990de5dd3a12e4ff018b8b04912f38a62144abec8cda70d68a09,True,False,False,False,2000,5,8352,5,"['embedding_final.npy', 'predictions.npy', 'labels_true.npy', 'gate_diagnostics.npz']",201382912,5,topogate_v0_t_plus_paired_mechanism_ablation_v1,topology,42,T00_0__base,project-root/result/v0_t_plus_local_refine_20260906_retry/selected/Mouse_retina/selected_config.json,project-root/datasets/Mouse_retina.npz,d3bc2eb08d95acd12d324f668c537ae4208de57c355862f8e5800d4ba1e727c1,completed,core,T_random_neighbor,76.38439008034766
0.9918582375478927,0.9710122817816139,external_after_embedding,5,pre_registered_benchmark_registry,0.9412404292926986,256,1,biological,Mouse_retina,69.82537470757961,82c986943d5e990de5dd3a12e4ff018b8b04912f38a62144abec8cda70d68a09,True,False,False,False,2000,5,8352,5,"['embedding_final.npy', 'predictions.npy', 'labels_true.npy', 'gate_diagnostics.npz']",201382912,1,topogate_v0_t_plus_paired_mechanism_ablation_v1,topology,123,T00_0__base,project-root/result/v0_t_plus_local_refine_20260906_retry/selected/Mouse_retina/selected_config.json,project-root/datasets/Mouse_retina.npz,d3bc2eb08d95acd12d324f668c537ae4208de57c355862f8e5800d4ba1e727c1,completed,core,T_random_neighbor,75.22923783585429
0.9901819923371648,0.9648059089339611,external_after_embedding,5,pre_registered_benchmark_registry,0.9318698327813659,256,1,biological,Mouse_retina,69.96729484573007,82c986943d5e990de5dd3a12e4ff018b8b04912f38a62144abec8cda70d68a09,True,False,False,False,2000,5,8352,5,"['embedding_final.npy', 'predictions.npy', 'labels_true.npy', 'gate_diagnostics.npz']",201382912,5,topogate_v0_t_plus_paired_mechanism_ablation_v1,topology,7,T00_0__base,project-root/result/v0_t_plus_local_refine_20260906_retry/selected/Mouse_retina/selected_config.json,project-root/datasets/Mouse_retina.npz,d3bc2eb08d95acd12d324f668c537ae4208de57c355862f8e5800d4ba1e727c1,completed,core,T_random_neighbor,78.03593923151493
0.9910201149425287,0.9695378210886937,external_after_embedding,5,pre_registered_benchmark_registry,0.9351451566075626,256,1,biological,Mouse_retina,70.75196788087487,82c986943d5e990de5dd3a12e4ff018b8b04912f38a62144abec8cda70d68a09,True,False,False,False,2000,5,8352,5,"['embedding_final.npy', 'predictions.npy', 'labels_true.npy', 'gate_diagnostics.npz']",201382912,1,topogate_v0_t_plus_paired_mechanism_ablation_v1,topology,2025,T00_0__base,project-root/result/v0_t_plus_local_refine_20260906_retry/selected/Mouse_retina/selected_config.json,project-root/datasets/Mouse_retina.npz,d3bc2eb08d95acd12d324f668c537ae4208de57c355862f8e5800d4ba1e727c1,completed,core,T_random_neighbor,75.29040425177664
0.9909003831417624,0.9687270130985997,external_after_embedding,5,pre_registered_benchmark_registry,0.9367165732525361,256,1,biological,Mouse_retina,69.16691867634654,82c986943d5e990de5dd3a12e4ff018b8b04912f38a62144abec8cda70d68a09,True,False,False,False,2000,5,8352,5,"['embedding_final.npy', 'predictions.npy', 'labels_true.npy', 'gate_diagnostics.npz']",201382912,5,topogate_v0_t_plus_paired_mechanism_ablation_v1,topology,3407,T00_0__base,project-root/result/v0_t_plus_local_refine_20260906_retry/selected/Mouse_retina/selected_config.json,project-root/datasets/Mouse_retina.npz,d3bc2eb08d95acd12d324f668c537ae4208de57c355862f8e5800d4ba1e727c1,completed,core,T_random_neighbor,76.23354481346905
0.9891044061302682,0.9606509029085519,external_after_embedding,5,pre_registered_benchmark_registry,0.9314674854730889,256,1,biological,Mouse_retina,26.659345275722444,82c986943d5e990de5dd3a12e4ff018b8b04912f38a62144abec8cda70d68a09,True,False,False,False,2000,5,8352,5,"['embedding_final.npy', 'predictions.npy', 'labels_true.npy', 'gate_diagnostics.npz']",178979328,1,topogate_v0_t_plus_paired_mechanism_ablation_v1,topology,42,T00_0__base,project-root/result/v0_t_plus_local_refine_20260906_retry/selected/Mouse_retina/selected_config.json,project-root/datasets/Mouse_retina.npz,d3bc2eb08d95acd12d324f668c537ae4208de57c355862f8e5800d4ba1e727c1,completed,core,T_no_vicinal,32.42762565519661
0.9900622605363985,0.9645039860219449,external_after_embedding,5,pre_registered_benchmark_registry,0.935335316936729,256,1,biological,Mouse_retina,27.07336925715208,82c986943d5e990de5dd3a12e4ff018b8b04912f38a62144abec8cda70d68a09,True,False,False,False,2000,5,8352,5,"['embedding_final.npy', 'predictions.npy', 'labels_true.npy', 'gate_diagnostics.npz']",178979328,5,topogate_v0_t_plus_paired_mechanism_ablation_v1,topology,123,T00_0__base,project-root/result/v0_t_plus_local_refine_20260906_retry/selected/Mouse_retina/selected_config.json,project-root/datasets/Mouse_retina.npz,d3bc2eb08d95acd12d324f668c537ae4208de57c355862f8e5800d4ba1e727c1,completed,core,T_no_vicinal,34.5553571889177
0.9849137931034483,0.9454851567270806,external_after_embedding,5,pre_registered_benchmark_registry,0.9163596976549689,256,1,biological,Mouse_retina,27.067219024524093,82c986943d5e990de5dd3a12e4ff018b8b04912f38a62144abec8cda70d68a09,True,False,False,False,2000,5,8352,5,"['embedding_final.npy', 'predictions.npy', 'labels_true.npy', 'gate_diagnostics.npz']",178979328,1,topogate_v0_t_plus_paired_mechanism_ablation_v1,topology,7,T00_0__base,project-root/result/v0_t_plus_local_refine_20260906_retry/selected/Mouse_retina/selected_config.json,project-root/datasets/Mouse_retina.npz,d3bc2eb08d95acd12d324f668c537ae4208de57c355862f8e5800d4ba1e727c1,completed,core,T_no_vicinal,34.24699217360467
0.9879070881226054,0.9570640969488603,external_after_embedding,5,pre_registered_benchmark_registry,0.9240857395809978,256,1,biological,Mouse_retina,26.77905398234725,82c986943d5e990de5dd3a12e4ff018b8b04912f38a62144abec8cda70d68a09,True,False,False,False,2000,5,8352,5,"['embedding_final.npy', 'predictions.npy', 'labels_true.npy', 'gate_diagnostics.npz']",178979328,5,topogate_v0_t_plus_paired_mechanism_ablation_v1,topology,2025,T00_0__base,project-root/result/v0_t_plus_local_refine_20260906_retry/selected/Mouse_retina/selected_config.json,project-root/datasets/Mouse_retina.npz,d3bc2eb08d95acd12d324f668c537ae4208de57c355862f8e5800d4ba1e727c1,completed,core,T_no_vicinal,31.908147290349007
0.9861111111111112,0.9513561760954724,external_after_embedding,5,pre_registered_benchmark_registry,0.9170564608508842,256,1,biological,Mouse_retina,22.47950540482998,82c986943d5e990de5dd3a12e4ff018b8b04912f38a62144abec8cda70d68a09,True,False,False,False,2000,5,8352,5,"['embedding_final.npy', 'predictions.npy', 'labels_true.npy', 'gate_diagnostics.npz']",178979328,1,topogate_v0_t_plus_paired_mechanism_ablation_v1,topology,3407,T00_0__base,project-root/result/v0_t_plus_local_refine_20260906_retry/selected/Mouse_retina/selected_config.json,project-root/datasets/Mouse_retina.npz,d3bc2eb08d95acd12d324f668c537ae4208de57c355862f8e5800d4ba1e727c1,completed,core,T_no_vicinal,29.320928473956883
0.9926963601532567,0.9737959559214298,external_after_embedding,5,pre_registered_benchmark_registry,0.9474617493914933,256,1,biological,Mouse_retina,66.92206938378513,82c986943d5e990de5dd3a12e4ff018b8b04912f38a62144abec8cda70d68a09,True,False,False,False,2000,5,8352,5,"['embedding_final.npy', 'predictions.npy', 'labels_true.npy', 'gate_diagnostics.npz']",201382912,5,topogate_v0_t_plus_paired_mechanism_ablation_v1,unit,42,T00_0__base,project-root/result/v0_t_plus_local_refine_20260906_retry/selected/Mouse_retina/selected_config.json,project-root/datasets/Mouse_retina.npz,d3bc2eb08d95acd12d324f668c537ae4208de57c355862f8e5800d4ba1e727c1,completed,core,T_uniform_pseudo_loss,74.17068244330585
0.9922174329501916,0.9724161635855774,external_after_embedding,5,pre_registered_benchmark_registry,0.9456419307105377,256,1,biological,Mouse_retina,66.79124869499356,82c986943d5e990de5dd3a12e4ff018b8b04912f38a62144abec8cda70d68a09,True,False,False,False,2000,5,8352,5,"['embedding_final.npy', 'predictions.npy', 'labels_true.npy', 'gate_diagnostics.npz']",201382912,1,topogate_v0_t_plus_paired_mechanism_ablation_v1,unit,123,T00_0__base,project-root/result/v0_t_plus_local_refine_20260906_retry/selected/Mouse_retina/selected_config.json,project-root/datasets/Mouse_retina.npz,d3bc2eb08d95acd12d324f668c537ae4208de57c355862f8e5800d4ba1e727c1,completed,core,T_uniform_pseudo_loss,74.13970505259931
0.9891044061302682,0.9606071055946516,external_after_embedding,5,pre_registered_benchmark_registry,0.9332938044967342,256,1,biological,Mouse_retina,71.30366250686347,82c986943d5e990de5dd3a12e4ff018b8b04912f38a62144abec8cda70d68a09,True,False,False,False,2000,5,8352,5,"['embedding_final.npy', 'predictions.npy', 'labels_true.npy', 'gate_diagnostics.npz']",201382912,5,topogate_v0_t_plus_paired_mechanism_ablation_v1,unit,7,T00_0__base,project-root/result/v0_t_plus_local_refine_20260906_retry/selected/Mouse_retina/selected_config.json,project-root/datasets/Mouse_retina.npz,d3bc2eb08d95acd12d324f668c537ae4208de57c355862f8e5800d4ba1e727c1,completed,core,T_uniform_pseudo_loss,76.29976312816143
0.9916187739463601,0.9705842333811303,external_after_embedding,5,pre_registered_benchmark_registry,0.9395401860886906,256,1,biological,Mouse_retina,68.83687475323677,82c986943d5e990de5dd3a12e4ff018b8b04912f38a62144abec8cda70d68a09,True,False,False,False,2000,5,8352,5,"['embedding_final.npy', 'predictions.npy', 'labels_true.npy', 'gate_diagnostics.npz']",201382912,1,topogate_v0_t_plus_paired_mechanism_ablation_v1,unit,2025,T00_0__base,project-root/result/v0_t_plus_local_refine_20260906_retry/selected/Mouse_retina/selected_config.json,project-root/datasets/Mouse_retina.npz,d3bc2eb08d95acd12d324f668c537ae4208de57c355862f8e5800d4ba1e727c1,completed,core,T_uniform_pseudo_loss,75.26056698989123
0.9907806513409961,0.9683563838848774,external_after_embedding,5,pre_registered_benchmark_registry,0.9382769588419795,256,1,biological,Mouse_retina,66.3149253744632,82c986943d5e990de5dd3a12e4ff018b8b04912f38a62144abec8cda70d68a09,True,False,False,False,2000,5,8352,5,"['embedding_final.npy', 'predictions.npy', 'labels_true.npy', 'gate_diagnostics.npz']",201382912,5,topogate_v0_t_plus_paired_mechanism_ablation_v1,unit,3407,T00_0__base,project-root/result/v0_t_plus_local_refine_20260906_retry/selected/Mouse_retina/selected_config.json,project-root/datasets/Mouse_retina.npz,d3bc2eb08d95acd12d324f668c537ae4208de57c355862f8e5800d4ba1e727c1,completed,core,T_uniform_pseudo_loss,73.34073034580797
0.991977969348659,0.9711483729297176,external_after_embedding,5,pre_registered_benchmark_registry,0.943557032096983,256,1,biological,Mouse_retina,74.46995543967932,82c986943d5e990de5dd3a12e4ff018b8b04912f38a62144abec8cda70d68a09,True,False,False,False,2000,5,8352,5,"['embedding_final.npy', 'predictions.npy', 'labels_true.npy', 'gate_diagnostics.npz']",201382912,1,topogate_v0_t_plus_paired_mechanism_ablation_v1,topology,42,T00_0__base,project-root/result/v0_t_plus_local_refine_20260906_retry/selected/Mouse_retina/selected_config.json,project-root/datasets/Mouse_retina.npz,d3bc2eb08d95acd12d324f668c537ae4208de57c355862f8e5800d4ba1e727c1,completed,core,T_edge_none,82.07806233875453
0.9916187739463601,0.9701995937097516,external_after_embedding,5,pre_registered_benchmark_registry,0.9422411147841165,256,1,biological,Mouse_retina,73.5332891009748,82c986943d5e990de5dd3a12e4ff018b8b04912f38a62144abec8cda70d68a09,True,False,False,False,2000,5,8352,5,"['embedding_final.npy', 'predictions.npy', 'labels_true.npy', 'gate_diagnostics.npz']",201382912,5,topogate_v0_t_plus_paired_mechanism_ablation_v1,topology,123,T00_0__base,project-root/result/v0_t_plus_local_refine_20260906_retry/selected/Mouse_retina/selected_config.json,project-root/datasets/Mouse_retina.npz,d3bc2eb08d95acd12d324f668c537ae4208de57c355862f8e5800d4ba1e727c1,completed,core,T_edge_none,81.36156572122127
0.9887452107279694,0.9596870821087777,external_after_embedding,5,pre_registered_benchmark_registry,0.931252345362276,256,1,biological,Mouse_retina,76.83274980261922,82c986943d5e990de5dd3a12e4ff018b8b04912f38a62144abec8cda70d68a09,True,False,False,False,2000,5,8352,5,"['embedding_final.npy', 'predictions.npy', 'labels_true.npy', 'gate_diagnostics.npz']",201382912,1,topogate_v0_t_plus_paired_mechanism_ablation_v1,topology,7,T00_0__base,project-root/result/v0_t_plus_local_refine_20260906_retry/selected/Mouse_retina/selected_config.json,project-root/datasets/Mouse_retina.npz,d3bc2eb08d95acd12d324f668c537ae4208de57c355862f8e5800d4ba1e727c1,completed,core,T_edge_none,82.08331889100373
0.9913793103448276,0.9697148027141872,external_after_embedding,5,pre_registered_benchmark_registry,0.9388188105504143,256,1,biological,Mouse_retina,80.42201228626072,82c986943d5e990de5dd3a12e4ff018b8b04912f38a62144abec8cda70d68a09,True,False,False,False,2000,5,8352,5,"['embedding_final.npy', 'predictions.npy', 'labels_true.npy', 'gate_diagnostics.npz']",201382912,5,topogate_v0_t_plus_paired_mechanism_ablation_v1,topology,2025,T00_0__base,project-root/result/v0_t_plus_local_refine_20260906_retry/selected/Mouse_retina/selected_config.json,project-root/datasets/Mouse_retina.npz,d3bc2eb08d95acd12d324f668c537ae4208de57c355862f8e5800d4ba1e727c1,completed,core,T_edge_none,87.81997246481478
0.990301724137931,0.9665953417700576,external_after_embedding,5,pre_registered_benchmark_registry,0.9355632052240074,256,1,biological,Mouse_retina,78.40124083589762,82c986943d5e990de5dd3a12e4ff018b8b04912f38a62144abec8cda70d68a09,True,False,False,False,2000,5,8352,5,"['embedding_final.npy', 'predictions.npy', 'labels_true.npy', 'gate_diagnostics.npz']",201382912,1,topogate_v0_t_plus_paired_mechanism_ablation_v1,topology,3407,T00_0__base,project-root/result/v0_t_plus_local_refine_20260906_retry/selected/Mouse_retina/selected_config.json,project-root/datasets/Mouse_retina.npz,d3bc2eb08d95acd12d324f668c537ae4208de57c355862f8e5800d4ba1e727c1,completed,core,T_edge_none,83.39158637821674
0.991977969348659,0.9711483729297176,external_after_embedding,5,pre_registered_benchmark_registry,0.943557032096983,256,1,biological,Mouse_retina,78.09642531629652,82c986943d5e990de5dd3a12e4ff018b8b04912f38a62144abec8cda70d68a09,True,False,False,False,2000,5,8352,5,"['embedding_final.npy', 'predictions.npy', 'labels_true.npy', 'gate_diagnostics.npz']",201382912,5,topogate_v0_t_plus_paired_mechanism_ablation_v1,topology,42,T00_0__base,project-root/result/v0_t_plus_local_refine_20260906_retry/selected/Mouse_retina/selected_config.json,project-root/datasets/Mouse_retina.npz,d3bc2eb08d95acd12d324f668c537ae4208de57c355862f8e5800d4ba1e727c1,completed,core,T_edge_sim,83.94856598507613
0.9916187739463601,0.9701995937097516,external_after_embedding,5,pre_registered_benchmark_registry,0.9422411147841165,256,1,biological,Mouse_retina,77.0367411840707,82c986943d5e990de5dd3a12e4ff018b8b04912f38a62144abec8cda70d68a09,True,False,False,False,2000,5,8352,5,"['embedding_final.npy', 'predictions.npy', 'labels_true.npy', 'gate_diagnostics.npz']",201382912,1,topogate_v0_t_plus_paired_mechanism_ablation_v1,topology,123,T00_0__base,project-root/result/v0_t_plus_local_refine_20260906_retry/selected/Mouse_retina/selected_config.json,project-root/datasets/Mouse_retina.npz,d3bc2eb08d95acd12d324f668c537ae4208de57c355862f8e5800d4ba1e727c1,completed,core,T_edge_sim,82.25095408968627
0.9887452107279694,0.9596870821087777,external_after_embedding,5,pre_registered_benchmark_registry,0.931252345362276,256,1,biological,Mouse_retina,75.03270950261503,82c986943d5e990de5dd3a12e4ff018b8b04912f38a62144abec8cda70d68a09,True,False,False,False,2000,5,8352,5,"['embedding_final.npy', 'predictions.npy', 'labels_true.npy', 'gate_diagnostics.npz']",201382912,5,topogate_v0_t_plus_paired_mechanism_ablation_v1,topology,7,T00_0__base,project-root/result/v0_t_plus_local_refine_20260906_retry/selected/Mouse_retina/selected_config.json,project-root/datasets/Mouse_retina.npz,d3bc2eb08d95acd12d324f668c537ae4208de57c355862f8e5800d4ba1e727c1,completed,core,T_edge_sim,79.24596259649843
0.991139846743295,0.9688192851890538,external_after_embedding,5,pre_registered_benchmark_registry,0.9370636246322033,256,1,biological,Mouse_retina,76.42339552380145,82c986943d5e990de5dd3a12e4ff018b8b04912f38a62144abec8cda70d68a09,True,False,False,False,2000,5,8352,5,"['embedding_final.npy', 'predictions.npy', 'labels_true.npy', 'gate_diagnostics.npz']",201382912,1,topogate_v0_t_plus_paired_mechanism_ablation_v1,topology,2025,T00_0__base,project-root/result/v0_t_plus_local_refine_20260906_retry/selected/Mouse_retina/selected_config.json,project-root/datasets/Mouse_retina.npz,d3bc2eb08d95acd12d324f668c537ae4208de57c355862f8e5800d4ba1e727c1,completed,core,T_edge_sim,82.1135108564049
0.9900622605363985,0.9657199328029203,external_after_embedding,5,pre_registered_benchmark_registry,0.9344959396362961,256,1,biological,Mouse_retina,74.17949721124023,82c986943d5e990de5dd3a12e4ff018b8b04912f38a62144abec8cda70d68a09,True,False,False,False,2000,5,8352,5,"['embedding_final.npy', 'predictions.npy', 'labels_true.npy', 'gate_diagnostics.npz']",201382912,5,topogate_v0_t_plus_paired_mechanism_ablation_v1,topology,3407,T00_0__base,project-root/result/v0_t_plus_local_refine_20260906_retry/selected/Mouse_retina/selected_config.json,project-root/datasets/Mouse_retina.npz,d3bc2eb08d95acd12d324f668c537ae4208de57c355862f8e5800d4ba1e727c1,completed,core,T_edge_sim,82.56709560193121
0.9920977011494253,0.9715916111610209,external_after_embedding,5,pre_registered_benchmark_registry,0.9442338259244447,256,1,biological,Mouse_retina,78.36916875187308,82c986943d5e990de5dd3a12e4ff018b8b04912f38a62144abec8cda70d68a09,True,False,False,False,2000,5,8352,5,"['embedding_final.npy', 'predictions.npy', 'labels_true.npy', 'gate_diagnostics.npz']",201382912,1,topogate_v0_t_plus_paired_mechanism_ablation_v1,topology,42,T00_0__base,project-root/result/v0_t_plus_local_refine_20260906_retry/selected/Mouse_retina/selected_config.json,project-root/datasets/Mouse_retina.npz,d3bc2eb08d95acd12d324f668c537ae4208de57c355862f8e5800d4ba1e727c1,completed,core,T_edge_sim_mutual,84.82193621713668
0.9914990421455939,0.9697570785217894,external_after_embedding,5,pre_registered_benchmark_registry,0.9415977373228935,256,1,biological,Mouse_retina,76.44137099105865,82c986943d5e990de5dd3a12e4ff018b8b04912f38a62144abec8cda70d68a09,True,False,False,False,2000,5,8352,5,"['embedding_final.npy', 'predictions.npy', 'labels_true.npy', 'gate_diagnostics.npz']",201382912,5,topogate_v0_t_plus_paired_mechanism_ablation_v1,topology,123,T00_0__base,project-root/result/v0_t_plus_local_refine_20260906_retry/selected/Mouse_retina/selected_config.json,project-root/datasets/Mouse_retina.npz,d3bc2eb08d95acd12d324f668c537ae4208de57c355862f8e5800d4ba1e727c1,completed,core,T_edge_sim_mutual,82.90145475883037
0.9887452107279694,0.9596870821087777,external_after_embedding,5,pre_registered_benchmark_registry,0.9312523453622761,256,1,biological,Mouse_retina,77.99648446775973,82c986943d5e990de5dd3a12e4ff018b8b04912f38a62144abec8cda70d68a09,True,False,False,False,2000,5,8352,5,"['embedding_final.npy', 'predictions.npy', 'labels_true.npy', 'gate_diagnostics.npz']",201382912,1,topogate_v0_t_plus_paired_mechanism_ablation_v1,topology,7,T00_0__base,project-root/result/v0_t_plus_local_refine_20260906_retry/selected/Mouse_retina/selected_config.json,project-root/datasets/Mouse_retina.npz,d3bc2eb08d95acd12d324f668c537ae4208de57c355862f8e5800d4ba1e727c1,completed,core,T_edge_sim_mutual,84.33825687132776
0.9912595785440613,0.9692670362441955,external_after_embedding,5,pre_registered_benchmark_registry,0.9379283666751367,256,1,biological,Mouse_retina,78.558758511208,82c986943d5e990de5dd3a12e4ff018b8b04912f38a62144abec8cda70d68a09,True,False,False,False,2000,5,8352,5,"['embedding_final.npy', 'predictions.npy', 'labels_true.npy', 'gate_diagnostics.npz']",201382912,5,topogate_v0_t_plus_paired_mechanism_ablation_v1,topology,2025,T00_0__base,project-root/result/v0_t_plus_local_refine_20260906_retry/selected/Mouse_retina/selected_config.json,project-root/datasets/Mouse_retina.npz,d3bc2eb08d95acd12d324f668c537ae4208de57c355862f8e5800d4ba1e727c1,completed,core,T_edge_sim_mutual,86.07052107714117
0.9901819923371648,0.9657656530460118,external_after_embedding,5,pre_registered_benchmark_registry,0.935265015949114,256,1,biological,Mouse_retina,76.16866529360414,82c986943d5e990de5dd3a12e4ff018b8b04912f38a62144abec8cda70d68a09,True,False,False,False,2000,5,8352,5,"['embedding_final.npy', 'predictions.npy', 'labels_true.npy', 'gate_diagnostics.npz']",201382912,1,topogate_v0_t_plus_paired_mechanism_ablation_v1,topology,3407,T00_0__base,project-root/result/v0_t_plus_local_refine_20260906_retry/selected/Mouse_retina/selected_config.json,project-root/datasets/Mouse_retina.npz,d3bc2eb08d95acd12d324f668c537ae4208de57c355862f8e5800d4ba1e727c1,completed,core,T_edge_sim_mutual,81.84068008232862
0.9920977011494253,0.9715916111610209,external_after_embedding,5,pre_registered_benchmark_registry,0.9442338259244447,256,1,biological,Mouse_retina,77.34698004554957,82c986943d5e990de5dd3a12e4ff018b8b04912f38a62144abec8cda70d68a09,True,False,False,False,2000,5,8352,5,"['embedding_final.npy', 'predictions.npy', 'labels_true.npy', 'gate_diagnostics.npz']",201382912,5,topogate_v0_t_plus_paired_mechanism_ablation_v1,topology,42,T00_0__base,project-root/result/v0_t_plus_local_refine_20260906_retry/selected/Mouse_retina/selected_config.json,project-root/datasets/Mouse_retina.npz,d3bc2eb08d95acd12d324f668c537ae4208de57c355862f8e5800d4ba1e727c1,completed,core,T_edge_sim_mutual_snn,82.09119193162769
0.9914990421455939,0.9697570785217894,external_after_embedding,5,pre_registered_benchmark_registry,0.9415977373228935,256,1,biological,Mouse_retina,73.69976716302335,82c986943d5e990de5dd3a12e4ff018b8b04912f38a62144abec8cda70d68a09,True,False,False,False,2000,5,8352,5,"['embedding_final.npy', 'predictions.npy', 'labels_true.npy', 'gate_diagnostics.npz']",201382912,1,topogate_v0_t_plus_paired_mechanism_ablation_v1,topology,123,T00_0__base,project-root/result/v0_t_plus_local_refine_20260906_retry/selected/Mouse_retina/selected_config.json,project-root/datasets/Mouse_retina.npz,d3bc2eb08d95acd12d324f668c537ae4208de57c355862f8e5800d4ba1e727c1,completed,core,T_edge_sim_mutual_snn,79.478345987387
0.9889846743295019,0.9605585768652329,external_after_embedding,5,pre_registered_benchmark_registry,0.9322246715003726,256,1,biological,Mouse_retina,72.94696125853807,82c986943d5e990de5dd3a12e4ff018b8b04912f38a62144abec8cda70d68a09,True,False,False,False,2000,5,8352,5,"['embedding_final.npy', 'predictions.npy', 'labels_true.npy', 'gate_diagnostics.npz']",201382912,5,topogate_v0_t_plus_paired_mechanism_ablation_v1,topology,7,T00_0__base,project-root/result/v0_t_plus_local_refine_20260906_retry/selected/Mouse_retina/selected_config.json,project-root/datasets/Mouse_retina.npz,d3bc2eb08d95acd12d324f668c537ae4208de57c355862f8e5800d4ba1e727c1,completed,core,T_edge_sim_mutual_snn,77.60366800427437
0.9912595785440613,0.9692670362441955,external_after_embedding,5,pre_registered_benchmark_registry,0.9379283666751367,256,1,biological,Mouse_retina,74.9641152760014,82c986943d5e990de5dd3a12e4ff018b8b04912f38a62144abec8cda70d68a09,True,False,False,False,2000,5,8352,5,"['embedding_final.npy', 'predictions.npy', 'labels_true.npy', 'gate_diagnostics.npz']",201382912,1,topogate_v0_t_plus_paired_mechanism_ablation_v1,topology,2025,T00_0__base,project-root/result/v0_t_plus_local_refine_20260906_retry/selected/Mouse_retina/selected_config.json,project-root/datasets/Mouse_retina.npz,d3bc2eb08d95acd12d324f668c537ae4208de57c355862f8e5800d4ba1e727c1,completed,core,T_edge_sim_mutual_snn,82.59844097774476
0.990301724137931,0.9665953417700576,external_after_embedding,5,pre_registered_benchmark_registry,0.9355632052240074,256,1,biological,Mouse_retina,82.33208331093192,82c986943d5e990de5dd3a12e4ff018b8b04912f38a62144abec8cda70d68a09,True,False,False,False,2000,5,8352,5,"['embedding_final.npy', 'predictions.npy', 'labels_true.npy', 'gate_diagnostics.npz']",201382912,5,topogate_v0_t_plus_paired_mechanism_ablation_v1,topology,3407,T00_0__base,project-root/result/v0_t_plus_local_refine_20260906_retry/selected/Mouse_retina/selected_config.json,project-root/datasets/Mouse_retina.npz,d3bc2eb08d95acd12d324f668c537ae4208de57c355862f8e5800d4ba1e727c1,completed,core,T_edge_sim_mutual_snn,87.46440035942942
0.9920977011494253,0.9715916111610209,external_after_embedding,5,pre_registered_benchmark_registry,0.9442338259244447,256,1,biological,Mouse_retina,75.25400274153799,82c986943d5e990de5dd3a12e4ff018b8b04912f38a62144abec8cda70d68a09,True,False,False,False,2000,5,8352,5,"['embedding_final.npy', 'predictions.npy', 'labels_true.npy', 'gate_diagnostics.npz']",201382912,1,topogate_v0_t_plus_paired_mechanism_ablation_v1,topology,42,T00_0__base,project-root/result/v0_t_plus_local_refine_20260906_retry/selected/Mouse_retina/selected_config.json,project-root/datasets/Mouse_retina.npz,d3bc2eb08d95acd12d324f668c537ae4208de57c355862f8e5800d4ba1e727c1,completed,core,T_edge_sim_mutual_snn_distance,82.27874095737934
0.9914990421455939,0.9697570785217894,external_after_embedding,5,pre_registered_benchmark_registry,0.9415977373228935,256,1,biological,Mouse_retina,72.09670556243509,82c986943d5e990de5dd3a12e4ff018b8b04912f38a62144abec8cda70d68a09,True,False,False,False,2000,5,8352,5,"['embedding_final.npy', 'predictions.npy', 'labels_true.npy', 'gate_diagnostics.npz']",201382912,5,topogate_v0_t_plus_paired_mechanism_ablation_v1,topology,123,T00_0__base,project-root/result/v0_t_plus_local_refine_20260906_retry/selected/Mouse_retina/selected_config.json,project-root/datasets/Mouse_retina.npz,d3bc2eb08d95acd12d324f668c537ae4208de57c355862f8e5800d4ba1e727c1,completed,core,T_edge_sim_mutual_snn_distance,79.07159300148487
0.9888649425287356,0.9601227149429065,external_after_embedding,5,pre_registered_benchmark_registry,0.9317374188080346,256,1,biological,Mouse_retina,72.44993237964809,82c986943d5e990de5dd3a12e4ff018b8b04912f38a62144abec8cda70d68a09,True,False,False,False,2000,5,8352,5,"['embedding_final.npy', 'predictions.npy', 'labels_true.npy', 'gate_diagnostics.npz']",201382912,1,topogate_v0_t_plus_paired_mechanism_ablation_v1,topology,7,T00_0__base,project-root/result/v0_t_plus_local_refine_20260906_retry/selected/Mouse_retina/selected_config.json,project-root/datasets/Mouse_retina.npz,d3bc2eb08d95acd12d324f668c537ae4208de57c355862f8e5800d4ba1e727c1,completed,core,T_edge_sim_mutual_snn_distance,77.80685784481466
0.9912595785440613,0.9692670362441955,external_after_embedding,5,pre_registered_benchmark_registry,0.9379283666751367,256,1,biological,Mouse_retina,74.99574186652899,82c986943d5e990de5dd3a12e4ff018b8b04912f38a62144abec8cda70d68a09,True,False,False,False,2000,5,8352,5,"['embedding_final.npy', 'predictions.npy', 'labels_true.npy', 'gate_diagnostics.npz']",201382912,5,topogate_v0_t_plus_paired_mechanism_ablation_v1,topology,2025,T00_0__base,project-root/result/v0_t_plus_local_refine_20260906_retry/selected/Mouse_retina/selected_config.json,project-root/datasets/Mouse_retina.npz,d3bc2eb08d95acd12d324f668c537ae4208de57c355862f8e5800d4ba1e727c1,completed,core,T_edge_sim_mutual_snn_distance,81.81334803532809
0.9900622605363985,0.9657199328029203,external_after_embedding,5,pre_registered_benchmark_registry,0.9344959396362961,256,1,biological,Mouse_retina,74.9945471053943,82c986943d5e990de5dd3a12e4ff018b8b04912f38a62144abec8cda70d68a09,True,False,False,False,2000,5,8352,5,"['embedding_final.npy', 'predictions.npy', 'labels_true.npy', 'gate_diagnostics.npz']",201382912,1,topogate_v0_t_plus_paired_mechanism_ablation_v1,topology,3407,T00_0__base,project-root/result/v0_t_plus_local_refine_20260906_retry/selected/Mouse_retina/selected_config.json,project-root/datasets/Mouse_retina.npz,d3bc2eb08d95acd12d324f668c537ae4208de57c355862f8e5800d4ba1e727c1,completed,core,T_edge_sim_mutual_snn_distance,81.10831566154957
0.9923371647509579,0.9724748382322234,external_after_embedding,5,pre_registered_benchmark_registry,0.9457393856767381,256,1,biological,Mouse_retina,74.37434026133269,82c986943d5e990de5dd3a12e4ff018b8b04912f38a62144abec8cda70d68a09,True,False,False,False,2000,5,8352,5,"['embedding_final.npy', 'predictions.npy', 'labels_true.npy', 'gate_diagnostics.npz']",201382912,5,topogate_v0_t_plus_paired_mechanism_ablation_v1,topology,42,T00_0__base,project-root/result/v0_t_plus_local_refine_20260906_retry/selected/Mouse_retina/selected_config.json,project-root/datasets/Mouse_retina.npz,d3bc2eb08d95acd12d324f668c537ae4208de57c355862f8e5800d4ba1e727c1,completed,core,T_beta_no_mutual,81.22750159166753
0.9918582375478927,0.9710834237928169,external_after_embedding,5,pre_registered_benchmark_registry,0.9434903804956044,256,1,biological,Mouse_retina,77.87991337478161,82c986943d5e990de5dd3a12e4ff018b8b04912f38a62144abec8cda70d68a09,True,False,False,False,2000,5,8352,5,"['embedding_final.npy', 'predictions.npy', 'labels_true.npy', 'gate_diagnostics.npz']",201382912,1,topogate_v0_t_plus_paired_mechanism_ablation_v1,topology,123,T00_0__base,project-root/result/v0_t_plus_local_refine_20260906_retry/selected/Mouse_retina/selected_config.json,project-root/datasets/Mouse_retina.npz,d3bc2eb08d95acd12d324f668c537ae4208de57c355862f8e5800d4ba1e727c1,completed,core,T_beta_no_mutual,82.80035472940654
0.9892241379310345,0.9614355207942277,external_after_embedding,5,pre_registered_benchmark_registry,0.9337765277907651,256,1,biological,Mouse_retina,76.19558985903859,82c986943d5e990de5dd3a12e4ff018b8b04912f38a62144abec8cda70d68a09,True,False,False,False,2000,5,8352,5,"['embedding_final.npy', 'predictions.npy', 'labels_true.npy', 'gate_diagnostics.npz']",201382912,5,topogate_v0_t_plus_paired_mechanism_ablation_v1,topology,7,T00_0__base,project-root/result/v0_t_plus_local_refine_20260906_retry/selected/Mouse_retina/selected_config.json,project-root/datasets/Mouse_retina.npz,d3bc2eb08d95acd12d324f668c537ae4208de57c355862f8e5800d4ba1e727c1,completed,core,T_beta_no_mutual,82.66746538504958
0.991139846743295,0.968824223494644,external_after_embedding,5,pre_registered_benchmark_registry,0.9372256207952047,256,1,biological,Mouse_retina,78.57466612942517,82c986943d5e990de5dd3a12e4ff018b8b04912f38a62144abec8cda70d68a09,True,False,False,False,2000,5,8352,5,"['embedding_final.npy', 'predictions.npy', 'labels_true.npy', 'gate_diagnostics.npz']",201382912,1,topogate_v0_t_plus_paired_mechanism_ablation_v1,topology,2025,T00_0__base,project-root/result/v0_t_plus_local_refine_20260906_retry/selected/Mouse_retina/selected_config.json,project-root/datasets/Mouse_retina.npz,d3bc2eb08d95acd12d324f668c537ae4208de57c355862f8e5800d4ba1e727c1,completed,core,T_beta_no_mutual,84.47783471830189
0.9905411877394636,0.9674716752644523,external_after_embedding,5,pre_registered_benchmark_registry,0.9366430264178673,256,1,biological,Mouse_retina,76.45232195407152,82c986943d5e990de5dd3a12e4ff018b8b04912f38a62144abec8cda70d68a09,True,False,False,False,2000,5,8352,5,"['embedding_final.npy', 'predictions.npy', 'labels_true.npy', 'gate_diagnostics.npz']",201382912,5,topogate_v0_t_plus_paired_mechanism_ablation_v1,topology,3407,T00_0__base,project-root/result/v0_t_plus_local_refine_20260906_retry/selected/Mouse_retina/selected_config.json,project-root/datasets/Mouse_retina.npz,d3bc2eb08d95acd12d324f668c537ae4208de57c355862f8e5800d4ba1e727c1,completed,core,T_beta_no_mutual,84.68806186970323
0.9922174329501916,0.9720329952999543,external_after_embedding,5,pre_registered_benchmark_registry,0.9448382040294425,256,1,biological,Mouse_retina,80.63142793811858,82c986943d5e990de5dd3a12e4ff018b8b04912f38a62144abec8cda70d68a09,True,False,False,False,2000,5,8352,5,"['embedding_final.npy', 'predictions.npy', 'labels_true.npy', 'gate_diagnostics.npz']",201382912,1,topogate_v0_t_plus_paired_mechanism_ablation_v1,topology,42,T00_0__base,project-root/result/v0_t_plus_local_refine_20260906_retry/selected/Mouse_retina/selected_config.json,project-root/datasets/Mouse_retina.npz,d3bc2eb08d95acd12d324f668c537ae4208de57c355862f8e5800d4ba1e727c1,completed,core,T_beta_no_snn,85.6836487064138
0.9916187739463601,0.9701961693606077,external_after_embedding,5,pre_registered_benchmark_registry,0.9421627697418561,256,1,biological,Mouse_retina,77.93176553212106,82c986943d5e990de5dd3a12e4ff018b8b04912f38a62144abec8cda70d68a09,True,False,False,False,2000,5,8352,5,"['embedding_final.npy', 'predictions.npy', 'labels_true.npy', 'gate_diagnostics.npz']",201382912,5,topogate_v0_t_plus_paired_mechanism_ablation_v1,topology,123,T00_0__base,project-root/result/v0_t_plus_local_refine_20260906_retry/selected/Mouse_retina/selected_config.json,project-root/datasets/Mouse_retina.npz,d3bc2eb08d95acd12d324f668c537ae4208de57c355862f8e5800d4ba1e727c1,completed,core,T_beta_no_snn,84.37255568988621
0.9888649425287356,0.9601227149429065,external_after_embedding,5,pre_registered_benchmark_registry,0.9317374188080346,256,1,biological,Mouse_retina,76.25577480439097,82c986943d5e990de5dd3a12e4ff018b8b04912f38a62144abec8cda70d68a09,True,False,False,False,2000,5,8352,5,"['embedding_final.npy', 'predictions.npy', 'labels_true.npy', 'gate_diagnostics.npz']",201382912,1,topogate_v0_t_plus_paired_mechanism_ablation_v1,topology,7,T00_0__base,project-root/result/v0_t_plus_local_refine_20260906_retry/selected/Mouse_retina/selected_config.json,project-root/datasets/Mouse_retina.npz,d3bc2eb08d95acd12d324f668c537ae4208de57c355862f8e5800d4ba1e727c1,completed,core,T_beta_no_snn,82.64616176113486
0.9910201149425287,0.9683842328626799,external_after_embedding,5,pre_registered_benchmark_registry,0.9366409782911206,256,1,biological,Mouse_retina,75.63290707953274,82c986943d5e990de5dd3a12e4ff018b8b04912f38a62144abec8cda70d68a09,True,False,False,False,2000,5,8352,5,"['embedding_final.npy', 'predictions.npy', 'labels_true.npy', 'gate_diagnostics.npz']",201382912,5,topogate_v0_t_plus_paired_mechanism_ablation_v1,topology,2025,T00_0__base,project-root/result/v0_t_plus_local_refine_20260906_retry/selected/Mouse_retina/selected_config.json,project-root/datasets/Mouse_retina.npz,d3bc2eb08d95acd12d324f668c537ae4208de57c355862f8e5800d4ba1e727c1,completed,core,T_beta_no_snn,83.52083377353847
0.9905411877394636,0.9674716752644523,external_after_embedding,5,pre_registered_benchmark_registry,0.9366430264178673,256,1,biological,Mouse_retina,77.75791032705456,82c986943d5e990de5dd3a12e4ff018b8b04912f38a62144abec8cda70d68a09,True,False,False,False,2000,5,8352,5,"['embedding_final.npy', 'predictions.npy', 'labels_true.npy', 'gate_diagnostics.npz']",201382912,1,topogate_v0_t_plus_paired_mechanism_ablation_v1,topology,3407,T00_0__base,project-root/result/v0_t_plus_local_refine_20260906_retry/selected/Mouse_retina/selected_config.json,project-root/datasets/Mouse_retina.npz,d3bc2eb08d95acd12d324f668c537ae4208de57c355862f8e5800d4ba1e727c1,completed,core,T_beta_no_snn,84.71683485526592
0.9910201149425287,0.9676468291117739,external_after_embedding,5,pre_registered_benchmark_registry,0.9396722493495259,256,1,biological,Mouse_retina,72.85627952124923,82c986943d5e990de5dd3a12e4ff018b8b04912f38a62144abec8cda70d68a09,True,False,False,False,2000,5,8352,5,"['embedding_final.npy', 'predictions.npy', 'labels_true.npy', 'gate_diagnostics.npz']",201382912,5,topogate_v0_t_plus_paired_mechanism_ablation_v1,topology,42,T00_0__base,project-root/result/v0_t_plus_local_refine_20260906_retry/selected/Mouse_retina/selected_config.json,project-root/datasets/Mouse_retina.npz,d3bc2eb08d95acd12d324f668c537ae4208de57c355862f8e5800d4ba1e727c1,completed,core,T_beta_no_perturb,79.30696007236838
0.9906609195402298,0.9666906277216077,external_after_embedding,5,pre_registered_benchmark_registry,0.9382775783451633,256,1,biological,Mouse_retina,67.32749525178224,82c986943d5e990de5dd3a12e4ff018b8b04912f38a62144abec8cda70d68a09,True,False,False,False,2000,5,8352,5,"['embedding_final.npy', 'predictions.npy', 'labels_true.npy', 'gate_diagnostics.npz']",201382912,1,topogate_v0_t_plus_paired_mechanism_ablation_v1,topology,123,T00_0__base,project-root/result/v0_t_plus_local_refine_20260906_retry/selected/Mouse_retina/selected_config.json,project-root/datasets/Mouse_retina.npz,d3bc2eb08d95acd12d324f668c537ae4208de57c355862f8e5800d4ba1e727c1,completed,core,T_beta_no_perturb,71.91793338488787
0.9879070881226054,0.9566386766490824,external_after_embedding,5,pre_registered_benchmark_registry,0.9273671957789014,256,1,biological,Mouse_retina,70.53645531553775,82c986943d5e990de5dd3a12e4ff018b8b04912f38a62144abec8cda70d68a09,True,False,False,False,2000,5,8352,5,"['embedding_final.npy', 'predictions.npy', 'labels_true.npy', 'gate_diagnostics.npz']",201382912,5,topogate_v0_t_plus_paired_mechanism_ablation_v1,topology,7,T00_0__base,project-root/result/v0_t_plus_local_refine_20260906_retry/selected/Mouse_retina/selected_config.json,project-root/datasets/Mouse_retina.npz,d3bc2eb08d95acd12d324f668c537ae4208de57c355862f8e5800d4ba1e727c1,completed,core,T_beta_no_perturb,76.6315387384966
0.9901819923371648,0.965348149183983,external_after_embedding,5,pre_registered_benchmark_registry,0.9346043944979492,256,1,biological,Mouse_retina,69.18266083206981,82c986943d5e990de5dd3a12e4ff018b8b04912f38a62144abec8cda70d68a09,True,False,False,False,2000,5,8352,5,"['embedding_final.npy', 'predictions.npy', 'labels_true.npy', 'gate_diagnostics.npz']",201382912,1,topogate_v0_t_plus_paired_mechanism_ablation_v1,topology,2025,T00_0__base,project-root/result/v0_t_plus_local_refine_20260906_retry/selected/Mouse_retina/selected_config.json,project-root/datasets/Mouse_retina.npz,d3bc2eb08d95acd12d324f668c537ae4208de57c355862f8e5800d4ba1e727c1,completed,core,T_beta_no_perturb,74.59898729808629
0.9891044061302682,0.9622172766737521,external_after_embedding,5,pre_registered_benchmark_registry,0.9300897248776769,256,1,biological,Mouse_retina,66.49777903687209,82c986943d5e990de5dd3a12e4ff018b8b04912f38a62144abec8cda70d68a09,True,False,False,False,2000,5,8352,5,"['embedding_final.npy', 'predictions.npy', 'labels_true.npy', 'gate_diagnostics.npz']",201382912,5,topogate_v0_t_plus_paired_mechanism_ablation_v1,topology,3407,T00_0__base,project-root/result/v0_t_plus_local_refine_20260906_retry/selected/Mouse_retina/selected_config.json,project-root/datasets/Mouse_retina.npz,d3bc2eb08d95acd12d324f668c537ae4208de57c355862f8e5800d4ba1e727c1,completed,core,T_beta_no_perturb,71.71246810629964
0.9736456808199122,0.896606689978286,external_after_embedding,2,pre_registered_benchmark_registry,0.8287411626113679,256,1,general,breast_cancer_wisconsin_original,6.813281892798841,1bc2510775d37698e77d9fbfd6a70ae17e8237dec79a9b27c8c44df6d71f7774,True,False,False,False,9,2,683,2,"['embedding_final.npy', 'predictions.npy', 'labels_true.npy', 'gate_diagnostics.npz']",72078848,1,topogate_v0_t_plus_paired_mechanism_ablation_v1,topology,42,T00_1__base,project-root/result/v0_t_plus_local_refine_20260906_retry/selected/breast_cancer_wisconsin_original/selected_config.json,project-root/datasets/breast_cancer_wisconsin_original.npz,3ba1713b62cf59ab7944eb4c3d13d579c92f6d9ec6632f8e6b4977045ecb15bf,completed,core,T_full,7.4050636840984225
0.972181551976574,0.8910118610659804,external_after_embedding,2,pre_registered_benchmark_registry,0.8178227522988699,256,1,general,breast_cancer_wisconsin_original,7.058193780481815,1bc2510775d37698e77d9fbfd6a70ae17e8237dec79a9b27c8c44df6d71f7774,True,False,False,False,9,2,683,2,"['embedding_final.npy', 'predictions.npy', 'labels_true.npy', 'gate_diagnostics.npz']",72078848,5,topogate_v0_t_plus_paired_mechanism_ablation_v1,topology,123,T00_1__base,project-root/result/v0_t_plus_local_refine_20260906_retry/selected/breast_cancer_wisconsin_original/selected_config.json,project-root/datasets/breast_cancer_wisconsin_original.npz,3ba1713b62cf59ab7944eb4c3d13d579c92f6d9ec6632f8e6b4977045ecb15bf,completed,core,T_full,7.614749959670007
0.9707174231332357,0.8853675598326123,external_after_embedding,2,pre_registered_benchmark_registry,0.8024318015041162,256,1,general,breast_cancer_wisconsin_original,6.9838890098035336,1bc2510775d37698e77d9fbfd6a70ae17e8237dec79a9b27c8c44df6d71f7774,True,False,False,False,9,2,683,2,"['embedding_final.npy', 'predictions.npy', 'labels_true.npy', 'gate_diagnostics.npz']",72078848,1,topogate_v0_t_plus_paired_mechanism_ablation_v1,topology,7,T00_1__base,project-root/result/v0_t_plus_local_refine_20260906_retry/selected/breast_cancer_wisconsin_original/selected_config.json,project-root/datasets/breast_cancer_wisconsin_original.npz,3ba1713b62cf59ab7944eb4c3d13d579c92f6d9ec6632f8e6b4977045ecb15bf,completed,core,T_full,7.680889760144055
0.9736456808199122,0.896578305601169,external_after_embedding,2,pre_registered_benchmark_registry,0.8245555329503326,256,1,general,breast_cancer_wisconsin_original,7.123622826300561,1bc2510775d37698e77d9fbfd6a70ae17e8237dec79a9b27c8c44df6d71f7774,True,False,False,False,9,2,683,2,"['embedding_final.npy', 'predictions.npy', 'labels_true.npy', 'gate_diagnostics.npz']",72078848,5,topogate_v0_t_plus_paired_mechanism_ablation_v1,topology,2025,T00_1__base,project-root/result/v0_t_plus_local_refine_20260906_retry/selected/breast_cancer_wisconsin_original/selected_config.json,project-root/datasets/breast_cancer_wisconsin_original.npz,3ba1713b62cf59ab7944eb4c3d13d579c92f6d9ec6632f8e6b4977045ecb15bf,completed,core,T_full,7.824502401985228
0.9707174231332357,0.8854326092123226,external_after_embedding,2,pre_registered_benchmark_registry,0.807654819228576,256,1,general,breast_cancer_wisconsin_original,5.546907198615372,1bc2510775d37698e77d9fbfd6a70ae17e8237dec79a9b27c8c44df6d71f7774,True,False,False,False,9,2,683,2,"['embedding_final.npy', 'predictions.npy', 'labels_true.npy', 'gate_diagnostics.npz']",72078848,1,topogate_v0_t_plus_paired_mechanism_ablation_v1,topology,3407,T00_1__base,project-root/result/v0_t_plus_local_refine_20260906_retry/selected/breast_cancer_wisconsin_original/selected_config.json,project-root/datasets/breast_cancer_wisconsin_original.npz,3ba1713b62cf59ab7944eb4c3d13d579c92f6d9ec6632f8e6b4977045ecb15bf,completed,core,T_full,6.172139905393124
0.9736456808199122,0.896606689978286,external_after_embedding,2,pre_registered_benchmark_registry,0.8287411626113679,256,1,general,breast_cancer_wisconsin_original,6.2110433438792825,1bc2510775d37698e77d9fbfd6a70ae17e8237dec79a9b27c8c44df6d71f7774,True,False,False,False,9,2,683,2,"['embedding_final.npy', 'predictions.npy', 'labels_true.npy', 'gate_diagnostics.npz']",72078848,5,topogate_v0_t_plus_paired_mechanism_ablation_v1,topology,42,T00_1__base,project-root/result/v0_t_plus_local_refine_20260906_retry/selected/breast_cancer_wisconsin_original/selected_config.json,project-root/datasets/breast_cancer_wisconsin_original.npz,3ba1713b62cf59ab7944eb4c3d13d579c92f6d9ec6632f8e6b4977045ecb15bf,completed,core,F_matched_total_mix,6.786615583114326
0.972181551976574,0.8910118610659804,external_after_embedding,2,pre_registered_benchmark_registry,0.8178227522988699,256,1,general,breast_cancer_wisconsin_original,4.806608541868627,1bc2510775d37698e77d9fbfd6a70ae17e8237dec79a9b27c8c44df6d71f7774,True,False,False,False,9,2,683,2,"['embedding_final.npy', 'predictions.npy', 'labels_true.npy', 'gate_diagnostics.npz']",72078848,1,topogate_v0_t_plus_paired_mechanism_ablation_v1,topology,123,T00_1__base,project-root/result/v0_t_plus_local_refine_20260906_retry/selected/breast_cancer_wisconsin_original/selected_config.json,project-root/datasets/breast_cancer_wisconsin_original.npz,3ba1713b62cf59ab7944eb4c3d13d579c92f6d9ec6632f8e6b4977045ecb15bf,completed,core,F_matched_total_mix,5.932536450214684
0.9707174231332357,0.8853675598326123,external_after_embedding,2,pre_registered_benchmark_registry,0.8024318015041162,256,1,general,breast_cancer_wisconsin_original,5.520484792068601,1bc2510775d37698e77d9fbfd6a70ae17e8237dec79a9b27c8c44df6d71f7774,True,False,False,False,9,2,683,2,"['embedding_final.npy', 'predictions.npy', 'labels_true.npy', 'gate_diagnostics.npz']",72078848,5,topogate_v0_t_plus_paired_mechanism_ablation_v1,topology,7,T00_1__base,project-root/result/v0_t_plus_local_refine_20260906_retry/selected/breast_cancer_wisconsin_original/selected_config.json,project-root/datasets/breast_cancer_wisconsin_original.npz,3ba1713b62cf59ab7944eb4c3d13d579c92f6d9ec6632f8e6b4977045ecb15bf,completed,core,F_matched_total_mix,6.526686228811741
0.9707174231332357,0.8854640525573996,external_after_embedding,2,pre_registered_benchmark_registry,0.8112351393369013,256,1,general,breast_cancer_wisconsin_original,7.6221634885296226,1bc2510775d37698e77d9fbfd6a70ae17e8237dec79a9b27c8c44df6d71f7774,True,False,False,False,9,2,683,2,"['embedding_final.npy', 'predictions.npy', 'labels_true.npy', 'gate_diagnostics.npz']",72078848,1,topogate_v0_t_plus_paired_mechanism_ablation_v1,topology,2025,T00_1__base,project-root/result/v0_t_plus_local_refine_20260906_retry/selected/breast_cancer_wisconsin_original/selected_config.json,project-root/datasets/breast_cancer_wisconsin_original.npz,3ba1713b62cf59ab7944eb4c3d13d579c92f6d9ec6632f8e6b4977045ecb15bf,completed,core,F_matched_total_mix,8.516636522486806
0.972181551976574,0.8910118610659804,external_after_embedding,2,pre_registered_benchmark_registry,0.8178227522988699,256,1,general,breast_cancer_wisconsin_original,6.435406615026295,1bc2510775d37698e77d9fbfd6a70ae17e8237dec79a9b27c8c44df6d71f7774,True,False,False,False,9,2,683,2,"['embedding_final.npy', 'predictions.npy', 'labels_true.npy', 'gate_diagnostics.npz']",72078848,5,topogate_v0_t_plus_paired_mechanism_ablation_v1,topology,3407,T00_1__base,project-root/result/v0_t_plus_local_refine_20260906_retry/selected/breast_cancer_wisconsin_original/selected_config.json,project-root/datasets/breast_cancer_wisconsin_original.npz,3ba1713b62cf59ab7944eb4c3d13d579c92f6d9ec6632f8e6b4977045ecb15bf,completed,core,F_matched_total_mix,7.042502409778535
0.9736456808199122,0.896606689978286,external_after_embedding,2,pre_registered_benchmark_registry,0.8287411626113679,256,1,general,breast_cancer_wisconsin_original,7.101229740306735,1bc2510775d37698e77d9fbfd6a70ae17e8237dec79a9b27c8c44df6d71f7774,True,False,False,False,9,2,683,2,"['embedding_final.npy', 'predictions.npy', 'labels_true.npy', 'gate_diagnostics.npz']",72078848,1,topogate_v0_t_plus_paired_mechanism_ablation_v1,topology,42,T00_1__base,project-root/result/v0_t_plus_local_refine_20260906_retry/selected/breast_cancer_wisconsin_original/selected_config.json,project-root/datasets/breast_cancer_wisconsin_original.npz,3ba1713b62cf59ab7944eb4c3d13d579c92f6d9ec6632f8e6b4977045ecb15bf,completed,core,T_shuffled_gate,8.015828609466553
0.972181551976574,0.8910118610659804,external_after_embedding,2,pre_registered_benchmark_registry,0.8178227522988699,256,1,general,breast_cancer_wisconsin_original,6.771386230364442,1bc2510775d37698e77d9fbfd6a70ae17e8237dec79a9b27c8c44df6d71f7774,True,False,False,False,9,2,683,2,"['embedding_final.npy', 'predictions.npy', 'labels_true.npy', 'gate_diagnostics.npz']",72078848,5,topogate_v0_t_plus_paired_mechanism_ablation_v1,topology,123,T00_1__base,project-root/result/v0_t_plus_local_refine_20260906_retry/selected/breast_cancer_wisconsin_original/selected_config.json,project-root/datasets/breast_cancer_wisconsin_original.npz,3ba1713b62cf59ab7944eb4c3d13d579c92f6d9ec6632f8e6b4977045ecb15bf,completed,core,T_shuffled_gate,7.819480685517192
0.9692532942898975,0.8797999594058095,external_after_embedding,2,pre_registered_benchmark_registry,0.7936076938497886,256,1,general,breast_cancer_wisconsin_original,6.182296169921756,1bc2510775d37698e77d9fbfd6a70ae17e8237dec79a9b27c8c44df6d71f7774,True,False,False,False,9,2,683,2,"['embedding_final.npy', 'predictions.npy', 'labels_true.npy', 'gate_diagnostics.npz']",72078848,1,topogate_v0_t_plus_paired_mechanism_ablation_v1,topology,7,T00_1__base,project-root/result/v0_t_plus_local_refine_20260906_retry/selected/breast_cancer_wisconsin_original/selected_config.json,project-root/datasets/breast_cancer_wisconsin_original.npz,3ba1713b62cf59ab7944eb4c3d13d579c92f6d9ec6632f8e6b4977045ecb15bf,completed,core,T_shuffled_gate,8.076062789186835
0.9736456808199122,0.8965492708208687,external_after_embedding,2,pre_registered_benchmark_registry,0.8212544649661088,256,1,general,breast_cancer_wisconsin_original,6.135937774553895,1bc2510775d37698e77d9fbfd6a70ae17e8237dec79a9b27c8c44df6d71f7774,True,False,False,False,9,2,683,2,"['embedding_final.npy', 'predictions.npy', 'labels_true.npy', 'gate_diagnostics.npz']",72078848,5,topogate_v0_t_plus_paired_mechanism_ablation_v1,topology,2025,T00_1__base,project-root/result/v0_t_plus_local_refine_20260906_retry/selected/breast_cancer_wisconsin_original/selected_config.json,project-root/datasets/breast_cancer_wisconsin_original.npz,3ba1713b62cf59ab7944eb4c3d13d579c92f6d9ec6632f8e6b4977045ecb15bf,completed,core,T_shuffled_gate,6.89701284840703
0.9707174231332357,0.8854326092123226,external_after_embedding,2,pre_registered_benchmark_registry,0.807654819228576,256,1,general,breast_cancer_wisconsin_original,7.060419245623052,1bc2510775d37698e77d9fbfd6a70ae17e8237dec79a9b27c8c44df6d71f7774,True,False,False,False,9,2,683,2,"['embedding_final.npy', 'predictions.npy', 'labels_true.npy', 'gate_diagnostics.npz']",72078848,1,topogate_v0_t_plus_paired_mechanism_ablation_v1,topology,3407,T00_1__base,project-root/result/v0_t_plus_local_refine_20260906_retry/selected/breast_cancer_wisconsin_original/selected_config.json,project-root/datasets/breast_cancer_wisconsin_original.npz,3ba1713b62cf59ab7944eb4c3d13d579c92f6d9ec6632f8e6b4977045ecb15bf,completed,core,T_shuffled_gate,8.160622496157885
0.9736456808199122,0.896606689978286,external_after_embedding,2,pre_registered_benchmark_registry,0.8287411626113679,256,1,general,breast_cancer_wisconsin_original,6.453002348542213,1bc2510775d37698e77d9fbfd6a70ae17e8237dec79a9b27c8c44df6d71f7774,True,False,False,False,9,2,683,2,"['embedding_final.npy', 'predictions.npy', 'labels_true.npy', 'gate_diagnostics.npz']",72078848,5,topogate_v0_t_plus_paired_mechanism_ablation_v1,topology,42,T00_1__base,project-root/result/v0_t_plus_local_refine_20260906_retry/selected/breast_cancer_wisconsin_original/selected_config.json,project-root/datasets/breast_cancer_wisconsin_original.npz,3ba1713b62cf59ab7944eb4c3d13d579c92f6d9ec6632f8e6b4977045ecb15bf,completed,core,T_fixed_mean_gate,7.30657013785094
0.972181551976574,0.8910118610659804,external_after_embedding,2,pre_registered_benchmark_registry,0.8178227522988699,256,1,general,breast_cancer_wisconsin_original,6.48888813983649,1bc2510775d37698e77d9fbfd6a70ae17e8237dec79a9b27c8c44df6d71f7774,True,False,False,False,9,2,683,2,"['embedding_final.npy', 'predictions.npy', 'labels_true.npy', 'gate_diagnostics.npz']",72078848,1,topogate_v0_t_plus_paired_mechanism_ablation_v1,topology,123,T00_1__base,project-root/result/v0_t_plus_local_refine_20260906_retry/selected/breast_cancer_wisconsin_original/selected_config.json,project-root/datasets/breast_cancer_wisconsin_original.npz,3ba1713b62cf59ab7944eb4c3d13d579c92f6d9ec6632f8e6b4977045ecb15bf,completed,core,T_fixed_mean_gate,7.468901846557856
0.9707174231332357,0.8853675598326123,external_after_embedding,2,pre_registered_benchmark_registry,0.8024318015041162,256,1,general,breast_cancer_wisconsin_original,6.022540302015841,1bc2510775d37698e77d9fbfd6a70ae17e8237dec79a9b27c8c44df6d71f7774,True,False,False,False,9,2,683,2,"['embedding_final.npy', 'predictions.npy', 'labels_true.npy', 'gate_diagnostics.npz']",72078848,5,topogate_v0_t_plus_paired_mechanism_ablation_v1,topology,7,T00_1__base,project-root/result/v0_t_plus_local_refine_20260906_retry/selected/breast_cancer_wisconsin_original/selected_config.json,project-root/datasets/breast_cancer_wisconsin_original.npz,3ba1713b62cf59ab7944eb4c3d13d579c92f6d9ec6632f8e6b4977045ecb15bf,completed,core,T_fixed_mean_gate,6.679701815359294
0.9707174231332357,0.8854640525573996,external_after_embedding,2,pre_registered_benchmark_registry,0.8112351393369013,256,1,general,breast_cancer_wisconsin_original,6.242401803843677,1bc2510775d37698e77d9fbfd6a70ae17e8237dec79a9b27c8c44df6d71f7774,True,False,False,False,9,2,683,2,"['embedding_final.npy', 'predictions.npy', 'labels_true.npy', 'gate_diagnostics.npz']",72078848,1,topogate_v0_t_plus_paired_mechanism_ablation_v1,topology,2025,T00_1__base,project-root/result/v0_t_plus_local_refine_20260906_retry/selected/breast_cancer_wisconsin_original/selected_config.json,project-root/datasets/breast_cancer_wisconsin_original.npz,3ba1713b62cf59ab7944eb4c3d13d579c92f6d9ec6632f8e6b4977045ecb15bf,completed,core,T_fixed_mean_gate,7.452401363290846
0.972181551976574,0.8910118610659804,external_after_embedding,2,pre_registered_benchmark_registry,0.8178227522988699,256,1,general,breast_cancer_wisconsin_original,6.177624478004873,1bc2510775d37698e77d9fbfd6a70ae17e8237dec79a9b27c8c44df6d71f7774,True,False,False,False,9,2,683,2,"['embedding_final.npy', 'predictions.npy', 'labels_true.npy', 'gate_diagnostics.npz']",72078848,5,topogate_v0_t_plus_paired_mechanism_ablation_v1,topology,3407,T00_1__base,project-root/result/v0_t_plus_local_refine_20260906_retry/selected/breast_cancer_wisconsin_original/selected_config.json,project-root/datasets/breast_cancer_wisconsin_original.npz,3ba1713b62cf59ab7944eb4c3d13d579c92f6d9ec6632f8e6b4977045ecb15bf,completed,core,T_fixed_mean_gate,6.843712544068694
0.9736456808199122,0.8965492708208687,external_after_embedding,2,pre_registered_benchmark_registry,0.8212544649661088,256,1,general,breast_cancer_wisconsin_original,5.761147595010698,1bc2510775d37698e77d9fbfd6a70ae17e8237dec79a9b27c8c44df6d71f7774,True,False,False,False,9,2,683,2,"['embedding_final.npy', 'predictions.npy', 'labels_true.npy', 'gate_diagnostics.npz']",72078848,1,topogate_v0_t_plus_paired_mechanism_ablation_v1,topology,42,T00_1__base,project-root/result/v0_t_plus_local_refine_20260906_retry/selected/breast_cancer_wisconsin_original/selected_config.json,project-root/datasets/breast_cancer_wisconsin_original.npz,3ba1713b62cf59ab7944eb4c3d13d579c92f6d9ec6632f8e6b4977045ecb15bf,completed,core,T_random_neighbor,7.225503697060049
0.9765739385065886,0.9077672362740443,external_after_embedding,2,pre_registered_benchmark_registry,0.8384969923492253,256,1,general,breast_cancer_wisconsin_original,4.9650337770581245,1bc2510775d37698e77d9fbfd6a70ae17e8237dec79a9b27c8c44df6d71f7774,True,False,False,False,9,2,683,2,"['embedding_final.npy', 'predictions.npy', 'labels_true.npy', 'gate_diagnostics.npz']",72078848,5,topogate_v0_t_plus_paired_mechanism_ablation_v1,topology,123,T00_1__base,project-root/result/v0_t_plus_local_refine_20260906_retry/selected/breast_cancer_wisconsin_original/selected_config.json,project-root/datasets/breast_cancer_wisconsin_original.npz,3ba1713b62cf59ab7944eb4c3d13d579c92f6d9ec6632f8e6b4977045ecb15bf,completed,core,T_random_neighbor,5.847331931814551
0.9707174231332357,0.8853339513714736,external_after_embedding,2,pre_registered_benchmark_registry,0.8006215302691656,256,1,general,breast_cancer_wisconsin_original,5.346004475839436,1bc2510775d37698e77d9fbfd6a70ae17e8237dec79a9b27c8c44df6d71f7774,True,False,False,False,9,2,683,2,"['embedding_final.npy', 'predictions.npy', 'labels_true.npy', 'gate_diagnostics.npz']",72078848,1,topogate_v0_t_plus_paired_mechanism_ablation_v1,topology,7,T00_1__base,project-root/result/v0_t_plus_local_refine_20260906_retry/selected/breast_cancer_wisconsin_original/selected_config.json,project-root/datasets/breast_cancer_wisconsin_original.npz,3ba1713b62cf59ab7944eb4c3d13d579c92f6d9ec6632f8e6b4977045ecb15bf,completed,core,T_random_neighbor,6.138072479516268
0.972181551976574,0.890950657307329,external_after_embedding,2,pre_registered_benchmark_registry,0.8116221747712299,256,1,general,breast_cancer_wisconsin_original,5.3434083657339215,1bc2510775d37698e77d9fbfd6a70ae17e8237dec79a9b27c8c44df6d71f7774,True,False,False,False,9,2,683,2,"['embedding_final.npy', 'predictions.npy', 'labels_true.npy', 'gate_diagnostics.npz']",72078848,5,topogate_v0_t_plus_paired_mechanism_ablation_v1,topology,2025,T00_1__base,project-root/result/v0_t_plus_local_refine_20260906_retry/selected/breast_cancer_wisconsin_original/selected_config.json,project-root/datasets/breast_cancer_wisconsin_original.npz,3ba1713b62cf59ab7944eb4c3d13d579c92f6d9ec6632f8e6b4977045ecb15bf,completed,core,T_random_neighbor,6.69242201000452
0.9736456808199122,0.8965492708208687,external_after_embedding,2,pre_registered_benchmark_registry,0.8212544649661088,256,1,general,breast_cancer_wisconsin_original,4.9487646436318755,1bc2510775d37698e77d9fbfd6a70ae17e8237dec79a9b27c8c44df6d71f7774,True,False,False,False,9,2,683,2,"['embedding_final.npy', 'predictions.npy', 'labels_true.npy', 'gate_diagnostics.npz']",72078848,1,topogate_v0_t_plus_paired_mechanism_ablation_v1,topology,3407,T00_1__base,project-root/result/v0_t_plus_local_refine_20260906_retry/selected/breast_cancer_wisconsin_original/selected_config.json,project-root/datasets/breast_cancer_wisconsin_original.npz,3ba1713b62cf59ab7944eb4c3d13d579c92f6d9ec6632f8e6b4977045ecb15bf,completed,core,T_random_neighbor,5.605454843491316
0.9736456808199122,0.896606689978286,external_after_embedding,2,pre_registered_benchmark_registry,0.8287411626113679,256,1,general,breast_cancer_wisconsin_original,2.920960582792759,1bc2510775d37698e77d9fbfd6a70ae17e8237dec79a9b27c8c44df6d71f7774,True,False,False,False,9,2,683,2,"['embedding_final.npy', 'predictions.npy', 'labels_true.npy', 'gate_diagnostics.npz']",70548992,5,topogate_v0_t_plus_paired_mechanism_ablation_v1,topology,42,T00_1__base,project-root/result/v0_t_plus_local_refine_20260906_retry/selected/breast_cancer_wisconsin_original/selected_config.json,project-root/datasets/breast_cancer_wisconsin_original.npz,3ba1713b62cf59ab7944eb4c3d13d579c92f6d9ec6632f8e6b4977045ecb15bf,completed,core,T_no_vicinal,3.663051295094192
0.972181551976574,0.8910118610659804,external_after_embedding,2,pre_registered_benchmark_registry,0.8178227522988699,256,1,general,breast_cancer_wisconsin_original,3.0048738345503807,1bc2510775d37698e77d9fbfd6a70ae17e8237dec79a9b27c8c44df6d71f7774,True,False,False,False,9,2,683,2,"['embedding_final.npy', 'predictions.npy', 'labels_true.npy', 'gate_diagnostics.npz']",70548992,1,topogate_v0_t_plus_paired_mechanism_ablation_v1,topology,123,T00_1__base,project-root/result/v0_t_plus_local_refine_20260906_retry/selected/breast_cancer_wisconsin_original/selected_config.json,project-root/datasets/breast_cancer_wisconsin_original.npz,3ba1713b62cf59ab7944eb4c3d13d579c92f6d9ec6632f8e6b4977045ecb15bf,completed,core,T_no_vicinal,3.7796258628368378
0.9692532942898975,0.8797999594058095,external_after_embedding,2,pre_registered_benchmark_registry,0.7936076938497886,256,1,general,breast_cancer_wisconsin_original,2.482286156155169,1bc2510775d37698e77d9fbfd6a70ae17e8237dec79a9b27c8c44df6d71f7774,True,False,False,False,9,2,683,2,"['embedding_final.npy', 'predictions.npy', 'labels_true.npy', 'gate_diagnostics.npz']",70548992,5,topogate_v0_t_plus_paired_mechanism_ablation_v1,topology,7,T00_1__base,project-root/result/v0_t_plus_local_refine_20260906_retry/selected/breast_cancer_wisconsin_original/selected_config.json,project-root/datasets/breast_cancer_wisconsin_original.npz,3ba1713b62cf59ab7944eb4c3d13d579c92f6d9ec6632f8e6b4977045ecb15bf,completed,core,T_no_vicinal,3.337682885117829
0.9692532942898975,0.8799348469320605,external_after_embedding,2,pre_registered_benchmark_registry,0.8047840708132024,256,1,general,breast_cancer_wisconsin_original,3.0459340242668986,1bc2510775d37698e77d9fbfd6a70ae17e8237dec79a9b27c8c44df6d71f7774,True,False,False,False,9,2,683,2,"['embedding_final.npy', 'predictions.npy', 'labels_true.npy', 'gate_diagnostics.npz']",70548992,1,topogate_v0_t_plus_paired_mechanism_ablation_v1,topology,2025,T00_1__base,project-root/result/v0_t_plus_local_refine_20260906_retry/selected/breast_cancer_wisconsin_original/selected_config.json,project-root/datasets/breast_cancer_wisconsin_original.npz,3ba1713b62cf59ab7944eb4c3d13d579c92f6d9ec6632f8e6b4977045ecb15bf,completed,core,T_no_vicinal,3.9191412944346666
0.972181551976574,0.8910118610659804,external_after_embedding,2,pre_registered_benchmark_registry,0.8178227522988699,256,1,general,breast_cancer_wisconsin_original,2.4412156865000725,1bc2510775d37698e77d9fbfd6a70ae17e8237dec79a9b27c8c44df6d71f7774,True,False,False,False,9,2,683,2,"['embedding_final.npy', 'predictions.npy', 'labels_true.npy', 'gate_diagnostics.npz']",70548992,5,topogate_v0_t_plus_paired_mechanism_ablation_v1,topology,3407,T00_1__base,project-root/result/v0_t_plus_local_refine_20260906_retry/selected/breast_cancer_wisconsin_original/selected_config.json,project-root/datasets/breast_cancer_wisconsin_original.npz,3ba1713b62cf59ab7944eb4c3d13d579c92f6d9ec6632f8e6b4977045ecb15bf,completed,core,T_no_vicinal,3.2271022433415055
0.9736456808199122,0.896606689978286,external_after_embedding,2,pre_registered_benchmark_registry,0.8287411626113679,256,1,general,breast_cancer_wisconsin_original,6.713080654852092,1bc2510775d37698e77d9fbfd6a70ae17e8237dec79a9b27c8c44df6d71f7774,True,False,False,False,9,2,683,2,"['embedding_final.npy', 'predictions.npy', 'labels_true.npy', 'gate_diagnostics.npz']",72078848,1,topogate_v0_t_plus_paired_mechanism_ablation_v1,unit,42,T00_1__base,project-root/result/v0_t_plus_local_refine_20260906_retry/selected/breast_cancer_wisconsin_original/selected_config.json,project-root/datasets/breast_cancer_wisconsin_original.npz,3ba1713b62cf59ab7944eb4c3d13d579c92f6d9ec6632f8e6b4977045ecb15bf,completed,core,T_uniform_pseudo_loss,7.80033424962312
0.972181551976574,0.8910118610659804,external_after_embedding,2,pre_registered_benchmark_registry,0.8178227522988699,256,1,general,breast_cancer_wisconsin_original,6.293308399617672,1bc2510775d37698e77d9fbfd6a70ae17e8237dec79a9b27c8c44df6d71f7774,True,False,False,False,9,2,683,2,"['embedding_final.npy', 'predictions.npy', 'labels_true.npy', 'gate_diagnostics.npz']",72078848,5,topogate_v0_t_plus_paired_mechanism_ablation_v1,unit,123,T00_1__base,project-root/result/v0_t_plus_local_refine_20260906_retry/selected/breast_cancer_wisconsin_original/selected_config.json,project-root/datasets/breast_cancer_wisconsin_original.npz,3ba1713b62cf59ab7944eb4c3d13d579c92f6d9ec6632f8e6b4977045ecb15bf,completed,core,T_uniform_pseudo_loss,7.325232492759824
0.9707174231332357,0.8853675598326123,external_after_embedding,2,pre_registered_benchmark_registry,0.8024318015041162,256,1,general,breast_cancer_wisconsin_original,6.076966154389083,1bc2510775d37698e77d9fbfd6a70ae17e8237dec79a9b27c8c44df6d71f7774,True,False,False,False,9,2,683,2,"['embedding_final.npy', 'predictions.npy', 'labels_true.npy', 'gate_diagnostics.npz']",72078848,1,topogate_v0_t_plus_paired_mechanism_ablation_v1,unit,7,T00_1__base,project-root/result/v0_t_plus_local_refine_20260906_retry/selected/breast_cancer_wisconsin_original/selected_config.json,project-root/datasets/breast_cancer_wisconsin_original.npz,3ba1713b62cf59ab7944eb4c3d13d579c92f6d9ec6632f8e6b4977045ecb15bf,completed,core,T_uniform_pseudo_loss,6.870228553190827
0.972181551976574,0.890981602222408,external_after_embedding,2,pre_registered_benchmark_registry,0.8143771343756877,256,1,general,breast_cancer_wisconsin_original,6.084566600620747,1bc2510775d37698e77d9fbfd6a70ae17e8237dec79a9b27c8c44df6d71f7774,True,False,False,False,9,2,683,2,"['embedding_final.npy', 'predictions.npy', 'labels_true.npy', 'gate_diagnostics.npz']",72078848,5,topogate_v0_t_plus_paired_mechanism_ablation_v1,unit,2025,T00_1__base,project-root/result/v0_t_plus_local_refine_20260906_retry/selected/breast_cancer_wisconsin_original/selected_config.json,project-root/datasets/breast_cancer_wisconsin_original.npz,3ba1713b62cf59ab7944eb4c3d13d579c92f6d9ec6632f8e6b4977045ecb15bf,completed,core,T_uniform_pseudo_loss,7.40832316596061
0.9707174231332357,0.8854326092123226,external_after_embedding,2,pre_registered_benchmark_registry,0.807654819228576,256,1,general,breast_cancer_wisconsin_original,6.280698512680829,1bc2510775d37698e77d9fbfd6a70ae17e8237dec79a9b27c8c44df6d71f7774,True,False,False,False,9,2,683,2,"['embedding_final.npy', 'predictions.npy', 'labels_true.npy', 'gate_diagnostics.npz']",72078848,1,topogate_v0_t_plus_paired_mechanism_ablation_v1,unit,3407,T00_1__base,project-root/result/v0_t_plus_local_refine_20260906_retry/selected/breast_cancer_wisconsin_original/selected_config.json,project-root/datasets/breast_cancer_wisconsin_original.npz,3ba1713b62cf59ab7944eb4c3d13d579c92f6d9ec6632f8e6b4977045ecb15bf,completed,core,T_uniform_pseudo_loss,7.853396820835769
0.9736456808199122,0.896606689978286,external_after_embedding,2,pre_registered_benchmark_registry,0.8287411626113679,256,1,general,breast_cancer_wisconsin_original,5.688788503408432,1bc2510775d37698e77d9fbfd6a70ae17e8237dec79a9b27c8c44df6d71f7774,True,False,False,False,9,2,683,2,"['embedding_final.npy', 'predictions.npy', 'labels_true.npy', 'gate_diagnostics.npz']",72078848,5,topogate_v0_t_plus_paired_mechanism_ablation_v1,topology,42,T00_1__base,project-root/result/v0_t_plus_local_refine_20260906_retry/selected/breast_cancer_wisconsin_original/selected_config.json,project-root/datasets/breast_cancer_wisconsin_original.npz,3ba1713b62cf59ab7944eb4c3d13d579c92f6d9ec6632f8e6b4977045ecb15bf,completed,core,T_edge_none,6.335811480879784
0.972181551976574,0.8910118610659804,external_after_embedding,2,pre_registered_benchmark_registry,0.8178227522988699,256,1,general,breast_cancer_wisconsin_original,7.21098156273365,1bc2510775d37698e77d9fbfd6a70ae17e8237dec79a9b27c8c44df6d71f7774,True,False,False,False,9,2,683,2,"['embedding_final.npy', 'predictions.npy', 'labels_true.npy', 'gate_diagnostics.npz']",72078848,1,topogate_v0_t_plus_paired_mechanism_ablation_v1,topology,123,T00_1__base,project-root/result/v0_t_plus_local_refine_20260906_retry/selected/breast_cancer_wisconsin_original/selected_config.json,project-root/datasets/breast_cancer_wisconsin_original.npz,3ba1713b62cf59ab7944eb4c3d13d579c92f6d9ec6632f8e6b4977045ecb15bf,completed,core,T_edge_none,7.766711147502065
0.9707174231332357,0.8853675598326123,external_after_embedding,2,pre_registered_benchmark_registry,0.8024318015041162,256,1,general,breast_cancer_wisconsin_original,5.995325957424939,1bc2510775d37698e77d9fbfd6a70ae17e8237dec79a9b27c8c44df6d71f7774,True,False,False,False,9,2,683,2,"['embedding_final.npy', 'predictions.npy', 'labels_true.npy', 'gate_diagnostics.npz']",72078848,5,topogate_v0_t_plus_paired_mechanism_ablation_v1,topology,7,T00_1__base,project-root/result/v0_t_plus_local_refine_20260906_retry/selected/breast_cancer_wisconsin_original/selected_config.json,project-root/datasets/breast_cancer_wisconsin_original.npz,3ba1713b62cf59ab7944eb4c3d13d579c92f6d9ec6632f8e6b4977045ecb15bf,completed,core,T_edge_none,6.644354337826371
0.9736456808199122,0.896578305601169,external_after_embedding,2,pre_registered_benchmark_registry,0.8245555329503326,256,1,general,breast_cancer_wisconsin_original,6.132970378734171,1bc2510775d37698e77d9fbfd6a70ae17e8237dec79a9b27c8c44df6d71f7774,True,False,False,False,9,2,683,2,"['embedding_final.npy', 'predictions.npy', 'labels_true.npy', 'gate_diagnostics.npz']",72078848,1,topogate_v0_t_plus_paired_mechanism_ablation_v1,topology,2025,T00_1__base,project-root/result/v0_t_plus_local_refine_20260906_retry/selected/breast_cancer_wisconsin_original/selected_config.json,project-root/datasets/breast_cancer_wisconsin_original.npz,3ba1713b62cf59ab7944eb4c3d13d579c92f6d9ec6632f8e6b4977045ecb15bf,completed,core,T_edge_none,7.539434896782041
0.9707174231332357,0.8854326092123226,external_after_embedding,2,pre_registered_benchmark_registry,0.807654819228576,256,1,general,breast_cancer_wisconsin_original,7.069833864457905,1bc2510775d37698e77d9fbfd6a70ae17e8237dec79a9b27c8c44df6d71f7774,True,False,False,False,9,2,683,2,"['embedding_final.npy', 'predictions.npy', 'labels_true.npy', 'gate_diagnostics.npz']",72078848,5,topogate_v0_t_plus_paired_mechanism_ablation_v1,topology,3407,T00_1__base,project-root/result/v0_t_plus_local_refine_20260906_retry/selected/breast_cancer_wisconsin_original/selected_config.json,project-root/datasets/breast_cancer_wisconsin_original.npz,3ba1713b62cf59ab7944eb4c3d13d579c92f6d9ec6632f8e6b4977045ecb15bf,completed,core,T_edge_none,7.632845577783883
0.9736456808199122,0.896606689978286,external_after_embedding,2,pre_registered_benchmark_registry,0.8287411626113679,256,1,general,breast_cancer_wisconsin_original,6.667940074577928,1bc2510775d37698e77d9fbfd6a70ae17e8237dec79a9b27c8c44df6d71f7774,True,False,False,False,9,2,683,2,"['embedding_final.npy', 'predictions.npy', 'labels_true.npy', 'gate_diagnostics.npz']",72078848,1,topogate_v0_t_plus_paired_mechanism_ablation_v1,topology,42,T00_1__base,project-root/result/v0_t_plus_local_refine_20260906_retry/selected/breast_cancer_wisconsin_original/selected_config.json,project-root/datasets/breast_cancer_wisconsin_original.npz,3ba1713b62cf59ab7944eb4c3d13d579c92f6d9ec6632f8e6b4977045ecb15bf,completed,core,T_edge_sim,7.4094565492123365
0.972181551976574,0.8910118610659804,external_after_embedding,2,pre_registered_benchmark_registry,0.8178227522988699,256,1,general,breast_cancer_wisconsin_original,7.506042934954166,1bc2510775d37698e77d9fbfd6a70ae17e8237dec79a9b27c8c44df6d71f7774,True,False,False,False,9,2,683,2,"['embedding_final.npy', 'predictions.npy', 'labels_true.npy', 'gate_diagnostics.npz']",72078848,5,topogate_v0_t_plus_paired_mechanism_ablation_v1,topology,123,T00_1__base,project-root/result/v0_t_plus_local_refine_20260906_retry/selected/breast_cancer_wisconsin_original/selected_config.json,project-root/datasets/breast_cancer_wisconsin_original.npz,3ba1713b62cf59ab7944eb4c3d13d579c92f6d9ec6632f8e6b4977045ecb15bf,completed,core,T_edge_sim,8.711403640918434
0.9707174231332357,0.8853675598326123,external_after_embedding,2,pre_registered_benchmark_registry,0.8024318015041162,256,1,general,breast_cancer_wisconsin_original,5.729087500832975,1bc2510775d37698e77d9fbfd6a70ae17e8237dec79a9b27c8c44df6d71f7774,True,False,False,False,9,2,683,2,"['embedding_final.npy', 'predictions.npy', 'labels_true.npy', 'gate_diagnostics.npz']",72078848,1,topogate_v0_t_plus_paired_mechanism_ablation_v1,topology,7,T00_1__base,project-root/result/v0_t_plus_local_refine_20260906_retry/selected/breast_cancer_wisconsin_original/selected_config.json,project-root/datasets/breast_cancer_wisconsin_original.npz,3ba1713b62cf59ab7944eb4c3d13d579c92f6d9ec6632f8e6b4977045ecb15bf,completed,core,T_edge_sim,6.701063531450927
0.9736456808199122,0.896578305601169,external_after_embedding,2,pre_registered_benchmark_registry,0.8245555329503326,256,1,general,breast_cancer_wisconsin_original,7.8317602798342705,1bc2510775d37698e77d9fbfd6a70ae17e8237dec79a9b27c8c44df6d71f7774,True,False,False,False,9,2,683,2,"['embedding_final.npy', 'predictions.npy', 'labels_true.npy', 'gate_diagnostics.npz']",72078848,5,topogate_v0_t_plus_paired_mechanism_ablation_v1,topology,2025,T00_1__base,project-root/result/v0_t_plus_local_refine_20260906_retry/selected/breast_cancer_wisconsin_original/selected_config.json,project-root/datasets/breast_cancer_wisconsin_original.npz,3ba1713b62cf59ab7944eb4c3d13d579c92f6d9ec6632f8e6b4977045ecb15bf,completed,core,T_edge_sim,9.538385769352317
0.972181551976574,0.8910118610659804,external_after_embedding,2,pre_registered_benchmark_registry,0.8178227522988699,256,1,general,breast_cancer_wisconsin_original,6.3645385559648275,1bc2510775d37698e77d9fbfd6a70ae17e8237dec79a9b27c8c44df6d71f7774,True,False,False,False,9,2,683,2,"['embedding_final.npy', 'predictions.npy', 'labels_true.npy', 'gate_diagnostics.npz']",72078848,1,topogate_v0_t_plus_paired_mechanism_ablation_v1,topology,3407,T00_1__base,project-root/result/v0_t_plus_local_refine_20260906_retry/selected/breast_cancer_wisconsin_original/selected_config.json,project-root/datasets/breast_cancer_wisconsin_original.npz,3ba1713b62cf59ab7944eb4c3d13d579c92f6d9ec6632f8e6b4977045ecb15bf,completed,core,T_edge_sim,7.1987402103841305
0.9736456808199122,0.896606689978286,external_after_embedding,2,pre_registered_benchmark_registry,0.8287411626113679,256,1,general,breast_cancer_wisconsin_original,6.112527536228299,1bc2510775d37698e77d9fbfd6a70ae17e8237dec79a9b27c8c44df6d71f7774,True,False,False,False,9,2,683,2,"['embedding_final.npy', 'predictions.npy', 'labels_true.npy', 'gate_diagnostics.npz']",72078848,5,topogate_v0_t_plus_paired_mechanism_ablation_v1,topology,42,T00_1__base,project-root/result/v0_t_plus_local_refine_20260906_retry/selected/breast_cancer_wisconsin_original/selected_config.json,project-root/datasets/breast_cancer_wisconsin_original.npz,3ba1713b62cf59ab7944eb4c3d13d579c92f6d9ec6632f8e6b4977045ecb15bf,completed,core,T_edge_sim_mutual,8.50801985990256
0.972181551976574,0.8910118610659804,external_after_embedding,2,pre_registered_benchmark_registry,0.8178227522988699,256,1,general,breast_cancer_wisconsin_original,5.510067204944789,1bc2510775d37698e77d9fbfd6a70ae17e8237dec79a9b27c8c44df6d71f7774,True,False,False,False,9,2,683,2,"['embedding_final.npy', 'predictions.npy', 'labels_true.npy', 'gate_diagnostics.npz']",72078848,1,topogate_v0_t_plus_paired_mechanism_ablation_v1,topology,123,T00_1__base,project-root/result/v0_t_plus_local_refine_20260906_retry/selected/breast_cancer_wisconsin_original/selected_config.json,project-root/datasets/breast_cancer_wisconsin_original.npz,3ba1713b62cf59ab7944eb4c3d13d579c92f6d9ec6632f8e6b4977045ecb15bf,completed,core,T_edge_sim_mutual,6.469559422694147
0.9707174231332357,0.8853675598326123,external_after_embedding,2,pre_registered_benchmark_registry,0.8024318015041162,256,1,general,breast_cancer_wisconsin_original,6.311993716284633,1bc2510775d37698e77d9fbfd6a70ae17e8237dec79a9b27c8c44df6d71f7774,True,False,False,False,9,2,683,2,"['embedding_final.npy', 'predictions.npy', 'labels_true.npy', 'gate_diagnostics.npz']",72078848,5,topogate_v0_t_plus_paired_mechanism_ablation_v1,topology,7,T00_1__base,project-root/result/v0_t_plus_local_refine_20260906_retry/selected/breast_cancer_wisconsin_original/selected_config.json,project-root/datasets/breast_cancer_wisconsin_original.npz,3ba1713b62cf59ab7944eb4c3d13d579c92f6d9ec6632f8e6b4977045ecb15bf,completed,core,T_edge_sim_mutual,7.318906563334167
0.9736456808199122,0.896578305601169,external_after_embedding,2,pre_registered_benchmark_registry,0.8245555329503326,256,1,general,breast_cancer_wisconsin_original,4.744968584738672,1bc2510775d37698e77d9fbfd6a70ae17e8237dec79a9b27c8c44df6d71f7774,True,False,False,False,9,2,683,2,"['embedding_final.npy', 'predictions.npy', 'labels_true.npy', 'gate_diagnostics.npz']",72078848,1,topogate_v0_t_plus_paired_mechanism_ablation_v1,topology,2025,T00_1__base,project-root/result/v0_t_plus_local_refine_20260906_retry/selected/breast_cancer_wisconsin_original/selected_config.json,project-root/datasets/breast_cancer_wisconsin_original.npz,3ba1713b62cf59ab7944eb4c3d13d579c92f6d9ec6632f8e6b4977045ecb15bf,completed,core,T_edge_sim_mutual,5.5368223618716
0.9707174231332357,0.8854326092123226,external_after_embedding,2,pre_registered_benchmark_registry,0.807654819228576,256,1,general,breast_cancer_wisconsin_original,6.234312370419502,1bc2510775d37698e77d9fbfd6a70ae17e8237dec79a9b27c8c44df6d71f7774,True,False,False,False,9,2,683,2,"['embedding_final.npy', 'predictions.npy', 'labels_true.npy', 'gate_diagnostics.npz']",72078848,5,topogate_v0_t_plus_paired_mechanism_ablation_v1,topology,3407,T00_1__base,project-root/result/v0_t_plus_local_refine_20260906_retry/selected/breast_cancer_wisconsin_original/selected_config.json,project-root/datasets/breast_cancer_wisconsin_original.npz,3ba1713b62cf59ab7944eb4c3d13d579c92f6d9ec6632f8e6b4977045ecb15bf,completed,core,T_edge_sim_mutual,7.345868299715221
0.9736456808199122,0.896606689978286,external_after_embedding,2,pre_registered_benchmark_registry,0.8287411626113679,256,1,general,breast_cancer_wisconsin_original,7.175210036337376,1bc2510775d37698e77d9fbfd6a70ae17e8237dec79a9b27c8c44df6d71f7774,True,False,False,False,9,2,683,2,"['embedding_final.npy', 'predictions.npy', 'labels_true.npy', 'gate_diagnostics.npz']",72078848,1,topogate_v0_t_plus_paired_mechanism_ablation_v1,topology,42,T00_1__base,project-root/result/v0_t_plus_local_refine_20260906_retry/selected/breast_cancer_wisconsin_original/selected_config.json,project-root/datasets/breast_cancer_wisconsin_original.npz,3ba1713b62cf59ab7944eb4c3d13d579c92f6d9ec6632f8e6b4977045ecb15bf,completed,core,T_edge_sim_mutual_snn,8.7649632897228
0.972181551976574,0.8910118610659804,external_after_embedding,2,pre_registered_benchmark_registry,0.8178227522988699,256,1,general,breast_cancer_wisconsin_original,6.924747543409467,1bc2510775d37698e77d9fbfd6a70ae17e8237dec79a9b27c8c44df6d71f7774,True,False,False,False,9,2,683,2,"['embedding_final.npy', 'predictions.npy', 'labels_true.npy', 'gate_diagnostics.npz']",72078848,5,topogate_v0_t_plus_paired_mechanism_ablation_v1,topology,123,T00_1__base,project-root/result/v0_t_plus_local_refine_20260906_retry/selected/breast_cancer_wisconsin_original/selected_config.json,project-root/datasets/breast_cancer_wisconsin_original.npz,3ba1713b62cf59ab7944eb4c3d13d579c92f6d9ec6632f8e6b4977045ecb15bf,completed,core,T_edge_sim_mutual_snn,8.141882293857634
0.9707174231332357,0.8853675598326123,external_after_embedding,2,pre_registered_benchmark_registry,0.8024318015041162,256,1,general,breast_cancer_wisconsin_original,6.524340667761862,1bc2510775d37698e77d9fbfd6a70ae17e8237dec79a9b27c8c44df6d71f7774,True,False,False,False,9,2,683,2,"['embedding_final.npy', 'predictions.npy', 'labels_true.npy', 'gate_diagnostics.npz']",72078848,1,topogate_v0_t_plus_paired_mechanism_ablation_v1,topology,7,T00_1__base,project-root/result/v0_t_plus_local_refine_20260906_retry/selected/breast_cancer_wisconsin_original/selected_config.json,project-root/datasets/breast_cancer_wisconsin_original.npz,3ba1713b62cf59ab7944eb4c3d13d579c92f6d9ec6632f8e6b4977045ecb15bf,completed,core,T_edge_sim_mutual_snn,7.330343241803348
0.9736456808199122,0.896578305601169,external_after_embedding,2,pre_registered_benchmark_registry,0.8245555329503326,256,1,general,breast_cancer_wisconsin_original,5.486371781677008,1bc2510775d37698e77d9fbfd6a70ae17e8237dec79a9b27c8c44df6d71f7774,True,False,False,False,9,2,683,2,"['embedding_final.npy', 'predictions.npy', 'labels_true.npy', 'gate_diagnostics.npz']",72078848,5,topogate_v0_t_plus_paired_mechanism_ablation_v1,topology,2025,T00_1__base,project-root/result/v0_t_plus_local_refine_20260906_retry/selected/breast_cancer_wisconsin_original/selected_config.json,project-root/datasets/breast_cancer_wisconsin_original.npz,3ba1713b62cf59ab7944eb4c3d13d579c92f6d9ec6632f8e6b4977045ecb15bf,completed,core,T_edge_sim_mutual_snn,6.326783252879977
0.9707174231332357,0.8854326092123226,external_after_embedding,2,pre_registered_benchmark_registry,0.807654819228576,256,1,general,breast_cancer_wisconsin_original,6.830667999573052,1bc2510775d37698e77d9fbfd6a70ae17e8237dec79a9b27c8c44df6d71f7774,True,False,False,False,9,2,683,2,"['embedding_final.npy', 'predictions.npy', 'labels_true.npy', 'gate_diagnostics.npz']",72078848,1,topogate_v0_t_plus_paired_mechanism_ablation_v1,topology,3407,T00_1__base,project-root/result/v0_t_plus_local_refine_20260906_retry/selected/breast_cancer_wisconsin_original/selected_config.json,project-root/datasets/breast_cancer_wisconsin_original.npz,3ba1713b62cf59ab7944eb4c3d13d579c92f6d9ec6632f8e6b4977045ecb15bf,completed,core,T_edge_sim_mutual_snn,8.742734417319298
0.9736456808199122,0.896606689978286,external_after_embedding,2,pre_registered_benchmark_registry,0.8287411626113679,256,1,general,breast_cancer_wisconsin_original,6.175481738522649,1bc2510775d37698e77d9fbfd6a70ae17e8237dec79a9b27c8c44df6d71f7774,True,False,False,False,9,2,683,2,"['embedding_final.npy', 'predictions.npy', 'labels_true.npy', 'gate_diagnostics.npz']",72078848,5,topogate_v0_t_plus_paired_mechanism_ablation_v1,topology,42,T00_1__base,project-root/result/v0_t_plus_local_refine_20260906_retry/selected/breast_cancer_wisconsin_original/selected_config.json,project-root/datasets/breast_cancer_wisconsin_original.npz,3ba1713b62cf59ab7944eb4c3d13d579c92f6d9ec6632f8e6b4977045ecb15bf,completed,core,T_edge_sim_mutual_snn_distance,6.88189534842968
0.972181551976574,0.8910118610659804,external_after_embedding,2,pre_registered_benchmark_registry,0.8178227522988699,256,1,general,breast_cancer_wisconsin_original,6.236145261675119,1bc2510775d37698e77d9fbfd6a70ae17e8237dec79a9b27c8c44df6d71f7774,True,False,False,False,9,2,683,2,"['embedding_final.npy', 'predictions.npy', 'labels_true.npy', 'gate_diagnostics.npz']",72078848,1,topogate_v0_t_plus_paired_mechanism_ablation_v1,topology,123,T00_1__base,project-root/result/v0_t_plus_local_refine_20260906_retry/selected/breast_cancer_wisconsin_original/selected_config.json,project-root/datasets/breast_cancer_wisconsin_original.npz,3ba1713b62cf59ab7944eb4c3d13d579c92f6d9ec6632f8e6b4977045ecb15bf,completed,core,T_edge_sim_mutual_snn_distance,6.818875070661306
0.9707174231332357,0.8853675598326123,external_after_embedding,2,pre_registered_benchmark_registry,0.8024318015041162,256,1,general,breast_cancer_wisconsin_original,7.011540348641574,1bc2510775d37698e77d9fbfd6a70ae17e8237dec79a9b27c8c44df6d71f7774,True,False,False,False,9,2,683,2,"['embedding_final.npy', 'predictions.npy', 'labels_true.npy', 'gate_diagnostics.npz']",72078848,5,topogate_v0_t_plus_paired_mechanism_ablation_v1,topology,7,T00_1__base,project-root/result/v0_t_plus_local_refine_20260906_retry/selected/breast_cancer_wisconsin_original/selected_config.json,project-root/datasets/breast_cancer_wisconsin_original.npz,3ba1713b62cf59ab7944eb4c3d13d579c92f6d9ec6632f8e6b4977045ecb15bf,completed,core,T_edge_sim_mutual_snn_distance,7.736017727293074
0.9736456808199122,0.896578305601169,external_after_embedding,2,pre_registered_benchmark_registry,0.8245555329503326,256,1,general,breast_cancer_wisconsin_original,6.622280452400446,1bc2510775d37698e77d9fbfd6a70ae17e8237dec79a9b27c8c44df6d71f7774,True,False,False,False,9,2,683,2,"['embedding_final.npy', 'predictions.npy', 'labels_true.npy', 'gate_diagnostics.npz']",72078848,1,topogate_v0_t_plus_paired_mechanism_ablation_v1,topology,2025,T00_1__base,project-root/result/v0_t_plus_local_refine_20260906_retry/selected/breast_cancer_wisconsin_original/selected_config.json,project-root/datasets/breast_cancer_wisconsin_original.npz,3ba1713b62cf59ab7944eb4c3d13d579c92f6d9ec6632f8e6b4977045ecb15bf,completed,core,T_edge_sim_mutual_snn_distance,8.301062500104308
0.972181551976574,0.8910118610659804,external_after_embedding,2,pre_registered_benchmark_registry,0.8178227522988699,256,1,general,breast_cancer_wisconsin_original,4.933484476059675,1bc2510775d37698e77d9fbfd6a70ae17e8237dec79a9b27c8c44df6d71f7774,True,False,False,False,9,2,683,2,"['embedding_final.npy', 'predictions.npy', 'labels_true.npy', 'gate_diagnostics.npz']",72078848,5,topogate_v0_t_plus_paired_mechanism_ablation_v1,topology,3407,T00_1__base,project-root/result/v0_t_plus_local_refine_20260906_retry/selected/breast_cancer_wisconsin_original/selected_config.json,project-root/datasets/breast_cancer_wisconsin_original.npz,3ba1713b62cf59ab7944eb4c3d13d579c92f6d9ec6632f8e6b4977045ecb15bf,completed,core,T_edge_sim_mutual_snn_distance,6.2980766938999295
0.9736456808199122,0.896606689978286,external_after_embedding,2,pre_registered_benchmark_registry,0.8287411626113679,256,1,general,breast_cancer_wisconsin_original,7.674348326399922,1bc2510775d37698e77d9fbfd6a70ae17e8237dec79a9b27c8c44df6d71f7774,True,False,False,False,9,2,683,2,"['embedding_final.npy', 'predictions.npy', 'labels_true.npy', 'gate_diagnostics.npz']",72078848,1,topogate_v0_t_plus_paired_mechanism_ablation_v1,topology,42,T00_1__base,project-root/result/v0_t_plus_local_refine_20260906_retry/selected/breast_cancer_wisconsin_original/selected_config.json,project-root/datasets/breast_cancer_wisconsin_original.npz,3ba1713b62cf59ab7944eb4c3d13d579c92f6d9ec6632f8e6b4977045ecb15bf,completed,core,T_beta_no_mutual,8.32731357589364
0.972181551976574,0.8910118610659804,external_after_embedding,2,pre_registered_benchmark_registry,0.8178227522988699,256,1,general,breast_cancer_wisconsin_original,5.7403175458312035,1bc2510775d37698e77d9fbfd6a70ae17e8237dec79a9b27c8c44df6d71f7774,True,False,False,False,9,2,683,2,"['embedding_final.npy', 'predictions.npy', 'labels_true.npy', 'gate_diagnostics.npz']",72078848,5,topogate_v0_t_plus_paired_mechanism_ablation_v1,topology,123,T00_1__base,project-root/result/v0_t_plus_local_refine_20260906_retry/selected/breast_cancer_wisconsin_original/selected_config.json,project-root/datasets/breast_cancer_wisconsin_original.npz,3ba1713b62cf59ab7944eb4c3d13d579c92f6d9ec6632f8e6b4977045ecb15bf,completed,core,T_beta_no_mutual,6.944554053246975
0.9707174231332357,0.8853675598326123,external_after_embedding,2,pre_registered_benchmark_registry,0.8024318015041162,256,1,general,breast_cancer_wisconsin_original,6.432389302179217,1bc2510775d37698e77d9fbfd6a70ae17e8237dec79a9b27c8c44df6d71f7774,True,False,False,False,9,2,683,2,"['embedding_final.npy', 'predictions.npy', 'labels_true.npy', 'gate_diagnostics.npz']",72078848,1,topogate_v0_t_plus_paired_mechanism_ablation_v1,topology,7,T00_1__base,project-root/result/v0_t_plus_local_refine_20260906_retry/selected/breast_cancer_wisconsin_original/selected_config.json,project-root/datasets/breast_cancer_wisconsin_original.npz,3ba1713b62cf59ab7944eb4c3d13d579c92f6d9ec6632f8e6b4977045ecb15bf,completed,core,T_beta_no_mutual,8.119365805760026
0.9736456808199122,0.896578305601169,external_after_embedding,2,pre_registered_benchmark_registry,0.8245555329503326,256,1,general,breast_cancer_wisconsin_original,4.876131216995418,1bc2510775d37698e77d9fbfd6a70ae17e8237dec79a9b27c8c44df6d71f7774,True,False,False,False,9,2,683,2,"['embedding_final.npy', 'predictions.npy', 'labels_true.npy', 'gate_diagnostics.npz']",72078848,5,topogate_v0_t_plus_paired_mechanism_ablation_v1,topology,2025,T00_1__base,project-root/result/v0_t_plus_local_refine_20260906_retry/selected/breast_cancer_wisconsin_original/selected_config.json,project-root/datasets/breast_cancer_wisconsin_original.npz,3ba1713b62cf59ab7944eb4c3d13d579c92f6d9ec6632f8e6b4977045ecb15bf,completed,core,T_beta_no_mutual,5.620629438199103
0.9707174231332357,0.8854326092123226,external_after_embedding,2,pre_registered_benchmark_registry,0.807654819228576,256,1,general,breast_cancer_wisconsin_original,6.232891201972961,1bc2510775d37698e77d9fbfd6a70ae17e8237dec79a9b27c8c44df6d71f7774,True,False,False,False,9,2,683,2,"['embedding_final.npy', 'predictions.npy', 'labels_true.npy', 'gate_diagnostics.npz']",72078848,1,topogate_v0_t_plus_paired_mechanism_ablation_v1,topology,3407,T00_1__base,project-root/result/v0_t_plus_local_refine_20260906_retry/selected/breast_cancer_wisconsin_original/selected_config.json,project-root/datasets/breast_cancer_wisconsin_original.npz,3ba1713b62cf59ab7944eb4c3d13d579c92f6d9ec6632f8e6b4977045ecb15bf,completed,core,T_beta_no_mutual,6.825207384303212
0.9751098096632503,0.9021905747454844,external_after_embedding,2,pre_registered_benchmark_registry,0.8354847351885575,256,1,general,breast_cancer_wisconsin_original,7.049634731374681,1bc2510775d37698e77d9fbfd6a70ae17e8237dec79a9b27c8c44df6d71f7774,True,False,False,False,9,2,683,2,"['embedding_final.npy', 'predictions.npy', 'labels_true.npy', 'gate_diagnostics.npz']",72078848,5,topogate_v0_t_plus_paired_mechanism_ablation_v1,topology,42,T00_1__base,project-root/result/v0_t_plus_local_refine_20260906_retry/selected/breast_cancer_wisconsin_original/selected_config.json,project-root/datasets/breast_cancer_wisconsin_original.npz,3ba1713b62cf59ab7944eb4c3d13d579c92f6d9ec6632f8e6b4977045ecb15bf,completed,core,T_beta_no_snn,7.929468794725835
0.972181551976574,0.8910118610659804,external_after_embedding,2,pre_registered_benchmark_registry,0.8178227522988699,256,1,general,breast_cancer_wisconsin_original,5.179424611851573,1bc2510775d37698e77d9fbfd6a70ae17e8237dec79a9b27c8c44df6d71f7774,True,False,False,False,9,2,683,2,"['embedding_final.npy', 'predictions.npy', 'labels_true.npy', 'gate_diagnostics.npz']",72078848,1,topogate_v0_t_plus_paired_mechanism_ablation_v1,topology,123,T00_1__base,project-root/result/v0_t_plus_local_refine_20260906_retry/selected/breast_cancer_wisconsin_original/selected_config.json,project-root/datasets/breast_cancer_wisconsin_original.npz,3ba1713b62cf59ab7944eb4c3d13d579c92f6d9ec6632f8e6b4977045ecb15bf,completed,core,T_beta_no_snn,6.026509054005146
0.9692532942898975,0.8797999594058095,external_after_embedding,2,pre_registered_benchmark_registry,0.7936076938497884,256,1,general,breast_cancer_wisconsin_original,5.564596532844007,1bc2510775d37698e77d9fbfd6a70ae17e8237dec79a9b27c8c44df6d71f7774,True,False,False,False,9,2,683,2,"['embedding_final.npy', 'predictions.npy', 'labels_true.npy', 'gate_diagnostics.npz']",72078848,5,topogate_v0_t_plus_paired_mechanism_ablation_v1,topology,7,T00_1__base,project-root/result/v0_t_plus_local_refine_20260906_retry/selected/breast_cancer_wisconsin_original/selected_config.json,project-root/datasets/breast_cancer_wisconsin_original.npz,3ba1713b62cf59ab7944eb4c3d13d579c92f6d9ec6632f8e6b4977045ecb15bf,completed,core,T_beta_no_snn,6.489116318523884
0.9736456808199122,0.8965492708208687,external_after_embedding,2,pre_registered_benchmark_registry,0.8212544649661088,256,1,general,breast_cancer_wisconsin_original,5.205250158905983,1bc2510775d37698e77d9fbfd6a70ae17e8237dec79a9b27c8c44df6d71f7774,True,False,False,False,9,2,683,2,"['embedding_final.npy', 'predictions.npy', 'labels_true.npy', 'gate_diagnostics.npz']",72078848,1,topogate_v0_t_plus_paired_mechanism_ablation_v1,topology,2025,T00_1__base,project-root/result/v0_t_plus_local_refine_20260906_retry/selected/breast_cancer_wisconsin_original/selected_config.json,project-root/datasets/breast_cancer_wisconsin_original.npz,3ba1713b62cf59ab7944eb4c3d13d579c92f6d9ec6632f8e6b4977045ecb15bf,completed,core,T_beta_no_snn,5.731788142584264
0.9736456808199122,0.8965492708208687,external_after_embedding,2,pre_registered_benchmark_registry,0.8212544649661088,256,1,general,breast_cancer_wisconsin_original,5.607086491771042,1bc2510775d37698e77d9fbfd6a70ae17e8237dec79a9b27c8c44df6d71f7774,True,False,False,False,9,2,683,2,"['embedding_final.npy', 'predictions.npy', 'labels_true.npy', 'gate_diagnostics.npz']",72078848,5,topogate_v0_t_plus_paired_mechanism_ablation_v1,topology,3407,T00_1__base,project-root/result/v0_t_plus_local_refine_20260906_retry/selected/breast_cancer_wisconsin_original/selected_config.json,project-root/datasets/breast_cancer_wisconsin_original.npz,3ba1713b62cf59ab7944eb4c3d13d579c92f6d9ec6632f8e6b4977045ecb15bf,completed,core,T_beta_no_snn,6.413744700141251
0.9736456808199122,0.896606689978286,external_after_embedding,2,pre_registered_benchmark_registry,0.8287411626113679,256,1,general,breast_cancer_wisconsin_original,5.919272353872657,1bc2510775d37698e77d9fbfd6a70ae17e8237dec79a9b27c8c44df6d71f7774,True,False,False,False,9,2,683,2,"['embedding_final.npy', 'predictions.npy', 'labels_true.npy', 'gate_diagnostics.npz']",72078848,1,topogate_v0_t_plus_paired_mechanism_ablation_v1,topology,42,T00_1__base,project-root/result/v0_t_plus_local_refine_20260906_retry/selected/breast_cancer_wisconsin_original/selected_config.json,project-root/datasets/breast_cancer_wisconsin_original.npz,3ba1713b62cf59ab7944eb4c3d13d579c92f6d9ec6632f8e6b4977045ecb15bf,completed,core,T_beta_no_perturb,6.521420780569315
0.972181551976574,0.8910118610659804,external_after_embedding,2,pre_registered_benchmark_registry,0.8178227522988699,256,1,general,breast_cancer_wisconsin_original,4.489013644866645,1bc2510775d37698e77d9fbfd6a70ae17e8237dec79a9b27c8c44df6d71f7774,True,False,False,False,9,2,683,2,"['embedding_final.npy', 'predictions.npy', 'labels_true.npy', 'gate_diagnostics.npz']",72078848,5,topogate_v0_t_plus_paired_mechanism_ablation_v1,topology,123,T00_1__base,project-root/result/v0_t_plus_local_refine_20260906_retry/selected/breast_cancer_wisconsin_original/selected_config.json,project-root/datasets/breast_cancer_wisconsin_original.npz,3ba1713b62cf59ab7944eb4c3d13d579c92f6d9ec6632f8e6b4977045ecb15bf,completed,core,T_beta_no_perturb,5.156088529154658
0.9707174231332357,0.8853675598326123,external_after_embedding,2,pre_registered_benchmark_registry,0.8024318015041162,256,1,general,breast_cancer_wisconsin_original,6.164699226617813,1bc2510775d37698e77d9fbfd6a70ae17e8237dec79a9b27c8c44df6d71f7774,True,False,False,False,9,2,683,2,"['embedding_final.npy', 'predictions.npy', 'labels_true.npy', 'gate_diagnostics.npz']",72078848,1,topogate_v0_t_plus_paired_mechanism_ablation_v1,topology,7,T00_1__base,project-root/result/v0_t_plus_local_refine_20260906_retry/selected/breast_cancer_wisconsin_original/selected_config.json,project-root/datasets/breast_cancer_wisconsin_original.npz,3ba1713b62cf59ab7944eb4c3d13d579c92f6d9ec6632f8e6b4977045ecb15bf,completed,core,T_beta_no_perturb,7.202676609158516
0.9736456808199122,0.896578305601169,external_after_embedding,2,pre_registered_benchmark_registry,0.8245555329503326,256,1,general,breast_cancer_wisconsin_original,6.164941789582372,1bc2510775d37698e77d9fbfd6a70ae17e8237dec79a9b27c8c44df6d71f7774,True,False,False,False,9,2,683,2,"['embedding_final.npy', 'predictions.npy', 'labels_true.npy', 'gate_diagnostics.npz']",72078848,5,topogate_v0_t_plus_paired_mechanism_ablation_v1,topology,2025,T00_1__base,project-root/result/v0_t_plus_local_refine_20260906_retry/selected/breast_cancer_wisconsin_original/selected_config.json,project-root/datasets/breast_cancer_wisconsin_original.npz,3ba1713b62cf59ab7944eb4c3d13d579c92f6d9ec6632f8e6b4977045ecb15bf,completed,core,T_beta_no_perturb,6.719803310930729
0.972181551976574,0.8910118610659804,external_after_embedding,2,pre_registered_benchmark_registry,0.8178227522988699,256,1,general,breast_cancer_wisconsin_original,5.105641833506525,1bc2510775d37698e77d9fbfd6a70ae17e8237dec79a9b27c8c44df6d71f7774,True,False,False,False,9,2,683,2,"['embedding_final.npy', 'predictions.npy', 'labels_true.npy', 'gate_diagnostics.npz']",72078848,1,topogate_v0_t_plus_paired_mechanism_ablation_v1,topology,3407,T00_1__base,project-root/result/v0_t_plus_local_refine_20260906_retry/selected/breast_cancer_wisconsin_original/selected_config.json,project-root/datasets/breast_cancer_wisconsin_original.npz,3ba1713b62cf59ab7944eb4c3d13d579c92f6d9ec6632f8e6b4977045ecb15bf,completed,core,T_beta_no_perturb,5.828615494072437
0.8902412519017605,0.608670270053786,external_after_embedding,2,pre_registered_benchmark_registry,0.4968068532874663,256,1,general,spambase,33.980939724482596,b0024dd4b0d6291464195a39b5e846baf7f55df93d51a0eef57120ed96ab6d45,True,False,False,False,57,2,4601,2,"['embedding_final.npy', 'predictions.npy', 'labels_true.npy', 'gate_diagnostics.npz']",73260544,5,topogate_v0_t_plus_paired_mechanism_ablation_v1,topology,42,T00_1__k_plus,project-root/result/v0_t_plus_local_refine_20260906_retry/selected/spambase/selected_config.json,project-root/datasets/spambase.npz,28ecfe66283f4220b62aa7a5afeb3c5e17d04eb9b5f17c99c2fb3cfcbe371bbc,completed,core,T_full,35.55333098769188
0.8858943707889589,0.595099278785862,external_after_embedding,2,pre_registered_benchmark_registry,0.4812569517154195,256,1,general,spambase,35.71217700187117,b0024dd4b0d6291464195a39b5e846baf7f55df93d51a0eef57120ed96ab6d45,True,False,False,False,57,2,4601,2,"['embedding_final.npy', 'predictions.npy', 'labels_true.npy', 'gate_diagnostics.npz']",73260544,1,topogate_v0_t_plus_paired_mechanism_ablation_v1,topology,123,T00_1__k_plus,project-root/result/v0_t_plus_local_refine_20260906_retry/selected/spambase/selected_config.json,project-root/datasets/spambase.npz,28ecfe66283f4220b62aa7a5afeb3c5e17d04eb9b5f17c99c2fb3cfcbe371bbc,completed,core,T_full,37.505859676748514
0.9080634644642469,0.6654303492957604,external_after_embedding,2,pre_registered_benchmark_registry,0.5471615613668102,256,1,general,spambase,36.82265753950924,b0024dd4b0d6291464195a39b5e846baf7f55df93d51a0eef57120ed96ab6d45,True,False,False,False,57,2,4601,2,"['embedding_final.npy', 'predictions.npy', 'labels_true.npy', 'gate_diagnostics.npz']",73260544,5,topogate_v0_t_plus_paired_mechanism_ablation_v1,topology,7,T00_1__k_plus,project-root/result/v0_t_plus_local_refine_20260906_retry/selected/spambase/selected_config.json,project-root/datasets/spambase.npz,28ecfe66283f4220b62aa7a5afeb3c5e17d04eb9b5f17c99c2fb3cfcbe371bbc,completed,core,T_full,38.15086151100695
0.8839382742881983,0.5892379133928849,external_after_embedding,2,pre_registered_benchmark_registry,0.48263126854018956,256,1,general,spambase,34.937995915301144,b0024dd4b0d6291464195a39b5e846baf7f55df93d51a0eef57120ed96ab6d45,True,False,False,False,57,2,4601,2,"['embedding_final.npy', 'predictions.npy', 'labels_true.npy', 'gate_diagnostics.npz']",73260544,1,topogate_v0_t_plus_paired_mechanism_ablation_v1,topology,2025,T00_1__k_plus,project-root/result/v0_t_plus_local_refine_20260906_retry/selected/spambase/selected_config.json,project-root/datasets/spambase.npz,28ecfe66283f4220b62aa7a5afeb3c5e17d04eb9b5f17c99c2fb3cfcbe371bbc,completed,core,T_full,37.98274215310812
0.8876331232340795,0.6005728272411339,external_after_embedding,2,pre_registered_benchmark_registry,0.4899074664897743,256,1,general,spambase,34.38705254253,b0024dd4b0d6291464195a39b5e846baf7f55df93d51a0eef57120ed96ab6d45,True,False,False,False,57,2,4601,2,"['embedding_final.npy', 'predictions.npy', 'labels_true.npy', 'gate_diagnostics.npz']",73260544,5,topogate_v0_t_plus_paired_mechanism_ablation_v1,topology,3407,T00_1__k_plus,project-root/result/v0_t_plus_local_refine_20260906_retry/selected/spambase/selected_config.json,project-root/datasets/spambase.npz,28ecfe66283f4220b62aa7a5afeb3c5e17d04eb9b5f17c99c2fb3cfcbe371bbc,completed,core,T_full,36.018382450565696
0.8824168658987177,0.584596404234641,external_after_embedding,2,pre_registered_benchmark_registry,0.47955519529977086,256,1,general,spambase,31.04099301621318,b0024dd4b0d6291464195a39b5e846baf7f55df93d51a0eef57120ed96ab6d45,True,False,False,False,57,2,4601,2,"['embedding_final.npy', 'predictions.npy', 'labels_true.npy', 'gate_diagnostics.npz']",73260544,1,topogate_v0_t_plus_paired_mechanism_ablation_v1,topology,42,T00_1__k_plus,project-root/result/v0_t_plus_local_refine_20260906_retry/selected/spambase/selected_config.json,project-root/datasets/spambase.npz,28ecfe66283f4220b62aa7a5afeb3c5e17d04eb9b5f17c99c2fb3cfcbe371bbc,completed,core,F_matched_total_mix,32.16617986187339
0.8745924798956749,0.5609034054316565,external_after_embedding,2,pre_registered_benchmark_registry,0.4573215367621755,256,1,general,spambase,30.890941630117595,b0024dd4b0d6291464195a39b5e846baf7f55df93d51a0eef57120ed96ab6d45,True,False,False,False,57,2,4601,2,"['embedding_final.npy', 'predictions.npy', 'labels_true.npy', 'gate_diagnostics.npz']",73260544,5,topogate_v0_t_plus_paired_mechanism_ablation_v1,topology,123,T00_1__k_plus,project-root/result/v0_t_plus_local_refine_20260906_retry/selected/spambase/selected_config.json,project-root/datasets/spambase.npz,28ecfe66283f4220b62aa7a5afeb3c5e17d04eb9b5f17c99c2fb3cfcbe371bbc,completed,core,F_matched_total_mix,34.02146477531642
0.9039339274070854,0.6521325087835367,external_after_embedding,2,pre_registered_benchmark_registry,0.5371771226606605,256,1,general,spambase,32.4008175265044,b0024dd4b0d6291464195a39b5e846baf7f55df93d51a0eef57120ed96ab6d45,True,False,False,False,57,2,4601,2,"['embedding_final.npy', 'predictions.npy', 'labels_true.npy', 'gate_diagnostics.npz']",73260544,1,topogate_v0_t_plus_paired_mechanism_ablation_v1,topology,7,T00_1__k_plus,project-root/result/v0_t_plus_local_refine_20260906_retry/selected/spambase/selected_config.json,project-root/datasets/spambase.npz,28ecfe66283f4220b62aa7a5afeb3c5e17d04eb9b5f17c99c2fb3cfcbe371bbc,completed,core,F_matched_total_mix,33.68830340728164
0.8758965442295154,0.5648934716007711,external_after_embedding,2,pre_registered_benchmark_registry,0.46619619240927573,256,1,general,spambase,33.32250895071775,b0024dd4b0d6291464195a39b5e846baf7f55df93d51a0eef57120ed96ab6d45,True,False,False,False,57,2,4601,2,"['embedding_final.npy', 'predictions.npy', 'labels_true.npy', 'gate_diagnostics.npz']",73260544,5,topogate_v0_t_plus_paired_mechanism_ablation_v1,topology,2025,T00_1__k_plus,project-root/result/v0_t_plus_local_refine_20260906_retry/selected/spambase/selected_config.json,project-root/datasets/spambase.npz,28ecfe66283f4220b62aa7a5afeb3c5e17d04eb9b5f17c99c2fb3cfcbe371bbc,completed,core,F_matched_total_mix,35.551093264482915
0.8841556183438383,0.5899327308047199,external_after_embedding,2,pre_registered_benchmark_registry,0.48489223505379203,256,1,general,spambase,31.530346884392202,b0024dd4b0d6291464195a39b5e846baf7f55df93d51a0eef57120ed96ab6d45,True,False,False,False,57,2,4601,2,"['embedding_final.npy', 'predictions.npy', 'labels_true.npy', 'gate_diagnostics.npz']",73260544,1,topogate_v0_t_plus_paired_mechanism_ablation_v1,topology,3407,T00_1__k_plus,project-root/result/v0_t_plus_local_refine_20260906_retry/selected/spambase/selected_config.json,project-root/datasets/spambase.npz,28ecfe66283f4220b62aa7a5afeb3c5e17d04eb9b5f17c99c2fb3cfcbe371bbc,completed,core,F_matched_total_mix,33.910712603479624
0.8900239078461204,0.6079887745069861,external_after_embedding,2,pre_registered_benchmark_registry,0.496030883260311,256,1,general,spambase,35.594801500439644,b0024dd4b0d6291464195a39b5e846baf7f55df93d51a0eef57120ed96ab6d45,True,False,False,False,57,2,4601,2,"['embedding_final.npy', 'predictions.npy', 'labels_true.npy', 'gate_diagnostics.npz']",73260544,5,topogate_v0_t_plus_paired_mechanism_ablation_v1,topology,42,T00_1__k_plus,project-root/result/v0_t_plus_local_refine_20260906_retry/selected/spambase/selected_config.json,project-root/datasets/spambase.npz,28ecfe66283f4220b62aa7a5afeb3c5e17d04eb9b5f17c99c2fb3cfcbe371bbc,completed,core,T_shuffled_gate,38.53277755342424
0.8865464029558792,0.5971192219464847,external_after_embedding,2,pre_registered_benchmark_registry,0.4833241819505231,256,1,general,spambase,34.74955040495843,b0024dd4b0d6291464195a39b5e846baf7f55df93d51a0eef57120ed96ab6d45,True,False,False,False,57,2,4601,2,"['embedding_final.npy', 'predictions.npy', 'labels_true.npy', 'gate_diagnostics.npz']",73260544,1,topogate_v0_t_plus_paired_mechanism_ablation_v1,topology,123,T00_1__k_plus,project-root/result/v0_t_plus_local_refine_20260906_retry/selected/spambase/selected_config.json,project-root/datasets/spambase.npz,28ecfe66283f4220b62aa7a5afeb3c5e17d04eb9b5f17c99c2fb3cfcbe371bbc,completed,core,T_shuffled_gate,37.007728869095445
0.908498152575527,0.6668528383413814,external_after_embedding,2,pre_registered_benchmark_registry,0.5486304034281353,256,1,general,spambase,35.048919464461505,b0024dd4b0d6291464195a39b5e846baf7f55df93d51a0eef57120ed96ab6d45,True,False,False,False,57,2,4601,2,"['embedding_final.npy', 'predictions.npy', 'labels_true.npy', 'gate_diagnostics.npz']",73260544,5,topogate_v0_t_plus_paired_mechanism_ablation_v1,topology,7,T00_1__k_plus,project-root/result/v0_t_plus_local_refine_20260906_retry/selected/spambase/selected_config.json,project-root/datasets/spambase.npz,28ecfe66283f4220b62aa7a5afeb3c5e17d04eb9b5f17c99c2fb3cfcbe371bbc,completed,core,T_shuffled_gate,37.37551895994693
0.8869810910671593,0.5985966524418187,external_after_embedding,2,pre_registered_benchmark_registry,0.4901534104314097,256,1,general,spambase,34.04245103895664,b0024dd4b0d6291464195a39b5e846baf7f55df93d51a0eef57120ed96ab6d45,True,False,False,False,57,2,4601,2,"['embedding_final.npy', 'predictions.npy', 'labels_true.npy', 'gate_diagnostics.npz']",73260544,1,topogate_v0_t_plus_paired_mechanism_ablation_v1,topology,2025,T00_1__k_plus,project-root/result/v0_t_plus_local_refine_20260906_retry/selected/spambase/selected_config.json,project-root/datasets/spambase.npz,28ecfe66283f4220b62aa7a5afeb3c5e17d04eb9b5f17c99c2fb3cfcbe371bbc,completed,core,T_shuffled_gate,35.60232034698129
0.8882851554009998,0.6026056343922406,external_after_embedding,2,pre_registered_benchmark_registry,0.49223730034211843,256,1,general,spambase,34.388042755424976,b0024dd4b0d6291464195a39b5e846baf7f55df93d51a0eef57120ed96ab6d45,True,False,False,False,57,2,4601,2,"['embedding_final.npy', 'predictions.npy', 'labels_true.npy', 'gate_diagnostics.npz']",73260544,5,topogate_v0_t_plus_paired_mechanism_ablation_v1,topology,3407,T00_1__k_plus,project-root/result/v0_t_plus_local_refine_20260906_retry/selected/spambase/selected_config.json,project-root/datasets/spambase.npz,28ecfe66283f4220b62aa7a5afeb3c5e17d04eb9b5f17c99c2fb3cfcbe371bbc,completed,core,T_shuffled_gate,36.73267607484013
0.8817648337317975,0.5826075565120219,external_after_embedding,2,pre_registered_benchmark_registry,0.47793951993825556,256,1,general,spambase,34.778475888073444,b0024dd4b0d6291464195a39b5e846baf7f55df93d51a0eef57120ed96ab6d45,True,False,False,False,57,2,4601,2,"['embedding_final.npy', 'predictions.npy', 'labels_true.npy', 'gate_diagnostics.npz']",73260544,1,topogate_v0_t_plus_paired_mechanism_ablation_v1,topology,42,T00_1__k_plus,project-root/result/v0_t_plus_local_refine_20260906_retry/selected/spambase/selected_config.json,project-root/datasets/spambase.npz,28ecfe66283f4220b62aa7a5afeb3c5e17d04eb9b5f17c99c2fb3cfcbe371bbc,completed,core,T_fixed_mean_gate,36.80681846477091
0.8743751358400348,0.5602659215767852,external_after_embedding,2,pre_registered_benchmark_registry,0.45753993472992543,256,1,general,spambase,35.28279249090701,b0024dd4b0d6291464195a39b5e846baf7f55df93d51a0eef57120ed96ab6d45,True,False,False,False,57,2,4601,2,"['embedding_final.npy', 'predictions.npy', 'labels_true.npy', 'gate_diagnostics.npz']",73260544,5,topogate_v0_t_plus_paired_mechanism_ablation_v1,topology,123,T00_1__k_plus,project-root/result/v0_t_plus_local_refine_20260906_retry/selected/spambase/selected_config.json,project-root/datasets/spambase.npz,28ecfe66283f4220b62aa7a5afeb3c5e17d04eb9b5f17c99c2fb3cfcbe371bbc,completed,core,T_fixed_mean_gate,38.07969352416694
0.905672679852206,0.657753500948331,external_after_embedding,2,pre_registered_benchmark_registry,0.5423254321266575,256,1,general,spambase,32.510269614867866,b0024dd4b0d6291464195a39b5e846baf7f55df93d51a0eef57120ed96ab6d45,True,False,False,False,57,2,4601,2,"['embedding_final.npy', 'predictions.npy', 'labels_true.npy', 'gate_diagnostics.npz']",73260544,1,topogate_v0_t_plus_paired_mechanism_ablation_v1,topology,7,T00_1__k_plus,project-root/result/v0_t_plus_local_refine_20260906_retry/selected/spambase/selected_config.json,project-root/datasets/spambase.npz,28ecfe66283f4220b62aa7a5afeb3c5e17d04eb9b5f17c99c2fb3cfcbe371bbc,completed,core,T_fixed_mean_gate,33.83246813248843
0.8765485763964356,0.5668520248711203,external_after_embedding,2,pre_registered_benchmark_registry,0.4677339708604567,256,1,general,spambase,33.39412220194936,b0024dd4b0d6291464195a39b5e846baf7f55df93d51a0eef57120ed96ab6d45,True,False,False,False,57,2,4601,2,"['embedding_final.npy', 'predictions.npy', 'labels_true.npy', 'gate_diagnostics.npz']",73260544,5,topogate_v0_t_plus_paired_mechanism_ablation_v1,topology,2025,T00_1__k_plus,project-root/result/v0_t_plus_local_refine_20260906_retry/selected/spambase/selected_config.json,project-root/datasets/spambase.npz,28ecfe66283f4220b62aa7a5afeb3c5e17d04eb9b5f17c99c2fb3cfcbe371bbc,completed,core,T_fixed_mean_gate,35.35894836205989
0.8841556183438383,0.5899327308047199,external_after_embedding,2,pre_registered_benchmark_registry,0.48489223505379203,256,1,general,spambase,33.67176952585578,b0024dd4b0d6291464195a39b5e846baf7f55df93d51a0eef57120ed96ab6d45,True,False,False,False,57,2,4601,2,"['embedding_final.npy', 'predictions.npy', 'labels_true.npy', 'gate_diagnostics.npz']",73260544,1,topogate_v0_t_plus_paired_mechanism_ablation_v1,topology,3407,T00_1__k_plus,project-root/result/v0_t_plus_local_refine_20260906_retry/selected/spambase/selected_config.json,project-root/datasets/spambase.npz,28ecfe66283f4220b62aa7a5afeb3c5e17d04eb9b5f17c99c2fb3cfcbe371bbc,completed,core,T_fixed_mean_gate,36.062308815307915
0.8898065637904803,0.6072695428725757,external_after_embedding,2,pre_registered_benchmark_registry,0.4937793400575194,256,1,general,spambase,30.129307439550757,b0024dd4b0d6291464195a39b5e846baf7f55df93d51a0eef57120ed96ab6d45,True,False,False,False,57,2,4601,2,"['embedding_final.npy', 'predictions.npy', 'labels_true.npy', 'gate_diagnostics.npz']",73260544,5,topogate_v0_t_plus_paired_mechanism_ablation_v1,topology,42,T00_1__k_plus,project-root/result/v0_t_plus_local_refine_20260906_retry/selected/spambase/selected_config.json,project-root/datasets/spambase.npz,28ecfe66283f4220b62aa7a5afeb3c5e17d04eb9b5f17c99c2fb3cfcbe371bbc,completed,core,T_random_neighbor,31.72937642596662
0.8871984351227994,0.5990802840797373,external_after_embedding,2,pre_registered_benchmark_registry,0.48352045243084857,256,1,general,spambase,26.190194569528103,b0024dd4b0d6291464195a39b5e846baf7f55df93d51a0eef57120ed96ab6d45,True,False,False,False,57,2,4601,2,"['embedding_final.npy', 'predictions.npy', 'labels_true.npy', 'gate_diagnostics.npz']",73260544,1,topogate_v0_t_plus_paired_mechanism_ablation_v1,topology,123,T00_1__k_plus,project-root/result/v0_t_plus_local_refine_20260906_retry/selected/spambase/selected_config.json,project-root/datasets/spambase.npz,28ecfe66283f4220b62aa7a5afeb3c5e17d04eb9b5f17c99c2fb3cfcbe371bbc,completed,core,T_random_neighbor,28.464003407396376
0.9104542490762878,0.6732351207443861,external_after_embedding,2,pre_registered_benchmark_registry,0.5545948445477895,256,1,general,spambase,30.083367720246315,b0024dd4b0d6291464195a39b5e846baf7f55df93d51a0eef57120ed96ab6d45,True,False,False,False,57,2,4601,2,"['embedding_final.npy', 'predictions.npy', 'labels_true.npy', 'gate_diagnostics.npz']",73260544,5,topogate_v0_t_plus_paired_mechanism_ablation_v1,topology,7,T00_1__k_plus,project-root/result/v0_t_plus_local_refine_20260906_retry/selected/spambase/selected_config.json,project-root/datasets/spambase.npz,28ecfe66283f4220b62aa7a5afeb3c5e17d04eb9b5f17c99c2fb3cfcbe371bbc,completed,core,T_random_neighbor,32.04379922430962
0.8858943707889589,0.5951585274636916,external_after_embedding,2,pre_registered_benchmark_registry,0.4833840223870651,256,1,general,spambase,27.189398881047964,b0024dd4b0d6291464195a39b5e846baf7f55df93d51a0eef57120ed96ab6d45,True,False,False,False,57,2,4601,2,"['embedding_final.npy', 'predictions.npy', 'labels_true.npy', 'gate_diagnostics.npz']",73260544,1,topogate_v0_t_plus_paired_mechanism_ablation_v1,topology,2025,T00_1__k_plus,project-root/result/v0_t_plus_local_refine_20260906_retry/selected/spambase/selected_config.json,project-root/datasets/spambase.npz,28ecfe66283f4220b62aa7a5afeb3c5e17d04eb9b5f17c99c2fb3cfcbe371bbc,completed,core,T_random_neighbor,28.30819397419691
0.886329058900239,0.5965028909871473,external_after_embedding,2,pre_registered_benchmark_registry,0.48471277821348296,256,1,general,spambase,29.269591678865254,b0024dd4b0d6291464195a39b5e846baf7f55df93d51a0eef57120ed96ab6d45,True,False,False,False,57,2,4601,2,"['embedding_final.npy', 'predictions.npy', 'labels_true.npy', 'gate_diagnostics.npz']",73260544,5,topogate_v0_t_plus_paired_mechanism_ablation_v1,topology,3407,T00_1__k_plus,project-root/result/v0_t_plus_local_refine_20260906_retry/selected/spambase/selected_config.json,project-root/datasets/spambase.npz,28ecfe66283f4220b62aa7a5afeb3c5e17d04eb9b5f17c99c2fb3cfcbe371bbc,completed,core,T_random_neighbor,30.679712398909032
0.8830688980656379,0.586592683844888,external_after_embedding,2,pre_registered_benchmark_registry,0.48142606247427155,256,1,general,spambase,10.925513308495283,b0024dd4b0d6291464195a39b5e846baf7f55df93d51a0eef57120ed96ab6d45,True,False,False,False,57,2,4601,2,"['embedding_final.npy', 'predictions.npy', 'labels_true.npy', 'gate_diagnostics.npz']",71469056,1,topogate_v0_t_plus_paired_mechanism_ablation_v1,topology,42,T00_1__k_plus,project-root/result/v0_t_plus_local_refine_20260906_retry/selected/spambase/selected_config.json,project-root/datasets/spambase.npz,28ecfe66283f4220b62aa7a5afeb3c5e17d04eb9b5f17c99c2fb3cfcbe371bbc,completed,core,T_no_vicinal,12.667619736865163
0.8741577917843947,0.5596004021615992,external_after_embedding,2,pre_registered_benchmark_registry,0.4560439367520037,256,1,general,spambase,11.064165525138378,b0024dd4b0d6291464195a39b5e846baf7f55df93d51a0eef57120ed96ab6d45,True,False,False,False,57,2,4601,2,"['embedding_final.npy', 'predictions.npy', 'labels_true.npy', 'gate_diagnostics.npz']",71469056,5,topogate_v0_t_plus_paired_mechanism_ablation_v1,topology,123,T00_1__k_plus,project-root/result/v0_t_plus_local_refine_20260906_retry/selected/spambase/selected_config.json,project-root/datasets/spambase.npz,28ecfe66283f4220b62aa7a5afeb3c5e17d04eb9b5f17c99c2fb3cfcbe371bbc,completed,core,T_no_vicinal,13.160966203548014
0.9052379917409259,0.656373132509683,external_after_embedding,2,pre_registered_benchmark_registry,0.5420527766979183,256,1,general,spambase,10.48787786718458,b0024dd4b0d6291464195a39b5e846baf7f55df93d51a0eef57120ed96ab6d45,True,False,False,False,57,2,4601,2,"['embedding_final.npy', 'predictions.npy', 'labels_true.npy', 'gate_diagnostics.npz']",71469056,1,topogate_v0_t_plus_paired_mechanism_ablation_v1,topology,7,T00_1__k_plus,project-root/result/v0_t_plus_local_refine_20260906_retry/selected/spambase/selected_config.json,project-root/datasets/spambase.npz,28ecfe66283f4220b62aa7a5afeb3c5e17d04eb9b5f17c99c2fb3cfcbe371bbc,completed,core,T_no_vicinal,12.634727271273732
0.8741577917843947,0.5596872073067414,external_after_embedding,2,pre_registered_benchmark_registry,0.4621275707197526,256,1,general,spambase,11.249925520271063,b0024dd4b0d6291464195a39b5e846baf7f55df93d51a0eef57120ed96ab6d45,True,False,False,False,57,2,4601,2,"['embedding_final.npy', 'predictions.npy', 'labels_true.npy', 'gate_diagnostics.npz']",71469056,5,topogate_v0_t_plus_paired_mechanism_ablation_v1,topology,2025,T00_1__k_plus,project-root/result/v0_t_plus_local_refine_20260906_retry/selected/spambase/selected_config.json,project-root/datasets/spambase.npz,28ecfe66283f4220b62aa7a5afeb3c5e17d04eb9b5f17c99c2fb3cfcbe371bbc,completed,core,T_no_vicinal,14.222294581122696
0.8837209302325582,0.5885761029803047,external_after_embedding,2,pre_registered_benchmark_registry,0.4823235825657183,256,1,general,spambase,11.234252719208598,b0024dd4b0d6291464195a39b5e846baf7f55df93d51a0eef57120ed96ab6d45,True,False,False,False,57,2,4601,2,"['embedding_final.npy', 'predictions.npy', 'labels_true.npy', 'gate_diagnostics.npz']",71469056,1,topogate_v0_t_plus_paired_mechanism_ablation_v1,topology,3407,T00_1__k_plus,project-root/result/v0_t_plus_local_refine_20260906_retry/selected/spambase/selected_config.json,project-root/datasets/spambase.npz,28ecfe66283f4220b62aa7a5afeb3c5e17d04eb9b5f17c99c2fb3cfcbe371bbc,completed,core,T_no_vicinal,13.378365140408278
0.891545316235601,0.6127254428784333,external_after_embedding,2,pre_registered_benchmark_registry,0.49974380318952005,256,1,general,spambase,33.31471159122884,b0024dd4b0d6291464195a39b5e846baf7f55df93d51a0eef57120ed96ab6d45,True,False,False,False,57,2,4601,2,"['embedding_final.npy', 'predictions.npy', 'labels_true.npy', 'gate_diagnostics.npz']",73260544,5,topogate_v0_t_plus_paired_mechanism_ablation_v1,unit,42,T00_1__k_plus,project-root/result/v0_t_plus_local_refine_20260906_retry/selected/spambase/selected_config.json,project-root/datasets/spambase.npz,28ecfe66283f4220b62aa7a5afeb3c5e17d04eb9b5f17c99c2fb3cfcbe371bbc,completed,core,T_uniform_pseudo_loss,35.35779828578234
0.8874157791784395,0.5997940447609216,external_after_embedding,2,pre_registered_benchmark_registry,0.4853248631062809,256,1,general,spambase,32.638738211244345,b0024dd4b0d6291464195a39b5e846baf7f55df93d51a0eef57120ed96ab6d45,True,False,False,False,57,2,4601,2,"['embedding_final.npy', 'predictions.npy', 'labels_true.npy', 'gate_diagnostics.npz']",73260544,1,topogate_v0_t_plus_paired_mechanism_ablation_v1,unit,123,T00_1__k_plus,project-root/result/v0_t_plus_local_refine_20260906_retry/selected/spambase/selected_config.json,project-root/datasets/spambase.npz,28ecfe66283f4220b62aa7a5afeb3c5e17d04eb9b5f17c99c2fb3cfcbe371bbc,completed,core,T_uniform_pseudo_loss,34.492844650521874
0.9087154966311671,0.6675520197376003,external_after_embedding,2,pre_registered_benchmark_registry,0.5491221648170069,256,1,general,spambase,30.739388653077185,b0024dd4b0d6291464195a39b5e846baf7f55df93d51a0eef57120ed96ab6d45,True,False,False,False,57,2,4601,2,"['embedding_final.npy', 'predictions.npy', 'labels_true.npy', 'gate_diagnostics.npz']",73260544,5,topogate_v0_t_plus_paired_mechanism_ablation_v1,unit,7,T00_1__k_plus,project-root/result/v0_t_plus_local_refine_20260906_retry/selected/spambase/selected_config.json,project-root/datasets/spambase.npz,28ecfe66283f4220b62aa7a5afeb3c5e17d04eb9b5f17c99c2fb3cfcbe371bbc,completed,core,T_uniform_pseudo_loss,34.37673158105463
0.886111714844599,0.5959182086891013,external_after_embedding,2,pre_registered_benchmark_registry,0.4881492705894453,256,1,general,spambase,30.70076314546168,b0024dd4b0d6291464195a39b5e846baf7f55df93d51a0eef57120ed96ab6d45,True,False,False,False,57,2,4601,2,"['embedding_final.npy', 'predictions.npy', 'labels_true.npy', 'gate_diagnostics.npz']",73260544,1,topogate_v0_t_plus_paired_mechanism_ablation_v1,unit,2025,T00_1__k_plus,project-root/result/v0_t_plus_local_refine_20260906_retry/selected/spambase/selected_config.json,project-root/datasets/spambase.npz,28ecfe66283f4220b62aa7a5afeb3c5e17d04eb9b5f17c99c2fb3cfcbe371bbc,completed,core,T_uniform_pseudo_loss,32.945980676449835
0.8880678113453597,0.6019186066719482,external_after_embedding,2,pre_registered_benchmark_registry,0.4910479007826358,256,1,general,spambase,33.49444624874741,b0024dd4b0d6291464195a39b5e846baf7f55df93d51a0eef57120ed96ab6d45,True,False,False,False,57,2,4601,2,"['embedding_final.npy', 'predictions.npy', 'labels_true.npy', 'gate_diagnostics.npz']",73260544,5,topogate_v0_t_plus_paired_mechanism_ablation_v1,unit,3407,T00_1__k_plus,project-root/result/v0_t_plus_local_refine_20260906_retry/selected/spambase/selected_config.json,project-root/datasets/spambase.npz,28ecfe66283f4220b62aa7a5afeb3c5e17d04eb9b5f17c99c2fb3cfcbe371bbc,completed,core,T_uniform_pseudo_loss,35.395520192570984
0.8871984351227994,0.5992375787898554,external_after_embedding,2,pre_registered_benchmark_registry,0.4891874887426417,256,1,general,spambase,34.2144354050979,b0024dd4b0d6291464195a39b5e846baf7f55df93d51a0eef57120ed96ab6d45,True,False,False,False,57,2,4601,2,"['embedding_final.npy', 'predictions.npy', 'labels_true.npy', 'gate_diagnostics.npz']",73260544,1,topogate_v0_t_plus_paired_mechanism_ablation_v1,topology,42,T00_1__k_plus,project-root/result/v0_t_plus_local_refine_20260906_retry/selected/spambase/selected_config.json,project-root/datasets/spambase.npz,28ecfe66283f4220b62aa7a5afeb3c5e17d04eb9b5f17c99c2fb3cfcbe371bbc,completed,core,T_edge_none,36.592762120999396
0.8856770267333188,0.5944301183245803,external_after_embedding,2,pre_registered_benchmark_registry,0.4806797647252042,256,1,general,spambase,36.797786079347134,b0024dd4b0d6291464195a39b5e846baf7f55df93d51a0eef57120ed96ab6d45,True,False,False,False,57,2,4601,2,"['embedding_final.npy', 'predictions.npy', 'labels_true.npy', 'gate_diagnostics.npz']",73260544,5,topogate_v0_t_plus_paired_mechanism_ablation_v1,topology,123,T00_1__k_plus,project-root/result/v0_t_plus_local_refine_20260906_retry/selected/spambase/selected_config.json,project-root/datasets/spambase.npz,28ecfe66283f4220b62aa7a5afeb3c5e17d04eb9b5f17c99c2fb3cfcbe371bbc,completed,core,T_edge_none,39.39538540132344
0.9078461204086068,0.6647171363028108,external_after_embedding,2,pre_registered_benchmark_registry,0.5463785353056645,256,1,general,spambase,35.912178825587034,b0024dd4b0d6291464195a39b5e846baf7f55df93d51a0eef57120ed96ab6d45,True,False,False,False,57,2,4601,2,"['embedding_final.npy', 'predictions.npy', 'labels_true.npy', 'gate_diagnostics.npz']",73260544,1,topogate_v0_t_plus_paired_mechanism_ablation_v1,topology,7,T00_1__k_plus,project-root/result/v0_t_plus_local_refine_20260906_retry/selected/spambase/selected_config.json,project-root/datasets/spambase.npz,28ecfe66283f4220b62aa7a5afeb3c5e17d04eb9b5f17c99c2fb3cfcbe371bbc,completed,core,T_edge_none,38.368049966171384
0.8839382742881983,0.5892379133928849,external_after_embedding,2,pre_registered_benchmark_registry,0.48263126854018956,256,1,general,spambase,35.58334328047931,b0024dd4b0d6291464195a39b5e846baf7f55df93d51a0eef57120ed96ab6d45,True,False,False,False,57,2,4601,2,"['embedding_final.npy', 'predictions.npy', 'labels_true.npy', 'gate_diagnostics.npz']",73260544,5,topogate_v0_t_plus_paired_mechanism_ablation_v1,topology,2025,T00_1__k_plus,project-root/result/v0_t_plus_local_refine_20260906_retry/selected/spambase/selected_config.json,project-root/datasets/spambase.npz,28ecfe66283f4220b62aa7a5afeb3c5e17d04eb9b5f17c99c2fb3cfcbe371bbc,completed,core,T_edge_none,37.6859213411808
0.8876331232340795,0.6005863434039128,external_after_embedding,2,pre_registered_benchmark_registry,0.490531599497733,256,1,general,spambase,33.71429389435798,b0024dd4b0d6291464195a39b5e846baf7f55df93d51a0eef57120ed96ab6d45,True,False,False,False,57,2,4601,2,"['embedding_final.npy', 'predictions.npy', 'labels_true.npy', 'gate_diagnostics.npz']",73260544,1,topogate_v0_t_plus_paired_mechanism_ablation_v1,topology,3407,T00_1__k_plus,project-root/result/v0_t_plus_local_refine_20260906_retry/selected/spambase/selected_config.json,project-root/datasets/spambase.npz,28ecfe66283f4220b62aa7a5afeb3c5e17d04eb9b5f17c99c2fb3cfcbe371bbc,completed,core,T_edge_none,36.32551980763674
0.8889371875679201,0.6046147178001383,external_after_embedding,2,pre_registered_benchmark_registry,0.4933400470871216,256,1,general,spambase,34.62749324180186,b0024dd4b0d6291464195a39b5e846baf7f55df93d51a0eef57120ed96ab6d45,True,False,False,False,57,2,4601,2,"['embedding_final.npy', 'predictions.npy', 'labels_true.npy', 'gate_diagnostics.npz']",73260544,5,topogate_v0_t_plus_paired_mechanism_ablation_v1,topology,42,T00_1__k_plus,project-root/result/v0_t_plus_local_refine_20260906_retry/selected/spambase/selected_config.json,project-root/datasets/spambase.npz,28ecfe66283f4220b62aa7a5afeb3c5e17d04eb9b5f17c99c2fb3cfcbe371bbc,completed,core,T_edge_sim,36.68315256386995
0.8856770267333188,0.5944301183245803,external_after_embedding,2,pre_registered_benchmark_registry,0.4806797647252042,256,1,general,spambase,32.478312068618834,b0024dd4b0d6291464195a39b5e846baf7f55df93d51a0eef57120ed96ab6d45,True,False,False,False,57,2,4601,2,"['embedding_final.npy', 'predictions.npy', 'labels_true.npy', 'gate_diagnostics.npz']",73260544,1,topogate_v0_t_plus_paired_mechanism_ablation_v1,topology,123,T00_1__k_plus,project-root/result/v0_t_plus_local_refine_20260906_retry/selected/spambase/selected_config.json,project-root/datasets/spambase.npz,28ecfe66283f4220b62aa7a5afeb3c5e17d04eb9b5f17c99c2fb3cfcbe371bbc,completed,core,T_edge_sim,33.90526579320431
0.9078461204086068,0.6647171363028108,external_after_embedding,2,pre_registered_benchmark_registry,0.5463785353056645,256,1,general,spambase,33.163206410594285,b0024dd4b0d6291464195a39b5e846baf7f55df93d51a0eef57120ed96ab6d45,True,False,False,False,57,2,4601,2,"['embedding_final.npy', 'predictions.npy', 'labels_true.npy', 'gate_diagnostics.npz']",73260544,5,topogate_v0_t_plus_paired_mechanism_ablation_v1,topology,7,T00_1__k_plus,project-root/result/v0_t_plus_local_refine_20260906_retry/selected/spambase/selected_config.json,project-root/datasets/spambase.npz,28ecfe66283f4220b62aa7a5afeb3c5e17d04eb9b5f17c99c2fb3cfcbe371bbc,completed,core,T_edge_sim,34.35983233805746
0.8837209302325582,0.5885719639244162,external_after_embedding,2,pre_registered_benchmark_registry,0.4820841969861408,256,1,general,spambase,34.42237428482622,b0024dd4b0d6291464195a39b5e846baf7f55df93d51a0eef57120ed96ab6d45,True,False,False,False,57,2,4601,2,"['embedding_final.npy', 'predictions.npy', 'labels_true.npy', 'gate_diagnostics.npz']",73260544,1,topogate_v0_t_plus_paired_mechanism_ablation_v1,topology,2025,T00_1__k_plus,project-root/result/v0_t_plus_local_refine_20260906_retry/selected/spambase/selected_config.json,project-root/datasets/spambase.npz,28ecfe66283f4220b62aa7a5afeb3c5e17d04eb9b5f17c99c2fb3cfcbe371bbc,completed,core,T_edge_sim,36.731308677233756
0.8874157791784395,0.5999140046583091,external_after_embedding,2,pre_registered_benchmark_registry,0.48996488009873757,256,1,general,spambase,36.0129207232967,b0024dd4b0d6291464195a39b5e846baf7f55df93d51a0eef57120ed96ab6d45,True,False,False,False,57,2,4601,2,"['embedding_final.npy', 'predictions.npy', 'labels_true.npy', 'gate_diagnostics.npz']",73260544,5,topogate_v0_t_plus_paired_mechanism_ablation_v1,topology,3407,T00_1__k_plus,project-root/result/v0_t_plus_local_refine_20260906_retry/selected/spambase/selected_config.json,project-root/datasets/spambase.npz,28ecfe66283f4220b62aa7a5afeb3c5e17d04eb9b5f17c99c2fb3cfcbe371bbc,completed,core,T_edge_sim,37.60773159656674
0.8871984351227994,0.5992375787898554,external_after_embedding,2,pre_registered_benchmark_registry,0.4891874887426417,256,1,general,spambase,34.43003774713725,b0024dd4b0d6291464195a39b5e846baf7f55df93d51a0eef57120ed96ab6d45,True,False,False,False,57,2,4601,2,"['embedding_final.npy', 'predictions.npy', 'labels_true.npy', 'gate_diagnostics.npz']",73260544,1,topogate_v0_t_plus_paired_mechanism_ablation_v1,topology,42,T00_1__k_plus,project-root/result/v0_t_plus_local_refine_20260906_retry/selected/spambase/selected_config.json,project-root/datasets/spambase.npz,28ecfe66283f4220b62aa7a5afeb3c5e17d04eb9b5f17c99c2fb3cfcbe371bbc,completed,core,T_edge_sim_mutual,36.972007943317294
0.8856770267333188,0.5944301183245803,external_after_embedding,2,pre_registered_benchmark_registry,0.4806797647252042,256,1,general,spambase,36.438352854922414,b0024dd4b0d6291464195a39b5e846baf7f55df93d51a0eef57120ed96ab6d45,True,False,False,False,57,2,4601,2,"['embedding_final.npy', 'predictions.npy', 'labels_true.npy', 'gate_diagnostics.npz']",73260544,5,topogate_v0_t_plus_paired_mechanism_ablation_v1,topology,123,T00_1__k_plus,project-root/result/v0_t_plus_local_refine_20260906_retry/selected/spambase/selected_config.json,project-root/datasets/spambase.npz,28ecfe66283f4220b62aa7a5afeb3c5e17d04eb9b5f17c99c2fb3cfcbe371bbc,completed,core,T_edge_sim_mutual,37.80566128715873
0.9080634644642469,0.6654252815364355,external_after_embedding,2,pre_registered_benchmark_registry,0.5470623343756084,256,1,general,spambase,32.97580907866359,b0024dd4b0d6291464195a39b5e846baf7f55df93d51a0eef57120ed96ab6d45,True,False,False,False,57,2,4601,2,"['embedding_final.npy', 'predictions.npy', 'labels_true.npy', 'gate_diagnostics.npz']",73260544,1,topogate_v0_t_plus_paired_mechanism_ablation_v1,topology,7,T00_1__k_plus,project-root/result/v0_t_plus_local_refine_20260906_retry/selected/spambase/selected_config.json,project-root/datasets/spambase.npz,28ecfe66283f4220b62aa7a5afeb3c5e17d04eb9b5f17c99c2fb3cfcbe371bbc,completed,core,T_edge_sim_mutual,35.48971217498183
0.8843729623994784,0.5905709465915047,external_after_embedding,2,pre_registered_benchmark_registry,0.4837279688023409,256,1,general,spambase,33.67573825828731,b0024dd4b0d6291464195a39b5e846baf7f55df93d51a0eef57120ed96ab6d45,True,False,False,False,57,2,4601,2,"['embedding_final.npy', 'predictions.npy', 'labels_true.npy', 'gate_diagnostics.npz']",73260544,5,topogate_v0_t_plus_paired_mechanism_ablation_v1,topology,2025,T00_1__k_plus,project-root/result/v0_t_plus_local_refine_20260906_retry/selected/spambase/selected_config.json,project-root/datasets/spambase.npz,28ecfe66283f4220b62aa7a5afeb3c5e17d04eb9b5f17c99c2fb3cfcbe371bbc,completed,core,T_edge_sim_mutual,35.03465561848134
0.8874157791784395,0.5999005064167261,external_after_embedding,2,pre_registered_benchmark_registry,0.48933864783115244,256,1,general,spambase,31.945861908607185,b0024dd4b0d6291464195a39b5e846baf7f55df93d51a0eef57120ed96ab6d45,True,False,False,False,57,2,4601,2,"['embedding_final.npy', 'predictions.npy', 'labels_true.npy', 'gate_diagnostics.npz']",73260544,1,topogate_v0_t_plus_paired_mechanism_ablation_v1,topology,3407,T00_1__k_plus,project-root/result/v0_t_plus_local_refine_20260906_retry/selected/spambase/selected_config.json,project-root/datasets/spambase.npz,28ecfe66283f4220b62aa7a5afeb3c5e17d04eb9b5f17c99c2fb3cfcbe371bbc,completed,core,T_edge_sim_mutual,34.74016562849283
0.8902412519017605,0.608670270053786,external_after_embedding,2,pre_registered_benchmark_registry,0.4968068532874663,256,1,general,spambase,33.68044057395309,b0024dd4b0d6291464195a39b5e846baf7f55df93d51a0eef57120ed96ab6d45,True,False,False,False,57,2,4601,2,"['embedding_final.npy', 'predictions.npy', 'labels_true.npy', 'gate_diagnostics.npz']",73260544,5,topogate_v0_t_plus_paired_mechanism_ablation_v1,topology,42,T00_1__k_plus,project-root/result/v0_t_plus_local_refine_20260906_retry/selected/spambase/selected_config.json,project-root/datasets/spambase.npz,28ecfe66283f4220b62aa7a5afeb3c5e17d04eb9b5f17c99c2fb3cfcbe371bbc,completed,core,T_edge_sim_mutual_snn,35.84456972684711
0.8858943707889589,0.595099278785862,external_after_embedding,2,pre_registered_benchmark_registry,0.4812569517154195,256,1,general,spambase,33.9357765763998,b0024dd4b0d6291464195a39b5e846baf7f55df93d51a0eef57120ed96ab6d45,True,False,False,False,57,2,4601,2,"['embedding_final.npy', 'predictions.npy', 'labels_true.npy', 'gate_diagnostics.npz']",73260544,1,topogate_v0_t_plus_paired_mechanism_ablation_v1,topology,123,T00_1__k_plus,project-root/result/v0_t_plus_local_refine_20260906_retry/selected/spambase/selected_config.json,project-root/datasets/spambase.npz,28ecfe66283f4220b62aa7a5afeb3c5e17d04eb9b5f17c99c2fb3cfcbe371bbc,completed,core,T_edge_sim_mutual_snn,36.21771077532321
0.9080634644642469,0.6654303492957604,external_after_embedding,2,pre_registered_benchmark_registry,0.5471615613668102,256,1,general,spambase,33.603456469252706,b0024dd4b0d6291464195a39b5e846baf7f55df93d51a0eef57120ed96ab6d45,True,False,False,False,57,2,4601,2,"['embedding_final.npy', 'predictions.npy', 'labels_true.npy', 'gate_diagnostics.npz']",73260544,5,topogate_v0_t_plus_paired_mechanism_ablation_v1,topology,7,T00_1__k_plus,project-root/result/v0_t_plus_local_refine_20260906_retry/selected/spambase/selected_config.json,project-root/datasets/spambase.npz,28ecfe66283f4220b62aa7a5afeb3c5e17d04eb9b5f17c99c2fb3cfcbe371bbc,completed,core,T_edge_sim_mutual_snn,36.370629851706326
0.8839382742881983,0.5892379133928849,external_after_embedding,2,pre_registered_benchmark_registry,0.48263126854018956,256,1,general,spambase,32.641417670063674,b0024dd4b0d6291464195a39b5e846baf7f55df93d51a0eef57120ed96ab6d45,True,False,False,False,57,2,4601,2,"['embedding_final.npy', 'predictions.npy', 'labels_true.npy', 'gate_diagnostics.npz']",73260544,1,topogate_v0_t_plus_paired_mechanism_ablation_v1,topology,2025,T00_1__k_plus,project-root/result/v0_t_plus_local_refine_20260906_retry/selected/spambase/selected_config.json,project-root/datasets/spambase.npz,28ecfe66283f4220b62aa7a5afeb3c5e17d04eb9b5f17c99c2fb3cfcbe371bbc,completed,core,T_edge_sim_mutual_snn,35.021305670030415
0.8876331232340795,0.6005728272411339,external_after_embedding,2,pre_registered_benchmark_registry,0.4899074664897743,256,1,general,spambase,34.571832275018096,b0024dd4b0d6291464195a39b5e846baf7f55df93d51a0eef57120ed96ab6d45,True,False,False,False,57,2,4601,2,"['embedding_final.npy', 'predictions.npy', 'labels_true.npy', 'gate_diagnostics.npz']",73260544,5,topogate_v0_t_plus_paired_mechanism_ablation_v1,topology,3407,T00_1__k_plus,project-root/result/v0_t_plus_local_refine_20260906_retry/selected/spambase/selected_config.json,project-root/datasets/spambase.npz,28ecfe66283f4220b62aa7a5afeb3c5e17d04eb9b5f17c99c2fb3cfcbe371bbc,completed,core,T_edge_sim_mutual_snn,36.95670130290091
0.8900239078461204,0.6079933955746493,external_after_embedding,2,pre_registered_benchmark_registry,0.4962266450912159,256,1,general,spambase,34.140707346610725,b0024dd4b0d6291464195a39b5e846baf7f55df93d51a0eef57120ed96ab6d45,True,False,False,False,57,2,4601,2,"['embedding_final.npy', 'predictions.npy', 'labels_true.npy', 'gate_diagnostics.npz']",73260544,1,topogate_v0_t_plus_paired_mechanism_ablation_v1,topology,42,T00_1__k_plus,project-root/result/v0_t_plus_local_refine_20260906_retry/selected/spambase/selected_config.json,project-root/datasets/spambase.npz,28ecfe66283f4220b62aa7a5afeb3c5e17d04eb9b5f17c99c2fb3cfcbe371bbc,completed,core,T_edge_sim_mutual_snn_distance,36.60007537342608
0.8854596826776787,0.593766415829209,external_after_embedding,2,pre_registered_benchmark_registry,0.4802711972281688,256,1,general,spambase,31.724508297629654,b0024dd4b0d6291464195a39b5e846baf7f55df93d51a0eef57120ed96ab6d45,True,False,False,False,57,2,4601,2,"['embedding_final.npy', 'predictions.npy', 'labels_true.npy', 'gate_diagnostics.npz']",73260544,5,topogate_v0_t_plus_paired_mechanism_ablation_v1,topology,123,T00_1__k_plus,project-root/result/v0_t_plus_local_refine_20260906_retry/selected/spambase/selected_config.json,project-root/datasets/spambase.npz,28ecfe66283f4220b62aa7a5afeb3c5e17d04eb9b5f17c99c2fb3cfcbe371bbc,completed,core,T_edge_sim_mutual_snn_distance,34.09235693514347
0.9078461204086068,0.6647171363028108,external_after_embedding,2,pre_registered_benchmark_registry,0.5463785353056645,256,1,general,spambase,34.787144060246646,b0024dd4b0d6291464195a39b5e846baf7f55df93d51a0eef57120ed96ab6d45,True,False,False,False,57,2,4601,2,"['embedding_final.npy', 'predictions.npy', 'labels_true.npy', 'gate_diagnostics.npz']",73260544,1,topogate_v0_t_plus_paired_mechanism_ablation_v1,topology,7,T00_1__k_plus,project-root/result/v0_t_plus_local_refine_20260906_retry/selected/spambase/selected_config.json,project-root/datasets/spambase.npz,28ecfe66283f4220b62aa7a5afeb3c5e17d04eb9b5f17c99c2fb3cfcbe371bbc,completed,core,T_edge_sim_mutual_snn_distance,37.32053078338504
0.8839382742881983,0.5892379133928849,external_after_embedding,2,pre_registered_benchmark_registry,0.48263126854018956,256,1,general,spambase,34.54569541569799,b0024dd4b0d6291464195a39b5e846baf7f55df93d51a0eef57120ed96ab6d45,True,False,False,False,57,2,4601,2,"['embedding_final.npy', 'predictions.npy', 'labels_true.npy', 'gate_diagnostics.npz']",73260544,5,topogate_v0_t_plus_paired_mechanism_ablation_v1,topology,2025,T00_1__k_plus,project-root/result/v0_t_plus_local_refine_20260906_retry/selected/spambase/selected_config.json,project-root/datasets/spambase.npz,28ecfe66283f4220b62aa7a5afeb3c5e17d04eb9b5f17c99c2fb3cfcbe371bbc,completed,core,T_edge_sim_mutual_snn_distance,37.292051354423165
0.8878504672897196,0.6012500657002149,external_after_embedding,2,pre_registered_benchmark_registry,0.4906824008527053,256,1,general,spambase,35.993384240195155,b0024dd4b0d6291464195a39b5e846baf7f55df93d51a0eef57120ed96ab6d45,True,False,False,False,57,2,4601,2,"['embedding_final.npy', 'predictions.npy', 'labels_true.npy', 'gate_diagnostics.npz']",73260544,1,topogate_v0_t_plus_paired_mechanism_ablation_v1,topology,3407,T00_1__k_plus,project-root/result/v0_t_plus_local_refine_20260906_retry/selected/spambase/selected_config.json,project-root/datasets/spambase.npz,28ecfe66283f4220b62aa7a5afeb3c5e17d04eb9b5f17c99c2fb3cfcbe371bbc,completed,core,T_edge_sim_mutual_snn_distance,38.73560467176139
0.8871984351227994,0.599219441956056,external_after_embedding,2,pre_registered_benchmark_registry,0.4883625802814927,256,1,general,spambase,33.67228929325938,b0024dd4b0d6291464195a39b5e846baf7f55df93d51a0eef57120ed96ab6d45,True,False,False,False,57,2,4601,2,"['embedding_final.npy', 'predictions.npy', 'labels_true.npy', 'gate_diagnostics.npz']",73260544,5,topogate_v0_t_plus_paired_mechanism_ablation_v1,topology,42,T00_1__k_plus,project-root/result/v0_t_plus_local_refine_20260906_retry/selected/spambase/selected_config.json,project-root/datasets/spambase.npz,28ecfe66283f4220b62aa7a5afeb3c5e17d04eb9b5f17c99c2fb3cfcbe371bbc,completed,core,T_beta_no_mutual,35.96895862463862
0.8858943707889589,0.5951043675118084,external_after_embedding,2,pre_registered_benchmark_registry,0.48142310249396286,256,1,general,spambase,34.85893777105957,b0024dd4b0d6291464195a39b5e846baf7f55df93d51a0eef57120ed96ab6d45,True,False,False,False,57,2,4601,2,"['embedding_final.npy', 'predictions.npy', 'labels_true.npy', 'gate_diagnostics.npz']",73260544,1,topogate_v0_t_plus_paired_mechanism_ablation_v1,topology,123,T00_1__k_plus,project-root/result/v0_t_plus_local_refine_20260906_retry/selected/spambase/selected_config.json,project-root/datasets/spambase.npz,28ecfe66283f4220b62aa7a5afeb3c5e17d04eb9b5f17c99c2fb3cfcbe371bbc,completed,core,T_beta_no_mutual,37.49891348648816
0.908280808519887,0.6661338104902873,external_after_embedding,2,pre_registered_benchmark_registry,0.5477475345960833,256,1,general,spambase,34.488263143226504,b0024dd4b0d6291464195a39b5e846baf7f55df93d51a0eef57120ed96ab6d45,True,False,False,False,57,2,4601,2,"['embedding_final.npy', 'predictions.npy', 'labels_true.npy', 'gate_diagnostics.npz']",73260544,5,topogate_v0_t_plus_paired_mechanism_ablation_v1,topology,7,T00_1__k_plus,project-root/result/v0_t_plus_local_refine_20260906_retry/selected/spambase/selected_config.json,project-root/datasets/spambase.npz,28ecfe66283f4220b62aa7a5afeb3c5e17d04eb9b5f17c99c2fb3cfcbe371bbc,completed,core,T_beta_no_mutual,37.4292228333652
0.8837209302325582,0.5885883527064812,external_after_embedding,2,pre_registered_benchmark_registry,0.4830548250754846,256,1,general,spambase,33.79373416490853,b0024dd4b0d6291464195a39b5e846baf7f55df93d51a0eef57120ed96ab6d45,True,False,False,False,57,2,4601,2,"['embedding_final.npy', 'predictions.npy', 'labels_true.npy', 'gate_diagnostics.npz']",73260544,1,topogate_v0_t_plus_paired_mechanism_ablation_v1,topology,2025,T00_1__k_plus,project-root/result/v0_t_plus_local_refine_20260906_retry/selected/spambase/selected_config.json,project-root/datasets/spambase.npz,28ecfe66283f4220b62aa7a5afeb3c5e17d04eb9b5f17c99c2fb3cfcbe371bbc,completed,core,T_beta_no_mutual,36.41024399921298
0.8869810910671593,0.5985386714585613,external_after_embedding,2,pre_registered_benchmark_registry,0.48739312261139456,256,1,general,spambase,34.37887131329626,b0024dd4b0d6291464195a39b5e846baf7f55df93d51a0eef57120ed96ab6d45,True,False,False,False,57,2,4601,2,"['embedding_final.npy', 'predictions.npy', 'labels_true.npy', 'gate_diagnostics.npz']",73260544,5,topogate_v0_t_plus_paired_mechanism_ablation_v1,topology,3407,T00_1__k_plus,project-root/result/v0_t_plus_local_refine_20260906_retry/selected/spambase/selected_config.json,project-root/datasets/spambase.npz,28ecfe66283f4220b62aa7a5afeb3c5e17d04eb9b5f17c99c2fb3cfcbe371bbc,completed,core,T_beta_no_mutual,35.51360467541963
0.8880678113453597,0.6019454665380041,external_after_embedding,2,pre_registered_benchmark_registry,0.4923072565503268,256,1,general,spambase,36.17421738617122,b0024dd4b0d6291464195a39b5e846baf7f55df93d51a0eef57120ed96ab6d45,True,False,False,False,57,2,4601,2,"['embedding_final.npy', 'predictions.npy', 'labels_true.npy', 'gate_diagnostics.npz']",73260544,1,topogate_v0_t_plus_paired_mechanism_ablation_v1,topology,42,T00_1__k_plus,project-root/result/v0_t_plus_local_refine_20260906_retry/selected/spambase/selected_config.json,project-root/datasets/spambase.npz,28ecfe66283f4220b62aa7a5afeb3c5e17d04eb9b5f17c99c2fb3cfcbe371bbc,completed,core,T_beta_no_snn,38.76082022301853
0.8852423386220387,0.5930980098338097,external_after_embedding,2,pre_registered_benchmark_registry,0.4796966989840457,256,1,general,spambase,33.79534607939422,b0024dd4b0d6291464195a39b5e846baf7f55df93d51a0eef57120ed96ab6d45,True,False,False,False,57,2,4601,2,"['embedding_final.npy', 'predictions.npy', 'labels_true.npy', 'gate_diagnostics.npz']",73260544,5,topogate_v0_t_plus_paired_mechanism_ablation_v1,topology,123,T00_1__k_plus,project-root/result/v0_t_plus_local_refine_20260906_retry/selected/spambase/selected_config.json,project-root/datasets/spambase.npz,28ecfe66283f4220b62aa7a5afeb3c5e17d04eb9b5f17c99c2fb3cfcbe371bbc,completed,core,T_beta_no_snn,35.99104482866824
0.9076287763529668,0.6640144411291596,external_after_embedding,2,pre_registered_benchmark_registry,0.5457977033236546,256,1,general,spambase,31.7651432659477,b0024dd4b0d6291464195a39b5e846baf7f55df93d51a0eef57120ed96ab6d45,True,False,False,False,57,2,4601,2,"['embedding_final.npy', 'predictions.npy', 'labels_true.npy', 'gate_diagnostics.npz']",73260544,1,topogate_v0_t_plus_paired_mechanism_ablation_v1,topology,7,T00_1__k_plus,project-root/result/v0_t_plus_local_refine_20260906_retry/selected/spambase/selected_config.json,project-root/datasets/spambase.npz,28ecfe66283f4220b62aa7a5afeb3c5e17d04eb9b5f17c99c2fb3cfcbe371bbc,completed,core,T_beta_no_snn,33.85056254360825
0.8841556183438383,0.5899166177703923,external_after_embedding,2,pre_registered_benchmark_registry,0.4839001489542309,256,1,general,spambase,32.573918488807976,b0024dd4b0d6291464195a39b5e846baf7f55df93d51a0eef57120ed96ab6d45,True,False,False,False,57,2,4601,2,"['embedding_final.npy', 'predictions.npy', 'labels_true.npy', 'gate_diagnostics.npz']",73260544,5,topogate_v0_t_plus_paired_mechanism_ablation_v1,topology,2025,T00_1__k_plus,project-root/result/v0_t_plus_local_refine_20260906_retry/selected/spambase/selected_config.json,project-root/datasets/spambase.npz,28ecfe66283f4220b62aa7a5afeb3c5e17d04eb9b5f17c99c2fb3cfcbe371bbc,completed,core,T_beta_no_snn,35.81606874708086
0.8880678113453597,0.6019410574602964,external_after_embedding,2,pre_registered_benchmark_registry,0.4920919232274062,256,1,general,spambase,31.708262054249644,b0024dd4b0d6291464195a39b5e846baf7f55df93d51a0eef57120ed96ab6d45,True,False,False,False,57,2,4601,2,"['embedding_final.npy', 'predictions.npy', 'labels_true.npy', 'gate_diagnostics.npz']",73260544,1,topogate_v0_t_plus_paired_mechanism_ablation_v1,topology,3407,T00_1__k_plus,project-root/result/v0_t_plus_local_refine_20260906_retry/selected/spambase/selected_config.json,project-root/datasets/spambase.npz,28ecfe66283f4220b62aa7a5afeb3c5e17d04eb9b5f17c99c2fb3cfcbe371bbc,completed,core,T_beta_no_snn,33.58120881207287
0.8882851554009998,0.602601138366696,external_after_embedding,2,pre_registered_benchmark_registry,0.4920292089585482,256,1,general,spambase,33.25609148852527,b0024dd4b0d6291464195a39b5e846baf7f55df93d51a0eef57120ed96ab6d45,True,False,False,False,57,2,4601,2,"['embedding_final.npy', 'predictions.npy', 'labels_true.npy', 'gate_diagnostics.npz']",73260544,5,topogate_v0_t_plus_paired_mechanism_ablation_v1,topology,42,T00_1__k_plus,project-root/result/v0_t_plus_local_refine_20260906_retry/selected/spambase/selected_config.json,project-root/datasets/spambase.npz,28ecfe66283f4220b62aa7a5afeb3c5e17d04eb9b5f17c99c2fb3cfcbe371bbc,completed,core,T_beta_no_perturb,35.09127672575414
0.886329058900239,0.5964387397965034,external_after_embedding,2,pre_registered_benchmark_registry,0.48241426557571776,256,1,general,spambase,32.080414425581694,b0024dd4b0d6291464195a39b5e846baf7f55df93d51a0eef57120ed96ab6d45,True,False,False,False,57,2,4601,2,"['embedding_final.npy', 'predictions.npy', 'labels_true.npy', 'gate_diagnostics.npz']",73260544,1,topogate_v0_t_plus_paired_mechanism_ablation_v1,topology,123,T00_1__k_plus,project-root/result/v0_t_plus_local_refine_20260906_retry/selected/spambase/selected_config.json,project-root/datasets/spambase.npz,28ecfe66283f4220b62aa7a5afeb3c5e17d04eb9b5f17c99c2fb3cfcbe371bbc,completed,core,T_beta_no_perturb,33.403947185724974
0.9087154966311671,0.6675520197376003,external_after_embedding,2,pre_registered_benchmark_registry,0.5491221648170069,256,1,general,spambase,31.275998392142355,b0024dd4b0d6291464195a39b5e846baf7f55df93d51a0eef57120ed96ab6d45,True,False,False,False,57,2,4601,2,"['embedding_final.npy', 'predictions.npy', 'labels_true.npy', 'gate_diagnostics.npz']",73260544,5,topogate_v0_t_plus_paired_mechanism_ablation_v1,topology,7,T00_1__k_plus,project-root/result/v0_t_plus_local_refine_20260906_retry/selected/spambase/selected_config.json,project-root/datasets/spambase.npz,28ecfe66283f4220b62aa7a5afeb3c5e17d04eb9b5f17c99c2fb3cfcbe371bbc,completed,core,T_beta_no_perturb,33.82112301699817
0.8856770267333188,0.5945791231335678,external_after_embedding,2,pre_registered_benchmark_registry,0.48703872526169595,256,1,general,spambase,32.760188803076744,b0024dd4b0d6291464195a39b5e846baf7f55df93d51a0eef57120ed96ab6d45,True,False,False,False,57,2,4601,2,"['embedding_final.npy', 'predictions.npy', 'labels_true.npy', 'gate_diagnostics.npz']",73260544,1,topogate_v0_t_plus_paired_mechanism_ablation_v1,topology,2025,T00_1__k_plus,project-root/result/v0_t_plus_local_refine_20260906_retry/selected/spambase/selected_config.json,project-root/datasets/spambase.npz,28ecfe66283f4220b62aa7a5afeb3c5e17d04eb9b5f17c99c2fb3cfcbe371bbc,completed,core,T_beta_no_perturb,35.44319662451744
0.8880678113453597,0.6019231508889935,external_after_embedding,2,pre_registered_benchmark_registry,0.4912523759057518,256,1,general,spambase,35.51752298232168,b0024dd4b0d6291464195a39b5e846baf7f55df93d51a0eef57120ed96ab6d45,True,False,False,False,57,2,4601,2,"['embedding_final.npy', 'predictions.npy', 'labels_true.npy', 'gate_diagnostics.npz']",73260544,5,topogate_v0_t_plus_paired_mechanism_ablation_v1,topology,3407,T00_1__k_plus,project-root/result/v0_t_plus_local_refine_20260906_retry/selected/spambase/selected_config.json,project-root/datasets/spambase.npz,28ecfe66283f4220b62aa7a5afeb3c5e17d04eb9b5f17c99c2fb3cfcbe371bbc,completed,core,T_beta_no_perturb,37.84147833939642
0.9676646706586827,0.8211431680310186,external_after_embedding,2,pre_registered_benchmark_registry,0.6679302560424474,256,1,general,sms_spam_collection,7.106228401884437,2109ff48426ef9c5191bebb60af2e162b53f8d624798d487dc17dbac773d5a00,True,False,False,False,500,2,835,2,"['embedding_final.npy', 'predictions.npy', 'labels_true.npy', 'gate_diagnostics.npz']",90703360,1,topogate_v0_t_plus_paired_mechanism_ablation_v1,topology,42,T00_0__beta_perturb_150,project-root/result/v0_t_plus_local_refine_20260906_retry/selected/sms_spam_collection/selected_config.json,project-root/datasets/sms_spam_collection.npz,1d9c068c43dc4f58e759169906dae9dff0ac6a8def7315ce7e4989a3b28d7070,completed,core,T_full,7.766208634711802
0.9676646706586827,0.8160200779410619,external_after_embedding,2,pre_registered_benchmark_registry,0.6736934517665273,256,1,general,sms_spam_collection,8.795870788395405,2109ff48426ef9c5191bebb60af2e162b53f8d624798d487dc17dbac773d5a00,True,False,False,False,500,2,835,2,"['embedding_final.npy', 'predictions.npy', 'labels_true.npy', 'gate_diagnostics.npz']",90703360,5,topogate_v0_t_plus_paired_mechanism_ablation_v1,topology,123,T00_0__beta_perturb_150,project-root/result/v0_t_plus_local_refine_20260906_retry/selected/sms_spam_collection/selected_config.json,project-root/datasets/sms_spam_collection.npz,1d9c068c43dc4f58e759169906dae9dff0ac6a8def7315ce7e4989a3b28d7070,completed,core,T_full,9.598246904090047
0.9724550898203593,0.8425005030998933,external_after_embedding,2,pre_registered_benchmark_registry,0.7163746379095828,256,1,general,sms_spam_collection,6.990191898308694,2109ff48426ef9c5191bebb60af2e162b53f8d624798d487dc17dbac773d5a00,True,False,False,False,500,2,835,2,"['embedding_final.npy', 'predictions.npy', 'labels_true.npy', 'gate_diagnostics.npz']",90703360,1,topogate_v0_t_plus_paired_mechanism_ablation_v1,topology,7,T00_0__beta_perturb_150,project-root/result/v0_t_plus_local_refine_20260906_retry/selected/sms_spam_collection/selected_config.json,project-root/datasets/sms_spam_collection.npz,1d9c068c43dc4f58e759169906dae9dff0ac6a8def7315ce7e4989a3b28d7070,completed,core,T_full,7.925225422717631
0.9688622754491018,0.8231286867113877,external_after_embedding,2,pre_registered_benchmark_registry,0.6826075611867505,256,1,general,sms_spam_collection,7.70497609116137,2109ff48426ef9c5191bebb60af2e162b53f8d624798d487dc17dbac773d5a00,True,False,False,False,500,2,835,2,"['embedding_final.npy', 'predictions.npy', 'labels_true.npy', 'gate_diagnostics.npz']",90703360,5,topogate_v0_t_plus_paired_mechanism_ablation_v1,topology,2025,T00_0__beta_perturb_150,project-root/result/v0_t_plus_local_refine_20260906_retry/selected/sms_spam_collection/selected_config.json,project-root/datasets/sms_spam_collection.npz,1d9c068c43dc4f58e759169906dae9dff0ac6a8def7315ce7e4989a3b28d7070,completed,core,T_full,8.325751055032015
0.9604790419161676,0.771419069104354,external_after_embedding,2,pre_registered_benchmark_registry,0.6255361271502126,256,1,general,sms_spam_collection,6.816733776591718,2109ff48426ef9c5191bebb60af2e162b53f8d624798d487dc17dbac773d5a00,True,False,False,False,500,2,835,2,"['embedding_final.npy', 'predictions.npy', 'labels_true.npy', 'gate_diagnostics.npz']",90703360,1,topogate_v0_t_plus_paired_mechanism_ablation_v1,topology,3407,T00_0__beta_perturb_150,project-root/result/v0_t_plus_local_refine_20260906_retry/selected/sms_spam_collection/selected_config.json,project-root/datasets/sms_spam_collection.npz,1d9c068c43dc4f58e759169906dae9dff0ac6a8def7315ce7e4989a3b28d7070,completed,core,T_full,7.75678806938231
0.962874251497006,0.7922127159136848,external_after_embedding,2,pre_registered_benchmark_registry,0.6320454357985351,256,1,general,sms_spam_collection,7.736163707450032,2109ff48426ef9c5191bebb60af2e162b53f8d624798d487dc17dbac773d5a00,True,False,False,False,500,2,835,2,"['embedding_final.npy', 'predictions.npy', 'labels_true.npy', 'gate_diagnostics.npz']",90703360,5,topogate_v0_t_plus_paired_mechanism_ablation_v1,topology,42,T00_0__beta_perturb_150,project-root/result/v0_t_plus_local_refine_20260906_retry/selected/sms_spam_collection/selected_config.json,project-root/datasets/sms_spam_collection.npz,1d9c068c43dc4f58e759169906dae9dff0ac6a8def7315ce7e4989a3b28d7070,completed,core,F_matched_total_mix,8.341202908195555
0.9652694610778443,0.8005454488109469,external_after_embedding,2,pre_registered_benchmark_registry,0.6593790258764973,256,1,general,sms_spam_collection,7.402878189459443,2109ff48426ef9c5191bebb60af2e162b53f8d624798d487dc17dbac773d5a00,True,False,False,False,500,2,835,2,"['embedding_final.npy', 'predictions.npy', 'labels_true.npy', 'gate_diagnostics.npz']",90703360,1,topogate_v0_t_plus_paired_mechanism_ablation_v1,topology,123,T00_0__beta_perturb_150,project-root/result/v0_t_plus_local_refine_20260906_retry/selected/sms_spam_collection/selected_config.json,project-root/datasets/sms_spam_collection.npz,1d9c068c43dc4f58e759169906dae9dff0ac6a8def7315ce7e4989a3b28d7070,completed,core,F_matched_total_mix,8.10382583271712
0.9676646706586827,0.8170811676992727,external_after_embedding,2,pre_registered_benchmark_registry,0.6713787101058408,256,1,general,sms_spam_collection,6.744326196610928,2109ff48426ef9c5191bebb60af2e162b53f8d624798d487dc17dbac773d5a00,True,False,False,False,500,2,835,2,"['embedding_final.npy', 'predictions.npy', 'labels_true.npy', 'gate_diagnostics.npz']",90703360,5,topogate_v0_t_plus_paired_mechanism_ablation_v1,topology,7,T00_0__beta_perturb_150,project-root/result/v0_t_plus_local_refine_20260906_retry/selected/sms_spam_collection/selected_config.json,project-root/datasets/sms_spam_collection.npz,1d9c068c43dc4f58e759169906dae9dff0ac6a8def7315ce7e4989a3b28d7070,completed,core,F_matched_total_mix,7.346102699637413
0.9556886227544911,0.7495377317151078,external_after_embedding,2,pre_registered_benchmark_registry,0.5809171087607028,256,1,general,sms_spam_collection,6.790063847787678,2109ff48426ef9c5191bebb60af2e162b53f8d624798d487dc17dbac773d5a00,True,False,False,False,500,2,835,2,"['embedding_final.npy', 'predictions.npy', 'labels_true.npy', 'gate_diagnostics.npz']",90703360,1,topogate_v0_t_plus_paired_mechanism_ablation_v1,topology,2025,T00_0__beta_perturb_150,project-root/result/v0_t_plus_local_refine_20260906_retry/selected/sms_spam_collection/selected_config.json,project-root/datasets/sms_spam_collection.npz,1d9c068c43dc4f58e759169906dae9dff0ac6a8def7315ce7e4989a3b28d7070,completed,core,F_matched_total_mix,7.610736493952572
0.9592814371257485,0.7735967200799376,external_after_embedding,2,pre_registered_benchmark_registry,0.6051219821275763,256,1,general,sms_spam_collection,6.692019691690803,2109ff48426ef9c5191bebb60af2e162b53f8d624798d487dc17dbac773d5a00,True,False,False,False,500,2,835,2,"['embedding_final.npy', 'predictions.npy', 'labels_true.npy', 'gate_diagnostics.npz']",90703360,5,topogate_v0_t_plus_paired_mechanism_ablation_v1,topology,3407,T00_0__beta_perturb_150,project-root/result/v0_t_plus_local_refine_20260906_retry/selected/sms_spam_collection/selected_config.json,project-root/datasets/sms_spam_collection.npz,1d9c068c43dc4f58e759169906dae9dff0ac6a8def7315ce7e4989a3b28d7070,completed,core,F_matched_total_mix,7.614338351413608
0.9712574850299401,0.8408613226892321,external_after_embedding,2,pre_registered_benchmark_registry,0.696349824392721,256,1,general,sms_spam_collection,8.261646789498627,2109ff48426ef9c5191bebb60af2e162b53f8d624798d487dc17dbac773d5a00,True,False,False,False,500,2,835,2,"['embedding_final.npy', 'predictions.npy', 'labels_true.npy', 'gate_diagnostics.npz']",90703360,1,topogate_v0_t_plus_paired_mechanism_ablation_v1,topology,42,T00_0__beta_perturb_150,project-root/result/v0_t_plus_local_refine_20260906_retry/selected/sms_spam_collection/selected_config.json,project-root/datasets/sms_spam_collection.npz,1d9c068c43dc4f58e759169906dae9dff0ac6a8def7315ce7e4989a3b28d7070,completed,core,T_shuffled_gate,9.317499190568924
0.9688622754491018,0.8241426947508025,external_after_embedding,2,pre_registered_benchmark_registry,0.6803794571434145,256,1,general,sms_spam_collection,7.387726164422929,2109ff48426ef9c5191bebb60af2e162b53f8d624798d487dc17dbac773d5a00,True,False,False,False,500,2,835,2,"['embedding_final.npy', 'predictions.npy', 'labels_true.npy', 'gate_diagnostics.npz']",90703360,5,topogate_v0_t_plus_paired_mechanism_ablation_v1,topology,123,T00_0__beta_perturb_150,project-root/result/v0_t_plus_local_refine_20260906_retry/selected/sms_spam_collection/selected_config.json,project-root/datasets/sms_spam_collection.npz,1d9c068c43dc4f58e759169906dae9dff0ac6a8def7315ce7e4989a3b28d7070,completed,core,T_shuffled_gate,7.994271354749799
0.9748502994011976,0.8590812138295749,external_after_embedding,2,pre_registered_benchmark_registry,0.7272116070584107,256,1,general,sms_spam_collection,7.683108282275498,2109ff48426ef9c5191bebb60af2e162b53f8d624798d487dc17dbac773d5a00,True,False,False,False,500,2,835,2,"['embedding_final.npy', 'predictions.npy', 'labels_true.npy', 'gate_diagnostics.npz']",90703360,1,topogate_v0_t_plus_paired_mechanism_ablation_v1,topology,7,T00_0__beta_perturb_150,project-root/result/v0_t_plus_local_refine_20260906_retry/selected/sms_spam_collection/selected_config.json,project-root/datasets/sms_spam_collection.npz,1d9c068c43dc4f58e759169906dae9dff0ac6a8def7315ce7e4989a3b28d7070,completed,core,T_shuffled_gate,9.231532671488822
0.9556886227544911,0.7565948238874476,external_after_embedding,2,pre_registered_benchmark_registry,0.5801947281164125,256,1,general,sms_spam_collection,7.5239951787516475,2109ff48426ef9c5191bebb60af2e162b53f8d624798d487dc17dbac773d5a00,True,False,False,False,500,2,835,2,"['embedding_final.npy', 'predictions.npy', 'labels_true.npy', 'gate_diagnostics.npz']",90703360,5,topogate_v0_t_plus_paired_mechanism_ablation_v1,topology,2025,T00_0__beta_perturb_150,project-root/result/v0_t_plus_local_refine_20260906_retry/selected/sms_spam_collection/selected_config.json,project-root/datasets/sms_spam_collection.npz,1d9c068c43dc4f58e759169906dae9dff0ac6a8def7315ce7e4989a3b28d7070,completed,core,T_shuffled_gate,8.50078394357115
0.9616766467065868,0.780074925670233,external_after_embedding,2,pre_registered_benchmark_registry,0.6304789890286422,256,1,general,sms_spam_collection,8.038117152638733,2109ff48426ef9c5191bebb60af2e162b53f8d624798d487dc17dbac773d5a00,True,False,False,False,500,2,835,2,"['embedding_final.npy', 'predictions.npy', 'labels_true.npy', 'gate_diagnostics.npz']",90703360,1,topogate_v0_t_plus_paired_mechanism_ablation_v1,topology,3407,T00_0__beta_perturb_150,project-root/result/v0_t_plus_local_refine_20260906_retry/selected/sms_spam_collection/selected_config.json,project-root/datasets/sms_spam_collection.npz,1d9c068c43dc4f58e759169906dae9dff0ac6a8def7315ce7e4989a3b28d7070,completed,core,T_shuffled_gate,9.864065590314567
0.962874251497006,0.7922127159136848,external_after_embedding,2,pre_registered_benchmark_registry,0.6320454357985351,256,1,general,sms_spam_collection,8.694863761775196,2109ff48426ef9c5191bebb60af2e162b53f8d624798d487dc17dbac773d5a00,True,False,False,False,500,2,835,2,"['embedding_final.npy', 'predictions.npy', 'labels_true.npy', 'gate_diagnostics.npz']",90703360,5,topogate_v0_t_plus_paired_mechanism_ablation_v1,topology,42,T00_0__beta_perturb_150,project-root/result/v0_t_plus_local_refine_20260906_retry/selected/sms_spam_collection/selected_config.json,project-root/datasets/sms_spam_collection.npz,1d9c068c43dc4f58e759169906dae9dff0ac6a8def7315ce7e4989a3b28d7070,completed,core,T_fixed_mean_gate,10.341749345883727
0.9652694610778443,0.8005454488109469,external_after_embedding,2,pre_registered_benchmark_registry,0.6593790258764973,256,1,general,sms_spam_collection,8.363150305114686,2109ff48426ef9c5191bebb60af2e162b53f8d624798d487dc17dbac773d5a00,True,False,False,False,500,2,835,2,"['embedding_final.npy', 'predictions.npy', 'labels_true.npy', 'gate_diagnostics.npz']",90703360,1,topogate_v0_t_plus_paired_mechanism_ablation_v1,topology,123,T00_0__beta_perturb_150,project-root/result/v0_t_plus_local_refine_20260906_retry/selected/sms_spam_collection/selected_config.json,project-root/datasets/sms_spam_collection.npz,1d9c068c43dc4f58e759169906dae9dff0ac6a8def7315ce7e4989a3b28d7070,completed,core,T_fixed_mean_gate,10.423341563902795
0.9676646706586827,0.8170811676992727,external_after_embedding,2,pre_registered_benchmark_registry,0.6713787101058408,256,1,general,sms_spam_collection,8.858724204823375,2109ff48426ef9c5191bebb60af2e162b53f8d624798d487dc17dbac773d5a00,True,False,False,False,500,2,835,2,"['embedding_final.npy', 'predictions.npy', 'labels_true.npy', 'gate_diagnostics.npz']",90703360,5,topogate_v0_t_plus_paired_mechanism_ablation_v1,topology,7,T00_0__beta_perturb_150,project-root/result/v0_t_plus_local_refine_20260906_retry/selected/sms_spam_collection/selected_config.json,project-root/datasets/sms_spam_collection.npz,1d9c068c43dc4f58e759169906dae9dff0ac6a8def7315ce7e4989a3b28d7070,completed,core,T_fixed_mean_gate,10.496215785853565
0.9580838323353293,0.765230688282895,external_after_embedding,2,pre_registered_benchmark_registry,0.5968850466299905,256,1,general,sms_spam_collection,9.663723781704903,2109ff48426ef9c5191bebb60af2e162b53f8d624798d487dc17dbac773d5a00,True,False,False,False,500,2,835,2,"['embedding_final.npy', 'predictions.npy', 'labels_true.npy', 'gate_diagnostics.npz']",90703360,1,topogate_v0_t_plus_paired_mechanism_ablation_v1,topology,2025,T00_0__beta_perturb_150,project-root/result/v0_t_plus_local_refine_20260906_retry/selected/sms_spam_collection/selected_config.json,project-root/datasets/sms_spam_collection.npz,1d9c068c43dc4f58e759169906dae9dff0ac6a8def7315ce7e4989a3b28d7070,completed,core,T_fixed_mean_gate,10.32298753131181
0.9592814371257485,0.7735967200799376,external_after_embedding,2,pre_registered_benchmark_registry,0.6051219821275763,256,1,general,sms_spam_collection,7.850288073532283,2109ff48426ef9c5191bebb60af2e162b53f8d624798d487dc17dbac773d5a00,True,False,False,False,500,2,835,2,"['embedding_final.npy', 'predictions.npy', 'labels_true.npy', 'gate_diagnostics.npz']",90703360,5,topogate_v0_t_plus_paired_mechanism_ablation_v1,topology,3407,T00_0__beta_perturb_150,project-root/result/v0_t_plus_local_refine_20260906_retry/selected/sms_spam_collection/selected_config.json,project-root/datasets/sms_spam_collection.npz,1d9c068c43dc4f58e759169906dae9dff0ac6a8def7315ce7e4989a3b28d7070,completed,core,T_fixed_mean_gate,8.775798315182328
0.9676646706586827,0.8201541921671935,external_after_embedding,2,pre_registered_benchmark_registry,0.6680401891560197,256,1,general,sms_spam_collection,7.830602535046637,2109ff48426ef9c5191bebb60af2e162b53f8d624798d487dc17dbac773d5a00,True,False,False,False,500,2,835,2,"['embedding_final.npy', 'predictions.npy', 'labels_true.npy', 'gate_diagnostics.npz']",90703360,1,topogate_v0_t_plus_paired_mechanism_ablation_v1,topology,42,T00_0__beta_perturb_150,project-root/result/v0_t_plus_local_refine_20260906_retry/selected/sms_spam_collection/selected_config.json,project-root/datasets/sms_spam_collection.npz,1d9c068c43dc4f58e759169906dae9dff0ac6a8def7315ce7e4989a3b28d7070,completed,core,T_random_neighbor,8.87966167833656
0.9664670658682635,0.8088852350167094,external_after_embedding,2,pre_registered_benchmark_registry,0.6648769635998,256,1,general,sms_spam_collection,6.829098046757281,2109ff48426ef9c5191bebb60af2e162b53f8d624798d487dc17dbac773d5a00,True,False,False,False,500,2,835,2,"['embedding_final.npy', 'predictions.npy', 'labels_true.npy', 'gate_diagnostics.npz']",90703360,5,topogate_v0_t_plus_paired_mechanism_ablation_v1,topology,123,T00_0__beta_perturb_150,project-root/result/v0_t_plus_local_refine_20260906_retry/selected/sms_spam_collection/selected_config.json,project-root/datasets/sms_spam_collection.npz,1d9c068c43dc4f58e759169906dae9dff0ac6a8def7315ce7e4989a3b28d7070,completed,core,T_random_neighbor,7.548563858494163
0.9724550898203593,0.8425005030998933,external_after_embedding,2,pre_registered_benchmark_registry,0.7163746379095828,256,1,general,sms_spam_collection,7.300170348025858,2109ff48426ef9c5191bebb60af2e162b53f8d624798d487dc17dbac773d5a00,True,False,False,False,500,2,835,2,"['embedding_final.npy', 'predictions.npy', 'labels_true.npy', 'gate_diagnostics.npz']",90703360,1,topogate_v0_t_plus_paired_mechanism_ablation_v1,topology,7,T00_0__beta_perturb_150,project-root/result/v0_t_plus_local_refine_20260906_retry/selected/sms_spam_collection/selected_config.json,project-root/datasets/sms_spam_collection.npz,1d9c068c43dc4f58e759169906dae9dff0ac6a8def7315ce7e4989a3b28d7070,completed,core,T_random_neighbor,8.340502621605992
0.9688622754491018,0.8231286867113877,external_after_embedding,2,pre_registered_benchmark_registry,0.6826075611867505,256,1,general,sms_spam_collection,6.284239097498357,2109ff48426ef9c5191bebb60af2e162b53f8d624798d487dc17dbac773d5a00,True,False,False,False,500,2,835,2,"['embedding_final.npy', 'predictions.npy', 'labels_true.npy', 'gate_diagnostics.npz']",90703360,5,topogate_v0_t_plus_paired_mechanism_ablation_v1,topology,2025,T00_0__beta_perturb_150,project-root/result/v0_t_plus_local_refine_20260906_retry/selected/sms_spam_collection/selected_config.json,project-root/datasets/sms_spam_collection.npz,1d9c068c43dc4f58e759169906dae9dff0ac6a8def7315ce7e4989a3b28d7070,completed,core,T_random_neighbor,7.037309524603188
0.9604790419161676,0.771419069104354,external_after_embedding,2,pre_registered_benchmark_registry,0.6255361271502126,256,1,general,sms_spam_collection,6.845166061073542,2109ff48426ef9c5191bebb60af2e162b53f8d624798d487dc17dbac773d5a00,True,False,False,False,500,2,835,2,"['embedding_final.npy', 'predictions.npy', 'labels_true.npy', 'gate_diagnostics.npz']",90703360,1,topogate_v0_t_plus_paired_mechanism_ablation_v1,topology,3407,T00_0__beta_perturb_150,project-root/result/v0_t_plus_local_refine_20260906_retry/selected/sms_spam_collection/selected_config.json,project-root/datasets/sms_spam_collection.npz,1d9c068c43dc4f58e759169906dae9dff0ac6a8def7315ce7e4989a3b28d7070,completed,core,T_random_neighbor,7.54986653663218
0.9604790419161676,0.7780926927176821,external_after_embedding,2,pre_registered_benchmark_registry,0.6146646973339981,256,1,general,sms_spam_collection,3.736061700619757,2109ff48426ef9c5191bebb60af2e162b53f8d624798d487dc17dbac773d5a00,True,False,False,False,500,2,835,2,"['embedding_final.npy', 'predictions.npy', 'labels_true.npy', 'gate_diagnostics.npz']",84648448,5,topogate_v0_t_plus_paired_mechanism_ablation_v1,topology,42,T00_0__beta_perturb_150,project-root/result/v0_t_plus_local_refine_20260906_retry/selected/sms_spam_collection/selected_config.json,project-root/datasets/sms_spam_collection.npz,1d9c068c43dc4f58e759169906dae9dff0ac6a8def7315ce7e4989a3b28d7070,completed,core,T_no_vicinal,4.613531873561442
0.9640718562874252,0.7933067191366799,external_after_embedding,2,pre_registered_benchmark_registry,0.6508069447260318,256,1,general,sms_spam_collection,3.477085594087839,2109ff48426ef9c5191bebb60af2e162b53f8d624798d487dc17dbac773d5a00,True,False,False,False,500,2,835,2,"['embedding_final.npy', 'predictions.npy', 'labels_true.npy', 'gate_diagnostics.npz']",84648448,1,topogate_v0_t_plus_paired_mechanism_ablation_v1,topology,123,T00_0__beta_perturb_150,project-root/result/v0_t_plus_local_refine_20260906_retry/selected/sms_spam_collection/selected_config.json,project-root/datasets/sms_spam_collection.npz,1d9c068c43dc4f58e759169906dae9dff0ac6a8def7315ce7e4989a3b28d7070,completed,core,T_no_vicinal,4.265469094738364
0.9676646706586827,0.8170811676992727,external_after_embedding,2,pre_registered_benchmark_registry,0.6713787101058408,256,1,general,sms_spam_collection,2.964307797141373,2109ff48426ef9c5191bebb60af2e162b53f8d624798d487dc17dbac773d5a00,True,False,False,False,500,2,835,2,"['embedding_final.npy', 'predictions.npy', 'labels_true.npy', 'gate_diagnostics.npz']",84648448,5,topogate_v0_t_plus_paired_mechanism_ablation_v1,topology,7,T00_0__beta_perturb_150,project-root/result/v0_t_plus_local_refine_20260906_retry/selected/sms_spam_collection/selected_config.json,project-root/datasets/sms_spam_collection.npz,1d9c068c43dc4f58e759169906dae9dff0ac6a8def7315ce7e4989a3b28d7070,completed,core,T_no_vicinal,3.6978729739785194
0.9580838323353293,0.7610709577610384,external_after_embedding,2,pre_registered_benchmark_registry,0.6004620289082407,256,1,general,sms_spam_collection,2.8762318370863795,2109ff48426ef9c5191bebb60af2e162b53f8d624798d487dc17dbac773d5a00,True,False,False,False,500,2,835,2,"['embedding_final.npy', 'predictions.npy', 'labels_true.npy', 'gate_diagnostics.npz']",84648448,1,topogate_v0_t_plus_paired_mechanism_ablation_v1,topology,2025,T00_0__beta_perturb_150,project-root/result/v0_t_plus_local_refine_20260906_retry/selected/sms_spam_collection/selected_config.json,project-root/datasets/sms_spam_collection.npz,1d9c068c43dc4f58e759169906dae9dff0ac6a8def7315ce7e4989a3b28d7070,completed,core,T_no_vicinal,4.204380614683032
0.9616766467065868,0.780074925670233,external_after_embedding,2,pre_registered_benchmark_registry,0.6304789890286422,256,1,general,sms_spam_collection,3.0170085318386555,2109ff48426ef9c5191bebb60af2e162b53f8d624798d487dc17dbac773d5a00,True,False,False,False,500,2,835,2,"['embedding_final.npy', 'predictions.npy', 'labels_true.npy', 'gate_diagnostics.npz']",84648448,5,topogate_v0_t_plus_paired_mechanism_ablation_v1,topology,3407,T00_0__beta_perturb_150,project-root/result/v0_t_plus_local_refine_20260906_retry/selected/sms_spam_collection/selected_config.json,project-root/datasets/sms_spam_collection.npz,1d9c068c43dc4f58e759169906dae9dff0ac6a8def7315ce7e4989a3b28d7070,completed,core,T_no_vicinal,4.584507221356034
0.9676646706586827,0.8230704260459342,external_after_embedding,2,pre_registered_benchmark_registry,0.6690035527897521,256,1,general,sms_spam_collection,8.030402669683099,2109ff48426ef9c5191bebb60af2e162b53f8d624798d487dc17dbac773d5a00,True,False,False,False,500,2,835,2,"['embedding_final.npy', 'predictions.npy', 'labels_true.npy', 'gate_diagnostics.npz']",90703360,1,topogate_v0_t_plus_paired_mechanism_ablation_v1,unit,42,T00_0__beta_perturb_150,project-root/result/v0_t_plus_local_refine_20260906_retry/selected/sms_spam_collection/selected_config.json,project-root/datasets/sms_spam_collection.npz,1d9c068c43dc4f58e759169906dae9dff0ac6a8def7315ce7e4989a3b28d7070,completed,core,T_uniform_pseudo_loss,9.08537557721138
0.9688622754491018,0.8241426947508025,external_after_embedding,2,pre_registered_benchmark_registry,0.6803794571434145,256,1,general,sms_spam_collection,6.172130902297795,2109ff48426ef9c5191bebb60af2e162b53f8d624798d487dc17dbac773d5a00,True,False,False,False,500,2,835,2,"['embedding_final.npy', 'predictions.npy', 'labels_true.npy', 'gate_diagnostics.npz']",90703360,5,topogate_v0_t_plus_paired_mechanism_ablation_v1,unit,123,T00_0__beta_perturb_150,project-root/result/v0_t_plus_local_refine_20260906_retry/selected/sms_spam_collection/selected_config.json,project-root/datasets/sms_spam_collection.npz,1d9c068c43dc4f58e759169906dae9dff0ac6a8def7315ce7e4989a3b28d7070,completed,core,T_uniform_pseudo_loss,6.856372426263988
0.9712574850299401,0.8372688699548169,external_after_embedding,2,pre_registered_benchmark_registry,0.7007543676007618,256,1,general,sms_spam_collection,7.758526283316314,2109ff48426ef9c5191bebb60af2e162b53f8d624798d487dc17dbac773d5a00,True,False,False,False,500,2,835,2,"['embedding_final.npy', 'predictions.npy', 'labels_true.npy', 'gate_diagnostics.npz']",90703360,1,topogate_v0_t_plus_paired_mechanism_ablation_v1,unit,7,T00_0__beta_perturb_150,project-root/result/v0_t_plus_local_refine_20260906_retry/selected/sms_spam_collection/selected_config.json,project-root/datasets/sms_spam_collection.npz,1d9c068c43dc4f58e759169906dae9dff0ac6a8def7315ce7e4989a3b28d7070,completed,core,T_uniform_pseudo_loss,8.725945645943284
0.962874251497006,0.7922127159136848,external_after_embedding,2,pre_registered_benchmark_registry,0.6320454357985351,256,1,general,sms_spam_collection,7.643612504005432,2109ff48426ef9c5191bebb60af2e162b53f8d624798d487dc17dbac773d5a00,True,False,False,False,500,2,835,2,"['embedding_final.npy', 'predictions.npy', 'labels_true.npy', 'gate_diagnostics.npz']",90703360,5,topogate_v0_t_plus_paired_mechanism_ablation_v1,unit,2025,T00_0__beta_perturb_150,project-root/result/v0_t_plus_local_refine_20260906_retry/selected/sms_spam_collection/selected_config.json,project-root/datasets/sms_spam_collection.npz,1d9c068c43dc4f58e759169906dae9dff0ac6a8def7315ce7e4989a3b28d7070,completed,core,T_uniform_pseudo_loss,9.313344208523631
0.9652694610778443,0.8028810644386863,external_after_embedding,2,pre_registered_benchmark_registry,0.653683025834893,256,1,general,sms_spam_collection,8.975898025557399,2109ff48426ef9c5191bebb60af2e162b53f8d624798d487dc17dbac773d5a00,True,False,False,False,500,2,835,2,"['embedding_final.npy', 'predictions.npy', 'labels_true.npy', 'gate_diagnostics.npz']",90703360,1,topogate_v0_t_plus_paired_mechanism_ablation_v1,unit,3407,T00_0__beta_perturb_150,project-root/result/v0_t_plus_local_refine_20260906_retry/selected/sms_spam_collection/selected_config.json,project-root/datasets/sms_spam_collection.npz,1d9c068c43dc4f58e759169906dae9dff0ac6a8def7315ce7e4989a3b28d7070,completed,core,T_uniform_pseudo_loss,10.74545298423618
0.9676646706586827,0.8211431680310186,external_after_embedding,2,pre_registered_benchmark_registry,0.6679302560424474,256,1,general,sms_spam_collection,8.4153565261513,2109ff48426ef9c5191bebb60af2e162b53f8d624798d487dc17dbac773d5a00,True,False,False,False,500,2,835,2,"['embedding_final.npy', 'predictions.npy', 'labels_true.npy', 'gate_diagnostics.npz']",90703360,5,topogate_v0_t_plus_paired_mechanism_ablation_v1,topology,42,T00_0__beta_perturb_150,project-root/result/v0_t_plus_local_refine_20260906_retry/selected/sms_spam_collection/selected_config.json,project-root/datasets/sms_spam_collection.npz,1d9c068c43dc4f58e759169906dae9dff0ac6a8def7315ce7e4989a3b28d7070,completed,core,T_edge_none,9.01229837629944
0.9640718562874252,0.7945351405670672,external_after_embedding,2,pre_registered_benchmark_registry,0.647514341247114,256,1,general,sms_spam_collection,7.795936461538076,2109ff48426ef9c5191bebb60af2e162b53f8d624798d487dc17dbac773d5a00,True,False,False,False,500,2,835,2,"['embedding_final.npy', 'predictions.npy', 'labels_true.npy', 'gate_diagnostics.npz']",90703360,1,topogate_v0_t_plus_paired_mechanism_ablation_v1,topology,123,T00_0__beta_perturb_150,project-root/result/v0_t_plus_local_refine_20260906_retry/selected/sms_spam_collection/selected_config.json,project-root/datasets/sms_spam_collection.npz,1d9c068c43dc4f58e759169906dae9dff0ac6a8def7315ce7e4989a3b28d7070,completed,core,T_edge_none,8.935693079605699
0.9724550898203593,0.8425005030998933,external_after_embedding,2,pre_registered_benchmark_registry,0.7163746379095828,256,1,general,sms_spam_collection,8.541173360310495,2109ff48426ef9c5191bebb60af2e162b53f8d624798d487dc17dbac773d5a00,True,False,False,False,500,2,835,2,"['embedding_final.npy', 'predictions.npy', 'labels_true.npy', 'gate_diagnostics.npz']",90703360,5,topogate_v0_t_plus_paired_mechanism_ablation_v1,topology,7,T00_0__beta_perturb_150,project-root/result/v0_t_plus_local_refine_20260906_retry/selected/sms_spam_collection/selected_config.json,project-root/datasets/sms_spam_collection.npz,1d9c068c43dc4f58e759169906dae9dff0ac6a8def7315ce7e4989a3b28d7070,completed,core,T_edge_none,11.033872810192406
0.9688622754491018,0.8231286867113877,external_after_embedding,2,pre_registered_benchmark_registry,0.6826075611867505,256,1,general,sms_spam_collection,8.592548507265747,2109ff48426ef9c5191bebb60af2e162b53f8d624798d487dc17dbac773d5a00,True,False,False,False,500,2,835,2,"['embedding_final.npy', 'predictions.npy', 'labels_true.npy', 'gate_diagnostics.npz']",90703360,1,topogate_v0_t_plus_paired_mechanism_ablation_v1,topology,2025,T00_0__beta_perturb_150,project-root/result/v0_t_plus_local_refine_20260906_retry/selected/sms_spam_collection/selected_config.json,project-root/datasets/sms_spam_collection.npz,1d9c068c43dc4f58e759169906dae9dff0ac6a8def7315ce7e4989a3b28d7070,completed,core,T_edge_none,9.925263020209968
0.9604790419161676,0.771419069104354,external_after_embedding,2,pre_registered_benchmark_registry,0.6255361271502126,256,1,general,sms_spam_collection,9.83782332483679,2109ff48426ef9c5191bebb60af2e162b53f8d624798d487dc17dbac773d5a00,True,False,False,False,500,2,835,2,"['embedding_final.npy', 'predictions.npy', 'labels_true.npy', 'gate_diagnostics.npz']",90703360,5,topogate_v0_t_plus_paired_mechanism_ablation_v1,topology,3407,T00_0__beta_perturb_150,project-root/result/v0_t_plus_local_refine_20260906_retry/selected/sms_spam_collection/selected_config.json,project-root/datasets/sms_spam_collection.npz,1d9c068c43dc4f58e759169906dae9dff0ac6a8def7315ce7e4989a3b28d7070,completed,core,T_edge_none,12.260124259628356
0.9676646706586827,0.8211431680310186,external_after_embedding,2,pre_registered_benchmark_registry,0.6679302560424474,256,1,general,sms_spam_collection,8.279819541610777,2109ff48426ef9c5191bebb60af2e162b53f8d624798d487dc17dbac773d5a00,True,False,False,False,500,2,835,2,"['embedding_final.npy', 'predictions.npy', 'labels_true.npy', 'gate_diagnostics.npz']",90703360,1,topogate_v0_t_plus_paired_mechanism_ablation_v1,topology,42,T00_0__beta_perturb_150,project-root/result/v0_t_plus_local_refine_20260906_retry/selected/sms_spam_collection/selected_config.json,project-root/datasets/sms_spam_collection.npz,1d9c068c43dc4f58e759169906dae9dff0ac6a8def7315ce7e4989a3b28d7070,completed,core,T_edge_sim,10.182436878792942
0.9676646706586827,0.8160200779410619,external_after_embedding,2,pre_registered_benchmark_registry,0.6736934517665273,256,1,general,sms_spam_collection,10.141170426271856,2109ff48426ef9c5191bebb60af2e162b53f8d624798d487dc17dbac773d5a00,True,False,False,False,500,2,835,2,"['embedding_final.npy', 'predictions.npy', 'labels_true.npy', 'gate_diagnostics.npz']",90703360,5,topogate_v0_t_plus_paired_mechanism_ablation_v1,topology,123,T00_0__beta_perturb_150,project-root/result/v0_t_plus_local_refine_20260906_retry/selected/sms_spam_collection/selected_config.json,project-root/datasets/sms_spam_collection.npz,1d9c068c43dc4f58e759169906dae9dff0ac6a8def7315ce7e4989a3b28d7070,completed,core,T_edge_sim,12.519816003739834
0.9724550898203593,0.8425005030998933,external_after_embedding,2,pre_registered_benchmark_registry,0.7163746379095828,256,1,general,sms_spam_collection,8.203591344878078,2109ff48426ef9c5191bebb60af2e162b53f8d624798d487dc17dbac773d5a00,True,False,False,False,500,2,835,2,"['embedding_final.npy', 'predictions.npy', 'labels_true.npy', 'gate_diagnostics.npz']",90703360,1,topogate_v0_t_plus_paired_mechanism_ablation_v1,topology,7,T00_0__beta_perturb_150,project-root/result/v0_t_plus_local_refine_20260906_retry/selected/sms_spam_collection/selected_config.json,project-root/datasets/sms_spam_collection.npz,1d9c068c43dc4f58e759169906dae9dff0ac6a8def7315ce7e4989a3b28d7070,completed,core,T_edge_sim,10.088449702598155
0.9688622754491018,0.8231286867113877,external_after_embedding,2,pre_registered_benchmark_registry,0.6826075611867505,256,1,general,sms_spam_collection,8.984149830415845,2109ff48426ef9c5191bebb60af2e162b53f8d624798d487dc17dbac773d5a00,True,False,False,False,500,2,835,2,"['embedding_final.npy', 'predictions.npy', 'labels_true.npy', 'gate_diagnostics.npz']",90703360,5,topogate_v0_t_plus_paired_mechanism_ablation_v1,topology,2025,T00_0__beta_perturb_150,project-root/result/v0_t_plus_local_refine_20260906_retry/selected/sms_spam_collection/selected_config.json,project-root/datasets/sms_spam_collection.npz,1d9c068c43dc4f58e759169906dae9dff0ac6a8def7315ce7e4989a3b28d7070,completed,core,T_edge_sim,11.35259774979204
0.9616766467065868,0.7787439899110272,external_after_embedding,2,pre_registered_benchmark_registry,0.6338895701957625,256,1,general,sms_spam_collection,7.392309622839093,2109ff48426ef9c5191bebb60af2e162b53f8d624798d487dc17dbac773d5a00,True,False,False,False,500,2,835,2,"['embedding_final.npy', 'predictions.npy', 'labels_true.npy', 'gate_diagnostics.npz']",90703360,1,topogate_v0_t_plus_paired_mechanism_ablation_v1,topology,3407,T00_0__beta_perturb_150,project-root/result/v0_t_plus_local_refine_20260906_retry/selected/sms_spam_collection/selected_config.json,project-root/datasets/sms_spam_collection.npz,1d9c068c43dc4f58e759169906dae9dff0ac6a8def7315ce7e4989a3b28d7070,completed,core,T_edge_sim,9.596945496276021
0.9676646706586827,0.8211431680310186,external_after_embedding,2,pre_registered_benchmark_registry,0.6679302560424474,256,1,general,sms_spam_collection,8.434468612074852,2109ff48426ef9c5191bebb60af2e162b53f8d624798d487dc17dbac773d5a00,True,False,False,False,500,2,835,2,"['embedding_final.npy', 'predictions.npy', 'labels_true.npy', 'gate_diagnostics.npz']",90703360,5,topogate_v0_t_plus_paired_mechanism_ablation_v1,topology,42,T00_0__beta_perturb_150,project-root/result/v0_t_plus_local_refine_20260906_retry/selected/sms_spam_collection/selected_config.json,project-root/datasets/sms_spam_collection.npz,1d9c068c43dc4f58e759169906dae9dff0ac6a8def7315ce7e4989a3b28d7070,completed,core,T_edge_sim_mutual,10.81492244452238
0.9676646706586827,0.8160200779410619,external_after_embedding,2,pre_registered_benchmark_registry,0.6736934517665273,256,1,general,sms_spam_collection,8.559288607910275,2109ff48426ef9c5191bebb60af2e162b53f8d624798d487dc17dbac773d5a00,True,False,False,False,500,2,835,2,"['embedding_final.npy', 'predictions.npy', 'labels_true.npy', 'gate_diagnostics.npz']",90703360,1,topogate_v0_t_plus_paired_mechanism_ablation_v1,topology,123,T00_0__beta_perturb_150,project-root/result/v0_t_plus_local_refine_20260906_retry/selected/sms_spam_collection/selected_config.json,project-root/datasets/sms_spam_collection.npz,1d9c068c43dc4f58e759169906dae9dff0ac6a8def7315ce7e4989a3b28d7070,completed,core,T_edge_sim_mutual,10.836838573217392
0.9724550898203593,0.8425005030998933,external_after_embedding,2,pre_registered_benchmark_registry,0.7163746379095828,256,1,general,sms_spam_collection,8.628385696560144,2109ff48426ef9c5191bebb60af2e162b53f8d624798d487dc17dbac773d5a00,True,False,False,False,500,2,835,2,"['embedding_final.npy', 'predictions.npy', 'labels_true.npy', 'gate_diagnostics.npz']",90703360,5,topogate_v0_t_plus_paired_mechanism_ablation_v1,topology,7,T00_0__beta_perturb_150,project-root/result/v0_t_plus_local_refine_20260906_retry/selected/sms_spam_collection/selected_config.json,project-root/datasets/sms_spam_collection.npz,1d9c068c43dc4f58e759169906dae9dff0ac6a8def7315ce7e4989a3b28d7070,completed,core,T_edge_sim_mutual,10.693647933192551
0.9688622754491018,0.8231286867113877,external_after_embedding,2,pre_registered_benchmark_registry,0.6826075611867505,256,1,general,sms_spam_collection,6.736165711656213,2109ff48426ef9c5191bebb60af2e162b53f8d624798d487dc17dbac773d5a00,True,False,False,False,500,2,835,2,"['embedding_final.npy', 'predictions.npy', 'labels_true.npy', 'gate_diagnostics.npz']",90703360,1,topogate_v0_t_plus_paired_mechanism_ablation_v1,topology,2025,T00_0__beta_perturb_150,project-root/result/v0_t_plus_local_refine_20260906_retry/selected/sms_spam_collection/selected_config.json,project-root/datasets/sms_spam_collection.npz,1d9c068c43dc4f58e759169906dae9dff0ac6a8def7315ce7e4989a3b28d7070,completed,core,T_edge_sim_mutual,7.455961199477315
0.9616766467065868,0.7787439899110272,external_after_embedding,2,pre_registered_benchmark_registry,0.6338895701957625,256,1,general,sms_spam_collection,7.535175234079361,2109ff48426ef9c5191bebb60af2e162b53f8d624798d487dc17dbac773d5a00,True,False,False,False,500,2,835,2,"['embedding_final.npy', 'predictions.npy', 'labels_true.npy', 'gate_diagnostics.npz']",90703360,5,topogate_v0_t_plus_paired_mechanism_ablation_v1,topology,3407,T00_0__beta_perturb_150,project-root/result/v0_t_plus_local_refine_20260906_retry/selected/sms_spam_collection/selected_config.json,project-root/datasets/sms_spam_collection.npz,1d9c068c43dc4f58e759169906dae9dff0ac6a8def7315ce7e4989a3b28d7070,completed,core,T_edge_sim_mutual,8.383407239802182
0.9676646706586827,0.8211431680310186,external_after_embedding,2,pre_registered_benchmark_registry,0.6679302560424474,256,1,general,sms_spam_collection,8.068884529173374,2109ff48426ef9c5191bebb60af2e162b53f8d624798d487dc17dbac773d5a00,True,False,False,False,500,2,835,2,"['embedding_final.npy', 'predictions.npy', 'labels_true.npy', 'gate_diagnostics.npz']",90703360,1,topogate_v0_t_plus_paired_mechanism_ablation_v1,topology,42,T00_0__beta_perturb_150,project-root/result/v0_t_plus_local_refine_20260906_retry/selected/sms_spam_collection/selected_config.json,project-root/datasets/sms_spam_collection.npz,1d9c068c43dc4f58e759169906dae9dff0ac6a8def7315ce7e4989a3b28d7070,completed,core,T_edge_sim_mutual_snn,9.449142154306173
0.9676646706586827,0.8160200779410619,external_after_embedding,2,pre_registered_benchmark_registry,0.6736934517665273,256,1,general,sms_spam_collection,6.400612913072109,2109ff48426ef9c5191bebb60af2e162b53f8d624798d487dc17dbac773d5a00,True,False,False,False,500,2,835,2,"['embedding_final.npy', 'predictions.npy', 'labels_true.npy', 'gate_diagnostics.npz']",90703360,5,topogate_v0_t_plus_paired_mechanism_ablation_v1,topology,123,T00_0__beta_perturb_150,project-root/result/v0_t_plus_local_refine_20260906_retry/selected/sms_spam_collection/selected_config.json,project-root/datasets/sms_spam_collection.npz,1d9c068c43dc4f58e759169906dae9dff0ac6a8def7315ce7e4989a3b28d7070,completed,core,T_edge_sim_mutual_snn,7.035403578542173
0.9724550898203593,0.8425005030998933,external_after_embedding,2,pre_registered_benchmark_registry,0.7163746379095828,256,1,general,sms_spam_collection,7.598788852803409,2109ff48426ef9c5191bebb60af2e162b53f8d624798d487dc17dbac773d5a00,True,False,False,False,500,2,835,2,"['embedding_final.npy', 'predictions.npy', 'labels_true.npy', 'gate_diagnostics.npz']",90703360,1,topogate_v0_t_plus_paired_mechanism_ablation_v1,topology,7,T00_0__beta_perturb_150,project-root/result/v0_t_plus_local_refine_20260906_retry/selected/sms_spam_collection/selected_config.json,project-root/datasets/sms_spam_collection.npz,1d9c068c43dc4f58e759169906dae9dff0ac6a8def7315ce7e4989a3b28d7070,completed,core,T_edge_sim_mutual_snn,10.078367876820266
0.9688622754491018,0.8231286867113877,external_after_embedding,2,pre_registered_benchmark_registry,0.6826075611867505,256,1,general,sms_spam_collection,6.532613354735076,2109ff48426ef9c5191bebb60af2e162b53f8d624798d487dc17dbac773d5a00,True,False,False,False,500,2,835,2,"['embedding_final.npy', 'predictions.npy', 'labels_true.npy', 'gate_diagnostics.npz']",90703360,5,topogate_v0_t_plus_paired_mechanism_ablation_v1,topology,2025,T00_0__beta_perturb_150,project-root/result/v0_t_plus_local_refine_20260906_retry/selected/sms_spam_collection/selected_config.json,project-root/datasets/sms_spam_collection.npz,1d9c068c43dc4f58e759169906dae9dff0ac6a8def7315ce7e4989a3b28d7070,completed,core,T_edge_sim_mutual_snn,7.260094824247062
0.9604790419161676,0.771419069104354,external_after_embedding,2,pre_registered_benchmark_registry,0.6255361271502126,256,1,general,sms_spam_collection,8.874211118556559,2109ff48426ef9c5191bebb60af2e162b53f8d624798d487dc17dbac773d5a00,True,False,False,False,500,2,835,2,"['embedding_final.npy', 'predictions.npy', 'labels_true.npy', 'gate_diagnostics.npz']",90703360,1,topogate_v0_t_plus_paired_mechanism_ablation_v1,topology,3407,T00_0__beta_perturb_150,project-root/result/v0_t_plus_local_refine_20260906_retry/selected/sms_spam_collection/selected_config.json,project-root/datasets/sms_spam_collection.npz,1d9c068c43dc4f58e759169906dae9dff0ac6a8def7315ce7e4989a3b28d7070,completed,core,T_edge_sim_mutual_snn,11.57111450843513
0.9676646706586827,0.8211431680310186,external_after_embedding,2,pre_registered_benchmark_registry,0.6679302560424474,256,1,general,sms_spam_collection,6.31016362644732,2109ff48426ef9c5191bebb60af2e162b53f8d624798d487dc17dbac773d5a00,True,False,False,False,500,2,835,2,"['embedding_final.npy', 'predictions.npy', 'labels_true.npy', 'gate_diagnostics.npz']",90703360,5,topogate_v0_t_plus_paired_mechanism_ablation_v1,topology,42,T00_0__beta_perturb_150,project-root/result/v0_t_plus_local_refine_20260906_retry/selected/sms_spam_collection/selected_config.json,project-root/datasets/sms_spam_collection.npz,1d9c068c43dc4f58e759169906dae9dff0ac6a8def7315ce7e4989a3b28d7070,completed,core,T_edge_sim_mutual_snn_distance,7.629012377932668
0.9676646706586827,0.8160200779410619,external_after_embedding,2,pre_registered_benchmark_registry,0.6736934517665273,256,1,general,sms_spam_collection,9.070528218522668,2109ff48426ef9c5191bebb60af2e162b53f8d624798d487dc17dbac773d5a00,True,False,False,False,500,2,835,2,"['embedding_final.npy', 'predictions.npy', 'labels_true.npy', 'gate_diagnostics.npz']",90703360,1,topogate_v0_t_plus_paired_mechanism_ablation_v1,topology,123,T00_0__beta_perturb_150,project-root/result/v0_t_plus_local_refine_20260906_retry/selected/sms_spam_collection/selected_config.json,project-root/datasets/sms_spam_collection.npz,1d9c068c43dc4f58e759169906dae9dff0ac6a8def7315ce7e4989a3b28d7070,completed,core,T_edge_sim_mutual_snn_distance,11.442709179595113
0.9724550898203593,0.8425005030998933,external_after_embedding,2,pre_registered_benchmark_registry,0.7163746379095828,256,1,general,sms_spam_collection,8.016599552705884,2109ff48426ef9c5191bebb60af2e162b53f8d624798d487dc17dbac773d5a00,True,False,False,False,500,2,835,2,"['embedding_final.npy', 'predictions.npy', 'labels_true.npy', 'gate_diagnostics.npz']",90703360,5,topogate_v0_t_plus_paired_mechanism_ablation_v1,topology,7,T00_0__beta_perturb_150,project-root/result/v0_t_plus_local_refine_20260906_retry/selected/sms_spam_collection/selected_config.json,project-root/datasets/sms_spam_collection.npz,1d9c068c43dc4f58e759169906dae9dff0ac6a8def7315ce7e4989a3b28d7070,completed,core,T_edge_sim_mutual_snn_distance,8.75735954195261
0.9688622754491018,0.8231286867113877,external_after_embedding,2,pre_registered_benchmark_registry,0.6826075611867505,256,1,general,sms_spam_collection,10.012129134498537,2109ff48426ef9c5191bebb60af2e162b53f8d624798d487dc17dbac773d5a00,True,False,False,False,500,2,835,2,"['embedding_final.npy', 'predictions.npy', 'labels_true.npy', 'gate_diagnostics.npz']",90703360,1,topogate_v0_t_plus_paired_mechanism_ablation_v1,topology,2025,T00_0__beta_perturb_150,project-root/result/v0_t_plus_local_refine_20260906_retry/selected/sms_spam_collection/selected_config.json,project-root/datasets/sms_spam_collection.npz,1d9c068c43dc4f58e759169906dae9dff0ac6a8def7315ce7e4989a3b28d7070,completed,core,T_edge_sim_mutual_snn_distance,12.25367989204824
0.9604790419161676,0.771419069104354,external_after_embedding,2,pre_registered_benchmark_registry,0.6255361271502126,256,1,general,sms_spam_collection,7.3912092270329595,2109ff48426ef9c5191bebb60af2e162b53f8d624798d487dc17dbac773d5a00,True,False,False,False,500,2,835,2,"['embedding_final.npy', 'predictions.npy', 'labels_true.npy', 'gate_diagnostics.npz']",90703360,5,topogate_v0_t_plus_paired_mechanism_ablation_v1,topology,3407,T00_0__beta_perturb_150,project-root/result/v0_t_plus_local_refine_20260906_retry/selected/sms_spam_collection/selected_config.json,project-root/datasets/sms_spam_collection.npz,1d9c068c43dc4f58e759169906dae9dff0ac6a8def7315ce7e4989a3b28d7070,completed,core,T_edge_sim_mutual_snn_distance,8.014015273191035
0.9688622754491018,0.8261177755930783,external_after_embedding,2,pre_registered_benchmark_registry,0.6778116696162487,256,1,general,sms_spam_collection,8.029171351343393,2109ff48426ef9c5191bebb60af2e162b53f8d624798d487dc17dbac773d5a00,True,False,False,False,500,2,835,2,"['embedding_final.npy', 'predictions.npy', 'labels_true.npy', 'gate_diagnostics.npz']",90703360,1,topogate_v0_t_plus_paired_mechanism_ablation_v1,topology,42,T00_0__beta_perturb_150,project-root/result/v0_t_plus_local_refine_20260906_retry/selected/sms_spam_collection/selected_config.json,project-root/datasets/sms_spam_collection.npz,1d9c068c43dc4f58e759169906dae9dff0ac6a8def7315ce7e4989a3b28d7070,completed,core,T_beta_no_mutual,10.38196671847254
0.9616766467065868,0.7760081370113276,external_after_embedding,2,pre_registered_benchmark_registry,0.643803117248401,256,1,general,sms_spam_collection,8.320522475987673,2109ff48426ef9c5191bebb60af2e162b53f8d624798d487dc17dbac773d5a00,True,False,False,False,500,2,835,2,"['embedding_final.npy', 'predictions.npy', 'labels_true.npy', 'gate_diagnostics.npz']",90703360,5,topogate_v0_t_plus_paired_mechanism_ablation_v1,topology,123,T00_0__beta_perturb_150,project-root/result/v0_t_plus_local_refine_20260906_retry/selected/sms_spam_collection/selected_config.json,project-root/datasets/sms_spam_collection.npz,1d9c068c43dc4f58e759169906dae9dff0ac6a8def7315ce7e4989a3b28d7070,completed,core,T_beta_no_mutual,9.123767502605915
0.9712574850299401,0.8353753856596403,external_after_embedding,2,pre_registered_benchmark_registry,0.7073293194674672,256,1,general,sms_spam_collection,9.789646875113249,2109ff48426ef9c5191bebb60af2e162b53f8d624798d487dc17dbac773d5a00,True,False,False,False,500,2,835,2,"['embedding_final.npy', 'predictions.npy', 'labels_true.npy', 'gate_diagnostics.npz']",90703360,1,topogate_v0_t_plus_paired_mechanism_ablation_v1,topology,7,T00_0__beta_perturb_150,project-root/result/v0_t_plus_local_refine_20260906_retry/selected/sms_spam_collection/selected_config.json,project-root/datasets/sms_spam_collection.npz,1d9c068c43dc4f58e759169906dae9dff0ac6a8def7315ce7e4989a3b28d7070,completed,core,T_beta_no_mutual,11.940218386240304
0.9664670658682635,0.8066069824270153,external_after_embedding,2,pre_registered_benchmark_registry,0.6721247194656388,256,1,general,sms_spam_collection,7.82158019207418,2109ff48426ef9c5191bebb60af2e162b53f8d624798d487dc17dbac773d5a00,True,False,False,False,500,2,835,2,"['embedding_final.npy', 'predictions.npy', 'labels_true.npy', 'gate_diagnostics.npz']",90703360,5,topogate_v0_t_plus_paired_mechanism_ablation_v1,topology,2025,T00_0__beta_perturb_150,project-root/result/v0_t_plus_local_refine_20260906_retry/selected/sms_spam_collection/selected_config.json,project-root/datasets/sms_spam_collection.npz,1d9c068c43dc4f58e759169906dae9dff0ac6a8def7315ce7e4989a3b28d7070,completed,core,T_beta_no_mutual,9.586767417378724
0.9568862275449102,0.7581284370336767,external_after_embedding,2,pre_registered_benchmark_registry,0.5884350439266548,256,1,general,sms_spam_collection,8.541825409047306,2109ff48426ef9c5191bebb60af2e162b53f8d624798d487dc17dbac773d5a00,True,False,False,False,500,2,835,2,"['embedding_final.npy', 'predictions.npy', 'labels_true.npy', 'gate_diagnostics.npz']",90703360,1,topogate_v0_t_plus_paired_mechanism_ablation_v1,topology,3407,T00_0__beta_perturb_150,project-root/result/v0_t_plus_local_refine_20260906_retry/selected/sms_spam_collection/selected_config.json,project-root/datasets/sms_spam_collection.npz,1d9c068c43dc4f58e759169906dae9dff0ac6a8def7315ce7e4989a3b28d7070,completed,core,T_beta_no_mutual,11.217218398116529
0.9712574850299401,0.838190738034659,external_after_embedding,2,pre_registered_benchmark_registry,0.6987211961423118,256,1,general,sms_spam_collection,8.239361477084458,2109ff48426ef9c5191bebb60af2e162b53f8d624798d487dc17dbac773d5a00,True,False,False,False,500,2,835,2,"['embedding_final.npy', 'predictions.npy', 'labels_true.npy', 'gate_diagnostics.npz']",90703360,5,topogate_v0_t_plus_paired_mechanism_ablation_v1,topology,42,T00_0__beta_perturb_150,project-root/result/v0_t_plus_local_refine_20260906_retry/selected/sms_spam_collection/selected_config.json,project-root/datasets/sms_spam_collection.npz,1d9c068c43dc4f58e759169906dae9dff0ac6a8def7315ce7e4989a3b28d7070,completed,core,T_beta_no_snn,9.91288052778691
0.9676646706586827,0.8138401433755291,external_after_embedding,2,pre_registered_benchmark_registry,0.6807909908873526,256,1,general,sms_spam_collection,8.498283975757658,2109ff48426ef9c5191bebb60af2e162b53f8d624798d487dc17dbac773d5a00,True,False,False,False,500,2,835,2,"['embedding_final.npy', 'predictions.npy', 'labels_true.npy', 'gate_diagnostics.npz']",90703360,1,topogate_v0_t_plus_paired_mechanism_ablation_v1,topology,123,T00_0__beta_perturb_150,project-root/result/v0_t_plus_local_refine_20260906_retry/selected/sms_spam_collection/selected_config.json,project-root/datasets/sms_spam_collection.npz,1d9c068c43dc4f58e759169906dae9dff0ac6a8def7315ce7e4989a3b28d7070,completed,core,T_beta_no_snn,10.539547353982925
0.9700598802395209,0.8282239066324911,external_after_embedding,2,pre_registered_benchmark_registry,0.6983877333978328,256,1,general,sms_spam_collection,7.155795995146036,2109ff48426ef9c5191bebb60af2e162b53f8d624798d487dc17dbac773d5a00,True,False,False,False,500,2,835,2,"['embedding_final.npy', 'predictions.npy', 'labels_true.npy', 'gate_diagnostics.npz']",90703360,5,topogate_v0_t_plus_paired_mechanism_ablation_v1,topology,7,T00_0__beta_perturb_150,project-root/result/v0_t_plus_local_refine_20260906_retry/selected/sms_spam_collection/selected_config.json,project-root/datasets/sms_spam_collection.npz,1d9c068c43dc4f58e759169906dae9dff0ac6a8def7315ce7e4989a3b28d7070,completed,core,T_beta_no_snn,8.963679104112089
0.9676646706586827,0.8170811676992727,external_after_embedding,2,pre_registered_benchmark_registry,0.6713787101058408,256,1,general,sms_spam_collection,8.169843059964478,2109ff48426ef9c5191bebb60af2e162b53f8d624798d487dc17dbac773d5a00,True,False,False,False,500,2,835,2,"['embedding_final.npy', 'predictions.npy', 'labels_true.npy', 'gate_diagnostics.npz']",90703360,1,topogate_v0_t_plus_paired_mechanism_ablation_v1,topology,2025,T00_0__beta_perturb_150,project-root/result/v0_t_plus_local_refine_20260906_retry/selected/sms_spam_collection/selected_config.json,project-root/datasets/sms_spam_collection.npz,1d9c068c43dc4f58e759169906dae9dff0ac6a8def7315ce7e4989a3b28d7070,completed,core,T_beta_no_snn,10.266502912156284
0.962874251497006,0.7956624642466589,external_after_embedding,2,pre_registered_benchmark_registry,0.6318033048828154,256,1,general,sms_spam_collection,7.247083504684269,2109ff48426ef9c5191bebb60af2e162b53f8d624798d487dc17dbac773d5a00,True,False,False,False,500,2,835,2,"['embedding_final.npy', 'predictions.npy', 'labels_true.npy', 'gate_diagnostics.npz']",90703360,5,topogate_v0_t_plus_paired_mechanism_ablation_v1,topology,3407,T00_0__beta_perturb_150,project-root/result/v0_t_plus_local_refine_20260906_retry/selected/sms_spam_collection/selected_config.json,project-root/datasets/sms_spam_collection.npz,1d9c068c43dc4f58e759169906dae9dff0ac6a8def7315ce7e4989a3b28d7070,completed,core,T_beta_no_snn,9.189293415285647
0.9664670658682635,0.81525392763491,external_after_embedding,2,pre_registered_benchmark_registry,0.658871682255334,256,1,general,sms_spam_collection,7.366361828520894,2109ff48426ef9c5191bebb60af2e162b53f8d624798d487dc17dbac773d5a00,True,False,False,False,500,2,835,2,"['embedding_final.npy', 'predictions.npy', 'labels_true.npy', 'gate_diagnostics.npz']",90703360,1,topogate_v0_t_plus_paired_mechanism_ablation_v1,topology,42,T00_0__beta_perturb_150,project-root/result/v0_t_plus_local_refine_20260906_retry/selected/sms_spam_collection/selected_config.json,project-root/datasets/sms_spam_collection.npz,1d9c068c43dc4f58e759169906dae9dff0ac6a8def7315ce7e4989a3b28d7070,completed,core,T_beta_no_perturb,8.155116409994662
0.9700598802395209,0.8292265574947976,external_after_embedding,2,pre_registered_benchmark_registry,0.6945337388281573,256,1,general,sms_spam_collection,7.527428822591901,2109ff48426ef9c5191bebb60af2e162b53f8d624798d487dc17dbac773d5a00,True,False,False,False,500,2,835,2,"['embedding_final.npy', 'predictions.npy', 'labels_true.npy', 'gate_diagnostics.npz']",90703360,5,topogate_v0_t_plus_paired_mechanism_ablation_v1,topology,123,T00_0__beta_perturb_150,project-root/result/v0_t_plus_local_refine_20260906_retry/selected/sms_spam_collection/selected_config.json,project-root/datasets/sms_spam_collection.npz,1d9c068c43dc4f58e759169906dae9dff0ac6a8def7315ce7e4989a3b28d7070,completed,core,T_beta_no_perturb,8.272532739676535
0.9736526946107784,0.8504619301280238,external_after_embedding,2,pre_registered_benchmark_registry,0.7219727470192758,256,1,general,sms_spam_collection,6.602764043956995,2109ff48426ef9c5191bebb60af2e162b53f8d624798d487dc17dbac773d5a00,True,False,False,False,500,2,835,2,"['embedding_final.npy', 'predictions.npy', 'labels_true.npy', 'gate_diagnostics.npz']",90703360,1,topogate_v0_t_plus_paired_mechanism_ablation_v1,topology,7,T00_0__beta_perturb_150,project-root/result/v0_t_plus_local_refine_20260906_retry/selected/sms_spam_collection/selected_config.json,project-root/datasets/sms_spam_collection.npz,1d9c068c43dc4f58e759169906dae9dff0ac6a8def7315ce7e4989a3b28d7070,completed,core,T_beta_no_perturb,7.270140960812569
0.9652694610778443,0.8040179324258709,external_after_embedding,2,pre_registered_benchmark_registry,0.6518550316449053,256,1,general,sms_spam_collection,6.290606879629195,2109ff48426ef9c5191bebb60af2e162b53f8d624798d487dc17dbac773d5a00,True,False,False,False,500,2,835,2,"['embedding_final.npy', 'predictions.npy', 'labels_true.npy', 'gate_diagnostics.npz']",90703360,5,topogate_v0_t_plus_paired_mechanism_ablation_v1,topology,2025,T00_0__beta_perturb_150,project-root/result/v0_t_plus_local_refine_20260906_retry/selected/sms_spam_collection/selected_config.json,project-root/datasets/sms_spam_collection.npz,1d9c068c43dc4f58e759169906dae9dff0ac6a8def7315ce7e4989a3b28d7070,completed,core,T_beta_no_perturb,6.943559953942895
0.962874251497006,0.7898095169876709,external_after_embedding,2,pre_registered_benchmark_registry,0.6343880293357376,256,1,general,sms_spam_collection,6.766747362911701,2109ff48426ef9c5191bebb60af2e162b53f8d624798d487dc17dbac773d5a00,True,False,False,False,500,2,835,2,"['embedding_final.npy', 'predictions.npy', 'labels_true.npy', 'gate_diagnostics.npz']",90703360,1,topogate_v0_t_plus_paired_mechanism_ablation_v1,topology,3407,T00_0__beta_perturb_150,project-root/result/v0_t_plus_local_refine_20260906_retry/selected/sms_spam_collection/selected_config.json,project-root/datasets/sms_spam_collection.npz,1d9c068c43dc4f58e759169906dae9dff0ac6a8def7315ce7e4989a3b28d7070,completed,core,T_beta_no_perturb,7.373255065642297
0.6238296780813133,0.5331532685691981,external_after_embedding,26,pre_registered_benchmark_registry,0.7441233024040483,256,1,general,ISOLET,62.239861187525094,8c9d3bf6d3ef693ad4218f150dcd343a52aee84a6fb857c0b1701fec8ac4fd57,True,False,False,False,617,26,7797,26,"['embedding_final.npy', 'predictions.npy', 'labels_true.npy', 'gate_diagnostics.npz']",96512512,5,topogate_v0_t_plus_paired_mechanism_ablation_v1,topology,42,T00_0__gate_min_001,project-root/result/v0_t_plus_local_refine_20260906_retry/selected/ISOLET/selected_config.json,project-root/datasets/ISOLET.npz,6b4853a4b97c8649722d2d28460060d23898246bad5025bd298e9aa27c9b1083,completed,core,T_full,67.4879123903811
0.6266512761318456,0.5589429263183393,external_after_embedding,26,pre_registered_benchmark_registry,0.7607616806109527,256,1,general,ISOLET,62.08840776979923,8c9d3bf6d3ef693ad4218f150dcd343a52aee84a6fb857c0b1701fec8ac4fd57,True,False,False,False,617,26,7797,26,"['embedding_final.npy', 'predictions.npy', 'labels_true.npy', 'gate_diagnostics.npz']",96512512,1,topogate_v0_t_plus_paired_mechanism_ablation_v1,topology,123,T00_0__gate_min_001,project-root/result/v0_t_plus_local_refine_20260906_retry/selected/ISOLET/selected_config.json,project-root/datasets/ISOLET.npz,6b4853a4b97c8649722d2d28460060d23898246bad5025bd298e9aa27c9b1083,completed,core,T_full,66.1646798858419
0.6127997947928691,0.5237673301979396,external_after_embedding,26,pre_registered_benchmark_registry,0.7477174996866616,256,1,general,ISOLET,60.903316885232925,8c9d3bf6d3ef693ad4218f150dcd343a52aee84a6fb857c0b1701fec8ac4fd57,True,False,False,False,617,26,7797,26,"['embedding_final.npy', 'predictions.npy', 'labels_true.npy', 'gate_diagnostics.npz']",96512512,5,topogate_v0_t_plus_paired_mechanism_ablation_v1,topology,7,T00_0__gate_min_001,project-root/result/v0_t_plus_local_refine_20260906_retry/selected/ISOLET/selected_config.json,project-root/datasets/ISOLET.npz,6b4853a4b97c8649722d2d28460060d23898246bad5025bd298e9aa27c9b1083,completed,core,T_full,66.07587321847677
0.5954854431191484,0.557876893311868,external_after_embedding,26,pre_registered_benchmark_registry,0.7664257488516063,256,1,general,ISOLET,63.40209837257862,8c9d3bf6d3ef693ad4218f150dcd343a52aee84a6fb857c0b1701fec8ac4fd57,True,False,False,False,617,26,7797,26,"['embedding_final.npy', 'predictions.npy', 'labels_true.npy', 'gate_diagnostics.npz']",96512512,1,topogate_v0_t_plus_paired_mechanism_ablation_v1,topology,2025,T00_0__gate_min_001,project-root/result/v0_t_plus_local_refine_20260906_retry/selected/ISOLET/selected_config.json,project-root/datasets/ISOLET.npz,6b4853a4b97c8649722d2d28460060d23898246bad5025bd298e9aa27c9b1083,completed,core,T_full,68.15839448571205
0.5934333718096704,0.5224950493179791,external_after_embedding,26,pre_registered_benchmark_registry,0.7339206519645219,256,1,general,ISOLET,60.42598481941968,8c9d3bf6d3ef693ad4218f150dcd343a52aee84a6fb857c0b1701fec8ac4fd57,True,False,False,False,617,26,7797,26,"['embedding_final.npy', 'predictions.npy', 'labels_true.npy', 'gate_diagnostics.npz']",96512512,5,topogate_v0_t_plus_paired_mechanism_ablation_v1,topology,3407,T00_0__gate_min_001,project-root/result/v0_t_plus_local_refine_20260906_retry/selected/ISOLET/selected_config.json,project-root/datasets/ISOLET.npz,6b4853a4b97c8649722d2d28460060d23898246bad5025bd298e9aa27c9b1083,completed,core,T_full,65.66033109463751
0.5884314479928178,0.5176415649078603,external_after_embedding,26,pre_registered_benchmark_registry,0.7390395657846854,256,1,general,ISOLET,55.84354032762349,8c9d3bf6d3ef693ad4218f150dcd343a52aee84a6fb857c0b1701fec8ac4fd57,True,False,False,False,617,26,7797,26,"['embedding_final.npy', 'predictions.npy', 'labels_true.npy', 'gate_diagnostics.npz']",96512512,1,topogate_v0_t_plus_paired_mechanism_ablation_v1,topology,42,T00_0__gate_min_001,project-root/result/v0_t_plus_local_refine_20260906_retry/selected/ISOLET/selected_config.json,project-root/datasets/ISOLET.npz,6b4853a4b97c8649722d2d28460060d23898246bad5025bd298e9aa27c9b1083,completed,core,F_matched_total_mix,64.46509141195565
0.610362960112864,0.5448182778786688,external_after_embedding,26,pre_registered_benchmark_registry,0.7617845704262305,256,1,general,ISOLET,53.99498228728771,8c9d3bf6d3ef693ad4218f150dcd343a52aee84a6fb857c0b1701fec8ac4fd57,True,False,False,False,617,26,7797,26,"['embedding_final.npy', 'predictions.npy', 'labels_true.npy', 'gate_diagnostics.npz']",96512512,5,topogate_v0_t_plus_paired_mechanism_ablation_v1,topology,123,T00_0__gate_min_001,project-root/result/v0_t_plus_local_refine_20260906_retry/selected/ISOLET/selected_config.json,project-root/datasets/ISOLET.npz,6b4853a4b97c8649722d2d28460060d23898246bad5025bd298e9aa27c9b1083,completed,core,F_matched_total_mix,58.872364458628
0.5918943183275619,0.5325168943980096,external_after_embedding,26,pre_registered_benchmark_registry,0.7411011573578417,256,1,general,ISOLET,52.588621000759304,8c9d3bf6d3ef693ad4218f150dcd343a52aee84a6fb857c0b1701fec8ac4fd57,True,False,False,False,617,26,7797,26,"['embedding_final.npy', 'predictions.npy', 'labels_true.npy', 'gate_diagnostics.npz']",96512512,1,topogate_v0_t_plus_paired_mechanism_ablation_v1,topology,7,T00_0__gate_min_001,project-root/result/v0_t_plus_local_refine_20260906_retry/selected/ISOLET/selected_config.json,project-root/datasets/ISOLET.npz,6b4853a4b97c8649722d2d28460060d23898246bad5025bd298e9aa27c9b1083,completed,core,F_matched_total_mix,57.655087624676526
0.6189560087213031,0.5320392523864014,external_after_embedding,26,pre_registered_benchmark_registry,0.752345140230986,256,1,general,ISOLET,55.046126700006425,8c9d3bf6d3ef693ad4218f150dcd343a52aee84a6fb857c0b1701fec8ac4fd57,True,False,False,False,617,26,7797,26,"['embedding_final.npy', 'predictions.npy', 'labels_true.npy', 'gate_diagnostics.npz']",96512512,5,topogate_v0_t_plus_paired_mechanism_ablation_v1,topology,2025,T00_0__gate_min_001,project-root/result/v0_t_plus_local_refine_20260906_retry/selected/ISOLET/selected_config.json,project-root/datasets/ISOLET.npz,6b4853a4b97c8649722d2d28460060d23898246bad5025bd298e9aa27c9b1083,completed,core,F_matched_total_mix,63.487415654584765
0.6310119276644863,0.5509375071761062,external_after_embedding,26,pre_registered_benchmark_registry,0.7487749786997853,256,1,general,ISOLET,56.48606227245182,8c9d3bf6d3ef693ad4218f150dcd343a52aee84a6fb857c0b1701fec8ac4fd57,True,False,False,False,617,26,7797,26,"['embedding_final.npy', 'predictions.npy', 'labels_true.npy', 'gate_diagnostics.npz']",96512512,1,topogate_v0_t_plus_paired_mechanism_ablation_v1,topology,3407,T00_0__gate_min_001,project-root/result/v0_t_plus_local_refine_20260906_retry/selected/ISOLET/selected_config.json,project-root/datasets/ISOLET.npz,6b4853a4b97c8649722d2d28460060d23898246bad5025bd298e9aa27c9b1083,completed,core,F_matched_total_mix,63.44935552030802
0.5464922406053611,0.47385088733088154,external_after_embedding,26,pre_registered_benchmark_registry,0.7210988842792837,256,1,general,ISOLET,64.90434817038476,8c9d3bf6d3ef693ad4218f150dcd343a52aee84a6fb857c0b1701fec8ac4fd57,True,False,False,False,617,26,7797,26,"['embedding_final.npy', 'predictions.npy', 'labels_true.npy', 'gate_diagnostics.npz']",96512512,5,topogate_v0_t_plus_paired_mechanism_ablation_v1,topology,42,T00_0__gate_min_001,project-root/result/v0_t_plus_local_refine_20260906_retry/selected/ISOLET/selected_config.json,project-root/datasets/ISOLET.npz,6b4853a4b97c8649722d2d28460060d23898246bad5025bd298e9aa27c9b1083,completed,core,T_shuffled_gate,70.0744294654578
0.6287033474413236,0.5554639381140662,external_after_embedding,26,pre_registered_benchmark_registry,0.759997441148688,256,1,general,ISOLET,62.06941776536405,8c9d3bf6d3ef693ad4218f150dcd343a52aee84a6fb857c0b1701fec8ac4fd57,True,False,False,False,617,26,7797,26,"['embedding_final.npy', 'predictions.npy', 'labels_true.npy', 'gate_diagnostics.npz']",96512512,1,topogate_v0_t_plus_paired_mechanism_ablation_v1,topology,123,T00_0__gate_min_001,project-root/result/v0_t_plus_local_refine_20260906_retry/selected/ISOLET/selected_config.json,project-root/datasets/ISOLET.npz,6b4853a4b97c8649722d2d28460060d23898246bad5025bd298e9aa27c9b1083,completed,core,T_shuffled_gate,67.68805952277035
0.5729126587148904,0.5110394210733887,external_after_embedding,26,pre_registered_benchmark_registry,0.7341269284045296,256,1,general,ISOLET,61.25342026818544,8c9d3bf6d3ef693ad4218f150dcd343a52aee84a6fb857c0b1701fec8ac4fd57,True,False,False,False,617,26,7797,26,"['embedding_final.npy', 'predictions.npy', 'labels_true.npy', 'gate_diagnostics.npz']",96512512,5,topogate_v0_t_plus_paired_mechanism_ablation_v1,topology,7,T00_0__gate_min_001,project-root/result/v0_t_plus_local_refine_20260906_retry/selected/ISOLET/selected_config.json,project-root/datasets/ISOLET.npz,6b4853a4b97c8649722d2d28460060d23898246bad5025bd298e9aa27c9b1083,completed,core,T_shuffled_gate,65.58694314491004
0.6094651789149673,0.5445244414922259,external_after_embedding,26,pre_registered_benchmark_registry,0.7568840175846615,256,1,general,ISOLET,61.03506813570857,8c9d3bf6d3ef693ad4218f150dcd343a52aee84a6fb857c0b1701fec8ac4fd57,True,False,False,False,617,26,7797,26,"['embedding_final.npy', 'predictions.npy', 'labels_true.npy', 'gate_diagnostics.npz']",96512512,1,topogate_v0_t_plus_paired_mechanism_ablation_v1,topology,2025,T00_0__gate_min_001,project-root/result/v0_t_plus_local_refine_20260906_retry/selected/ISOLET/selected_config.json,project-root/datasets/ISOLET.npz,6b4853a4b97c8649722d2d28460060d23898246bad5025bd298e9aa27c9b1083,completed,core,T_shuffled_gate,64.99474574439228
0.6036937283570604,0.5288388794968795,external_after_embedding,26,pre_registered_benchmark_registry,0.752796045278472,256,1,general,ISOLET,60.82348056603223,8c9d3bf6d3ef693ad4218f150dcd343a52aee84a6fb857c0b1701fec8ac4fd57,True,False,False,False,617,26,7797,26,"['embedding_final.npy', 'predictions.npy', 'labels_true.npy', 'gate_diagnostics.npz']",96512512,5,topogate_v0_t_plus_paired_mechanism_ablation_v1,topology,3407,T00_0__gate_min_001,project-root/result/v0_t_plus_local_refine_20260906_retry/selected/ISOLET/selected_config.json,project-root/datasets/ISOLET.npz,6b4853a4b97c8649722d2d28460060d23898246bad5025bd298e9aa27c9b1083,completed,core,T_shuffled_gate,69.5591979175806
0.5593176862895985,0.49438199545542866,external_after_embedding,26,pre_registered_benchmark_registry,0.7301127256041176,256,1,general,ISOLET,60.145989309065044,8c9d3bf6d3ef693ad4218f150dcd343a52aee84a6fb857c0b1701fec8ac4fd57,True,False,False,False,617,26,7797,26,"['embedding_final.npy', 'predictions.npy', 'labels_true.npy', 'gate_diagnostics.npz']",96512512,1,topogate_v0_t_plus_paired_mechanism_ablation_v1,topology,42,T00_0__gate_min_001,project-root/result/v0_t_plus_local_refine_20260906_retry/selected/ISOLET/selected_config.json,project-root/datasets/ISOLET.npz,6b4853a4b97c8649722d2d28460060d23898246bad5025bd298e9aa27c9b1083,completed,core,T_fixed_mean_gate,65.7523206109181
0.6143388482749775,0.5506678895115991,external_after_embedding,26,pre_registered_benchmark_registry,0.7648211489343939,256,1,general,ISOLET,60.77954255230725,8c9d3bf6d3ef693ad4218f150dcd343a52aee84a6fb857c0b1701fec8ac4fd57,True,False,False,False,617,26,7797,26,"['embedding_final.npy', 'predictions.npy', 'labels_true.npy', 'gate_diagnostics.npz']",96512512,5,topogate_v0_t_plus_paired_mechanism_ablation_v1,topology,123,T00_0__gate_min_001,project-root/result/v0_t_plus_local_refine_20260906_retry/selected/ISOLET/selected_config.json,project-root/datasets/ISOLET.npz,6b4853a4b97c8649722d2d28460060d23898246bad5025bd298e9aa27c9b1083,completed,core,T_fixed_mean_gate,66.44440257456154
0.5975375144286263,0.5182234355026166,external_after_embedding,26,pre_registered_benchmark_registry,0.7455848343311797,256,1,general,ISOLET,61.32724932860583,8c9d3bf6d3ef693ad4218f150dcd343a52aee84a6fb857c0b1701fec8ac4fd57,True,False,False,False,617,26,7797,26,"['embedding_final.npy', 'predictions.npy', 'labels_true.npy', 'gate_diagnostics.npz']",96512512,1,topogate_v0_t_plus_paired_mechanism_ablation_v1,topology,7,T00_0__gate_min_001,project-root/result/v0_t_plus_local_refine_20260906_retry/selected/ISOLET/selected_config.json,project-root/datasets/ISOLET.npz,6b4853a4b97c8649722d2d28460060d23898246bad5025bd298e9aa27c9b1083,completed,core,T_fixed_mean_gate,66.70584354083985
0.6189560087213031,0.5319302228698414,external_after_embedding,26,pre_registered_benchmark_registry,0.7522305312619668,256,1,general,ISOLET,62.06705813948065,8c9d3bf6d3ef693ad4218f150dcd343a52aee84a6fb857c0b1701fec8ac4fd57,True,False,False,False,617,26,7797,26,"['embedding_final.npy', 'predictions.npy', 'labels_true.npy', 'gate_diagnostics.npz']",96512512,5,topogate_v0_t_plus_paired_mechanism_ablation_v1,topology,2025,T00_0__gate_min_001,project-root/result/v0_t_plus_local_refine_20260906_retry/selected/ISOLET/selected_config.json,project-root/datasets/ISOLET.npz,6b4853a4b97c8649722d2d28460060d23898246bad5025bd298e9aa27c9b1083,completed,core,T_fixed_mean_gate,66.84912063367665
0.5767602924201616,0.5173103235443736,external_after_embedding,26,pre_registered_benchmark_registry,0.7343777303031952,256,1,general,ISOLET,59.06822007149458,8c9d3bf6d3ef693ad4218f150dcd343a52aee84a6fb857c0b1701fec8ac4fd57,True,False,False,False,617,26,7797,26,"['embedding_final.npy', 'predictions.npy', 'labels_true.npy', 'gate_diagnostics.npz']",96512512,1,topogate_v0_t_plus_paired_mechanism_ablation_v1,topology,3407,T00_0__gate_min_001,project-root/result/v0_t_plus_local_refine_20260906_retry/selected/ISOLET/selected_config.json,project-root/datasets/ISOLET.npz,6b4853a4b97c8649722d2d28460060d23898246bad5025bd298e9aa27c9b1083,completed,core,T_fixed_mean_gate,64.19421882927418
0.5962549698602027,0.534018327910893,external_after_embedding,26,pre_registered_benchmark_registry,0.7466485875370806,256,1,general,ISOLET,51.05376161169261,8c9d3bf6d3ef693ad4218f150dcd343a52aee84a6fb857c0b1701fec8ac4fd57,True,False,False,False,617,26,7797,26,"['embedding_final.npy', 'predictions.npy', 'labels_true.npy', 'gate_diagnostics.npz']",96512512,5,topogate_v0_t_plus_paired_mechanism_ablation_v1,topology,42,T00_0__gate_min_001,project-root/result/v0_t_plus_local_refine_20260906_retry/selected/ISOLET/selected_config.json,project-root/datasets/ISOLET.npz,6b4853a4b97c8649722d2d28460060d23898246bad5025bd298e9aa27c9b1083,completed,core,T_random_neighbor,54.87450310587883
0.6147236116455047,0.5276164735489188,external_after_embedding,26,pre_registered_benchmark_registry,0.7494294099583827,256,1,general,ISOLET,51.03260938730091,8c9d3bf6d3ef693ad4218f150dcd343a52aee84a6fb857c0b1701fec8ac4fd57,True,False,False,False,617,26,7797,26,"['embedding_final.npy', 'predictions.npy', 'labels_true.npy', 'gate_diagnostics.npz']",96512512,1,topogate_v0_t_plus_paired_mechanism_ablation_v1,topology,123,T00_0__gate_min_001,project-root/result/v0_t_plus_local_refine_20260906_retry/selected/ISOLET/selected_config.json,project-root/datasets/ISOLET.npz,6b4853a4b97c8649722d2d28460060d23898246bad5025bd298e9aa27c9b1083,completed,core,T_random_neighbor,55.66960985865444
0.5962549698602027,0.5198771399766586,external_after_embedding,26,pre_registered_benchmark_registry,0.7379885595083878,256,1,general,ISOLET,53.18895469605923,8c9d3bf6d3ef693ad4218f150dcd343a52aee84a6fb857c0b1701fec8ac4fd57,True,False,False,False,617,26,7797,26,"['embedding_final.npy', 'predictions.npy', 'labels_true.npy', 'gate_diagnostics.npz']",96512512,5,topogate_v0_t_plus_paired_mechanism_ablation_v1,topology,7,T00_0__gate_min_001,project-root/result/v0_t_plus_local_refine_20260906_retry/selected/ISOLET/selected_config.json,project-root/datasets/ISOLET.npz,6b4853a4b97c8649722d2d28460060d23898246bad5025bd298e9aa27c9b1083,completed,core,T_random_neighbor,58.3380731921643
0.5936898807233552,0.5283778093590016,external_after_embedding,26,pre_registered_benchmark_registry,0.7475972713597012,256,1,general,ISOLET,50.077182948589325,8c9d3bf6d3ef693ad4218f150dcd343a52aee84a6fb857c0b1701fec8ac4fd57,True,False,False,False,617,26,7797,26,"['embedding_final.npy', 'predictions.npy', 'labels_true.npy', 'gate_diagnostics.npz']",96512512,1,topogate_v0_t_plus_paired_mechanism_ablation_v1,topology,2025,T00_0__gate_min_001,project-root/result/v0_t_plus_local_refine_20260906_retry/selected/ISOLET/selected_config.json,project-root/datasets/ISOLET.npz,6b4853a4b97c8649722d2d28460060d23898246bad5025bd298e9aa27c9b1083,completed,core,T_random_neighbor,54.55042086355388
0.5585481595485443,0.48687030420478483,external_after_embedding,26,pre_registered_benchmark_registry,0.7350794503513932,256,1,general,ISOLET,52.30921894218773,8c9d3bf6d3ef693ad4218f150dcd343a52aee84a6fb857c0b1701fec8ac4fd57,True,False,False,False,617,26,7797,26,"['embedding_final.npy', 'predictions.npy', 'labels_true.npy', 'gate_diagnostics.npz']",96512512,5,topogate_v0_t_plus_paired_mechanism_ablation_v1,topology,3407,T00_0__gate_min_001,project-root/result/v0_t_plus_local_refine_20260906_retry/selected/ISOLET/selected_config.json,project-root/datasets/ISOLET.npz,6b4853a4b97c8649722d2d28460060d23898246bad5025bd298e9aa27c9b1083,completed,core,T_random_neighbor,56.952552058734
0.5989483134538925,0.5484992455740025,external_after_embedding,26,pre_registered_benchmark_registry,0.7526042720405444,256,1,general,ISOLET,18.85415012203157,8c9d3bf6d3ef693ad4218f150dcd343a52aee84a6fb857c0b1701fec8ac4fd57,True,False,False,False,617,26,7797,26,"['embedding_final.npy', 'predictions.npy', 'labels_true.npy', 'gate_diagnostics.npz']",89379328,1,topogate_v0_t_plus_paired_mechanism_ablation_v1,topology,42,T00_0__gate_min_001,project-root/result/v0_t_plus_local_refine_20260906_retry/selected/ISOLET/selected_config.json,project-root/datasets/ISOLET.npz,6b4853a4b97c8649722d2d28460060d23898246bad5025bd298e9aa27c9b1083,completed,core,T_no_vicinal,22.964526598341763
0.5879184301654482,0.5290006810311227,external_after_embedding,26,pre_registered_benchmark_registry,0.7460739682175836,256,1,general,ISOLET,19.47064375784248,8c9d3bf6d3ef693ad4218f150dcd343a52aee84a6fb857c0b1701fec8ac4fd57,True,False,False,False,617,26,7797,26,"['embedding_final.npy', 'predictions.npy', 'labels_true.npy', 'gate_diagnostics.npz']",89379328,5,topogate_v0_t_plus_paired_mechanism_ablation_v1,topology,123,T00_0__gate_min_001,project-root/result/v0_t_plus_local_refine_20260906_retry/selected/ISOLET/selected_config.json,project-root/datasets/ISOLET.npz,6b4853a4b97c8649722d2d28460060d23898246bad5025bd298e9aa27c9b1083,completed,core,T_no_vicinal,25.0019328314811
0.5990765679107349,0.5184464590268001,external_after_embedding,26,pre_registered_benchmark_registry,0.7454022311296344,256,1,general,ISOLET,20.522408940829337,8c9d3bf6d3ef693ad4218f150dcd343a52aee84a6fb857c0b1701fec8ac4fd57,True,False,False,False,617,26,7797,26,"['embedding_final.npy', 'predictions.npy', 'labels_true.npy', 'gate_diagnostics.npz']",89379328,1,topogate_v0_t_plus_paired_mechanism_ablation_v1,topology,7,T00_0__gate_min_001,project-root/result/v0_t_plus_local_refine_20260906_retry/selected/ISOLET/selected_config.json,project-root/datasets/ISOLET.npz,6b4853a4b97c8649722d2d28460060d23898246bad5025bd298e9aa27c9b1083,completed,core,T_no_vicinal,27.06743224710226
0.5976657688854687,0.5391620717752007,external_after_embedding,26,pre_registered_benchmark_registry,0.7507468355599337,256,1,general,ISOLET,19.923484561033547,8c9d3bf6d3ef693ad4218f150dcd343a52aee84a6fb857c0b1701fec8ac4fd57,True,False,False,False,617,26,7797,26,"['embedding_final.npy', 'predictions.npy', 'labels_true.npy', 'gate_diagnostics.npz']",89379328,5,topogate_v0_t_plus_paired_mechanism_ablation_v1,topology,2025,T00_0__gate_min_001,project-root/result/v0_t_plus_local_refine_20260906_retry/selected/ISOLET/selected_config.json,project-root/datasets/ISOLET.npz,6b4853a4b97c8649722d2d28460060d23898246bad5025bd298e9aa27c9b1083,completed,core,T_no_vicinal,24.91674651298672
0.6163909195844556,0.5433408448402142,external_after_embedding,26,pre_registered_benchmark_registry,0.7436527783058489,256,1,general,ISOLET,20.311384129337966,8c9d3bf6d3ef693ad4218f150dcd343a52aee84a6fb857c0b1701fec8ac4fd57,True,False,False,False,617,26,7797,26,"['embedding_final.npy', 'predictions.npy', 'labels_true.npy', 'gate_diagnostics.npz']",89379328,1,topogate_v0_t_plus_paired_mechanism_ablation_v1,topology,3407,T00_0__gate_min_001,project-root/result/v0_t_plus_local_refine_20260906_retry/selected/ISOLET/selected_config.json,project-root/datasets/ISOLET.npz,6b4853a4b97c8649722d2d28460060d23898246bad5025bd298e9aa27c9b1083,completed,core,T_no_vicinal,26.383319643326104
0.6076696165191741,0.5447610972392618,external_after_embedding,26,pre_registered_benchmark_registry,0.7542897465626671,256,1,general,ISOLET,57.532422308810055,8c9d3bf6d3ef693ad4218f150dcd343a52aee84a6fb857c0b1701fec8ac4fd57,True,False,False,False,617,26,7797,26,"['embedding_final.npy', 'predictions.npy', 'labels_true.npy', 'gate_diagnostics.npz']",96512512,5,topogate_v0_t_plus_paired_mechanism_ablation_v1,unit,42,T00_0__gate_min_001,project-root/result/v0_t_plus_local_refine_20260906_retry/selected/ISOLET/selected_config.json,project-root/datasets/ISOLET.npz,6b4853a4b97c8649722d2d28460060d23898246bad5025bd298e9aa27c9b1083,completed,core,T_uniform_pseudo_loss,62.91650301218033
0.6108759779402334,0.5241755054993671,external_after_embedding,26,pre_registered_benchmark_registry,0.7451814453501662,256,1,general,ISOLET,56.34628405421972,8c9d3bf6d3ef693ad4218f150dcd343a52aee84a6fb857c0b1701fec8ac4fd57,True,False,False,False,617,26,7797,26,"['embedding_final.npy', 'predictions.npy', 'labels_true.npy', 'gate_diagnostics.npz']",96512512,1,topogate_v0_t_plus_paired_mechanism_ablation_v1,unit,123,T00_0__gate_min_001,project-root/result/v0_t_plus_local_refine_20260906_retry/selected/ISOLET/selected_config.json,project-root/datasets/ISOLET.npz,6b4853a4b97c8649722d2d28460060d23898246bad5025bd298e9aa27c9b1083,completed,core,T_uniform_pseudo_loss,66.31829626578838
0.5917660638707195,0.5356491436723133,external_after_embedding,26,pre_registered_benchmark_registry,0.7438263795406757,256,1,general,ISOLET,56.59004992432892,8c9d3bf6d3ef693ad4218f150dcd343a52aee84a6fb857c0b1701fec8ac4fd57,True,False,False,False,617,26,7797,26,"['embedding_final.npy', 'predictions.npy', 'labels_true.npy', 'gate_diagnostics.npz']",96512512,5,topogate_v0_t_plus_paired_mechanism_ablation_v1,unit,7,T00_0__gate_min_001,project-root/result/v0_t_plus_local_refine_20260906_retry/selected/ISOLET/selected_config.json,project-root/datasets/ISOLET.npz,6b4853a4b97c8649722d2d28460060d23898246bad5025bd298e9aa27c9b1083,completed,core,T_uniform_pseudo_loss,61.84557169768959
0.6284468385276388,0.5574664786008015,external_after_embedding,26,pre_registered_benchmark_registry,0.7691631500593374,256,1,general,ISOLET,53.358312563970685,8c9d3bf6d3ef693ad4218f150dcd343a52aee84a6fb857c0b1701fec8ac4fd57,True,False,False,False,617,26,7797,26,"['embedding_final.npy', 'predictions.npy', 'labels_true.npy', 'gate_diagnostics.npz']",96512512,1,topogate_v0_t_plus_paired_mechanism_ablation_v1,unit,2025,T00_0__gate_min_001,project-root/result/v0_t_plus_local_refine_20260906_retry/selected/ISOLET/selected_config.json,project-root/datasets/ISOLET.npz,6b4853a4b97c8649722d2d28460060d23898246bad5025bd298e9aa27c9b1083,completed,core,T_uniform_pseudo_loss,58.989930654875934
0.6134410670770809,0.542551251702531,external_after_embedding,26,pre_registered_benchmark_registry,0.7448900102574756,256,1,general,ISOLET,54.30924891028553,8c9d3bf6d3ef693ad4218f150dcd343a52aee84a6fb857c0b1701fec8ac4fd57,True,False,False,False,617,26,7797,26,"['embedding_final.npy', 'predictions.npy', 'labels_true.npy', 'gate_diagnostics.npz']",96512512,5,topogate_v0_t_plus_paired_mechanism_ablation_v1,unit,3407,T00_0__gate_min_001,project-root/result/v0_t_plus_local_refine_20260906_retry/selected/ISOLET/selected_config.json,project-root/datasets/ISOLET.npz,6b4853a4b97c8649722d2d28460060d23898246bad5025bd298e9aa27c9b1083,completed,core,T_uniform_pseudo_loss,59.829772339202464
0.6026676927023215,0.5321187054443799,external_after_embedding,26,pre_registered_benchmark_registry,0.7402106927672392,256,1,general,ISOLET,61.881441364996135,8c9d3bf6d3ef693ad4218f150dcd343a52aee84a6fb857c0b1701fec8ac4fd57,True,False,False,False,617,26,7797,26,"['embedding_final.npy', 'predictions.npy', 'labels_true.npy', 'gate_diagnostics.npz']",96512512,1,topogate_v0_t_plus_paired_mechanism_ablation_v1,topology,42,T00_0__gate_min_001,project-root/result/v0_t_plus_local_refine_20260906_retry/selected/ISOLET/selected_config.json,project-root/datasets/ISOLET.npz,6b4853a4b97c8649722d2d28460060d23898246bad5025bd298e9aa27c9b1083,completed,core,T_edge_none,67.32543749175966
0.6243426959086829,0.5558906807592322,external_after_embedding,26,pre_registered_benchmark_registry,0.7593067812540519,256,1,general,ISOLET,59.20723726879805,8c9d3bf6d3ef693ad4218f150dcd343a52aee84a6fb857c0b1701fec8ac4fd57,True,False,False,False,617,26,7797,26,"['embedding_final.npy', 'predictions.npy', 'labels_true.npy', 'gate_diagnostics.npz']",96512512,5,topogate_v0_t_plus_paired_mechanism_ablation_v1,topology,123,T00_0__gate_min_001,project-root/result/v0_t_plus_local_refine_20260906_retry/selected/ISOLET/selected_config.json,project-root/datasets/ISOLET.npz,6b4853a4b97c8649722d2d28460060d23898246bad5025bd298e9aa27c9b1083,completed,core,T_edge_none,63.83436174504459
0.5934333718096704,0.5291693495330675,external_after_embedding,26,pre_registered_benchmark_registry,0.7408043189133918,256,1,general,ISOLET,61.436975047923625,8c9d3bf6d3ef693ad4218f150dcd343a52aee84a6fb857c0b1701fec8ac4fd57,True,False,False,False,617,26,7797,26,"['embedding_final.npy', 'predictions.npy', 'labels_true.npy', 'gate_diagnostics.npz']",96512512,1,topogate_v0_t_plus_paired_mechanism_ablation_v1,topology,7,T00_0__gate_min_001,project-root/result/v0_t_plus_local_refine_20260906_retry/selected/ISOLET/selected_config.json,project-root/datasets/ISOLET.npz,6b4853a4b97c8649722d2d28460060d23898246bad5025bd298e9aa27c9b1083,completed,core,T_edge_none,68.74617274850607
0.5925355906117737,0.5253121299857528,external_after_embedding,26,pre_registered_benchmark_registry,0.7505302814265856,256,1,general,ISOLET,58.90303505770862,8c9d3bf6d3ef693ad4218f150dcd343a52aee84a6fb857c0b1701fec8ac4fd57,True,False,False,False,617,26,7797,26,"['embedding_final.npy', 'predictions.npy', 'labels_true.npy', 'gate_diagnostics.npz']",96512512,5,topogate_v0_t_plus_paired_mechanism_ablation_v1,topology,2025,T00_0__gate_min_001,project-root/result/v0_t_plus_local_refine_20260906_retry/selected/ISOLET/selected_config.json,project-root/datasets/ISOLET.npz,6b4853a4b97c8649722d2d28460060d23898246bad5025bd298e9aa27c9b1083,completed,core,T_edge_none,64.24854446388781
0.5976657688854687,0.5117200913102726,external_after_embedding,26,pre_registered_benchmark_registry,0.732902784886774,256,1,general,ISOLET,60.26314090937376,8c9d3bf6d3ef693ad4218f150dcd343a52aee84a6fb857c0b1701fec8ac4fd57,True,False,False,False,617,26,7797,26,"['embedding_final.npy', 'predictions.npy', 'labels_true.npy', 'gate_diagnostics.npz']",96512512,1,topogate_v0_t_plus_paired_mechanism_ablation_v1,topology,3407,T00_0__gate_min_001,project-root/result/v0_t_plus_local_refine_20260906_retry/selected/ISOLET/selected_config.json,project-root/datasets/ISOLET.npz,6b4853a4b97c8649722d2d28460060d23898246bad5025bd298e9aa27c9b1083,completed,core,T_edge_none,67.39537953212857
0.6257534949339489,0.5340412841613698,external_after_embedding,26,pre_registered_benchmark_registry,0.745256071486384,256,1,general,ISOLET,55.51536467671394,8c9d3bf6d3ef693ad4218f150dcd343a52aee84a6fb857c0b1701fec8ac4fd57,True,False,False,False,617,26,7797,26,"['embedding_final.npy', 'predictions.npy', 'labels_true.npy', 'gate_diagnostics.npz']",96512512,5,topogate_v0_t_plus_paired_mechanism_ablation_v1,topology,42,T00_0__gate_min_001,project-root/result/v0_t_plus_local_refine_20260906_retry/selected/ISOLET/selected_config.json,project-root/datasets/ISOLET.npz,6b4853a4b97c8649722d2d28460060d23898246bad5025bd298e9aa27c9b1083,completed,core,T_edge_sim,61.60731462575495
0.5800949082980633,0.5054398730571361,external_after_embedding,26,pre_registered_benchmark_registry,0.7472819658570298,256,1,general,ISOLET,54.53539293445647,8c9d3bf6d3ef693ad4218f150dcd343a52aee84a6fb857c0b1701fec8ac4fd57,True,False,False,False,617,26,7797,26,"['embedding_final.npy', 'predictions.npy', 'labels_true.npy', 'gate_diagnostics.npz']",96512512,1,topogate_v0_t_plus_paired_mechanism_ablation_v1,topology,123,T00_0__gate_min_001,project-root/result/v0_t_plus_local_refine_20260906_retry/selected/ISOLET/selected_config.json,project-root/datasets/ISOLET.npz,6b4853a4b97c8649722d2d28460060d23898246bad5025bd298e9aa27c9b1083,completed,core,T_edge_sim,58.77463056799024
0.5934333718096704,0.5291718002846558,external_after_embedding,26,pre_registered_benchmark_registry,0.7405952091082515,256,1,general,ISOLET,56.25736838299781,8c9d3bf6d3ef693ad4218f150dcd343a52aee84a6fb857c0b1701fec8ac4fd57,True,False,False,False,617,26,7797,26,"['embedding_final.npy', 'predictions.npy', 'labels_true.npy', 'gate_diagnostics.npz']",96512512,5,topogate_v0_t_plus_paired_mechanism_ablation_v1,topology,7,T00_0__gate_min_001,project-root/result/v0_t_plus_local_refine_20260906_retry/selected/ISOLET/selected_config.json,project-root/datasets/ISOLET.npz,6b4853a4b97c8649722d2d28460060d23898246bad5025bd298e9aa27c9b1083,completed,core,T_edge_sim,61.04886823799461
0.5924073361549314,0.525251176122533,external_after_embedding,26,pre_registered_benchmark_registry,0.7507069443527776,256,1,general,ISOLET,57.840332204476,8c9d3bf6d3ef693ad4218f150dcd343a52aee84a6fb857c0b1701fec8ac4fd57,True,False,False,False,617,26,7797,26,"['embedding_final.npy', 'predictions.npy', 'labels_true.npy', 'gate_diagnostics.npz']",96512512,1,topogate_v0_t_plus_paired_mechanism_ablation_v1,topology,2025,T00_0__gate_min_001,project-root/result/v0_t_plus_local_refine_20260906_retry/selected/ISOLET/selected_config.json,project-root/datasets/ISOLET.npz,6b4853a4b97c8649722d2d28460060d23898246bad5025bd298e9aa27c9b1083,completed,core,T_edge_sim,66.30320388171822
0.5972810055149417,0.5111145132394098,external_after_embedding,26,pre_registered_benchmark_registry,0.7325262489254698,256,1,general,ISOLET,59.08570820465684,8c9d3bf6d3ef693ad4218f150dcd343a52aee84a6fb857c0b1701fec8ac4fd57,True,False,False,False,617,26,7797,26,"['embedding_final.npy', 'predictions.npy', 'labels_true.npy', 'gate_diagnostics.npz']",96512512,5,topogate_v0_t_plus_paired_mechanism_ablation_v1,topology,3407,T00_0__gate_min_001,project-root/result/v0_t_plus_local_refine_20260906_retry/selected/ISOLET/selected_config.json,project-root/datasets/ISOLET.npz,6b4853a4b97c8649722d2d28460060d23898246bad5025bd298e9aa27c9b1083,completed,core,T_edge_sim,65.14072092529386
0.6054892907528536,0.5292345900250526,external_after_embedding,26,pre_registered_benchmark_registry,0.7453706266936143,256,1,general,ISOLET,55.539681039750576,8c9d3bf6d3ef693ad4218f150dcd343a52aee84a6fb857c0b1701fec8ac4fd57,True,False,False,False,617,26,7797,26,"['embedding_final.npy', 'predictions.npy', 'labels_true.npy', 'gate_diagnostics.npz']",96512512,1,topogate_v0_t_plus_paired_mechanism_ablation_v1,topology,42,T00_0__gate_min_001,project-root/result/v0_t_plus_local_refine_20260906_retry/selected/ISOLET/selected_config.json,project-root/datasets/ISOLET.npz,6b4853a4b97c8649722d2d28460060d23898246bad5025bd298e9aa27c9b1083,completed,core,T_edge_sim_mutual,60.861256529577076
0.592279081698089,0.5065580037004975,external_after_embedding,26,pre_registered_benchmark_registry,0.7486476109607486,256,1,general,ISOLET,57.30470119416714,8c9d3bf6d3ef693ad4218f150dcd343a52aee84a6fb857c0b1701fec8ac4fd57,True,False,False,False,617,26,7797,26,"['embedding_final.npy', 'predictions.npy', 'labels_true.npy', 'gate_diagnostics.npz']",96512512,5,topogate_v0_t_plus_paired_mechanism_ablation_v1,topology,123,T00_0__gate_min_001,project-root/result/v0_t_plus_local_refine_20260906_retry/selected/ISOLET/selected_config.json,project-root/datasets/ISOLET.npz,6b4853a4b97c8649722d2d28460060d23898246bad5025bd298e9aa27c9b1083,completed,core,T_edge_sim_mutual,67.74980578478426
0.6127997947928691,0.5237673301979396,external_after_embedding,26,pre_registered_benchmark_registry,0.7477174996866616,256,1,general,ISOLET,52.98932021018118,8c9d3bf6d3ef693ad4218f150dcd343a52aee84a6fb857c0b1701fec8ac4fd57,True,False,False,False,617,26,7797,26,"['embedding_final.npy', 'predictions.npy', 'labels_true.npy', 'gate_diagnostics.npz']",96512512,1,topogate_v0_t_plus_paired_mechanism_ablation_v1,topology,7,T00_0__gate_min_001,project-root/result/v0_t_plus_local_refine_20260906_retry/selected/ISOLET/selected_config.json,project-root/datasets/ISOLET.npz,6b4853a4b97c8649722d2d28460060d23898246bad5025bd298e9aa27c9b1083,completed,core,T_edge_sim_mutual,58.200791890732944
0.6069000897781198,0.5413044787993437,external_after_embedding,26,pre_registered_benchmark_registry,0.7629600412606453,256,1,general,ISOLET,58.39227673318237,8c9d3bf6d3ef693ad4218f150dcd343a52aee84a6fb857c0b1701fec8ac4fd57,True,False,False,False,617,26,7797,26,"['embedding_final.npy', 'predictions.npy', 'labels_true.npy', 'gate_diagnostics.npz']",96512512,5,topogate_v0_t_plus_paired_mechanism_ablation_v1,topology,2025,T00_0__gate_min_001,project-root/result/v0_t_plus_local_refine_20260906_retry/selected/ISOLET/selected_config.json,project-root/datasets/ISOLET.npz,6b4853a4b97c8649722d2d28460060d23898246bad5025bd298e9aa27c9b1083,completed,core,T_edge_sim_mutual,63.408446916379035
0.5930486084391433,0.5223013375685497,external_after_embedding,26,pre_registered_benchmark_registry,0.7336851620538415,256,1,general,ISOLET,57.33591281156987,8c9d3bf6d3ef693ad4218f150dcd343a52aee84a6fb857c0b1701fec8ac4fd57,True,False,False,False,617,26,7797,26,"['embedding_final.npy', 'predictions.npy', 'labels_true.npy', 'gate_diagnostics.npz']",96512512,1,topogate_v0_t_plus_paired_mechanism_ablation_v1,topology,3407,T00_0__gate_min_001,project-root/result/v0_t_plus_local_refine_20260906_retry/selected/ISOLET/selected_config.json,project-root/datasets/ISOLET.npz,6b4853a4b97c8649722d2d28460060d23898246bad5025bd298e9aa27c9b1083,completed,core,T_edge_sim_mutual,62.35491467919201
0.6238296780813133,0.5331532685691981,external_after_embedding,26,pre_registered_benchmark_registry,0.7441233024040483,256,1,general,ISOLET,59.45757861062884,8c9d3bf6d3ef693ad4218f150dcd343a52aee84a6fb857c0b1701fec8ac4fd57,True,False,False,False,617,26,7797,26,"['embedding_final.npy', 'predictions.npy', 'labels_true.npy', 'gate_diagnostics.npz']",96512512,5,topogate_v0_t_plus_paired_mechanism_ablation_v1,topology,42,T00_0__gate_min_001,project-root/result/v0_t_plus_local_refine_20260906_retry/selected/ISOLET/selected_config.json,project-root/datasets/ISOLET.npz,6b4853a4b97c8649722d2d28460060d23898246bad5025bd298e9aa27c9b1083,completed,core,T_edge_sim_mutual_snn,64.30616125650704
0.6266512761318456,0.5589429263183393,external_after_embedding,26,pre_registered_benchmark_registry,0.7607616806109527,256,1,general,ISOLET,54.05838317796588,8c9d3bf6d3ef693ad4218f150dcd343a52aee84a6fb857c0b1701fec8ac4fd57,True,False,False,False,617,26,7797,26,"['embedding_final.npy', 'predictions.npy', 'labels_true.npy', 'gate_diagnostics.npz']",96512512,1,topogate_v0_t_plus_paired_mechanism_ablation_v1,topology,123,T00_0__gate_min_001,project-root/result/v0_t_plus_local_refine_20260906_retry/selected/ISOLET/selected_config.json,project-root/datasets/ISOLET.npz,6b4853a4b97c8649722d2d28460060d23898246bad5025bd298e9aa27c9b1083,completed,core,T_edge_sim_mutual_snn,57.742355768568814
0.6127997947928691,0.5237673301979396,external_after_embedding,26,pre_registered_benchmark_registry,0.7477174996866616,256,1,general,ISOLET,61.623733246698976,8c9d3bf6d3ef693ad4218f150dcd343a52aee84a6fb857c0b1701fec8ac4fd57,True,False,False,False,617,26,7797,26,"['embedding_final.npy', 'predictions.npy', 'labels_true.npy', 'gate_diagnostics.npz']",96512512,5,topogate_v0_t_plus_paired_mechanism_ablation_v1,topology,7,T00_0__gate_min_001,project-root/result/v0_t_plus_local_refine_20260906_retry/selected/ISOLET/selected_config.json,project-root/datasets/ISOLET.npz,6b4853a4b97c8649722d2d28460060d23898246bad5025bd298e9aa27c9b1083,completed,core,T_edge_sim_mutual_snn,67.07829694729298
0.5954854431191484,0.557876893311868,external_after_embedding,26,pre_registered_benchmark_registry,0.7664257488516063,256,1,general,ISOLET,55.90589544642717,8c9d3bf6d3ef693ad4218f150dcd343a52aee84a6fb857c0b1701fec8ac4fd57,True,False,False,False,617,26,7797,26,"['embedding_final.npy', 'predictions.npy', 'labels_true.npy', 'gate_diagnostics.npz']",96512512,1,topogate_v0_t_plus_paired_mechanism_ablation_v1,topology,2025,T00_0__gate_min_001,project-root/result/v0_t_plus_local_refine_20260906_retry/selected/ISOLET/selected_config.json,project-root/datasets/ISOLET.npz,6b4853a4b97c8649722d2d28460060d23898246bad5025bd298e9aa27c9b1083,completed,core,T_edge_sim_mutual_snn,61.23775999620557
0.5934333718096704,0.5224950493179791,external_after_embedding,26,pre_registered_benchmark_registry,0.7339206519645219,256,1,general,ISOLET,57.27970796171576,8c9d3bf6d3ef693ad4218f150dcd343a52aee84a6fb857c0b1701fec8ac4fd57,True,False,False,False,617,26,7797,26,"['embedding_final.npy', 'predictions.npy', 'labels_true.npy', 'gate_diagnostics.npz']",96512512,5,topogate_v0_t_plus_paired_mechanism_ablation_v1,topology,3407,T00_0__gate_min_001,project-root/result/v0_t_plus_local_refine_20260906_retry/selected/ISOLET/selected_config.json,project-root/datasets/ISOLET.npz,6b4853a4b97c8649722d2d28460060d23898246bad5025bd298e9aa27c9b1083,completed,core,T_edge_sim_mutual_snn,63.72244460787624
0.6258817493907913,0.5342892390157699,external_after_embedding,26,pre_registered_benchmark_registry,0.7455822058958947,256,1,general,ISOLET,57.87503680586815,8c9d3bf6d3ef693ad4218f150dcd343a52aee84a6fb857c0b1701fec8ac4fd57,True,False,False,False,617,26,7797,26,"['embedding_final.npy', 'predictions.npy', 'labels_true.npy', 'gate_diagnostics.npz']",96512512,1,topogate_v0_t_plus_paired_mechanism_ablation_v1,topology,42,T00_0__gate_min_001,project-root/result/v0_t_plus_local_refine_20260906_retry/selected/ISOLET/selected_config.json,project-root/datasets/ISOLET.npz,6b4853a4b97c8649722d2d28460060d23898246bad5025bd298e9aa27c9b1083,completed,core,T_edge_sim_mutual_snn_distance,61.84541661199182
0.6265230216750032,0.5590415259335675,external_after_embedding,26,pre_registered_benchmark_registry,0.761017857593869,256,1,general,ISOLET,57.34662383701652,8c9d3bf6d3ef693ad4218f150dcd343a52aee84a6fb857c0b1701fec8ac4fd57,True,False,False,False,617,26,7797,26,"['embedding_final.npy', 'predictions.npy', 'labels_true.npy', 'gate_diagnostics.npz']",96512512,5,topogate_v0_t_plus_paired_mechanism_ablation_v1,topology,123,T00_0__gate_min_001,project-root/result/v0_t_plus_local_refine_20260906_retry/selected/ISOLET/selected_config.json,project-root/datasets/ISOLET.npz,6b4853a4b97c8649722d2d28460060d23898246bad5025bd298e9aa27c9b1083,completed,core,T_edge_sim_mutual_snn_distance,67.1207087598741
0.6127997947928691,0.5237673301979396,external_after_embedding,26,pre_registered_benchmark_registry,0.7477174996866616,256,1,general,ISOLET,55.3454526476562,8c9d3bf6d3ef693ad4218f150dcd343a52aee84a6fb857c0b1701fec8ac4fd57,True,False,False,False,617,26,7797,26,"['embedding_final.npy', 'predictions.npy', 'labels_true.npy', 'gate_diagnostics.npz']",96512512,1,topogate_v0_t_plus_paired_mechanism_ablation_v1,topology,7,T00_0__gate_min_001,project-root/result/v0_t_plus_local_refine_20260906_retry/selected/ISOLET/selected_config.json,project-root/datasets/ISOLET.npz,6b4853a4b97c8649722d2d28460060d23898246bad5025bd298e9aa27c9b1083,completed,core,T_edge_sim_mutual_snn_distance,59.335932770743966
0.6070283442349622,0.5411336397518113,external_after_embedding,26,pre_registered_benchmark_registry,0.7627224502584204,256,1,general,ISOLET,58.57366978004575,8c9d3bf6d3ef693ad4218f150dcd343a52aee84a6fb857c0b1701fec8ac4fd57,True,False,False,False,617,26,7797,26,"['embedding_final.npy', 'predictions.npy', 'labels_true.npy', 'gate_diagnostics.npz']",96512512,5,topogate_v0_t_plus_paired_mechanism_ablation_v1,topology,2025,T00_0__gate_min_001,project-root/result/v0_t_plus_local_refine_20260906_retry/selected/ISOLET/selected_config.json,project-root/datasets/ISOLET.npz,6b4853a4b97c8649722d2d28460060d23898246bad5025bd298e9aa27c9b1083,completed,core,T_edge_sim_mutual_snn_distance,62.99428163282573
0.5797101449275363,0.5184697943103699,external_after_embedding,26,pre_registered_benchmark_registry,0.7404226249632695,256,1,general,ISOLET,57.334689133800566,8c9d3bf6d3ef693ad4218f150dcd343a52aee84a6fb857c0b1701fec8ac4fd57,True,False,False,False,617,26,7797,26,"['embedding_final.npy', 'predictions.npy', 'labels_true.npy', 'gate_diagnostics.npz']",96512512,1,topogate_v0_t_plus_paired_mechanism_ablation_v1,topology,3407,T00_0__gate_min_001,project-root/result/v0_t_plus_local_refine_20260906_retry/selected/ISOLET/selected_config.json,project-root/datasets/ISOLET.npz,6b4853a4b97c8649722d2d28460060d23898246bad5025bd298e9aa27c9b1083,completed,core,T_edge_sim_mutual_snn_distance,62.37696896214038
0.5998460946517892,0.5039160064496905,external_after_embedding,26,pre_registered_benchmark_registry,0.7302151944015075,256,1,general,ISOLET,58.52121751476079,8c9d3bf6d3ef693ad4218f150dcd343a52aee84a6fb857c0b1701fec8ac4fd57,True,False,False,False,617,26,7797,26,"['embedding_final.npy', 'predictions.npy', 'labels_true.npy', 'gate_diagnostics.npz']",96512512,5,topogate_v0_t_plus_paired_mechanism_ablation_v1,topology,42,T00_0__gate_min_001,project-root/result/v0_t_plus_local_refine_20260906_retry/selected/ISOLET/selected_config.json,project-root/datasets/ISOLET.npz,6b4853a4b97c8649722d2d28460060d23898246bad5025bd298e9aa27c9b1083,completed,core,T_beta_no_mutual,63.14088046643883
0.5921508272412467,0.5295706038079676,external_after_embedding,26,pre_registered_benchmark_registry,0.7503997831261151,256,1,general,ISOLET,54.606161296367645,8c9d3bf6d3ef693ad4218f150dcd343a52aee84a6fb857c0b1701fec8ac4fd57,True,False,False,False,617,26,7797,26,"['embedding_final.npy', 'predictions.npy', 'labels_true.npy', 'gate_diagnostics.npz']",96512512,1,topogate_v0_t_plus_paired_mechanism_ablation_v1,topology,123,T00_0__gate_min_001,project-root/result/v0_t_plus_local_refine_20260906_retry/selected/ISOLET/selected_config.json,project-root/datasets/ISOLET.npz,6b4853a4b97c8649722d2d28460060d23898246bad5025bd298e9aa27c9b1083,completed,core,T_beta_no_mutual,59.048580108210444
0.5867641400538669,0.5212481979869369,external_after_embedding,26,pre_registered_benchmark_registry,0.7346198011194232,256,1,general,ISOLET,60.59972065780312,8c9d3bf6d3ef693ad4218f150dcd343a52aee84a6fb857c0b1701fec8ac4fd57,True,False,False,False,617,26,7797,26,"['embedding_final.npy', 'predictions.npy', 'labels_true.npy', 'gate_diagnostics.npz']",96512512,5,topogate_v0_t_plus_paired_mechanism_ablation_v1,topology,7,T00_0__gate_min_001,project-root/result/v0_t_plus_local_refine_20260906_retry/selected/ISOLET/selected_config.json,project-root/datasets/ISOLET.npz,6b4853a4b97c8649722d2d28460060d23898246bad5025bd298e9aa27c9b1083,completed,core,T_beta_no_mutual,66.14620180055499
0.5962549698602027,0.5297393698772717,external_after_embedding,26,pre_registered_benchmark_registry,0.7518459664586676,256,1,general,ISOLET,54.37090241536498,8c9d3bf6d3ef693ad4218f150dcd343a52aee84a6fb857c0b1701fec8ac4fd57,True,False,False,False,617,26,7797,26,"['embedding_final.npy', 'predictions.npy', 'labels_true.npy', 'gate_diagnostics.npz']",96512512,1,topogate_v0_t_plus_paired_mechanism_ablation_v1,topology,2025,T00_0__gate_min_001,project-root/result/v0_t_plus_local_refine_20260906_retry/selected/ISOLET/selected_config.json,project-root/datasets/ISOLET.npz,6b4853a4b97c8649722d2d28460060d23898246bad5025bd298e9aa27c9b1083,completed,core,T_beta_no_mutual,58.430625260807574
0.5988200589970502,0.5126986301114979,external_after_embedding,26,pre_registered_benchmark_registry,0.7339852230662676,256,1,general,ISOLET,56.312437772750854,8c9d3bf6d3ef693ad4218f150dcd343a52aee84a6fb857c0b1701fec8ac4fd57,True,False,False,False,617,26,7797,26,"['embedding_final.npy', 'predictions.npy', 'labels_true.npy', 'gate_diagnostics.npz']",96512512,5,topogate_v0_t_plus_paired_mechanism_ablation_v1,topology,3407,T00_0__gate_min_001,project-root/result/v0_t_plus_local_refine_20260906_retry/selected/ISOLET/selected_config.json,project-root/datasets/ISOLET.npz,6b4853a4b97c8649722d2d28460060d23898246bad5025bd298e9aa27c9b1083,completed,core,T_beta_no_mutual,60.523116229102015
0.6092086700012825,0.5149902637187079,external_after_embedding,26,pre_registered_benchmark_registry,0.7386896168023073,256,1,general,ISOLET,53.87032249569893,8c9d3bf6d3ef693ad4218f150dcd343a52aee84a6fb857c0b1701fec8ac4fd57,True,False,False,False,617,26,7797,26,"['embedding_final.npy', 'predictions.npy', 'labels_true.npy', 'gate_diagnostics.npz']",96512512,1,topogate_v0_t_plus_paired_mechanism_ablation_v1,topology,42,T00_0__gate_min_001,project-root/result/v0_t_plus_local_refine_20260906_retry/selected/ISOLET/selected_config.json,project-root/datasets/ISOLET.npz,6b4853a4b97c8649722d2d28460060d23898246bad5025bd298e9aa27c9b1083,completed,core,T_beta_no_snn,58.67525241523981
0.606643580864435,0.5147176589220857,external_after_embedding,26,pre_registered_benchmark_registry,0.7485670335045423,256,1,general,ISOLET,55.43143255542964,8c9d3bf6d3ef693ad4218f150dcd343a52aee84a6fb857c0b1701fec8ac4fd57,True,False,False,False,617,26,7797,26,"['embedding_final.npy', 'predictions.npy', 'labels_true.npy', 'gate_diagnostics.npz']",96512512,5,topogate_v0_t_plus_paired_mechanism_ablation_v1,topology,123,T00_0__gate_min_001,project-root/result/v0_t_plus_local_refine_20260906_retry/selected/ISOLET/selected_config.json,project-root/datasets/ISOLET.npz,6b4853a4b97c8649722d2d28460060d23898246bad5025bd298e9aa27c9b1083,completed,core,T_beta_no_snn,59.383493615314364
0.6040784917275875,0.5356349598437735,external_after_embedding,26,pre_registered_benchmark_registry,0.7566901124703725,256,1,general,ISOLET,55.34710177127272,8c9d3bf6d3ef693ad4218f150dcd343a52aee84a6fb857c0b1701fec8ac4fd57,True,False,False,False,617,26,7797,26,"['embedding_final.npy', 'predictions.npy', 'labels_true.npy', 'gate_diagnostics.npz']",96512512,1,topogate_v0_t_plus_paired_mechanism_ablation_v1,topology,7,T00_0__gate_min_001,project-root/result/v0_t_plus_local_refine_20260906_retry/selected/ISOLET/selected_config.json,project-root/datasets/ISOLET.npz,6b4853a4b97c8649722d2d28460060d23898246bad5025bd298e9aa27c9b1083,completed,core,T_beta_no_snn,60.66428467724472
0.605617545209696,0.5576306295928729,external_after_embedding,26,pre_registered_benchmark_registry,0.7627588041870318,256,1,general,ISOLET,57.42028268892318,8c9d3bf6d3ef693ad4218f150dcd343a52aee84a6fb857c0b1701fec8ac4fd57,True,False,False,False,617,26,7797,26,"['embedding_final.npy', 'predictions.npy', 'labels_true.npy', 'gate_diagnostics.npz']",96512512,5,topogate_v0_t_plus_paired_mechanism_ablation_v1,topology,2025,T00_0__gate_min_001,project-root/result/v0_t_plus_local_refine_20260906_retry/selected/ISOLET/selected_config.json,project-root/datasets/ISOLET.npz,6b4853a4b97c8649722d2d28460060d23898246bad5025bd298e9aa27c9b1083,completed,core,T_beta_no_snn,62.565698829479516
0.605617545209696,0.5232267065450361,external_after_embedding,26,pre_registered_benchmark_registry,0.7429480275643078,256,1,general,ISOLET,56.75714614521712,8c9d3bf6d3ef693ad4218f150dcd343a52aee84a6fb857c0b1701fec8ac4fd57,True,False,False,False,617,26,7797,26,"['embedding_final.npy', 'predictions.npy', 'labels_true.npy', 'gate_diagnostics.npz']",96512512,1,topogate_v0_t_plus_paired_mechanism_ablation_v1,topology,3407,T00_0__gate_min_001,project-root/result/v0_t_plus_local_refine_20260906_retry/selected/ISOLET/selected_config.json,project-root/datasets/ISOLET.npz,6b4853a4b97c8649722d2d28460060d23898246bad5025bd298e9aa27c9b1083,completed,core,T_beta_no_snn,63.13900040835142
0.5720148775169938,0.48996076385146337,external_after_embedding,26,pre_registered_benchmark_registry,0.7219028881179497,256,1,general,ISOLET,57.54070653486997,8c9d3bf6d3ef693ad4218f150dcd343a52aee84a6fb857c0b1701fec8ac4fd57,True,False,False,False,617,26,7797,26,"['embedding_final.npy', 'predictions.npy', 'labels_true.npy', 'gate_diagnostics.npz']",96512512,5,topogate_v0_t_plus_paired_mechanism_ablation_v1,topology,42,T00_0__gate_min_001,project-root/result/v0_t_plus_local_refine_20260906_retry/selected/ISOLET/selected_config.json,project-root/datasets/ISOLET.npz,6b4853a4b97c8649722d2d28460060d23898246bad5025bd298e9aa27c9b1083,completed,core,T_beta_no_perturb,62.500905526801944
0.6143388482749775,0.527999274046076,external_after_embedding,26,pre_registered_benchmark_registry,0.7488644165728855,256,1,general,ISOLET,55.6497658463195,8c9d3bf6d3ef693ad4218f150dcd343a52aee84a6fb857c0b1701fec8ac4fd57,True,False,False,False,617,26,7797,26,"['embedding_final.npy', 'predictions.npy', 'labels_true.npy', 'gate_diagnostics.npz']",96512512,1,topogate_v0_t_plus_paired_mechanism_ablation_v1,topology,123,T00_0__gate_min_001,project-root/result/v0_t_plus_local_refine_20260906_retry/selected/ISOLET/selected_config.json,project-root/datasets/ISOLET.npz,6b4853a4b97c8649722d2d28460060d23898246bad5025bd298e9aa27c9b1083,completed,core,T_beta_no_perturb,61.95341736078262
0.595357188662306,0.5122511391685061,external_after_embedding,26,pre_registered_benchmark_registry,0.7346367144329283,256,1,general,ISOLET,56.11683056037873,8c9d3bf6d3ef693ad4218f150dcd343a52aee84a6fb857c0b1701fec8ac4fd57,True,False,False,False,617,26,7797,26,"['embedding_final.npy', 'predictions.npy', 'labels_true.npy', 'gate_diagnostics.npz']",96512512,5,topogate_v0_t_plus_paired_mechanism_ablation_v1,topology,7,T00_0__gate_min_001,project-root/result/v0_t_plus_local_refine_20260906_retry/selected/ISOLET/selected_config.json,project-root/datasets/ISOLET.npz,6b4853a4b97c8649722d2d28460060d23898246bad5025bd298e9aa27c9b1083,completed,core,T_beta_no_perturb,60.426044509746134
0.6263947672181608,0.5517244816557555,external_after_embedding,26,pre_registered_benchmark_registry,0.7583470025683603,256,1,general,ISOLET,56.1094275098294,8c9d3bf6d3ef693ad4218f150dcd343a52aee84a6fb857c0b1701fec8ac4fd57,True,False,False,False,617,26,7797,26,"['embedding_final.npy', 'predictions.npy', 'labels_true.npy', 'gate_diagnostics.npz']",96512512,1,topogate_v0_t_plus_paired_mechanism_ablation_v1,topology,2025,T00_0__gate_min_001,project-root/result/v0_t_plus_local_refine_20260906_retry/selected/ISOLET/selected_config.json,project-root/datasets/ISOLET.npz,6b4853a4b97c8649722d2d28460060d23898246bad5025bd298e9aa27c9b1083,completed,core,T_beta_no_perturb,59.83115167822689
0.6143388482749775,0.5437431904107329,external_after_embedding,26,pre_registered_benchmark_registry,0.7455705776279535,256,1,general,ISOLET,59.058596975170076,8c9d3bf6d3ef693ad4218f150dcd343a52aee84a6fb857c0b1701fec8ac4fd57,True,False,False,False,617,26,7797,26,"['embedding_final.npy', 'predictions.npy', 'labels_true.npy', 'gate_diagnostics.npz']",96512512,5,topogate_v0_t_plus_paired_mechanism_ablation_v1,topology,3407,T00_0__gate_min_001,project-root/result/v0_t_plus_local_refine_20260906_retry/selected/ISOLET/selected_config.json,project-root/datasets/ISOLET.npz,6b4853a4b97c8649722d2d28460060d23898246bad5025bd298e9aa27c9b1083,completed,core,T_beta_no_perturb,64.19520896859467
0.5269160583941606,0.19003710183986033,external_after_embedding,3,pre_registered_benchmark_registry,0.2886411799322449,256,1,boundary,reuters,55.14577753376216,d16eb0679c559f62b95ffc28fca726af2c64ab97bca0ed4a06b37551ac95dc6a,True,False,False,False,2000,3,6576,3,"['embedding_final.npy', 'predictions.npy', 'labels_true.npy', 'gate_diagnostics.npz']",201379840,1,topogate_v0_t_plus_paired_mechanism_ablation_v1,topology,42,T00_0__k_plus,project-root/result/v0_t_plus_local_refine_20260906_retry/selected/reuters/selected_config.json,project-root/datasets/reuters.npz,d1f30aa9700da83e903cc1d726e75be2623ac5c99efe476fcdf19eced589c27e,completed,core,T_full,58.36103240959346
0.5295012165450121,0.21027666038126544,external_after_embedding,3,pre_registered_benchmark_registry,0.30352836362747254,256,1,boundary,reuters,56.844414757564664,d16eb0679c559f62b95ffc28fca726af2c64ab97bca0ed4a06b37551ac95dc6a,True,False,False,False,2000,3,6576,3,"['embedding_final.npy', 'predictions.npy', 'labels_true.npy', 'gate_diagnostics.npz']",201379840,5,topogate_v0_t_plus_paired_mechanism_ablation_v1,topology,123,T00_0__k_plus,project-root/result/v0_t_plus_local_refine_20260906_retry/selected/reuters/selected_config.json,project-root/datasets/reuters.npz,d1f30aa9700da83e903cc1d726e75be2623ac5c99efe476fcdf19eced589c27e,completed,core,T_full,64.1968449531123
0.5320863746958637,0.21107072890599154,external_after_embedding,3,pre_registered_benchmark_registry,0.3070616218476136,256,1,boundary,reuters,54.91893990524113,d16eb0679c559f62b95ffc28fca726af2c64ab97bca0ed4a06b37551ac95dc6a,True,False,False,False,2000,3,6576,3,"['embedding_final.npy', 'predictions.npy', 'labels_true.npy', 'gate_diagnostics.npz']",201379840,1,topogate_v0_t_plus_paired_mechanism_ablation_v1,topology,7,T00_0__k_plus,project-root/result/v0_t_plus_local_refine_20260906_retry/selected/reuters/selected_config.json,project-root/datasets/reuters.npz,d1f30aa9700da83e903cc1d726e75be2623ac5c99efe476fcdf19eced589c27e,completed,core,T_full,58.09769963566214
0.5361922141119222,0.1975499259277589,external_after_embedding,3,pre_registered_benchmark_registry,0.28944318566761146,256,1,boundary,reuters,60.79769747145474,d16eb0679c559f62b95ffc28fca726af2c64ab97bca0ed4a06b37551ac95dc6a,True,False,False,False,2000,3,6576,3,"['embedding_final.npy', 'predictions.npy', 'labels_true.npy', 'gate_diagnostics.npz']",201379840,5,topogate_v0_t_plus_paired_mechanism_ablation_v1,topology,2025,T00_0__k_plus,project-root/result/v0_t_plus_local_refine_20260906_retry/selected/reuters/selected_config.json,project-root/datasets/reuters.npz,d1f30aa9700da83e903cc1d726e75be2623ac5c99efe476fcdf19eced589c27e,completed,core,T_full,65.38948031328619
0.5415145985401459,0.20375052301554622,external_after_embedding,3,pre_registered_benchmark_registry,0.2992941547356316,256,1,boundary,reuters,53.688338028267026,d16eb0679c559f62b95ffc28fca726af2c64ab97bca0ed4a06b37551ac95dc6a,True,False,False,False,2000,3,6576,3,"['embedding_final.npy', 'predictions.npy', 'labels_true.npy', 'gate_diagnostics.npz']",201379840,1,topogate_v0_t_plus_paired_mechanism_ablation_v1,topology,3407,T00_0__k_plus,project-root/result/v0_t_plus_local_refine_20260906_retry/selected/reuters/selected_config.json,project-root/datasets/reuters.npz,d1f30aa9700da83e903cc1d726e75be2623ac5c99efe476fcdf19eced589c27e,completed,core,T_full,59.39453611150384
0.5267639902676399,0.18977493670506015,external_after_embedding,3,pre_registered_benchmark_registry,0.28822099788362127,256,1,boundary,reuters,50.83001756388694,d16eb0679c559f62b95ffc28fca726af2c64ab97bca0ed4a06b37551ac95dc6a,True,False,False,False,2000,3,6576,3,"['embedding_final.npy', 'predictions.npy', 'labels_true.npy', 'gate_diagnostics.npz']",201379840,5,topogate_v0_t_plus_paired_mechanism_ablation_v1,topology,42,T00_0__k_plus,project-root/result/v0_t_plus_local_refine_20260906_retry/selected/reuters/selected_config.json,project-root/datasets/reuters.npz,d1f30aa9700da83e903cc1d726e75be2623ac5c99efe476fcdf19eced589c27e,completed,core,F_matched_total_mix,55.78379323147237
0.5295012165450121,0.210104631130443,external_after_embedding,3,pre_registered_benchmark_registry,0.30326498470161534,256,1,boundary,reuters,49.750702856108546,d16eb0679c559f62b95ffc28fca726af2c64ab97bca0ed4a06b37551ac95dc6a,True,False,False,False,2000,3,6576,3,"['embedding_final.npy', 'predictions.npy', 'labels_true.npy', 'gate_diagnostics.npz']",201379840,1,topogate_v0_t_plus_paired_mechanism_ablation_v1,topology,123,T00_0__k_plus,project-root/result/v0_t_plus_local_refine_20260906_retry/selected/reuters/selected_config.json,project-root/datasets/reuters.npz,d1f30aa9700da83e903cc1d726e75be2623ac5c99efe476fcdf19eced589c27e,completed,core,F_matched_total_mix,55.404412739910185
0.5323905109489051,0.21137075733570546,external_after_embedding,3,pre_registered_benchmark_registry,0.30715144991219323,256,1,boundary,reuters,50.56455240212381,d16eb0679c559f62b95ffc28fca726af2c64ab97bca0ed4a06b37551ac95dc6a,True,False,False,False,2000,3,6576,3,"['embedding_final.npy', 'predictions.npy', 'labels_true.npy', 'gate_diagnostics.npz']",201379840,5,topogate_v0_t_plus_paired_mechanism_ablation_v1,topology,7,T00_0__k_plus,project-root/result/v0_t_plus_local_refine_20260906_retry/selected/reuters/selected_config.json,project-root/datasets/reuters.npz,d1f30aa9700da83e903cc1d726e75be2623ac5c99efe476fcdf19eced589c27e,completed,core,F_matched_total_mix,55.143381386995316
0.5360401459854015,0.19705315133174828,external_after_embedding,3,pre_registered_benchmark_registry,0.2887764685814378,256,1,boundary,reuters,49.618356607854366,d16eb0679c559f62b95ffc28fca726af2c64ab97bca0ed4a06b37551ac95dc6a,True,False,False,False,2000,3,6576,3,"['embedding_final.npy', 'predictions.npy', 'labels_true.npy', 'gate_diagnostics.npz']",201379840,1,topogate_v0_t_plus_paired_mechanism_ablation_v1,topology,2025,T00_0__k_plus,project-root/result/v0_t_plus_local_refine_20260906_retry/selected/reuters/selected_config.json,project-root/datasets/reuters.npz,d1f30aa9700da83e903cc1d726e75be2623ac5c99efe476fcdf19eced589c27e,completed,core,F_matched_total_mix,53.9903654307127
0.5413625304136253,0.20353788881102503,external_after_embedding,3,pre_registered_benchmark_registry,0.29872149972041384,256,1,boundary,reuters,51.44317833054811,d16eb0679c559f62b95ffc28fca726af2c64ab97bca0ed4a06b37551ac95dc6a,True,False,False,False,2000,3,6576,3,"['embedding_final.npy', 'predictions.npy', 'labels_true.npy', 'gate_diagnostics.npz']",201379840,5,topogate_v0_t_plus_paired_mechanism_ablation_v1,topology,3407,T00_0__k_plus,project-root/result/v0_t_plus_local_refine_20260906_retry/selected/reuters/selected_config.json,project-root/datasets/reuters.npz,d1f30aa9700da83e903cc1d726e75be2623ac5c99efe476fcdf19eced589c27e,completed,core,F_matched_total_mix,56.49639245402068
0.5269160583941606,0.18981528376552498,external_after_embedding,3,pre_registered_benchmark_registry,0.28852556289040576,256,1,boundary,reuters,55.35431493446231,d16eb0679c559f62b95ffc28fca726af2c64ab97bca0ed4a06b37551ac95dc6a,True,False,False,False,2000,3,6576,3,"['embedding_final.npy', 'predictions.npy', 'labels_true.npy', 'gate_diagnostics.npz']",201379840,1,topogate_v0_t_plus_paired_mechanism_ablation_v1,topology,42,T00_0__k_plus,project-root/result/v0_t_plus_local_refine_20260906_retry/selected/reuters/selected_config.json,project-root/datasets/reuters.npz,d1f30aa9700da83e903cc1d726e75be2623ac5c99efe476fcdf19eced589c27e,completed,core,T_shuffled_gate,61.6538201905787
0.5288929440389294,0.21014984881951285,external_after_embedding,3,pre_registered_benchmark_registry,0.30377026378415245,256,1,boundary,reuters,57.85520094819367,d16eb0679c559f62b95ffc28fca726af2c64ab97bca0ed4a06b37551ac95dc6a,True,False,False,False,2000,3,6576,3,"['embedding_final.npy', 'predictions.npy', 'labels_true.npy', 'gate_diagnostics.npz']",201379840,5,topogate_v0_t_plus_paired_mechanism_ablation_v1,topology,123,T00_0__k_plus,project-root/result/v0_t_plus_local_refine_20260906_retry/selected/reuters/selected_config.json,project-root/datasets/reuters.npz,d1f30aa9700da83e903cc1d726e75be2623ac5c99efe476fcdf19eced589c27e,completed,core,T_shuffled_gate,64.20336408354342
0.5323905109489051,0.2115328778272008,external_after_embedding,3,pre_registered_benchmark_registry,0.30746438850566493,256,1,boundary,reuters,57.682455180212855,d16eb0679c559f62b95ffc28fca726af2c64ab97bca0ed4a06b37551ac95dc6a,True,False,False,False,2000,3,6576,3,"['embedding_final.npy', 'predictions.npy', 'labels_true.npy', 'gate_diagnostics.npz']",201379840,1,topogate_v0_t_plus_paired_mechanism_ablation_v1,topology,7,T00_0__k_plus,project-root/result/v0_t_plus_local_refine_20260906_retry/selected/reuters/selected_config.json,project-root/datasets/reuters.npz,d1f30aa9700da83e903cc1d726e75be2623ac5c99efe476fcdf19eced589c27e,completed,core,T_shuffled_gate,61.900284023955464
0.5358880778588808,0.19693545819361138,external_after_embedding,3,pre_registered_benchmark_registry,0.28863336772547354,256,1,boundary,reuters,60.478202474303544,d16eb0679c559f62b95ffc28fca726af2c64ab97bca0ed4a06b37551ac95dc6a,True,False,False,False,2000,3,6576,3,"['embedding_final.npy', 'predictions.npy', 'labels_true.npy', 'gate_diagnostics.npz']",201379840,5,topogate_v0_t_plus_paired_mechanism_ablation_v1,topology,2025,T00_0__k_plus,project-root/result/v0_t_plus_local_refine_20260906_retry/selected/reuters/selected_config.json,project-root/datasets/reuters.npz,d1f30aa9700da83e903cc1d726e75be2623ac5c99efe476fcdf19eced589c27e,completed,core,T_shuffled_gate,65.0260497899726
0.5409063260340633,0.20365858954250482,external_after_embedding,3,pre_registered_benchmark_registry,0.299731379554747,256,1,boundary,reuters,57.79929776210338,d16eb0679c559f62b95ffc28fca726af2c64ab97bca0ed4a06b37551ac95dc6a,True,False,False,False,2000,3,6576,3,"['embedding_final.npy', 'predictions.npy', 'labels_true.npy', 'gate_diagnostics.npz']",201379840,1,topogate_v0_t_plus_paired_mechanism_ablation_v1,topology,3407,T00_0__k_plus,project-root/result/v0_t_plus_local_refine_20260906_retry/selected/reuters/selected_config.json,project-root/datasets/reuters.npz,d1f30aa9700da83e903cc1d726e75be2623ac5c99efe476fcdf19eced589c27e,completed,core,T_shuffled_gate,61.512356418184936
0.5264598540145985,0.18948492778878975,external_after_embedding,3,pre_registered_benchmark_registry,0.28812254171792856,256,1,boundary,reuters,61.31365100014955,d16eb0679c559f62b95ffc28fca726af2c64ab97bca0ed4a06b37551ac95dc6a,True,False,False,False,2000,3,6576,3,"['embedding_final.npy', 'predictions.npy', 'labels_true.npy', 'gate_diagnostics.npz']",201379840,5,topogate_v0_t_plus_paired_mechanism_ablation_v1,topology,42,T00_0__k_plus,project-root/result/v0_t_plus_local_refine_20260906_retry/selected/reuters/selected_config.json,project-root/datasets/reuters.npz,d1f30aa9700da83e903cc1d726e75be2623ac5c99efe476fcdf19eced589c27e,completed,core,T_fixed_mean_gate,66.23030171170831
0.5295012165450121,0.210104631130443,external_after_embedding,3,pre_registered_benchmark_registry,0.30326498470161534,256,1,boundary,reuters,57.64434229582548,d16eb0679c559f62b95ffc28fca726af2c64ab97bca0ed4a06b37551ac95dc6a,True,False,False,False,2000,3,6576,3,"['embedding_final.npy', 'predictions.npy', 'labels_true.npy', 'gate_diagnostics.npz']",201379840,1,topogate_v0_t_plus_paired_mechanism_ablation_v1,topology,123,T00_0__k_plus,project-root/result/v0_t_plus_local_refine_20260906_retry/selected/reuters/selected_config.json,project-root/datasets/reuters.npz,d1f30aa9700da83e903cc1d726e75be2623ac5c99efe476fcdf19eced589c27e,completed,core,T_fixed_mean_gate,61.67652958445251
0.5322384428223844,0.21142060359293943,external_after_embedding,3,pre_registered_benchmark_registry,0.30732493923766785,256,1,boundary,reuters,60.23926824424416,d16eb0679c559f62b95ffc28fca726af2c64ab97bca0ed4a06b37551ac95dc6a,True,False,False,False,2000,3,6576,3,"['embedding_final.npy', 'predictions.npy', 'labels_true.npy', 'gate_diagnostics.npz']",201379840,5,topogate_v0_t_plus_paired_mechanism_ablation_v1,topology,7,T00_0__k_plus,project-root/result/v0_t_plus_local_refine_20260906_retry/selected/reuters/selected_config.json,project-root/datasets/reuters.npz,d1f30aa9700da83e903cc1d726e75be2623ac5c99efe476fcdf19eced589c27e,completed,core,T_fixed_mean_gate,65.3538060868159
0.5360401459854015,0.19705315133174828,external_after_embedding,3,pre_registered_benchmark_registry,0.2887764685814378,256,1,boundary,reuters,58.29806575924158,d16eb0679c559f62b95ffc28fca726af2c64ab97bca0ed4a06b37551ac95dc6a,True,False,False,False,2000,3,6576,3,"['embedding_final.npy', 'predictions.npy', 'labels_true.npy', 'gate_diagnostics.npz']",201379840,1,topogate_v0_t_plus_paired_mechanism_ablation_v1,topology,2025,T00_0__k_plus,project-root/result/v0_t_plus_local_refine_20260906_retry/selected/reuters/selected_config.json,project-root/datasets/reuters.npz,d1f30aa9700da83e903cc1d726e75be2623ac5c99efe476fcdf19eced589c27e,completed,core,T_fixed_mean_gate,62.106741262599826
0.5413625304136253,0.20353788881102503,external_after_embedding,3,pre_registered_benchmark_registry,0.29872149972041384,256,1,boundary,reuters,62.69066489581019,d16eb0679c559f62b95ffc28fca726af2c64ab97bca0ed4a06b37551ac95dc6a,True,False,False,False,2000,3,6576,3,"['embedding_final.npy', 'predictions.npy', 'labels_true.npy', 'gate_diagnostics.npz']",201379840,5,topogate_v0_t_plus_paired_mechanism_ablation_v1,topology,3407,T00_0__k_plus,project-root/result/v0_t_plus_local_refine_20260906_retry/selected/reuters/selected_config.json,project-root/datasets/reuters.npz,d1f30aa9700da83e903cc1d726e75be2623ac5c99efe476fcdf19eced589c27e,completed,core,T_fixed_mean_gate,68.3256692159921
0.5269160583941606,0.18981570232946984,external_after_embedding,3,pre_registered_benchmark_registry,0.2884648376480253,256,1,boundary,reuters,52.07252945192158,d16eb0679c559f62b95ffc28fca726af2c64ab97bca0ed4a06b37551ac95dc6a,True,False,False,False,2000,3,6576,3,"['embedding_final.npy', 'predictions.npy', 'labels_true.npy', 'gate_diagnostics.npz']",201379840,1,topogate_v0_t_plus_paired_mechanism_ablation_v1,topology,42,T00_0__k_plus,project-root/result/v0_t_plus_local_refine_20260906_retry/selected/reuters/selected_config.json,project-root/datasets/reuters.npz,d1f30aa9700da83e903cc1d726e75be2623ac5c99efe476fcdf19eced589c27e,completed,core,T_random_neighbor,62.12636182829738
0.5298053527980535,0.2104012591533906,external_after_embedding,3,pre_registered_benchmark_registry,0.30333636861272084,256,1,boundary,reuters,52.299248058348894,d16eb0679c559f62b95ffc28fca726af2c64ab97bca0ed4a06b37551ac95dc6a,True,False,False,False,2000,3,6576,3,"['embedding_final.npy', 'predictions.npy', 'labels_true.npy', 'gate_diagnostics.npz']",201379840,5,topogate_v0_t_plus_paired_mechanism_ablation_v1,topology,123,T00_0__k_plus,project-root/result/v0_t_plus_local_refine_20260906_retry/selected/reuters/selected_config.json,project-root/datasets/reuters.npz,d1f30aa9700da83e903cc1d726e75be2623ac5c99efe476fcdf19eced589c27e,completed,core,T_random_neighbor,56.63817987497896
0.5320863746958637,0.21107072890599154,external_after_embedding,3,pre_registered_benchmark_registry,0.3070616218476136,256,1,boundary,reuters,50.36282859835774,d16eb0679c559f62b95ffc28fca726af2c64ab97bca0ed4a06b37551ac95dc6a,True,False,False,False,2000,3,6576,3,"['embedding_final.npy', 'predictions.npy', 'labels_true.npy', 'gate_diagnostics.npz']",201379840,1,topogate_v0_t_plus_paired_mechanism_ablation_v1,topology,7,T00_0__k_plus,project-root/result/v0_t_plus_local_refine_20260906_retry/selected/reuters/selected_config.json,project-root/datasets/reuters.npz,d1f30aa9700da83e903cc1d726e75be2623ac5c99efe476fcdf19eced589c27e,completed,core,T_random_neighbor,54.29560200031847
0.5363442822384428,0.19817412751872404,external_after_embedding,3,pre_registered_benchmark_registry,0.28964051596679985,256,1,boundary,reuters,52.489450592547655,d16eb0679c559f62b95ffc28fca726af2c64ab97bca0ed4a06b37551ac95dc6a,True,False,False,False,2000,3,6576,3,"['embedding_final.npy', 'predictions.npy', 'labels_true.npy', 'gate_diagnostics.npz']",201379840,5,topogate_v0_t_plus_paired_mechanism_ablation_v1,topology,2025,T00_0__k_plus,project-root/result/v0_t_plus_local_refine_20260906_retry/selected/reuters/selected_config.json,project-root/datasets/reuters.npz,d1f30aa9700da83e903cc1d726e75be2623ac5c99efe476fcdf19eced589c27e,completed,core,T_random_neighbor,56.443378320895135
0.5401459854014599,0.20358342682597488,external_after_embedding,3,pre_registered_benchmark_registry,0.3002188760215102,256,1,boundary,reuters,51.735737135633826,d16eb0679c559f62b95ffc28fca726af2c64ab97bca0ed4a06b37551ac95dc6a,True,False,False,False,2000,3,6576,3,"['embedding_final.npy', 'predictions.npy', 'labels_true.npy', 'gate_diagnostics.npz']",201379840,1,topogate_v0_t_plus_paired_mechanism_ablation_v1,topology,3407,T00_0__k_plus,project-root/result/v0_t_plus_local_refine_20260906_retry/selected/reuters/selected_config.json,project-root/datasets/reuters.npz,d1f30aa9700da83e903cc1d726e75be2623ac5c99efe476fcdf19eced589c27e,completed,core,T_random_neighbor,55.60284982807934
0.5275243309002433,0.19234484413217545,external_after_embedding,3,pre_registered_benchmark_registry,0.2905711685740067,256,1,boundary,reuters,20.346998752094805,d16eb0679c559f62b95ffc28fca726af2c64ab97bca0ed4a06b37551ac95dc6a,True,False,False,False,2000,3,6576,3,"['embedding_final.npy', 'predictions.npy', 'labels_true.npy', 'gate_diagnostics.npz']",178979328,5,topogate_v0_t_plus_paired_mechanism_ablation_v1,topology,42,T00_0__k_plus,project-root/result/v0_t_plus_local_refine_20260906_retry/selected/reuters/selected_config.json,project-root/datasets/reuters.npz,d1f30aa9700da83e903cc1d726e75be2623ac5c99efe476fcdf19eced589c27e,completed,core,T_no_vicinal,23.841403763741255
0.5301094890510949,0.21147294661784177,external_after_embedding,3,pre_registered_benchmark_registry,0.30457525168301064,256,1,boundary,reuters,20.41351597290486,d16eb0679c559f62b95ffc28fca726af2c64ab97bca0ed4a06b37551ac95dc6a,True,False,False,False,2000,3,6576,3,"['embedding_final.npy', 'predictions.npy', 'labels_true.npy', 'gate_diagnostics.npz']",178979328,1,topogate_v0_t_plus_paired_mechanism_ablation_v1,topology,123,T00_0__k_plus,project-root/result/v0_t_plus_local_refine_20260906_retry/selected/reuters/selected_config.json,project-root/datasets/reuters.npz,d1f30aa9700da83e903cc1d726e75be2623ac5c99efe476fcdf19eced589c27e,completed,core,T_no_vicinal,24.25947023089975
0.5323905109489051,0.21064788452864575,external_after_embedding,3,pre_registered_benchmark_registry,0.30609481999010096,256,1,boundary,reuters,20.19683701917529,d16eb0679c559f62b95ffc28fca726af2c64ab97bca0ed4a06b37551ac95dc6a,True,False,False,False,2000,3,6576,3,"['embedding_final.npy', 'predictions.npy', 'labels_true.npy', 'gate_diagnostics.npz']",178979328,5,topogate_v0_t_plus_paired_mechanism_ablation_v1,topology,7,T00_0__k_plus,project-root/result/v0_t_plus_local_refine_20260906_retry/selected/reuters/selected_config.json,project-root/datasets/reuters.npz,d1f30aa9700da83e903cc1d726e75be2623ac5c99efe476fcdf19eced589c27e,completed,core,T_no_vicinal,24.04077446926385
0.5380170316301703,0.19583403849148198,external_after_embedding,3,pre_registered_benchmark_registry,0.284802372163748,256,1,boundary,reuters,19.33011593297124,d16eb0679c559f62b95ffc28fca726af2c64ab97bca0ed4a06b37551ac95dc6a,True,False,False,False,2000,3,6576,3,"['embedding_final.npy', 'predictions.npy', 'labels_true.npy', 'gate_diagnostics.npz']",178979328,1,topogate_v0_t_plus_paired_mechanism_ablation_v1,topology,2025,T00_0__k_plus,project-root/result/v0_t_plus_local_refine_20260906_retry/selected/reuters/selected_config.json,project-root/datasets/reuters.npz,d1f30aa9700da83e903cc1d726e75be2623ac5c99efe476fcdf19eced589c27e,completed,core,T_no_vicinal,23.115104340016842
0.5363442822384428,0.20030417353936883,external_after_embedding,3,pre_registered_benchmark_registry,0.2959590971566629,256,1,boundary,reuters,17.482607138343155,d16eb0679c559f62b95ffc28fca726af2c64ab97bca0ed4a06b37551ac95dc6a,True,False,False,False,2000,3,6576,3,"['embedding_final.npy', 'predictions.npy', 'labels_true.npy', 'gate_diagnostics.npz']",178979328,5,topogate_v0_t_plus_paired_mechanism_ablation_v1,topology,3407,T00_0__k_plus,project-root/result/v0_t_plus_local_refine_20260906_retry/selected/reuters/selected_config.json,project-root/datasets/reuters.npz,d1f30aa9700da83e903cc1d726e75be2623ac5c99efe476fcdf19eced589c27e,completed,core,T_no_vicinal,22.11465860530734
0.5267639902676399,0.18977493670506015,external_after_embedding,3,pre_registered_benchmark_registry,0.28822099788362127,256,1,boundary,reuters,53.303111769258976,d16eb0679c559f62b95ffc28fca726af2c64ab97bca0ed4a06b37551ac95dc6a,True,False,False,False,2000,3,6576,3,"['embedding_final.npy', 'predictions.npy', 'labels_true.npy', 'gate_diagnostics.npz']",201379840,1,topogate_v0_t_plus_paired_mechanism_ablation_v1,unit,42,T00_0__k_plus,project-root/result/v0_t_plus_local_refine_20260906_retry/selected/reuters/selected_config.json,project-root/datasets/reuters.npz,d1f30aa9700da83e903cc1d726e75be2623ac5c99efe476fcdf19eced589c27e,completed,core,T_uniform_pseudo_loss,58.165059071965516
0.5295012165450121,0.210104631130443,external_after_embedding,3,pre_registered_benchmark_registry,0.30326498470161534,256,1,boundary,reuters,50.90827391203493,d16eb0679c559f62b95ffc28fca726af2c64ab97bca0ed4a06b37551ac95dc6a,True,False,False,False,2000,3,6576,3,"['embedding_final.npy', 'predictions.npy', 'labels_true.npy', 'gate_diagnostics.npz']",201379840,5,topogate_v0_t_plus_paired_mechanism_ablation_v1,unit,123,T00_0__k_plus,project-root/result/v0_t_plus_local_refine_20260906_retry/selected/reuters/selected_config.json,project-root/datasets/reuters.npz,d1f30aa9700da83e903cc1d726e75be2623ac5c99efe476fcdf19eced589c27e,completed,core,T_uniform_pseudo_loss,54.537459913641214
0.5323905109489051,0.21137075733570546,external_after_embedding,3,pre_registered_benchmark_registry,0.30715144991219323,256,1,boundary,reuters,51.39036171883345,d16eb0679c559f62b95ffc28fca726af2c64ab97bca0ed4a06b37551ac95dc6a,True,False,False,False,2000,3,6576,3,"['embedding_final.npy', 'predictions.npy', 'labels_true.npy', 'gate_diagnostics.npz']",201379840,1,topogate_v0_t_plus_paired_mechanism_ablation_v1,unit,7,T00_0__k_plus,project-root/result/v0_t_plus_local_refine_20260906_retry/selected/reuters/selected_config.json,project-root/datasets/reuters.npz,d1f30aa9700da83e903cc1d726e75be2623ac5c99efe476fcdf19eced589c27e,completed,core,T_uniform_pseudo_loss,56.111327291466296
0.5360401459854015,0.19705315133174828,external_after_embedding,3,pre_registered_benchmark_registry,0.2887764685814378,256,1,boundary,reuters,58.04262641444802,d16eb0679c559f62b95ffc28fca726af2c64ab97bca0ed4a06b37551ac95dc6a,True,False,False,False,2000,3,6576,3,"['embedding_final.npy', 'predictions.npy', 'labels_true.npy', 'gate_diagnostics.npz']",201379840,5,topogate_v0_t_plus_paired_mechanism_ablation_v1,unit,2025,T00_0__k_plus,project-root/result/v0_t_plus_local_refine_20260906_retry/selected/reuters/selected_config.json,project-root/datasets/reuters.npz,d1f30aa9700da83e903cc1d726e75be2623ac5c99efe476fcdf19eced589c27e,completed,core,T_uniform_pseudo_loss,61.98259616270661
0.5413625304136253,0.20353788881102503,external_after_embedding,3,pre_registered_benchmark_registry,0.29872149972041384,256,1,boundary,reuters,52.02931565698236,d16eb0679c559f62b95ffc28fca726af2c64ab97bca0ed4a06b37551ac95dc6a,True,False,False,False,2000,3,6576,3,"['embedding_final.npy', 'predictions.npy', 'labels_true.npy', 'gate_diagnostics.npz']",201379840,1,topogate_v0_t_plus_paired_mechanism_ablation_v1,unit,3407,T00_0__k_plus,project-root/result/v0_t_plus_local_refine_20260906_retry/selected/reuters/selected_config.json,project-root/datasets/reuters.npz,d1f30aa9700da83e903cc1d726e75be2623ac5c99efe476fcdf19eced589c27e,completed,core,T_uniform_pseudo_loss,58.06742812599987
0.5269160583941606,0.19003710183986033,external_after_embedding,3,pre_registered_benchmark_registry,0.2886411799322449,256,1,boundary,reuters,55.85126862861216,d16eb0679c559f62b95ffc28fca726af2c64ab97bca0ed4a06b37551ac95dc6a,True,False,False,False,2000,3,6576,3,"['embedding_final.npy', 'predictions.npy', 'labels_true.npy', 'gate_diagnostics.npz']",201379840,5,topogate_v0_t_plus_paired_mechanism_ablation_v1,topology,42,T00_0__k_plus,project-root/result/v0_t_plus_local_refine_20260906_retry/selected/reuters/selected_config.json,project-root/datasets/reuters.npz,d1f30aa9700da83e903cc1d726e75be2623ac5c99efe476fcdf19eced589c27e,completed,core,T_edge_none,60.19728084281087
0.5295012165450121,0.21027666038126544,external_after_embedding,3,pre_registered_benchmark_registry,0.30352836362747254,256,1,boundary,reuters,54.75502794981003,d16eb0679c559f62b95ffc28fca726af2c64ab97bca0ed4a06b37551ac95dc6a,True,False,False,False,2000,3,6576,3,"['embedding_final.npy', 'predictions.npy', 'labels_true.npy', 'gate_diagnostics.npz']",201379840,1,topogate_v0_t_plus_paired_mechanism_ablation_v1,topology,123,T00_0__k_plus,project-root/result/v0_t_plus_local_refine_20260906_retry/selected/reuters/selected_config.json,project-root/datasets/reuters.npz,d1f30aa9700da83e903cc1d726e75be2623ac5c99efe476fcdf19eced589c27e,completed,core,T_edge_none,60.303510068915784
0.5320863746958637,0.21107072890599154,external_after_embedding,3,pre_registered_benchmark_registry,0.3070616218476136,256,1,boundary,reuters,59.17484278231859,d16eb0679c559f62b95ffc28fca726af2c64ab97bca0ed4a06b37551ac95dc6a,True,False,False,False,2000,3,6576,3,"['embedding_final.npy', 'predictions.npy', 'labels_true.npy', 'gate_diagnostics.npz']",201379840,5,topogate_v0_t_plus_paired_mechanism_ablation_v1,topology,7,T00_0__k_plus,project-root/result/v0_t_plus_local_refine_20260906_retry/selected/reuters/selected_config.json,project-root/datasets/reuters.npz,d1f30aa9700da83e903cc1d726e75be2623ac5c99efe476fcdf19eced589c27e,completed,core,T_edge_none,65.02198519185185
0.5363442822384428,0.19766857158454645,external_after_embedding,3,pre_registered_benchmark_registry,0.2895884324931649,256,1,boundary,reuters,55.518844860605896,d16eb0679c559f62b95ffc28fca726af2c64ab97bca0ed4a06b37551ac95dc6a,True,False,False,False,2000,3,6576,3,"['embedding_final.npy', 'predictions.npy', 'labels_true.npy', 'gate_diagnostics.npz']",201379840,1,topogate_v0_t_plus_paired_mechanism_ablation_v1,topology,2025,T00_0__k_plus,project-root/result/v0_t_plus_local_refine_20260906_retry/selected/reuters/selected_config.json,project-root/datasets/reuters.npz,d1f30aa9700da83e903cc1d726e75be2623ac5c99efe476fcdf19eced589c27e,completed,core,T_edge_none,60.347907283343375
0.5415145985401459,0.20375052301554622,external_after_embedding,3,pre_registered_benchmark_registry,0.2992941547356316,256,1,boundary,reuters,59.826128059998155,d16eb0679c559f62b95ffc28fca726af2c64ab97bca0ed4a06b37551ac95dc6a,True,False,False,False,2000,3,6576,3,"['embedding_final.npy', 'predictions.npy', 'labels_true.npy', 'gate_diagnostics.npz']",201379840,5,topogate_v0_t_plus_paired_mechanism_ablation_v1,topology,3407,T00_0__k_plus,project-root/result/v0_t_plus_local_refine_20260906_retry/selected/reuters/selected_config.json,project-root/datasets/reuters.npz,d1f30aa9700da83e903cc1d726e75be2623ac5c99efe476fcdf19eced589c27e,completed,core,T_edge_none,64.08457219600677
0.5270681265206812,0.19013449896400333,external_after_embedding,3,pre_registered_benchmark_registry,0.2882120549069783,256,1,boundary,reuters,60.56802186835557,d16eb0679c559f62b95ffc28fca726af2c64ab97bca0ed4a06b37551ac95dc6a,True,False,False,False,2000,3,6576,3,"['embedding_final.npy', 'predictions.npy', 'labels_true.npy', 'gate_diagnostics.npz']",201379840,1,topogate_v0_t_plus_paired_mechanism_ablation_v1,topology,42,T00_0__k_plus,project-root/result/v0_t_plus_local_refine_20260906_retry/selected/reuters/selected_config.json,project-root/datasets/reuters.npz,d1f30aa9700da83e903cc1d726e75be2623ac5c99efe476fcdf19eced589c27e,completed,core,T_edge_sim,64.54035129025578
0.5295012165450121,0.21027666038126544,external_after_embedding,3,pre_registered_benchmark_registry,0.30352836362747254,256,1,boundary,reuters,61.76315429247916,d16eb0679c559f62b95ffc28fca726af2c64ab97bca0ed4a06b37551ac95dc6a,True,False,False,False,2000,3,6576,3,"['embedding_final.npy', 'predictions.npy', 'labels_true.npy', 'gate_diagnostics.npz']",201379840,5,topogate_v0_t_plus_paired_mechanism_ablation_v1,topology,123,T00_0__k_plus,project-root/result/v0_t_plus_local_refine_20260906_retry/selected/reuters/selected_config.json,project-root/datasets/reuters.npz,d1f30aa9700da83e903cc1d726e75be2623ac5c99efe476fcdf19eced589c27e,completed,core,T_edge_sim,67.0446493588388
0.5320863746958637,0.21107072890599154,external_after_embedding,3,pre_registered_benchmark_registry,0.3070616218476136,256,1,boundary,reuters,56.374776045791805,d16eb0679c559f62b95ffc28fca726af2c64ab97bca0ed4a06b37551ac95dc6a,True,False,False,False,2000,3,6576,3,"['embedding_final.npy', 'predictions.npy', 'labels_true.npy', 'gate_diagnostics.npz']",201379840,1,topogate_v0_t_plus_paired_mechanism_ablation_v1,topology,7,T00_0__k_plus,project-root/result/v0_t_plus_local_refine_20260906_retry/selected/reuters/selected_config.json,project-root/datasets/reuters.npz,d1f30aa9700da83e903cc1d726e75be2623ac5c99efe476fcdf19eced589c27e,completed,core,T_edge_sim,60.349809650331736
0.5363442822384428,0.19766857158454645,external_after_embedding,3,pre_registered_benchmark_registry,0.2895884324931649,256,1,boundary,reuters,62.07567620743066,d16eb0679c559f62b95ffc28fca726af2c64ab97bca0ed4a06b37551ac95dc6a,True,False,False,False,2000,3,6576,3,"['embedding_final.npy', 'predictions.npy', 'labels_true.npy', 'gate_diagnostics.npz']",201379840,5,topogate_v0_t_plus_paired_mechanism_ablation_v1,topology,2025,T00_0__k_plus,project-root/result/v0_t_plus_local_refine_20260906_retry/selected/reuters/selected_config.json,project-root/datasets/reuters.npz,d1f30aa9700da83e903cc1d726e75be2623ac5c99efe476fcdf19eced589c27e,completed,core,T_edge_sim,70.37077877297997
0.5415145985401459,0.20375052301554622,external_after_embedding,3,pre_registered_benchmark_registry,0.2992941547356316,256,1,boundary,reuters,57.397485949099064,d16eb0679c559f62b95ffc28fca726af2c64ab97bca0ed4a06b37551ac95dc6a,True,False,False,False,2000,3,6576,3,"['embedding_final.npy', 'predictions.npy', 'labels_true.npy', 'gate_diagnostics.npz']",201379840,1,topogate_v0_t_plus_paired_mechanism_ablation_v1,topology,3407,T00_0__k_plus,project-root/result/v0_t_plus_local_refine_20260906_retry/selected/reuters/selected_config.json,project-root/datasets/reuters.npz,d1f30aa9700da83e903cc1d726e75be2623ac5c99efe476fcdf19eced589c27e,completed,core,T_edge_sim,62.49329196382314
0.5269160583941606,0.19003710183986033,external_after_embedding,3,pre_registered_benchmark_registry,0.2886411799322449,256,1,boundary,reuters,62.168546453118324,d16eb0679c559f62b95ffc28fca726af2c64ab97bca0ed4a06b37551ac95dc6a,True,False,False,False,2000,3,6576,3,"['embedding_final.npy', 'predictions.npy', 'labels_true.npy', 'gate_diagnostics.npz']",201379840,5,topogate_v0_t_plus_paired_mechanism_ablation_v1,topology,42,T00_0__k_plus,project-root/result/v0_t_plus_local_refine_20260906_retry/selected/reuters/selected_config.json,project-root/datasets/reuters.npz,d1f30aa9700da83e903cc1d726e75be2623ac5c99efe476fcdf19eced589c27e,completed,core,T_edge_sim_mutual,66.37206048332155
0.5295012165450121,0.21027666038126544,external_after_embedding,3,pre_registered_benchmark_registry,0.30352836362747254,256,1,boundary,reuters,57.31484335847199,d16eb0679c559f62b95ffc28fca726af2c64ab97bca0ed4a06b37551ac95dc6a,True,False,False,False,2000,3,6576,3,"['embedding_final.npy', 'predictions.npy', 'labels_true.npy', 'gate_diagnostics.npz']",201379840,1,topogate_v0_t_plus_paired_mechanism_ablation_v1,topology,123,T00_0__k_plus,project-root/result/v0_t_plus_local_refine_20260906_retry/selected/reuters/selected_config.json,project-root/datasets/reuters.npz,d1f30aa9700da83e903cc1d726e75be2623ac5c99efe476fcdf19eced589c27e,completed,core,T_edge_sim_mutual,60.953862484544516
0.5320863746958637,0.21107072890599154,external_after_embedding,3,pre_registered_benchmark_registry,0.3070616218476136,256,1,boundary,reuters,59.43030184600502,d16eb0679c559f62b95ffc28fca726af2c64ab97bca0ed4a06b37551ac95dc6a,True,False,False,False,2000,3,6576,3,"['embedding_final.npy', 'predictions.npy', 'labels_true.npy', 'gate_diagnostics.npz']",201379840,5,topogate_v0_t_plus_paired_mechanism_ablation_v1,topology,7,T00_0__k_plus,project-root/result/v0_t_plus_local_refine_20260906_retry/selected/reuters/selected_config.json,project-root/datasets/reuters.npz,d1f30aa9700da83e903cc1d726e75be2623ac5c99efe476fcdf19eced589c27e,completed,core,T_edge_sim_mutual,63.15558753348887
0.5364963503649635,0.19763421749084936,external_after_embedding,3,pre_registered_benchmark_registry,0.28945690624492487,256,1,boundary,reuters,57.269872445613146,d16eb0679c559f62b95ffc28fca726af2c64ab97bca0ed4a06b37551ac95dc6a,True,False,False,False,2000,3,6576,3,"['embedding_final.npy', 'predictions.npy', 'labels_true.npy', 'gate_diagnostics.npz']",201379840,1,topogate_v0_t_plus_paired_mechanism_ablation_v1,topology,2025,T00_0__k_plus,project-root/result/v0_t_plus_local_refine_20260906_retry/selected/reuters/selected_config.json,project-root/datasets/reuters.npz,d1f30aa9700da83e903cc1d726e75be2623ac5c99efe476fcdf19eced589c27e,completed,core,T_edge_sim_mutual,62.350808288902044
0.5415145985401459,0.20375052301554622,external_after_embedding,3,pre_registered_benchmark_registry,0.2992941547356316,256,1,boundary,reuters,61.648001794703305,d16eb0679c559f62b95ffc28fca726af2c64ab97bca0ed4a06b37551ac95dc6a,True,False,False,False,2000,3,6576,3,"['embedding_final.npy', 'predictions.npy', 'labels_true.npy', 'gate_diagnostics.npz']",201379840,5,topogate_v0_t_plus_paired_mechanism_ablation_v1,topology,3407,T00_0__k_plus,project-root/result/v0_t_plus_local_refine_20260906_retry/selected/reuters/selected_config.json,project-root/datasets/reuters.npz,d1f30aa9700da83e903cc1d726e75be2623ac5c99efe476fcdf19eced589c27e,completed,core,T_edge_sim_mutual,66.02204347774386
0.5269160583941606,0.19003710183986033,external_after_embedding,3,pre_registered_benchmark_registry,0.2886411799322449,256,1,boundary,reuters,55.18073657434434,d16eb0679c559f62b95ffc28fca726af2c64ab97bca0ed4a06b37551ac95dc6a,True,False,False,False,2000,3,6576,3,"['embedding_final.npy', 'predictions.npy', 'labels_true.npy', 'gate_diagnostics.npz']",201379840,1,topogate_v0_t_plus_paired_mechanism_ablation_v1,topology,42,T00_0__k_plus,project-root/result/v0_t_plus_local_refine_20260906_retry/selected/reuters/selected_config.json,project-root/datasets/reuters.npz,d1f30aa9700da83e903cc1d726e75be2623ac5c99efe476fcdf19eced589c27e,completed,core,T_edge_sim_mutual_snn,59.74085726030171
0.5295012165450121,0.21027666038126544,external_after_embedding,3,pre_registered_benchmark_registry,0.30352836362747254,256,1,boundary,reuters,58.19500123523176,d16eb0679c559f62b95ffc28fca726af2c64ab97bca0ed4a06b37551ac95dc6a,True,False,False,False,2000,3,6576,3,"['embedding_final.npy', 'predictions.npy', 'labels_true.npy', 'gate_diagnostics.npz']",201379840,5,topogate_v0_t_plus_paired_mechanism_ablation_v1,topology,123,T00_0__k_plus,project-root/result/v0_t_plus_local_refine_20260906_retry/selected/reuters/selected_config.json,project-root/datasets/reuters.npz,d1f30aa9700da83e903cc1d726e75be2623ac5c99efe476fcdf19eced589c27e,completed,core,T_edge_sim_mutual_snn,62.78621410392225
0.5320863746958637,0.21107072890599154,external_after_embedding,3,pre_registered_benchmark_registry,0.3070616218476136,256,1,boundary,reuters,55.186609408818185,d16eb0679c559f62b95ffc28fca726af2c64ab97bca0ed4a06b37551ac95dc6a,True,False,False,False,2000,3,6576,3,"['embedding_final.npy', 'predictions.npy', 'labels_true.npy', 'gate_diagnostics.npz']",201379840,1,topogate_v0_t_plus_paired_mechanism_ablation_v1,topology,7,T00_0__k_plus,project-root/result/v0_t_plus_local_refine_20260906_retry/selected/reuters/selected_config.json,project-root/datasets/reuters.npz,d1f30aa9700da83e903cc1d726e75be2623ac5c99efe476fcdf19eced589c27e,completed,core,T_edge_sim_mutual_snn,61.276235098950565
0.5361922141119222,0.1975499259277589,external_after_embedding,3,pre_registered_benchmark_registry,0.28944318566761146,256,1,boundary,reuters,60.54200060106814,d16eb0679c559f62b95ffc28fca726af2c64ab97bca0ed4a06b37551ac95dc6a,True,False,False,False,2000,3,6576,3,"['embedding_final.npy', 'predictions.npy', 'labels_true.npy', 'gate_diagnostics.npz']",201379840,5,topogate_v0_t_plus_paired_mechanism_ablation_v1,topology,2025,T00_0__k_plus,project-root/result/v0_t_plus_local_refine_20260906_retry/selected/reuters/selected_config.json,project-root/datasets/reuters.npz,d1f30aa9700da83e903cc1d726e75be2623ac5c99efe476fcdf19eced589c27e,completed,core,T_edge_sim_mutual_snn,68.4574177339673
0.5415145985401459,0.20375052301554622,external_after_embedding,3,pre_registered_benchmark_registry,0.2992941547356316,256,1,boundary,reuters,57.17554102651775,d16eb0679c559f62b95ffc28fca726af2c64ab97bca0ed4a06b37551ac95dc6a,True,False,False,False,2000,3,6576,3,"['embedding_final.npy', 'predictions.npy', 'labels_true.npy', 'gate_diagnostics.npz']",201379840,1,topogate_v0_t_plus_paired_mechanism_ablation_v1,topology,3407,T00_0__k_plus,project-root/result/v0_t_plus_local_refine_20260906_retry/selected/reuters/selected_config.json,project-root/datasets/reuters.npz,d1f30aa9700da83e903cc1d726e75be2623ac5c99efe476fcdf19eced589c27e,completed,core,T_edge_sim_mutual_snn,63.13978994451463
0.5269160583941606,0.19003710183986033,external_after_embedding,3,pre_registered_benchmark_registry,0.2886411799322449,256,1,boundary,reuters,58.77038841880858,d16eb0679c559f62b95ffc28fca726af2c64ab97bca0ed4a06b37551ac95dc6a,True,False,False,False,2000,3,6576,3,"['embedding_final.npy', 'predictions.npy', 'labels_true.npy', 'gate_diagnostics.npz']",201379840,5,topogate_v0_t_plus_paired_mechanism_ablation_v1,topology,42,T00_0__k_plus,project-root/result/v0_t_plus_local_refine_20260906_retry/selected/reuters/selected_config.json,project-root/datasets/reuters.npz,d1f30aa9700da83e903cc1d726e75be2623ac5c99efe476fcdf19eced589c27e,completed,core,T_edge_sim_mutual_snn_distance,63.12335674650967
0.5298053527980535,0.2104012591533906,external_after_embedding,3,pre_registered_benchmark_registry,0.30333636861272084,256,1,boundary,reuters,57.29211031179875,d16eb0679c559f62b95ffc28fca726af2c64ab97bca0ed4a06b37551ac95dc6a,True,False,False,False,2000,3,6576,3,"['embedding_final.npy', 'predictions.npy', 'labels_true.npy', 'gate_diagnostics.npz']",201379840,1,topogate_v0_t_plus_paired_mechanism_ablation_v1,topology,123,T00_0__k_plus,project-root/result/v0_t_plus_local_refine_20260906_retry/selected/reuters/selected_config.json,project-root/datasets/reuters.npz,d1f30aa9700da83e903cc1d726e75be2623ac5c99efe476fcdf19eced589c27e,completed,core,T_edge_sim_mutual_snn_distance,64.41616402287036
0.5320863746958637,0.21107072890599154,external_after_embedding,3,pre_registered_benchmark_registry,0.3070616218476136,256,1,boundary,reuters,57.668374706059694,d16eb0679c559f62b95ffc28fca726af2c64ab97bca0ed4a06b37551ac95dc6a,True,False,False,False,2000,3,6576,3,"['embedding_final.npy', 'predictions.npy', 'labels_true.npy', 'gate_diagnostics.npz']",201379840,5,topogate_v0_t_plus_paired_mechanism_ablation_v1,topology,7,T00_0__k_plus,project-root/result/v0_t_plus_local_refine_20260906_retry/selected/reuters/selected_config.json,project-root/datasets/reuters.npz,d1f30aa9700da83e903cc1d726e75be2623ac5c99efe476fcdf19eced589c27e,completed,core,T_edge_sim_mutual_snn_distance,61.3329795897007
0.5361922141119222,0.1975499259277589,external_after_embedding,3,pre_registered_benchmark_registry,0.28944318566761146,256,1,boundary,reuters,57.45785877108574,d16eb0679c559f62b95ffc28fca726af2c64ab97bca0ed4a06b37551ac95dc6a,True,False,False,False,2000,3,6576,3,"['embedding_final.npy', 'predictions.npy', 'labels_true.npy', 'gate_diagnostics.npz']",201379840,1,topogate_v0_t_plus_paired_mechanism_ablation_v1,topology,2025,T00_0__k_plus,project-root/result/v0_t_plus_local_refine_20260906_retry/selected/reuters/selected_config.json,project-root/datasets/reuters.npz,d1f30aa9700da83e903cc1d726e75be2623ac5c99efe476fcdf19eced589c27e,completed,core,T_edge_sim_mutual_snn_distance,63.59616165328771
0.5415145985401459,0.20375052301554622,external_after_embedding,3,pre_registered_benchmark_registry,0.2992941547356316,256,1,boundary,reuters,58.82195293903351,d16eb0679c559f62b95ffc28fca726af2c64ab97bca0ed4a06b37551ac95dc6a,True,False,False,False,2000,3,6576,3,"['embedding_final.npy', 'predictions.npy', 'labels_true.npy', 'gate_diagnostics.npz']",201379840,5,topogate_v0_t_plus_paired_mechanism_ablation_v1,topology,3407,T00_0__k_plus,project-root/result/v0_t_plus_local_refine_20260906_retry/selected/reuters/selected_config.json,project-root/datasets/reuters.npz,d1f30aa9700da83e903cc1d726e75be2623ac5c99efe476fcdf19eced589c27e,completed,core,T_edge_sim_mutual_snn_distance,63.93652599025518
0.5270681265206812,0.19103597277761086,external_after_embedding,3,pre_registered_benchmark_registry,0.2893620304966211,256,1,boundary,reuters,56.67544723954052,d16eb0679c559f62b95ffc28fca726af2c64ab97bca0ed4a06b37551ac95dc6a,True,False,False,False,2000,3,6576,3,"['embedding_final.npy', 'predictions.npy', 'labels_true.npy', 'gate_diagnostics.npz']",201379840,1,topogate_v0_t_plus_paired_mechanism_ablation_v1,topology,42,T00_0__k_plus,project-root/result/v0_t_plus_local_refine_20260906_retry/selected/reuters/selected_config.json,project-root/datasets/reuters.npz,d1f30aa9700da83e903cc1d726e75be2623ac5c99efe476fcdf19eced589c27e,completed,core,T_beta_no_mutual,61.357753968797624
0.5295012165450121,0.21027666038126544,external_after_embedding,3,pre_registered_benchmark_registry,0.3035283636274726,256,1,boundary,reuters,59.47206348180771,d16eb0679c559f62b95ffc28fca726af2c64ab97bca0ed4a06b37551ac95dc6a,True,False,False,False,2000,3,6576,3,"['embedding_final.npy', 'predictions.npy', 'labels_true.npy', 'gate_diagnostics.npz']",201379840,5,topogate_v0_t_plus_paired_mechanism_ablation_v1,topology,123,T00_0__k_plus,project-root/result/v0_t_plus_local_refine_20260906_retry/selected/reuters/selected_config.json,project-root/datasets/reuters.npz,d1f30aa9700da83e903cc1d726e75be2623ac5c99efe476fcdf19eced589c27e,completed,core,T_beta_no_mutual,63.26786661054939
0.5322384428223844,0.21102093386475476,external_after_embedding,3,pre_registered_benchmark_registry,0.3068881749520636,256,1,boundary,reuters,55.394827720709145,d16eb0679c559f62b95ffc28fca726af2c64ab97bca0ed4a06b37551ac95dc6a,True,False,False,False,2000,3,6576,3,"['embedding_final.npy', 'predictions.npy', 'labels_true.npy', 'gate_diagnostics.npz']",201379840,1,topogate_v0_t_plus_paired_mechanism_ablation_v1,topology,7,T00_0__k_plus,project-root/result/v0_t_plus_local_refine_20260906_retry/selected/reuters/selected_config.json,project-root/datasets/reuters.npz,d1f30aa9700da83e903cc1d726e75be2623ac5c99efe476fcdf19eced589c27e,completed,core,T_beta_no_mutual,59.769112737849355
0.5361922141119222,0.19739683148864307,external_after_embedding,3,pre_registered_benchmark_registry,0.2891667036937349,256,1,boundary,reuters,58.85223884880543,d16eb0679c559f62b95ffc28fca726af2c64ab97bca0ed4a06b37551ac95dc6a,True,False,False,False,2000,3,6576,3,"['embedding_final.npy', 'predictions.npy', 'labels_true.npy', 'gate_diagnostics.npz']",201379840,5,topogate_v0_t_plus_paired_mechanism_ablation_v1,topology,2025,T00_0__k_plus,project-root/result/v0_t_plus_local_refine_20260906_retry/selected/reuters/selected_config.json,project-root/datasets/reuters.npz,d1f30aa9700da83e903cc1d726e75be2623ac5c99efe476fcdf19eced589c27e,completed,core,T_beta_no_mutual,64.47751368954778
0.5406021897810219,0.20372051135123462,external_after_embedding,3,pre_registered_benchmark_registry,0.2999989825072099,256,1,boundary,reuters,56.47056215535849,d16eb0679c559f62b95ffc28fca726af2c64ab97bca0ed4a06b37551ac95dc6a,True,False,False,False,2000,3,6576,3,"['embedding_final.npy', 'predictions.npy', 'labels_true.npy', 'gate_diagnostics.npz']",201379840,1,topogate_v0_t_plus_paired_mechanism_ablation_v1,topology,3407,T00_0__k_plus,project-root/result/v0_t_plus_local_refine_20260906_retry/selected/reuters/selected_config.json,project-root/datasets/reuters.npz,d1f30aa9700da83e903cc1d726e75be2623ac5c99efe476fcdf19eced589c27e,completed,core,T_beta_no_mutual,61.45955768227577
0.5269160583941606,0.19017641322195813,external_after_embedding,3,pre_registered_benchmark_registry,0.28836272605419655,256,1,boundary,reuters,58.000466228462756,d16eb0679c559f62b95ffc28fca726af2c64ab97bca0ed4a06b37551ac95dc6a,True,False,False,False,2000,3,6576,3,"['embedding_final.npy', 'predictions.npy', 'labels_true.npy', 'gate_diagnostics.npz']",201379840,5,topogate_v0_t_plus_paired_mechanism_ablation_v1,topology,42,T00_0__k_plus,project-root/result/v0_t_plus_local_refine_20260906_retry/selected/reuters/selected_config.json,project-root/datasets/reuters.npz,d1f30aa9700da83e903cc1d726e75be2623ac5c99efe476fcdf19eced589c27e,completed,core,T_beta_no_snn,64.09417859651148
0.5295012165450121,0.21027666038126544,external_after_embedding,3,pre_registered_benchmark_registry,0.30352836362747254,256,1,boundary,reuters,55.57178152818233,d16eb0679c559f62b95ffc28fca726af2c64ab97bca0ed4a06b37551ac95dc6a,True,False,False,False,2000,3,6576,3,"['embedding_final.npy', 'predictions.npy', 'labels_true.npy', 'gate_diagnostics.npz']",201379840,1,topogate_v0_t_plus_paired_mechanism_ablation_v1,topology,123,T00_0__k_plus,project-root/result/v0_t_plus_local_refine_20260906_retry/selected/reuters/selected_config.json,project-root/datasets/reuters.npz,d1f30aa9700da83e903cc1d726e75be2623ac5c99efe476fcdf19eced589c27e,completed,core,T_beta_no_snn,61.597926747985184
0.5322384428223844,0.21102093386475476,external_after_embedding,3,pre_registered_benchmark_registry,0.3068881749520636,256,1,boundary,reuters,59.561265939846635,d16eb0679c559f62b95ffc28fca726af2c64ab97bca0ed4a06b37551ac95dc6a,True,False,False,False,2000,3,6576,3,"['embedding_final.npy', 'predictions.npy', 'labels_true.npy', 'gate_diagnostics.npz']",201379840,5,topogate_v0_t_plus_paired_mechanism_ablation_v1,topology,7,T00_0__k_plus,project-root/result/v0_t_plus_local_refine_20260906_retry/selected/reuters/selected_config.json,project-root/datasets/reuters.npz,d1f30aa9700da83e903cc1d726e75be2623ac5c99efe476fcdf19eced589c27e,completed,core,T_beta_no_snn,62.792325922288
0.5363442822384428,0.19772866029578995,external_after_embedding,3,pre_registered_benchmark_registry,0.28928393001968106,256,1,boundary,reuters,56.67171303369105,d16eb0679c559f62b95ffc28fca726af2c64ab97bca0ed4a06b37551ac95dc6a,True,False,False,False,2000,3,6576,3,"['embedding_final.npy', 'predictions.npy', 'labels_true.npy', 'gate_diagnostics.npz']",201379840,1,topogate_v0_t_plus_paired_mechanism_ablation_v1,topology,2025,T00_0__k_plus,project-root/result/v0_t_plus_local_refine_20260906_retry/selected/reuters/selected_config.json,project-root/datasets/reuters.npz,d1f30aa9700da83e903cc1d726e75be2623ac5c99efe476fcdf19eced589c27e,completed,core,T_beta_no_snn,62.207359802909195
0.5404501216545012,0.20352036697785683,external_after_embedding,3,pre_registered_benchmark_registry,0.299947380289664,256,1,boundary,reuters,57.370941082946956,d16eb0679c559f62b95ffc28fca726af2c64ab97bca0ed4a06b37551ac95dc6a,True,False,False,False,2000,3,6576,3,"['embedding_final.npy', 'predictions.npy', 'labels_true.npy', 'gate_diagnostics.npz']",201379840,5,topogate_v0_t_plus_paired_mechanism_ablation_v1,topology,3407,T00_0__k_plus,project-root/result/v0_t_plus_local_refine_20260906_retry/selected/reuters/selected_config.json,project-root/datasets/reuters.npz,d1f30aa9700da83e903cc1d726e75be2623ac5c99efe476fcdf19eced589c27e,completed,core,T_beta_no_snn,62.64903462957591
0.5267639902676399,0.18977493670506015,external_after_embedding,3,pre_registered_benchmark_registry,0.28822099788362127,256,1,boundary,reuters,50.35474706441164,d16eb0679c559f62b95ffc28fca726af2c64ab97bca0ed4a06b37551ac95dc6a,True,False,False,False,2000,3,6576,3,"['embedding_final.npy', 'predictions.npy', 'labels_true.npy', 'gate_diagnostics.npz']",201379840,1,topogate_v0_t_plus_paired_mechanism_ablation_v1,topology,42,T00_0__k_plus,project-root/result/v0_t_plus_local_refine_20260906_retry/selected/reuters/selected_config.json,project-root/datasets/reuters.npz,d1f30aa9700da83e903cc1d726e75be2623ac5c99efe476fcdf19eced589c27e,completed,core,T_beta_no_perturb,53.992021651007235
0.5296532846715328,0.2100508226588109,external_after_embedding,3,pre_registered_benchmark_registry,0.3030746341366775,256,1,boundary,reuters,49.673694835975766,d16eb0679c559f62b95ffc28fca726af2c64ab97bca0ed4a06b37551ac95dc6a,True,False,False,False,2000,3,6576,3,"['embedding_final.npy', 'predictions.npy', 'labels_true.npy', 'gate_diagnostics.npz']",201379840,5,topogate_v0_t_plus_paired_mechanism_ablation_v1,topology,123,T00_0__k_plus,project-root/result/v0_t_plus_local_refine_20260906_retry/selected/reuters/selected_config.json,project-root/datasets/reuters.npz,d1f30aa9700da83e903cc1d726e75be2623ac5c99efe476fcdf19eced589c27e,completed,core,T_beta_no_perturb,53.86660494003445
0.5323905109489051,0.21137075733570546,external_after_embedding,3,pre_registered_benchmark_registry,0.30715144991219323,256,1,boundary,reuters,46.310676583088934,d16eb0679c559f62b95ffc28fca726af2c64ab97bca0ed4a06b37551ac95dc6a,True,False,False,False,2000,3,6576,3,"['embedding_final.npy', 'predictions.npy', 'labels_true.npy', 'gate_diagnostics.npz']",201379840,1,topogate_v0_t_plus_paired_mechanism_ablation_v1,topology,7,T00_0__k_plus,project-root/result/v0_t_plus_local_refine_20260906_retry/selected/reuters/selected_config.json,project-root/datasets/reuters.npz,d1f30aa9700da83e903cc1d726e75be2623ac5c99efe476fcdf19eced589c27e,completed,core,T_beta_no_perturb,51.22479385603219
0.5360401459854015,0.19742558607804184,external_after_embedding,3,pre_registered_benchmark_registry,0.2891618856332496,256,1,boundary,reuters,43.42508815880865,d16eb0679c559f62b95ffc28fca726af2c64ab97bca0ed4a06b37551ac95dc6a,True,False,False,False,2000,3,6576,3,"['embedding_final.npy', 'predictions.npy', 'labels_true.npy', 'gate_diagnostics.npz']",201379840,5,topogate_v0_t_plus_paired_mechanism_ablation_v1,topology,2025,T00_0__k_plus,project-root/result/v0_t_plus_local_refine_20260906_retry/selected/reuters/selected_config.json,project-root/datasets/reuters.npz,d1f30aa9700da83e903cc1d726e75be2623ac5c99efe476fcdf19eced589c27e,completed,core,T_beta_no_perturb,49.11851753015071
0.5399939172749392,0.20345718404339913,external_after_embedding,3,pre_registered_benchmark_registry,0.30005305676671934,256,1,boundary,reuters,44.411789641715586,d16eb0679c559f62b95ffc28fca726af2c64ab97bca0ed4a06b37551ac95dc6a,True,False,False,False,2000,3,6576,3,"['embedding_final.npy', 'predictions.npy', 'labels_true.npy', 'gate_diagnostics.npz']",201379840,1,topogate_v0_t_plus_paired_mechanism_ablation_v1,topology,3407,T00_0__k_plus,project-root/result/v0_t_plus_local_refine_20260906_retry/selected/reuters/selected_config.json,project-root/datasets/reuters.npz,d1f30aa9700da83e903cc1d726e75be2623ac5c99efe476fcdf19eced589c27e,completed,core,T_beta_no_perturb,49.48078624159098
