completed_row_count,dataset_id,incomplete_row_count,input_protocol,paired_row_count,readout,reported_row_count,row_count,seeds,source_batch,unit_statistical_role,variant_count,variants,version
4,balance_scale,0,raw_related_advantage (protocol detail absent from final_results CSV),3,KMeans/legacy V9 readout (exact mode not recorded in snapshot),0,4,123|42|7,V09/advantage_ablation,dataset_protocol_unit; seeds and variants are repeated conditions,4,v9_full|v9_nomix|v9_random|v9_static,V09
4,glass,0,raw_related_advantage (protocol detail absent from final_results CSV),3,KMeans/legacy V9 readout (exact mode not recorded in snapshot),0,4,123|42|7,V09/advantage_ablation,dataset_protocol_unit; seeds and variants are repeated conditions,4,v9_full|v9_nomix|v9_random|v9_static,V09
4,image_segment,0,raw_related_advantage (protocol detail absent from final_results CSV),3,KMeans/legacy V9 readout (exact mode not recorded in snapshot),0,4,123|42|7,V09/advantage_ablation,dataset_protocol_unit; seeds and variants are repeated conditions,4,v9_full|v9_nomix|v9_random|v9_static,V09
4,landsat,0,raw_related_advantage (protocol detail absent from final_results CSV),3,KMeans/legacy V9 readout (exact mode not recorded in snapshot),0,4,123|42|7,V09/advantage_ablation,dataset_protocol_unit; seeds and variants are repeated conditions,4,v9_full|v9_nomix|v9_random|v9_static,V09
4,spect_heart,0,raw_related_advantage (protocol detail absent from final_results CSV),3,KMeans/legacy V9 readout (exact mode not recorded in snapshot),0,4,123|42|7,V09/advantage_ablation,dataset_protocol_unit; seeds and variants are repeated conditions,4,v9_full|v9_nomix|v9_random|v9_static,V09
4,vehicle,0,raw_related_advantage (protocol detail absent from final_results CSV),3,KMeans/legacy V9 readout (exact mode not recorded in snapshot),0,4,123|42|7,V09/advantage_ablation,dataset_protocol_unit; seeds and variants are repeated conditions,4,v9_full|v9_nomix|v9_random|v9_static,V09
4,vertebral_column,0,raw_related_advantage (protocol detail absent from final_results CSV),3,KMeans/legacy V9 readout (exact mode not recorded in snapshot),0,4,123|42|7,V09/advantage_ablation,dataset_protocol_unit; seeds and variants are repeated conditions,4,v9_full|v9_nomix|v9_random|v9_static,V09
1,20newsgroups,0,clubench_bridge: CLUBench.load_data z-score,0,V9 benchmark readout,0,1,42,V09/clubench_131_single_seed,dataset_protocol_unit; seeds and variants are repeated conditions,1,V9,V09
1,Baron Human,0,clubench_bridge: CLUBench.load_data z-score,0,V9 benchmark readout,0,1,42,V09/clubench_131_single_seed,dataset_protocol_unit; seeds and variants are repeated conditions,1,V9,V09
1,CIFAR10_CLIP,0,clubench_bridge: CLUBench.load_data z-score,0,V9 benchmark readout,0,1,42,V09/clubench_131_single_seed,dataset_protocol_unit; seeds and variants are repeated conditions,1,V9,V09
1,COIL20_CLIP,0,clubench_bridge: CLUBench.load_data z-score,0,V9 benchmark readout,0,1,42,V09/clubench_131_single_seed,dataset_protocol_unit; seeds and variants are repeated conditions,1,V9,V09
1,Campbell,0,clubench_bridge: CLUBench.load_data z-score,0,V9 benchmark readout,0,1,42,V09/clubench_131_single_seed,dataset_protocol_unit; seeds and variants are repeated conditions,1,V9,V09
1,Drug Consumption,0,clubench_bridge: CLUBench.load_data z-score,0,V9 benchmark readout,0,1,42,V09/clubench_131_single_seed,dataset_protocol_unit; seeds and variants are repeated conditions,1,V9,V09
1,FashionMNIST_CLIP,0,clubench_bridge: CLUBench.load_data z-score,0,V9 benchmark readout,0,1,42,V09/clubench_131_single_seed,dataset_protocol_unit; seeds and variants are repeated conditions,1,V9,V09
1,ISOLET,0,clubench_bridge: CLUBench.load_data z-score,0,V9 benchmark readout,0,1,42,V09/clubench_131_single_seed,dataset_protocol_unit; seeds and variants are repeated conditions,1,V9,V09
1,Indian_pines,0,clubench_bridge: CLUBench.load_data z-score,0,V9 benchmark readout,0,1,42,V09/clubench_131_single_seed,dataset_protocol_unit; seeds and variants are repeated conditions,1,V9,V09
1,JapaneseVowels,0,clubench_bridge: CLUBench.load_data z-score,0,V9 benchmark readout,0,1,42,V09/clubench_131_single_seed,dataset_protocol_unit; seeds and variants are repeated conditions,1,V9,V09
1,MNIST_CLIP,0,clubench_bridge: CLUBench.load_data z-score,0,V9 benchmark readout,0,1,42,V09/clubench_131_single_seed,dataset_protocol_unit; seeds and variants are repeated conditions,1,V9,V09
1,Mouse_retina,0,clubench_bridge: CLUBench.load_data z-score,0,V9 benchmark readout,0,1,42,V09/clubench_131_single_seed,dataset_protocol_unit; seeds and variants are repeated conditions,1,V9,V09
1,PCam,0,clubench_bridge: CLUBench.load_data z-score,0,V9 benchmark readout,0,1,42,V09/clubench_131_single_seed,dataset_protocol_unit; seeds and variants are repeated conditions,1,V9,V09
1,Waveform,0,clubench_bridge: CLUBench.load_data z-score,0,V9 benchmark readout,0,1,42,V09/clubench_131_single_seed,dataset_protocol_unit; seeds and variants are repeated conditions,1,V9,V09
1,banknote_authentication,0,clubench_bridge: CLUBench.load_data z-score,0,V9 benchmark readout,0,1,42,V09/clubench_131_single_seed,dataset_protocol_unit; seeds and variants are repeated conditions,1,V9,V09
1,birds_bones_and_living_habits,0,clubench_bridge: CLUBench.load_data z-score,0,V9 benchmark readout,0,1,42,V09/clubench_131_single_seed,dataset_protocol_unit; seeds and variants are repeated conditions,1,V9,V09
1,blood_transfusion_service_center,0,clubench_bridge: CLUBench.load_data z-score,0,V9 benchmark readout,0,1,42,V09/clubench_131_single_seed,dataset_protocol_unit; seeds and variants are repeated conditions,1,V9,V09
1,boston,0,clubench_bridge: CLUBench.load_data z-score,0,V9 benchmark readout,0,1,42,V09/clubench_131_single_seed,dataset_protocol_unit; seeds and variants are repeated conditions,1,V9,V09
1,breast_cancer_coimbra,0,clubench_bridge: CLUBench.load_data z-score,0,V9 benchmark readout,0,1,42,V09/clubench_131_single_seed,dataset_protocol_unit; seeds and variants are repeated conditions,1,V9,V09
1,breast_cancer_wisconsin_original,0,clubench_bridge: CLUBench.load_data z-score,0,V9 benchmark readout,0,1,42,V09/clubench_131_single_seed,dataset_protocol_unit; seeds and variants are repeated conditions,1,V9,V09
1,breast_cancer_wisconsin_prognostic,0,clubench_bridge: CLUBench.load_data z-score,0,V9 benchmark readout,0,1,42,V09/clubench_131_single_seed,dataset_protocol_unit; seeds and variants are repeated conditions,1,V9,V09
1,breast_tissue,0,clubench_bridge: CLUBench.load_data z-score,0,V9 benchmark readout,0,1,42,V09/clubench_131_single_seed,dataset_protocol_unit; seeds and variants are repeated conditions,1,V9,V09
1,cardiovascular_study,0,clubench_bridge: CLUBench.load_data z-score,0,V9 benchmark readout,0,1,42,V09/clubench_131_single_seed,dataset_protocol_unit; seeds and variants are repeated conditions,1,V9,V09
1,cifar10,0,clubench_bridge: CLUBench.load_data z-score,0,V9 benchmark readout,0,1,42,V09/clubench_131_single_seed,dataset_protocol_unit; seeds and variants are repeated conditions,1,V9,V09
1,classification_in_asteroseismology,0,clubench_bridge: CLUBench.load_data z-score,0,V9 benchmark readout,0,1,42,V09/clubench_131_single_seed,dataset_protocol_unit; seeds and variants are repeated conditions,1,V9,V09
1,cnae9,0,clubench_bridge: CLUBench.load_data z-score,0,V9 benchmark readout,0,1,42,V09/clubench_131_single_seed,dataset_protocol_unit; seeds and variants are repeated conditions,1,V9,V09
1,coil20,0,clubench_bridge: CLUBench.load_data z-score,0,V9 benchmark readout,0,1,42,V09/clubench_131_single_seed,dataset_protocol_unit; seeds and variants are repeated conditions,1,V9,V09
1,credit_risk_classification,0,clubench_bridge: CLUBench.load_data z-score,0,V9 benchmark readout,0,1,42,V09/clubench_131_single_seed,dataset_protocol_unit; seeds and variants are repeated conditions,1,V9,V09
1,crowdsourced_mapping,0,clubench_bridge: CLUBench.load_data z-score,0,V9 benchmark readout,0,1,42,V09/clubench_131_single_seed,dataset_protocol_unit; seeds and variants are repeated conditions,1,V9,V09
1,customer_classification,0,clubench_bridge: CLUBench.load_data z-score,0,V9 benchmark readout,0,1,42,V09/clubench_131_single_seed,dataset_protocol_unit; seeds and variants are repeated conditions,1,V9,V09
1,date_fruit,0,clubench_bridge: CLUBench.load_data z-score,0,V9 benchmark readout,0,1,42,V09/clubench_131_single_seed,dataset_protocol_unit; seeds and variants are repeated conditions,1,V9,V09
1,dermatology,0,clubench_bridge: CLUBench.load_data z-score,0,V9 benchmark readout,0,1,42,V09/clubench_131_single_seed,dataset_protocol_unit; seeds and variants are repeated conditions,1,V9,V09
1,diabetic_retinopathy_debrecen,0,clubench_bridge: CLUBench.load_data z-score,0,V9 benchmark readout,0,1,42,V09/clubench_131_single_seed,dataset_protocol_unit; seeds and variants are repeated conditions,1,V9,V09
1,dilbert,0,clubench_bridge: CLUBench.load_data z-score,0,V9 benchmark readout,0,1,42,V09/clubench_131_single_seed,dataset_protocol_unit; seeds and variants are repeated conditions,1,V9,V09
1,dry_bean,0,clubench_bridge: CLUBench.load_data z-score,0,V9 benchmark readout,0,1,42,V09/clubench_131_single_seed,dataset_protocol_unit; seeds and variants are repeated conditions,1,V9,V09
1,durum_wheat_features,0,clubench_bridge: CLUBench.load_data z-score,0,V9 benchmark readout,0,1,42,V09/clubench_131_single_seed,dataset_protocol_unit; seeds and variants are repeated conditions,1,V9,V09
1,echocardiogram,0,clubench_bridge: CLUBench.load_data z-score,0,V9 benchmark readout,0,1,42,V09/clubench_131_single_seed,dataset_protocol_unit; seeds and variants are repeated conditions,1,V9,V09
1,ecoli,0,clubench_bridge: CLUBench.load_data z-score,0,V9 benchmark readout,0,1,42,V09/clubench_131_single_seed,dataset_protocol_unit; seeds and variants are repeated conditions,1,V9,V09
1,enron,0,clubench_bridge: CLUBench.load_data z-score,0,V9 benchmark readout,0,1,42,V09/clubench_131_single_seed,dataset_protocol_unit; seeds and variants are repeated conditions,1,V9,V09
1,epileptic_seizure_recognition,0,clubench_bridge: CLUBench.load_data z-score,0,V9 benchmark readout,0,1,42,V09/clubench_131_single_seed,dataset_protocol_unit; seeds and variants are repeated conditions,1,V9,V09
1,extyaleb,0,clubench_bridge: CLUBench.load_data z-score,0,V9 benchmark readout,0,1,42,V09/clubench_131_single_seed,dataset_protocol_unit; seeds and variants are repeated conditions,1,V9,V09
1,fabert,0,clubench_bridge: CLUBench.load_data z-score,0,V9 benchmark readout,0,1,42,V09/clubench_131_single_seed,dataset_protocol_unit; seeds and variants are repeated conditions,1,V9,V09
1,fashion_mnist,0,clubench_bridge: CLUBench.load_data z-score,0,V9 benchmark readout,0,1,42,V09/clubench_131_single_seed,dataset_protocol_unit; seeds and variants are repeated conditions,1,V9,V09
1,fbis.wc,0,clubench_bridge: CLUBench.load_data z-score,0,V9 benchmark readout,0,1,42,V09/clubench_131_single_seed,dataset_protocol_unit; seeds and variants are repeated conditions,1,V9,V09
1,fetal_health_classification,0,clubench_bridge: CLUBench.load_data z-score,0,V9 benchmark readout,0,1,42,V09/clubench_131_single_seed,dataset_protocol_unit; seeds and variants are repeated conditions,1,V9,V09
1,first-order-theorem-proving,0,clubench_bridge: CLUBench.load_data z-score,0,V9 benchmark readout,0,1,42,V09/clubench_131_single_seed,dataset_protocol_unit; seeds and variants are repeated conditions,1,V9,V09
1,flickr_material_database,0,clubench_bridge: CLUBench.load_data z-score,0,V9 benchmark readout,0,1,42,V09/clubench_131_single_seed,dataset_protocol_unit; seeds and variants are repeated conditions,1,V9,V09
1,fraud_detection_bank,0,clubench_bridge: CLUBench.load_data z-score,0,V9 benchmark readout,0,1,42,V09/clubench_131_single_seed,dataset_protocol_unit; seeds and variants are repeated conditions,1,V9,V09
1,gas-drift,0,clubench_bridge: CLUBench.load_data z-score,0,V9 benchmark readout,0,1,42,V09/clubench_131_single_seed,dataset_protocol_unit; seeds and variants are repeated conditions,1,V9,V09
1,gina_prior2,0,clubench_bridge: CLUBench.load_data z-score,0,V9 benchmark readout,0,1,42,V09/clubench_131_single_seed,dataset_protocol_unit; seeds and variants are repeated conditions,1,V9,V09
1,glass_identification,0,clubench_bridge: CLUBench.load_data z-score,0,V9 benchmark readout,0,1,42,V09/clubench_131_single_seed,dataset_protocol_unit; seeds and variants are repeated conditions,1,V9,V09
1,har,0,clubench_bridge: CLUBench.load_data z-score,0,V9 benchmark readout,0,1,42,V09/clubench_131_single_seed,dataset_protocol_unit; seeds and variants are repeated conditions,1,V9,V09
1,harbermans_survival,0,clubench_bridge: CLUBench.load_data z-score,0,V9 benchmark readout,0,1,42,V09/clubench_131_single_seed,dataset_protocol_unit; seeds and variants are repeated conditions,1,V9,V09
1,hate_speech,0,clubench_bridge: CLUBench.load_data z-score,0,V9 benchmark readout,0,1,42,V09/clubench_131_single_seed,dataset_protocol_unit; seeds and variants are repeated conditions,1,V9,V09
1,heart_attack_analysis_prediction_dataset,0,clubench_bridge: CLUBench.load_data z-score,0,V9 benchmark readout,0,1,42,V09/clubench_131_single_seed,dataset_protocol_unit; seeds and variants are repeated conditions,1,V9,V09
1,heart_disease,0,clubench_bridge: CLUBench.load_data z-score,0,V9 benchmark readout,0,1,42,V09/clubench_131_single_seed,dataset_protocol_unit; seeds and variants are repeated conditions,1,V9,V09
1,hepatitis,0,clubench_bridge: CLUBench.load_data z-score,0,V9 benchmark readout,0,1,42,V09/clubench_131_single_seed,dataset_protocol_unit; seeds and variants are repeated conditions,1,V9,V09
1,htru2,0,clubench_bridge: CLUBench.load_data z-score,0,V9 benchmark readout,0,1,42,V09/clubench_131_single_seed,dataset_protocol_unit; seeds and variants are repeated conditions,1,V9,V09
1,human_stress_detection,0,clubench_bridge: CLUBench.load_data z-score,0,V9 benchmark readout,0,1,42,V09/clubench_131_single_seed,dataset_protocol_unit; seeds and variants are repeated conditions,1,V9,V09
1,image_segmentation,0,clubench_bridge: CLUBench.load_data z-score,0,V9 benchmark readout,0,1,42,V09/clubench_131_single_seed,dataset_protocol_unit; seeds and variants are repeated conditions,1,V9,V09
1,imdb,0,clubench_bridge: CLUBench.load_data z-score,0,V9 benchmark readout,0,1,42,V09/clubench_131_single_seed,dataset_protocol_unit; seeds and variants are repeated conditions,1,V9,V09
1,insurance_company_benchmark,0,clubench_bridge: CLUBench.load_data z-score,0,V9 benchmark readout,0,1,42,V09/clubench_131_single_seed,dataset_protocol_unit; seeds and variants are repeated conditions,1,V9,V09
1,ionosphere,0,clubench_bridge: CLUBench.load_data z-score,0,V9 benchmark readout,0,1,42,V09/clubench_131_single_seed,dataset_protocol_unit; seeds and variants are repeated conditions,1,V9,V09
1,iris,0,clubench_bridge: CLUBench.load_data z-score,0,V9 benchmark readout,0,1,42,V09/clubench_131_single_seed,dataset_protocol_unit; seeds and variants are repeated conditions,1,V9,V09
1,labeled_faces_in_the_wild,0,clubench_bridge: CLUBench.load_data z-score,0,V9 benchmark readout,0,1,42,V09/clubench_131_single_seed,dataset_protocol_unit; seeds and variants are repeated conditions,1,V9,V09
1,letter_recognition,0,clubench_bridge: CLUBench.load_data z-score,0,V9 benchmark readout,0,1,42,V09/clubench_131_single_seed,dataset_protocol_unit; seeds and variants are repeated conditions,1,V9,V09
1,magic_gamma_telescope,0,clubench_bridge: CLUBench.load_data z-score,0,V9 benchmark readout,0,1,42,V09/clubench_131_single_seed,dataset_protocol_unit; seeds and variants are repeated conditions,1,V9,V09
1,mammographic_mass,0,clubench_bridge: CLUBench.load_data z-score,0,V9 benchmark readout,0,1,42,V09/clubench_131_single_seed,dataset_protocol_unit; seeds and variants are repeated conditions,1,V9,V09
1,mfeat-factors,0,clubench_bridge: CLUBench.load_data z-score,0,V9 benchmark readout,0,1,42,V09/clubench_131_single_seed,dataset_protocol_unit; seeds and variants are repeated conditions,1,V9,V09
1,mfeat-fourier,0,clubench_bridge: CLUBench.load_data z-score,0,V9 benchmark readout,0,1,42,V09/clubench_131_single_seed,dataset_protocol_unit; seeds and variants are repeated conditions,1,V9,V09
1,mfeat-karhunen,0,clubench_bridge: CLUBench.load_data z-score,0,V9 benchmark readout,0,1,42,V09/clubench_131_single_seed,dataset_protocol_unit; seeds and variants are repeated conditions,1,V9,V09
1,mfeat-morphological,0,clubench_bridge: CLUBench.load_data z-score,0,V9 benchmark readout,0,1,42,V09/clubench_131_single_seed,dataset_protocol_unit; seeds and variants are repeated conditions,1,V9,V09
1,micro-mass,0,clubench_bridge: CLUBench.load_data z-score,0,V9 benchmark readout,0,1,42,V09/clubench_131_single_seed,dataset_protocol_unit; seeds and variants are repeated conditions,1,V9,V09
1,microbes,0,clubench_bridge: CLUBench.load_data z-score,0,V9 benchmark readout,0,1,42,V09/clubench_131_single_seed,dataset_protocol_unit; seeds and variants are repeated conditions,1,V9,V09
1,mnist64,0,clubench_bridge: CLUBench.load_data z-score,0,V9 benchmark readout,0,1,42,V09/clubench_131_single_seed,dataset_protocol_unit; seeds and variants are repeated conditions,1,V9,V09
1,mobile_price_classification,0,clubench_bridge: CLUBench.load_data z-score,0,V9 benchmark readout,0,1,42,V09/clubench_131_single_seed,dataset_protocol_unit; seeds and variants are repeated conditions,1,V9,V09
1,music_genre_classification,0,clubench_bridge: CLUBench.load_data z-score,0,V9 benchmark readout,0,1,42,V09/clubench_131_single_seed,dataset_protocol_unit; seeds and variants are repeated conditions,1,V9,V09
1,olivetti_faces,0,clubench_bridge: CLUBench.load_data z-score,0,V9 benchmark readout,0,1,42,V09/clubench_131_single_seed,dataset_protocol_unit; seeds and variants are repeated conditions,1,V9,V09
1,optical_recognition_of_handwritten_digits,0,clubench_bridge: CLUBench.load_data z-score,0,V9 benchmark readout,0,1,42,V09/clubench_131_single_seed,dataset_protocol_unit; seeds and variants are repeated conditions,1,V9,V09
1,orbit_classification_for_prediction_nasa,0,clubench_bridge: CLUBench.load_data z-score,0,V9 benchmark readout,0,1,42,V09/clubench_131_single_seed,dataset_protocol_unit; seeds and variants are repeated conditions,1,V9,V09
1,paris_housing_classification,0,clubench_bridge: CLUBench.load_data z-score,0,V9 benchmark readout,0,1,42,V09/clubench_131_single_seed,dataset_protocol_unit; seeds and variants are repeated conditions,1,V9,V09
1,parkinsons,0,clubench_bridge: CLUBench.load_data z-score,0,V9 benchmark readout,0,1,42,V09/clubench_131_single_seed,dataset_protocol_unit; seeds and variants are repeated conditions,1,V9,V09
1,patient_treatment_classification,0,clubench_bridge: CLUBench.load_data z-score,0,V9 benchmark readout,0,1,42,V09/clubench_131_single_seed,dataset_protocol_unit; seeds and variants are repeated conditions,1,V9,V09
1,pen_based_recognition_of_handwritten_digits,0,clubench_bridge: CLUBench.load_data z-score,0,V9 benchmark readout,0,1,42,V09/clubench_131_single_seed,dataset_protocol_unit; seeds and variants are repeated conditions,1,V9,V09
1,ph_recognition,0,clubench_bridge: CLUBench.load_data z-score,0,V9 benchmark readout,0,1,42,V09/clubench_131_single_seed,dataset_protocol_unit; seeds and variants are repeated conditions,1,V9,V09
1,pima_indians_diabetes_database,0,clubench_bridge: CLUBench.load_data z-score,0,V9 benchmark readout,0,1,42,V09/clubench_131_single_seed,dataset_protocol_unit; seeds and variants are repeated conditions,1,V9,V09
1,pistachio,0,clubench_bridge: CLUBench.load_data z-score,0,V9 benchmark readout,0,1,42,V09/clubench_131_single_seed,dataset_protocol_unit; seeds and variants are repeated conditions,1,V9,V09
1,planning_relax,0,clubench_bridge: CLUBench.load_data z-score,0,V9 benchmark readout,0,1,42,V09/clubench_131_single_seed,dataset_protocol_unit; seeds and variants are repeated conditions,1,V9,V09
1,poker-hand,0,clubench_bridge: CLUBench.load_data z-score,0,V9 benchmark readout,0,1,42,V09/clubench_131_single_seed,dataset_protocol_unit; seeds and variants are repeated conditions,1,V9,V09
1,predicting_pulsar_star,0,clubench_bridge: CLUBench.load_data z-score,0,V9 benchmark readout,0,1,42,V09/clubench_131_single_seed,dataset_protocol_unit; seeds and variants are repeated conditions,1,V9,V09
1,pumpkin_seeds,0,clubench_bridge: CLUBench.load_data z-score,0,V9 benchmark readout,0,1,42,V09/clubench_131_single_seed,dataset_protocol_unit; seeds and variants are repeated conditions,1,V9,V09
1,raisin,0,clubench_bridge: CLUBench.load_data z-score,0,V9 benchmark readout,0,1,42,V09/clubench_131_single_seed,dataset_protocol_unit; seeds and variants are repeated conditions,1,V9,V09
1,reuters,0,clubench_bridge: CLUBench.load_data z-score,0,V9 benchmark readout,0,1,42,V09/clubench_131_single_seed,dataset_protocol_unit; seeds and variants are repeated conditions,1,V9,V09
1,rice_dataset_cammeo_and_osmancik,0,clubench_bridge: CLUBench.load_data z-score,0,V9 benchmark readout,0,1,42,V09/clubench_131_single_seed,dataset_protocol_unit; seeds and variants are repeated conditions,1,V9,V09
1,rice_seed_gonen_jasmine,0,clubench_bridge: CLUBench.load_data z-score,0,V9 benchmark readout,0,1,42,V09/clubench_131_single_seed,dataset_protocol_unit; seeds and variants are repeated conditions,1,V9,V09
1,rmftsa_sleepdata,0,clubench_bridge: CLUBench.load_data z-score,0,V9 benchmark readout,0,1,42,V09/clubench_131_single_seed,dataset_protocol_unit; seeds and variants are repeated conditions,1,V9,V09
1,satellite_image,0,clubench_bridge: CLUBench.load_data z-score,0,V9 benchmark readout,0,1,42,V09/clubench_131_single_seed,dataset_protocol_unit; seeds and variants are repeated conditions,1,V9,V09
1,secom,0,clubench_bridge: CLUBench.load_data z-score,0,V9 benchmark readout,0,1,42,V09/clubench_131_single_seed,dataset_protocol_unit; seeds and variants are repeated conditions,1,V9,V09
1,seeds,0,clubench_bridge: CLUBench.load_data z-score,0,V9 benchmark readout,0,1,42,V09/clubench_131_single_seed,dataset_protocol_unit; seeds and variants are repeated conditions,1,V9,V09
1,seismic_bumps,0,clubench_bridge: CLUBench.load_data z-score,0,V9 benchmark readout,0,1,42,V09/clubench_131_single_seed,dataset_protocol_unit; seeds and variants are repeated conditions,1,V9,V09
1,sentiment_labeld_sentences,0,clubench_bridge: CLUBench.load_data z-score,0,V9 benchmark readout,0,1,42,V09/clubench_131_single_seed,dataset_protocol_unit; seeds and variants are repeated conditions,1,V9,V09
1,shuttle,0,clubench_bridge: CLUBench.load_data z-score,0,V9 benchmark readout,0,1,42,V09/clubench_131_single_seed,dataset_protocol_unit; seeds and variants are repeated conditions,1,V9,V09
1,siberian_weather_stats,0,clubench_bridge: CLUBench.load_data z-score,0,V9 benchmark readout,0,1,42,V09/clubench_131_single_seed,dataset_protocol_unit; seeds and variants are repeated conditions,1,V9,V09
1,skillcraft1_master_table_dataset,0,clubench_bridge: CLUBench.load_data z-score,0,V9 benchmark readout,0,1,42,V09/clubench_131_single_seed,dataset_protocol_unit; seeds and variants are repeated conditions,1,V9,V09
1,smoker_condition,0,clubench_bridge: CLUBench.load_data z-score,0,V9 benchmark readout,0,1,42,V09/clubench_131_single_seed,dataset_protocol_unit; seeds and variants are repeated conditions,1,V9,V09
1,sms_spam_collection,0,clubench_bridge: CLUBench.load_data z-score,0,V9 benchmark readout,0,1,42,V09/clubench_131_single_seed,dataset_protocol_unit; seeds and variants are repeated conditions,1,V9,V09
1,spambase,0,clubench_bridge: CLUBench.load_data z-score,0,V9 benchmark readout,0,1,42,V09/clubench_131_single_seed,dataset_protocol_unit; seeds and variants are repeated conditions,1,V9,V09
1,spectf_heart,0,clubench_bridge: CLUBench.load_data z-score,0,V9 benchmark readout,0,1,42,V09/clubench_131_single_seed,dataset_protocol_unit; seeds and variants are repeated conditions,1,V9,V09
1,statlog_german_credit,0,clubench_bridge: CLUBench.load_data z-score,0,V9 benchmark readout,0,1,42,V09/clubench_131_single_seed,dataset_protocol_unit; seeds and variants are repeated conditions,1,V9,V09
1,statlog_image_segmentation,0,clubench_bridge: CLUBench.load_data z-score,0,V9 benchmark readout,0,1,42,V09/clubench_131_single_seed,dataset_protocol_unit; seeds and variants are repeated conditions,1,V9,V09
1,steel-plates-fault,0,clubench_bridge: CLUBench.load_data z-score,0,V9 benchmark readout,0,1,42,V09/clubench_131_single_seed,dataset_protocol_unit; seeds and variants are repeated conditions,1,V9,V09
1,street_view_house_numbers,0,clubench_bridge: CLUBench.load_data z-score,0,V9 benchmark readout,0,1,42,V09/clubench_131_single_seed,dataset_protocol_unit; seeds and variants are repeated conditions,1,V9,V09
1,student_grade,0,clubench_bridge: CLUBench.load_data z-score,0,V9 benchmark readout,0,1,42,V09/clubench_131_single_seed,dataset_protocol_unit; seeds and variants are repeated conditions,1,V9,V09
1,synthetic_control,0,clubench_bridge: CLUBench.load_data z-score,0,V9 benchmark readout,0,1,42,V09/clubench_131_single_seed,dataset_protocol_unit; seeds and variants are repeated conditions,1,V9,V09
1,tamilnadu-electricity,0,clubench_bridge: CLUBench.load_data z-score,0,V9 benchmark readout,0,1,42,V09/clubench_131_single_seed,dataset_protocol_unit; seeds and variants are repeated conditions,1,V9,V09
1,tr45.wc,0,clubench_bridge: CLUBench.load_data z-score,0,V9 benchmark readout,0,1,42,V09/clubench_131_single_seed,dataset_protocol_unit; seeds and variants are repeated conditions,1,V9,V09
1,turkish_music_emotion,0,clubench_bridge: CLUBench.load_data z-score,0,V9 benchmark readout,0,1,42,V09/clubench_131_single_seed,dataset_protocol_unit; seeds and variants are repeated conditions,1,V9,V09
1,user_knowledge_modeling,0,clubench_bridge: CLUBench.load_data z-score,0,V9 benchmark readout,0,1,42,V09/clubench_131_single_seed,dataset_protocol_unit; seeds and variants are repeated conditions,1,V9,V09
1,vehicle,0,clubench_bridge: CLUBench.load_data z-score,0,V9 benchmark readout,0,1,42,V09/clubench_131_single_seed,dataset_protocol_unit; seeds and variants are repeated conditions,1,V9,V09
1,wall-robot-navigation,0,clubench_bridge: CLUBench.load_data z-score,0,V9 benchmark readout,0,1,42,V09/clubench_131_single_seed,dataset_protocol_unit; seeds and variants are repeated conditions,1,V9,V09
1,water_quality,0,clubench_bridge: CLUBench.load_data z-score,0,V9 benchmark readout,0,1,42,V09/clubench_131_single_seed,dataset_protocol_unit; seeds and variants are repeated conditions,1,V9,V09
1,weather,0,clubench_bridge: CLUBench.load_data z-score,0,V9 benchmark readout,0,1,42,V09/clubench_131_single_seed,dataset_protocol_unit; seeds and variants are repeated conditions,1,V9,V09
1,website_phishing,0,clubench_bridge: CLUBench.load_data z-score,0,V9 benchmark readout,0,1,42,V09/clubench_131_single_seed,dataset_protocol_unit; seeds and variants are repeated conditions,1,V9,V09
1,wine,0,clubench_bridge: CLUBench.load_data z-score,0,V9 benchmark readout,0,1,42,V09/clubench_131_single_seed,dataset_protocol_unit; seeds and variants are repeated conditions,1,V9,V09
1,wine_customer,0,clubench_bridge: CLUBench.load_data z-score,0,V9 benchmark readout,0,1,42,V09/clubench_131_single_seed,dataset_protocol_unit; seeds and variants are repeated conditions,1,V9,V09
1,wine_quality,0,clubench_bridge: CLUBench.load_data z-score,0,V9 benchmark readout,0,1,42,V09/clubench_131_single_seed,dataset_protocol_unit; seeds and variants are repeated conditions,1,V9,V09
1,wireless_indoor_localization,0,clubench_bridge: CLUBench.load_data z-score,0,V9 benchmark readout,0,1,42,V09/clubench_131_single_seed,dataset_protocol_unit; seeds and variants are repeated conditions,1,V9,V09
1,world12d,0,clubench_bridge: CLUBench.load_data z-score,0,V9 benchmark readout,0,1,42,V09/clubench_131_single_seed,dataset_protocol_unit; seeds and variants are repeated conditions,1,V9,V09
1,wos,0,clubench_bridge: CLUBench.load_data z-score,0,V9 benchmark readout,0,1,42,V09/clubench_131_single_seed,dataset_protocol_unit; seeds and variants are repeated conditions,1,V9,V09
1,yeast,0,clubench_bridge: CLUBench.load_data z-score,0,V9 benchmark readout,0,1,42,V09/clubench_131_single_seed,dataset_protocol_unit; seeds and variants are repeated conditions,1,V9,V09
1,zoo,0,clubench_bridge: CLUBench.load_data z-score,0,V9 benchmark readout,0,1,42,V09/clubench_131_single_seed,dataset_protocol_unit; seeds and variants are repeated conditions,1,V9,V09
4,Campbell,0,historical_merged_summary (input protocol not recorded in final_results),3,V9 legacy readout,0,4,7|42|123,V09/legacy_multiseed,dataset_protocol_unit; seeds and variants are repeated conditions,4,v9_nomix|v9_random_neighbors|v9_static_gate|v9_static_random,V09
4,ISOLET,0,historical_merged_summary (input protocol not recorded in final_results),3,V9 legacy readout,0,4,7|42|123,V09/legacy_multiseed,dataset_protocol_unit; seeds and variants are repeated conditions,4,v9_nomix|v9_random_neighbors|v9_static_gate|v9_static_random,V09
4,Mouse_retina,0,historical_merged_summary (input protocol not recorded in final_results),3,V9 legacy readout,0,4,7|42|123,V09/legacy_multiseed,dataset_protocol_unit; seeds and variants are repeated conditions,4,v9_nomix|v9_random_neighbors|v9_static_gate|v9_static_random,V09
4,Quake_Smart-seq2_Lung,0,historical_merged_summary (input protocol not recorded in final_results),3,V9 legacy readout,0,4,7|42|123,V09/legacy_multiseed,dataset_protocol_unit; seeds and variants are repeated conditions,4,v9_nomix|v9_random_neighbors|v9_static_gate|v9_static_random,V09
4,breast_cancer_wisconsin_original,0,historical_merged_summary (input protocol not recorded in final_results),3,V9 legacy readout,0,4,7|42|123,V09/legacy_multiseed,dataset_protocol_unit; seeds and variants are repeated conditions,4,v9_nomix|v9_random_neighbors|v9_static_gate|v9_static_random,V09
4,cnae9,0,historical_merged_summary (input protocol not recorded in final_results),3,V9 legacy readout,0,4,7|42|123,V09/legacy_multiseed,dataset_protocol_unit; seeds and variants are repeated conditions,4,v9_nomix|v9_random_neighbors|v9_static_gate|v9_static_random,V09
4,enron,0,historical_merged_summary (input protocol not recorded in final_results),3,V9 legacy readout,0,4,7|42|123,V09/legacy_multiseed,dataset_protocol_unit; seeds and variants are repeated conditions,4,v9_nomix|v9_random_neighbors|v9_static_gate|v9_static_random,V09
4,first-order-theorem-proving,0,historical_merged_summary (input protocol not recorded in final_results),3,V9 legacy readout,0,4,7|42|123,V09/legacy_multiseed,dataset_protocol_unit; seeds and variants are repeated conditions,4,v9_nomix|v9_random_neighbors|v9_static_gate|v9_static_random,V09
4,har,0,historical_merged_summary (input protocol not recorded in final_results),3,V9 legacy readout,0,4,7|42|123,V09/legacy_multiseed,dataset_protocol_unit; seeds and variants are repeated conditions,4,v9_nomix|v9_random_neighbors|v9_static_gate|v9_static_random,V09
4,hrvatin_filtered,0,historical_merged_summary (input protocol not recorded in final_results),3,V9 legacy readout,0,4,7|42|123,V09/legacy_multiseed,dataset_protocol_unit; seeds and variants are repeated conditions,4,v9_nomix|v9_random_neighbors|v9_static_gate|v9_static_random,V09
4,iris,0,historical_merged_summary (input protocol not recorded in final_results),3,V9 legacy readout,0,4,7|42|123,V09/legacy_multiseed,dataset_protocol_unit; seeds and variants are repeated conditions,4,v9_nomix|v9_random_neighbors|v9_static_gate|v9_static_random,V09
4,mammographic_mass,0,historical_merged_summary (input protocol not recorded in final_results),3,V9 legacy readout,0,4,7|42|123,V09/legacy_multiseed,dataset_protocol_unit; seeds and variants are repeated conditions,4,v9_nomix|v9_random_neighbors|v9_static_gate|v9_static_random,V09
4,reuters,0,historical_merged_summary (input protocol not recorded in final_results),3,V9 legacy readout,0,4,7|42|123,V09/legacy_multiseed,dataset_protocol_unit; seeds and variants are repeated conditions,4,v9_nomix|v9_random_neighbors|v9_static_gate|v9_static_random,V09
4,sms_spam_collection,0,historical_merged_summary (input protocol not recorded in final_results),3,V9 legacy readout,0,4,7|42|123,V09/legacy_multiseed,dataset_protocol_unit; seeds and variants are repeated conditions,4,v9_nomix|v9_random_neighbors|v9_static_gate|v9_static_random,V09
4,spambase,0,historical_merged_summary (input protocol not recorded in final_results),3,V9 legacy readout,0,4,7|42|123,V09/legacy_multiseed,dataset_protocol_unit; seeds and variants are repeated conditions,4,v9_nomix|v9_random_neighbors|v9_static_gate|v9_static_random,V09
3,2d_20c_no0,0,"raw processed X, StandardScaler; V9 adaptive PCA kNN (upper bound 2000), reliability mix",0,V9 paper-preprocess readout,0,3,123|42|7,V09/paper_preprocess,dataset_protocol_unit; seeds and variants are repeated conditions,1,V9,V09
3,2d_4c_no4,0,"raw processed X, StandardScaler; V9 adaptive PCA kNN (upper bound 2000), reliability mix",0,V9 paper-preprocess readout,0,3,123|42|7,V09/paper_preprocess,dataset_protocol_unit; seeds and variants are repeated conditions,1,V9,V09
3,2d_4c_no9,0,"raw processed X, StandardScaler; V9 adaptive PCA kNN (upper bound 2000), reliability mix",0,V9 paper-preprocess readout,0,3,123|42|7,V09/paper_preprocess,dataset_protocol_unit; seeds and variants are repeated conditions,1,V9,V09
3,aggregation,0,"raw processed X, StandardScaler; V9 adaptive PCA kNN (upper bound 2000), reliability mix",0,V9 paper-preprocess readout,0,3,123|42|7,V09/paper_preprocess,dataset_protocol_unit; seeds and variants are repeated conditions,1,V9,V09
3,asymmetric,0,"raw processed X, StandardScaler; V9 adaptive PCA kNN (upper bound 2000), reliability mix",0,V9 paper-preprocess readout,0,3,123|42|7,V09/paper_preprocess,dataset_protocol_unit; seeds and variants are repeated conditions,1,V9,V09
3,balance_scale,0,"raw processed X, StandardScaler; V9 adaptive PCA kNN (upper bound 2000), reliability mix",0,V9 paper-preprocess readout,0,3,123|42|7,V09/paper_preprocess,dataset_protocol_unit; seeds and variants are repeated conditions,1,V9,V09
3,banknote,0,"raw processed X, StandardScaler; V9 adaptive PCA kNN (upper bound 2000), reliability mix",0,V9 paper-preprocess readout,0,3,123|42|7,V09/paper_preprocess,dataset_protocol_unit; seeds and variants are repeated conditions,1,V9,V09
3,dim064,0,"raw processed X, StandardScaler; V9 adaptive PCA kNN (upper bound 2000), reliability mix",0,V9 paper-preprocess readout,0,3,123|42|7,V09/paper_preprocess,dataset_protocol_unit; seeds and variants are repeated conditions,1,V9,V09
3,dim512,0,"raw processed X, StandardScaler; V9 adaptive PCA kNN (upper bound 2000), reliability mix",0,V9 paper-preprocess readout,0,3,123|42|7,V09/paper_preprocess,dataset_protocol_unit; seeds and variants are repeated conditions,1,V9,V09
3,flame,0,"raw processed X, StandardScaler; V9 adaptive PCA kNN (upper bound 2000), reliability mix",0,V9 paper-preprocess readout,0,3,123|42|7,V09/paper_preprocess,dataset_protocol_unit; seeds and variants are repeated conditions,1,V9,V09
3,glass,0,"raw processed X, StandardScaler; V9 adaptive PCA kNN (upper bound 2000), reliability mix",0,V9 paper-preprocess readout,0,3,123|42|7,V09/paper_preprocess,dataset_protocol_unit; seeds and variants are repeated conditions,1,V9,V09
3,image_segment,0,"raw processed X, StandardScaler; V9 adaptive PCA kNN (upper bound 2000), reliability mix",0,V9 paper-preprocess readout,0,3,123|42|7,V09/paper_preprocess,dataset_protocol_unit; seeds and variants are repeated conditions,1,V9,V09
3,landsat,0,"raw processed X, StandardScaler; V9 adaptive PCA kNN (upper bound 2000), reliability mix",0,V9 paper-preprocess readout,0,3,123|42|7,V09/paper_preprocess,dataset_protocol_unit; seeds and variants are repeated conditions,1,V9,V09
3,libras_movement,0,"raw processed X, StandardScaler; V9 adaptive PCA kNN (upper bound 2000), reliability mix",0,V9 paper-preprocess readout,0,3,123|42|7,V09/paper_preprocess,dataset_protocol_unit; seeds and variants are repeated conditions,1,V9,V09
3,olivetti_faces,0,"raw processed X, StandardScaler; V9 adaptive PCA kNN (upper bound 2000), reliability mix",0,V9 paper-preprocess readout,0,3,123|42|7,V09/paper_preprocess,dataset_protocol_unit; seeds and variants are repeated conditions,1,V9,V09
3,rice,0,"raw processed X, StandardScaler; V9 adaptive PCA kNN (upper bound 2000), reliability mix",0,V9 paper-preprocess readout,0,3,123|42|7,V09/paper_preprocess,dataset_protocol_unit; seeds and variants are repeated conditions,1,V9,V09
3,smile,0,"raw processed X, StandardScaler; V9 adaptive PCA kNN (upper bound 2000), reliability mix",0,V9 paper-preprocess readout,0,3,123|42|7,V09/paper_preprocess,dataset_protocol_unit; seeds and variants are repeated conditions,1,V9,V09
3,spect_heart,0,"raw processed X, StandardScaler; V9 adaptive PCA kNN (upper bound 2000), reliability mix",0,V9 paper-preprocess readout,0,3,123|42|7,V09/paper_preprocess,dataset_protocol_unit; seeds and variants are repeated conditions,1,V9,V09
3,student_evaluation,0,"raw processed X, StandardScaler; V9 adaptive PCA kNN (upper bound 2000), reliability mix",0,V9 paper-preprocess readout,0,3,123|42|7,V09/paper_preprocess,dataset_protocol_unit; seeds and variants are repeated conditions,1,V9,V09
3,twodiamonds,0,"raw processed X, StandardScaler; V9 adaptive PCA kNN (upper bound 2000), reliability mix",0,V9 paper-preprocess readout,0,3,123|42|7,V09/paper_preprocess,dataset_protocol_unit; seeds and variants are repeated conditions,1,V9,V09
3,unbalance,0,"raw processed X, StandardScaler; V9 adaptive PCA kNN (upper bound 2000), reliability mix",0,V9 paper-preprocess readout,0,3,123|42|7,V09/paper_preprocess,dataset_protocol_unit; seeds and variants are repeated conditions,1,V9,V09
3,vehicle,0,"raw processed X, StandardScaler; V9 adaptive PCA kNN (upper bound 2000), reliability mix",0,V9 paper-preprocess readout,0,3,123|42|7,V09/paper_preprocess,dataset_protocol_unit; seeds and variants are repeated conditions,1,V9,V09
3,vertebral_column,0,"raw processed X, StandardScaler; V9 adaptive PCA kNN (upper bound 2000), reliability mix",0,V9 paper-preprocess readout,0,3,123|42|7,V09/paper_preprocess,dataset_protocol_unit; seeds and variants are repeated conditions,1,V9,V09
3,website_phishing,0,"raw processed X, StandardScaler; V9 adaptive PCA kNN (upper bound 2000), reliability mix",0,V9 paper-preprocess readout,0,3,123|42|7,V09/paper_preprocess,dataset_protocol_unit; seeds and variants are repeated conditions,1,V9,V09
3,Campbell,0,AHDPC processed legacy; protocol field absent from final_results CSV,0,V10 legacy readout,0,3,123|42|7,V10/comparison,dataset_protocol_unit; seeds and variants are repeated conditions,1,v10_nomix_init,V10
6,ISOLET,0,AHDPC processed legacy; protocol field absent from final_results CSV,3,V10 legacy readout,0,6,123|42|7,V10/comparison,dataset_protocol_unit; seeds and variants are repeated conditions,2,v10_nomix|v10_nomix_init,V10
6,first-order-theorem-proving,0,AHDPC processed legacy; protocol field absent from final_results CSV,3,V10 legacy readout,0,6,123|42|7,V10/comparison,dataset_protocol_unit; seeds and variants are repeated conditions,2,v10_nomix|v10_nomix_init,V10
6,sms_spam_collection,0,AHDPC processed legacy; protocol field absent from final_results CSV,3,V10 legacy readout,0,6,123|42|7,V10/comparison,dataset_protocol_unit; seeds and variants are repeated conditions,2,v10_nomix|v10_nomix_init,V10
15,balance_scale,0,AHDPC processed NPZ; raw-PCA kNN sparse 1-skeleton; TDA-H0 pilot,12,head_ari (paired table also publishes KMeans ARI),0,15,123|42|7,V11/tda_h0_pilot,dataset_protocol_unit; seeds and variants are repeated conditions,5,V11_full|V11_nomix|V11_tda_fixed_filtration|V11_tda_h0_mst|V11_tda_random,V11
15,banknote,0,AHDPC processed NPZ; raw-PCA kNN sparse 1-skeleton; TDA-H0 pilot,12,head_ari (paired table also publishes KMeans ARI),0,15,123|42|7,V11/tda_h0_pilot,dataset_protocol_unit; seeds and variants are repeated conditions,5,V11_full|V11_nomix|V11_tda_fixed_filtration|V11_tda_h0_mst|V11_tda_random,V11
15,flame,0,AHDPC processed NPZ; raw-PCA kNN sparse 1-skeleton; TDA-H0 pilot,12,head_ari (paired table also publishes KMeans ARI),0,15,123|42|7,V11/tda_h0_pilot,dataset_protocol_unit; seeds and variants are repeated conditions,5,V11_full|V11_nomix|V11_tda_fixed_filtration|V11_tda_h0_mst|V11_tda_random,V11
15,spect_heart,0,AHDPC processed NPZ; raw-PCA kNN sparse 1-skeleton; TDA-H0 pilot,12,head_ari (paired table also publishes KMeans ARI),0,15,123|42|7,V11/tda_h0_pilot,dataset_protocol_unit; seeds and variants are repeated conditions,5,V11_full|V11_nomix|V11_tda_fixed_filtration|V11_tda_h0_mst|V11_tda_random,V11
15,vehicle,0,AHDPC processed NPZ; raw-PCA kNN sparse 1-skeleton; TDA-H0 pilot,12,head_ari (paired table also publishes KMeans ARI),0,15,123|42|7,V11/tda_h0_pilot,dataset_protocol_unit; seeds and variants are repeated conditions,5,V11_full|V11_nomix|V11_tda_fixed_filtration|V11_tda_h0_mst|V11_tda_random,V11
12,balance_scale,0,AHDPC processed NPZ; raw-PCA kNN sparse 1-skeleton; V12 stage-3 topology search,4,V12 legacy ARI readout,0,12,7|42|123,V12/stage3_topology_search,dataset_protocol_unit; seeds and variants are repeated conditions,12,edge_only_lam0.3_rm0.5|edge_only_lam0.3_rm1.0|edge_only_lam0.5_rm0.5|edge_only_lam0.5_rm1.0|self_null_lam0.3_rm0.5_si0.3|self_null_lam0.3_rm0.5_si0.5|self_null_lam0.3_rm1.0_si0.3|self_null_lam0.3_rm1.0_si0.5|self_null_lam0.5_rm0.5_si0.3|self_null_lam0.5_rm0.5_si0.5|self_null_lam0.5_rm1.0_si0.3|self_null_lam0.5_rm1.0_si0.5,V12
12,flame,0,AHDPC processed NPZ; raw-PCA kNN sparse 1-skeleton; V12 stage-3 topology search,4,V12 legacy ARI readout,0,12,7|42|123,V12/stage3_topology_search,dataset_protocol_unit; seeds and variants are repeated conditions,12,edge_only_lam0.3_rm0.5|edge_only_lam0.3_rm1.0|edge_only_lam0.5_rm0.5|edge_only_lam0.5_rm1.0|self_null_lam0.3_rm0.5_si0.3|self_null_lam0.3_rm0.5_si0.5|self_null_lam0.3_rm1.0_si0.3|self_null_lam0.3_rm1.0_si0.5|self_null_lam0.5_rm0.5_si0.3|self_null_lam0.5_rm0.5_si0.5|self_null_lam0.5_rm1.0_si0.3|self_null_lam0.5_rm1.0_si0.5,V12
12,spect_heart,0,AHDPC processed NPZ; raw-PCA kNN sparse 1-skeleton; V12 stage-3 topology search,4,V12 legacy ARI readout,0,12,7|42|123,V12/stage3_topology_search,dataset_protocol_unit; seeds and variants are repeated conditions,12,edge_only_lam0.3_rm0.5|edge_only_lam0.3_rm1.0|edge_only_lam0.5_rm0.5|edge_only_lam0.5_rm1.0|self_null_lam0.3_rm0.5_si0.3|self_null_lam0.3_rm0.5_si0.5|self_null_lam0.3_rm1.0_si0.3|self_null_lam0.3_rm1.0_si0.5|self_null_lam0.5_rm0.5_si0.3|self_null_lam0.5_rm0.5_si0.5|self_null_lam0.5_rm1.0_si0.3|self_null_lam0.5_rm1.0_si0.5,V12
12,vehicle,0,AHDPC processed NPZ; raw-PCA kNN sparse 1-skeleton; V12 stage-3 topology search,4,V12 legacy ARI readout,0,12,7|42|123,V12/stage3_topology_search,dataset_protocol_unit; seeds and variants are repeated conditions,12,edge_only_lam0.3_rm0.5|edge_only_lam0.3_rm1.0|edge_only_lam0.5_rm0.5|edge_only_lam0.5_rm1.0|self_null_lam0.3_rm0.5_si0.3|self_null_lam0.3_rm0.5_si0.5|self_null_lam0.3_rm1.0_si0.3|self_null_lam0.3_rm1.0_si0.5|self_null_lam0.5_rm0.5_si0.3|self_null_lam0.5_rm0.5_si0.5|self_null_lam0.5_rm1.0_si0.3|self_null_lam0.5_rm1.0_si0.5,V12
6,balance_scale,0,AHDPC processed NPZ; V13 Gumbel-Top-k hard-gate batch,3,ARI column in runs.csv,0,6,123|42|7,V13/hard_gate,dataset_protocol_unit; seeds and variants are repeated conditions,2,nomix|topk2,V13
6,enron,0,AHDPC processed NPZ; V13 Gumbel-Top-k hard-gate batch,3,ARI column in runs.csv,0,6,123|42|7,V13/hard_gate,dataset_protocol_unit; seeds and variants are repeated conditions,2,nomix|topk2,V13
6,flame,0,AHDPC processed NPZ; V13 Gumbel-Top-k hard-gate batch,3,ARI column in runs.csv,0,6,123|42|7,V13/hard_gate,dataset_protocol_unit; seeds and variants are repeated conditions,2,nomix|topk2,V13
6,spect_heart,0,AHDPC processed NPZ; V13 Gumbel-Top-k hard-gate batch,3,ARI column in runs.csv,0,6,123|42|7,V13/hard_gate,dataset_protocol_unit; seeds and variants are repeated conditions,2,nomix|topk2,V13
6,vehicle,0,AHDPC processed NPZ; V13 Gumbel-Top-k hard-gate batch,3,ARI column in runs.csv,0,6,123|42|7,V13/hard_gate,dataset_protocol_unit; seeds and variants are repeated conditions,2,nomix|topk2,V13
6,balance_scale,0,AHDPC processed NPZ; V14 advantage batch,3,ARI column in runs.csv (head_ari also present),0,6,123|42|7,V14/advantage_5ds,dataset_protocol_unit; seeds and variants are repeated conditions,2,v14_full|v14_nomix,V14
6,landsat,0,AHDPC processed NPZ; V14 advantage batch,3,ARI column in runs.csv (head_ari also present),0,6,123|42|7,V14/advantage_5ds,dataset_protocol_unit; seeds and variants are repeated conditions,2,v14_full|v14_nomix,V14
6,spectf_heart,0,AHDPC processed NPZ; V14 advantage batch,3,ARI column in runs.csv (head_ari also present),0,6,123|42|7,V14/advantage_5ds,dataset_protocol_unit; seeds and variants are repeated conditions,2,v14_full|v14_nomix,V14
6,vehicle,0,AHDPC processed NPZ; V14 advantage batch,3,ARI column in runs.csv (head_ari also present),0,6,123|42|7,V14/advantage_5ds,dataset_protocol_unit; seeds and variants are repeated conditions,2,v14_full|v14_nomix,V14
6,vertebral_column,0,AHDPC processed NPZ; V14 advantage batch,3,ARI column in runs.csv (head_ari also present),0,6,123|42|7,V14/advantage_5ds,dataset_protocol_unit; seeds and variants are repeated conditions,2,v14_full|v14_nomix,V14
0,Blood_BoneMarrow,0,scRNA count / V16.1 clean-compound promotion protocol,3,clean ARI summary,4,4,7|42|123,V16_1/20260806,dataset_protocol_unit; seeds and variants are repeated conditions,4,clean_fixed|clean_self|clean_shuffled|clean_v16_1,V16.1
0,Bone_Marrow,0,scRNA count / V16.1 clean-compound promotion protocol,3,clean ARI summary,4,4,7|42|123,V16_1/20260806,dataset_protocol_unit; seeds and variants are repeated conditions,4,clean_fixed|clean_self|clean_shuffled|clean_v16_1,V16.1
0,Human_Pancreas_1,0,scRNA count / V16.1 clean-compound promotion protocol,3,clean ARI summary,4,4,7|42|123,V16_1/20260806,dataset_protocol_unit; seeds and variants are repeated conditions,4,clean_fixed|clean_self|clean_shuffled|clean_v16_1,V16.1
0,Human_Pancreas_2,0,scRNA count / V16.1 clean-compound promotion protocol,3,clean ARI summary,4,4,7|42|123,V16_1/20260806,dataset_protocol_unit; seeds and variants are repeated conditions,4,clean_fixed|clean_self|clean_shuffled|clean_v16_1,V16.1
0,Human_Pancreas_4,0,scRNA count / V16.1 clean-compound promotion protocol,3,clean ARI summary,4,4,7|42|123,V16_1/20260806,dataset_protocol_unit; seeds and variants are repeated conditions,4,clean_fixed|clean_self|clean_shuffled|clean_v16_1,V16.1
0,Mouse_Pancreas_2,0,scRNA count / V16.1 clean-compound promotion protocol,3,clean ARI summary,4,4,7|42|123,V16_1/20260806,dataset_protocol_unit; seeds and variants are repeated conditions,4,clean_fixed|clean_self|clean_shuffled|clean_v16_1,V16.1
0,Quake_10x_Spleen,0,scRNA count / V16.1 clean-compound promotion protocol,3,clean ARI summary,4,4,7|42|123,V16_1/20260806,dataset_protocol_unit; seeds and variants are repeated conditions,4,clean_fixed|clean_self|clean_shuffled|clean_v16_1,V16.1
0,Quake_Smart-seq2_Lung,0,scRNA count / V16.1 clean-compound promotion protocol,3,clean ARI summary,4,4,7|42|123,V16_1/20260807,dataset_protocol_unit; seeds and variants are repeated conditions,4,clean_fixed|clean_self|clean_shuffled|clean_v16_1,V16.1
10,ahdpc_prepared__2d_20c_no0,0,v18_scmae_mainline_v2_2; nan_to_num_then_column_standard_scaler,9,active ARI; V18 also publishes all-row ARI and Leiden readout,0,10,123|42|7,V18/scmae_mainline_v2_2,dataset_protocol_unit; seeds and variants are repeated conditions,10,latent_C_exactzero|latent_GW_frozen|latent_candidate_spectral|scmae_only|v18_full|v18_leiden|v18_mask04|v18_no_recurrence|v18_no_stability|v18_shuffled_E0,V18
10,ahdpc_prepared__2d_4c_no4,0,v18_scmae_mainline_v2_2; nan_to_num_then_column_standard_scaler,9,active ARI; V18 also publishes all-row ARI and Leiden readout,0,10,123|42|7,V18/scmae_mainline_v2_2,dataset_protocol_unit; seeds and variants are repeated conditions,10,latent_C_exactzero|latent_GW_frozen|latent_candidate_spectral|scmae_only|v18_full|v18_leiden|v18_mask04|v18_no_recurrence|v18_no_stability|v18_shuffled_E0,V18
10,ahdpc_prepared__2d_4c_no9,0,v18_scmae_mainline_v2_2; nan_to_num_then_column_standard_scaler,9,active ARI; V18 also publishes all-row ARI and Leiden readout,0,10,123|42|7,V18/scmae_mainline_v2_2,dataset_protocol_unit; seeds and variants are repeated conditions,10,latent_C_exactzero|latent_GW_frozen|latent_candidate_spectral|scmae_only|v18_full|v18_leiden|v18_mask04|v18_no_recurrence|v18_no_stability|v18_shuffled_E0,V18
10,ahdpc_prepared__aggregation,0,v18_scmae_mainline_v2_2; nan_to_num_then_column_standard_scaler,9,active ARI; V18 also publishes all-row ARI and Leiden readout,0,10,123|42|7,V18/scmae_mainline_v2_2,dataset_protocol_unit; seeds and variants are repeated conditions,10,latent_C_exactzero|latent_GW_frozen|latent_candidate_spectral|scmae_only|v18_full|v18_leiden|v18_mask04|v18_no_recurrence|v18_no_stability|v18_shuffled_E0,V18
10,ahdpc_prepared__asymmetric,0,v18_scmae_mainline_v2_2; nan_to_num_then_column_standard_scaler,9,active ARI; V18 also publishes all-row ARI and Leiden readout,0,10,123|42|7,V18/scmae_mainline_v2_2,dataset_protocol_unit; seeds and variants are repeated conditions,10,latent_C_exactzero|latent_GW_frozen|latent_candidate_spectral|scmae_only|v18_full|v18_leiden|v18_mask04|v18_no_recurrence|v18_no_stability|v18_shuffled_E0,V18
10,ahdpc_prepared__balance_scale,0,v18_scmae_mainline_v2_2; nan_to_num_then_column_standard_scaler,9,active ARI; V18 also publishes all-row ARI and Leiden readout,0,10,123|42|7,V18/scmae_mainline_v2_2,dataset_protocol_unit; seeds and variants are repeated conditions,10,latent_C_exactzero|latent_GW_frozen|latent_candidate_spectral|scmae_only|v18_full|v18_leiden|v18_mask04|v18_no_recurrence|v18_no_stability|v18_shuffled_E0,V18
10,ahdpc_prepared__banknote,0,v18_scmae_mainline_v2_2; nan_to_num_then_column_standard_scaler,9,active ARI; V18 also publishes all-row ARI and Leiden readout,0,10,123|42|7,V18/scmae_mainline_v2_2,dataset_protocol_unit; seeds and variants are repeated conditions,10,latent_C_exactzero|latent_GW_frozen|latent_candidate_spectral|scmae_only|v18_full|v18_leiden|v18_mask04|v18_no_recurrence|v18_no_stability|v18_shuffled_E0,V18
10,ahdpc_prepared__dim064,0,v18_scmae_mainline_v2_2; nan_to_num_then_column_standard_scaler,9,active ARI; V18 also publishes all-row ARI and Leiden readout,0,10,123|42|7,V18/scmae_mainline_v2_2,dataset_protocol_unit; seeds and variants are repeated conditions,10,latent_C_exactzero|latent_GW_frozen|latent_candidate_spectral|scmae_only|v18_full|v18_leiden|v18_mask04|v18_no_recurrence|v18_no_stability|v18_shuffled_E0,V18
10,ahdpc_prepared__dim512,0,v18_scmae_mainline_v2_2; nan_to_num_then_column_standard_scaler,9,active ARI; V18 also publishes all-row ARI and Leiden readout,0,10,123|42|7,V18/scmae_mainline_v2_2,dataset_protocol_unit; seeds and variants are repeated conditions,10,latent_C_exactzero|latent_GW_frozen|latent_candidate_spectral|scmae_only|v18_full|v18_leiden|v18_mask04|v18_no_recurrence|v18_no_stability|v18_shuffled_E0,V18
10,ahdpc_prepared__flame,0,v18_scmae_mainline_v2_2; nan_to_num_then_column_standard_scaler,9,active ARI; V18 also publishes all-row ARI and Leiden readout,0,10,123|42|7,V18/scmae_mainline_v2_2,dataset_protocol_unit; seeds and variants are repeated conditions,10,latent_C_exactzero|latent_GW_frozen|latent_candidate_spectral|scmae_only|v18_full|v18_leiden|v18_mask04|v18_no_recurrence|v18_no_stability|v18_shuffled_E0,V18
10,ahdpc_prepared__glass,0,v18_scmae_mainline_v2_2; nan_to_num_then_column_standard_scaler,9,active ARI; V18 also publishes all-row ARI and Leiden readout,0,10,123|42|7,V18/scmae_mainline_v2_2,dataset_protocol_unit; seeds and variants are repeated conditions,10,latent_C_exactzero|latent_GW_frozen|latent_candidate_spectral|scmae_only|v18_full|v18_leiden|v18_mask04|v18_no_recurrence|v18_no_stability|v18_shuffled_E0,V18
10,ahdpc_prepared__glass_without_id,0,v18_scmae_mainline_v2_2; nan_to_num_then_column_standard_scaler,9,active ARI; V18 also publishes all-row ARI and Leiden readout,0,10,123|42|7,V18/scmae_mainline_v2_2,dataset_protocol_unit; seeds and variants are repeated conditions,10,latent_C_exactzero|latent_GW_frozen|latent_candidate_spectral|scmae_only|v18_full|v18_leiden|v18_mask04|v18_no_recurrence|v18_no_stability|v18_shuffled_E0,V18
10,ahdpc_prepared__image_segment,0,v18_scmae_mainline_v2_2; nan_to_num_then_column_standard_scaler,9,active ARI; V18 also publishes all-row ARI and Leiden readout,0,10,123|42|7,V18/scmae_mainline_v2_2,dataset_protocol_unit; seeds and variants are repeated conditions,10,latent_C_exactzero|latent_GW_frozen|latent_candidate_spectral|scmae_only|v18_full|v18_leiden|v18_mask04|v18_no_recurrence|v18_no_stability|v18_shuffled_E0,V18
10,ahdpc_prepared__landsat,0,v18_scmae_mainline_v2_2; nan_to_num_then_column_standard_scaler,9,active ARI; V18 also publishes all-row ARI and Leiden readout,0,10,123|42|7,V18/scmae_mainline_v2_2,dataset_protocol_unit; seeds and variants are repeated conditions,10,latent_C_exactzero|latent_GW_frozen|latent_candidate_spectral|scmae_only|v18_full|v18_leiden|v18_mask04|v18_no_recurrence|v18_no_stability|v18_shuffled_E0,V18
10,ahdpc_prepared__libras_movement,0,v18_scmae_mainline_v2_2; nan_to_num_then_column_standard_scaler,9,active ARI; V18 also publishes all-row ARI and Leiden readout,0,10,123|42|7,V18/scmae_mainline_v2_2,dataset_protocol_unit; seeds and variants are repeated conditions,10,latent_C_exactzero|latent_GW_frozen|latent_candidate_spectral|scmae_only|v18_full|v18_leiden|v18_mask04|v18_no_recurrence|v18_no_stability|v18_shuffled_E0,V18
10,ahdpc_prepared__rice,0,v18_scmae_mainline_v2_2; nan_to_num_then_column_standard_scaler,9,active ARI; V18 also publishes all-row ARI and Leiden readout,0,10,123|42|7,V18/scmae_mainline_v2_2,dataset_protocol_unit; seeds and variants are repeated conditions,10,latent_C_exactzero|latent_GW_frozen|latent_candidate_spectral|scmae_only|v18_full|v18_leiden|v18_mask04|v18_no_recurrence|v18_no_stability|v18_shuffled_E0,V18
10,ahdpc_prepared__smile,0,v18_scmae_mainline_v2_2; nan_to_num_then_column_standard_scaler,9,active ARI; V18 also publishes all-row ARI and Leiden readout,0,10,123|42|7,V18/scmae_mainline_v2_2,dataset_protocol_unit; seeds and variants are repeated conditions,10,latent_C_exactzero|latent_GW_frozen|latent_candidate_spectral|scmae_only|v18_full|v18_leiden|v18_mask04|v18_no_recurrence|v18_no_stability|v18_shuffled_E0,V18
10,ahdpc_prepared__spect_heart,0,v18_scmae_mainline_v2_2; nan_to_num_then_column_standard_scaler,9,active ARI; V18 also publishes all-row ARI and Leiden readout,0,10,123|42|7,V18/scmae_mainline_v2_2,dataset_protocol_unit; seeds and variants are repeated conditions,10,latent_C_exactzero|latent_GW_frozen|latent_candidate_spectral|scmae_only|v18_full|v18_leiden|v18_mask04|v18_no_recurrence|v18_no_stability|v18_shuffled_E0,V18
10,ahdpc_prepared__student_evaluation,0,v18_scmae_mainline_v2_2; nan_to_num_then_column_standard_scaler,9,active ARI; V18 also publishes all-row ARI and Leiden readout,0,10,123|42|7,V18/scmae_mainline_v2_2,dataset_protocol_unit; seeds and variants are repeated conditions,10,latent_C_exactzero|latent_GW_frozen|latent_candidate_spectral|scmae_only|v18_full|v18_leiden|v18_mask04|v18_no_recurrence|v18_no_stability|v18_shuffled_E0,V18
10,ahdpc_prepared__student_evaluation_without_instr,0,v18_scmae_mainline_v2_2; nan_to_num_then_column_standard_scaler,9,active ARI; V18 also publishes all-row ARI and Leiden readout,0,10,123|42|7,V18/scmae_mainline_v2_2,dataset_protocol_unit; seeds and variants are repeated conditions,10,latent_C_exactzero|latent_GW_frozen|latent_candidate_spectral|scmae_only|v18_full|v18_leiden|v18_mask04|v18_no_recurrence|v18_no_stability|v18_shuffled_E0,V18
10,ahdpc_prepared__twodiamonds,0,v18_scmae_mainline_v2_2; nan_to_num_then_column_standard_scaler,9,active ARI; V18 also publishes all-row ARI and Leiden readout,0,10,123|42|7,V18/scmae_mainline_v2_2,dataset_protocol_unit; seeds and variants are repeated conditions,10,latent_C_exactzero|latent_GW_frozen|latent_candidate_spectral|scmae_only|v18_full|v18_leiden|v18_mask04|v18_no_recurrence|v18_no_stability|v18_shuffled_E0,V18
10,ahdpc_prepared__unbalance,0,v18_scmae_mainline_v2_2; nan_to_num_then_column_standard_scaler,9,active ARI; V18 also publishes all-row ARI and Leiden readout,0,10,123|42|7,V18/scmae_mainline_v2_2,dataset_protocol_unit; seeds and variants are repeated conditions,10,latent_C_exactzero|latent_GW_frozen|latent_candidate_spectral|scmae_only|v18_full|v18_leiden|v18_mask04|v18_no_recurrence|v18_no_stability|v18_shuffled_E0,V18
10,ahdpc_prepared__vertebral_column,0,v18_scmae_mainline_v2_2; nan_to_num_then_column_standard_scaler,9,active ARI; V18 also publishes all-row ARI and Leiden readout,0,10,123|42|7,V18/scmae_mainline_v2_2,dataset_protocol_unit; seeds and variants are repeated conditions,10,latent_C_exactzero|latent_GW_frozen|latent_candidate_spectral|scmae_only|v18_full|v18_leiden|v18_mask04|v18_no_recurrence|v18_no_stability|v18_shuffled_E0,V18
10,local__20newsgroups,0,v18_scmae_mainline_v2_2; nan_to_num_then_column_standard_scaler,9,active ARI; V18 also publishes all-row ARI and Leiden readout,0,10,123|42|7,V18/scmae_mainline_v2_2,dataset_protocol_unit; seeds and variants are repeated conditions,10,latent_C_exactzero|latent_GW_frozen|latent_candidate_spectral|scmae_only|v18_full|v18_leiden|v18_mask04|v18_no_recurrence|v18_no_stability|v18_shuffled_E0,V18
10,local__banknote_authentication,0,v18_scmae_mainline_v2_2; nan_to_num_then_column_standard_scaler,9,active ARI; V18 also publishes all-row ARI and Leiden readout,0,10,123|42|7,V18/scmae_mainline_v2_2,dataset_protocol_unit; seeds and variants are repeated conditions,10,latent_C_exactzero|latent_GW_frozen|latent_candidate_spectral|scmae_only|v18_full|v18_leiden|v18_mask04|v18_no_recurrence|v18_no_stability|v18_shuffled_E0,V18
10,local__birds_bones_and_living_habits,0,v18_scmae_mainline_v2_2; nan_to_num_then_column_standard_scaler,9,active ARI; V18 also publishes all-row ARI and Leiden readout,0,10,123|42|7,V18/scmae_mainline_v2_2,dataset_protocol_unit; seeds and variants are repeated conditions,10,latent_C_exactzero|latent_GW_frozen|latent_candidate_spectral|scmae_only|v18_full|v18_leiden|v18_mask04|v18_no_recurrence|v18_no_stability|v18_shuffled_E0,V18
10,local__blood_transfusion_service_center,0,v18_scmae_mainline_v2_2; nan_to_num_then_column_standard_scaler,9,active ARI; V18 also publishes all-row ARI and Leiden readout,0,10,123|42|7,V18/scmae_mainline_v2_2,dataset_protocol_unit; seeds and variants are repeated conditions,10,latent_C_exactzero|latent_GW_frozen|latent_candidate_spectral|scmae_only|v18_full|v18_leiden|v18_mask04|v18_no_recurrence|v18_no_stability|v18_shuffled_E0,V18
10,local__boston,0,v18_scmae_mainline_v2_2; nan_to_num_then_column_standard_scaler,9,active ARI; V18 also publishes all-row ARI and Leiden readout,0,10,123|42|7,V18/scmae_mainline_v2_2,dataset_protocol_unit; seeds and variants are repeated conditions,10,latent_C_exactzero|latent_GW_frozen|latent_candidate_spectral|scmae_only|v18_full|v18_leiden|v18_mask04|v18_no_recurrence|v18_no_stability|v18_shuffled_E0,V18
10,local__breast_cancer_coimbra,0,v18_scmae_mainline_v2_2; nan_to_num_then_column_standard_scaler,9,active ARI; V18 also publishes all-row ARI and Leiden readout,0,10,123|42|7,V18/scmae_mainline_v2_2,dataset_protocol_unit; seeds and variants are repeated conditions,10,latent_C_exactzero|latent_GW_frozen|latent_candidate_spectral|scmae_only|v18_full|v18_leiden|v18_mask04|v18_no_recurrence|v18_no_stability|v18_shuffled_E0,V18
10,local__breast_cancer_wisconsin_original,0,v18_scmae_mainline_v2_2; nan_to_num_then_column_standard_scaler,9,active ARI; V18 also publishes all-row ARI and Leiden readout,0,10,123|42|7,V18/scmae_mainline_v2_2,dataset_protocol_unit; seeds and variants are repeated conditions,10,latent_C_exactzero|latent_GW_frozen|latent_candidate_spectral|scmae_only|v18_full|v18_leiden|v18_mask04|v18_no_recurrence|v18_no_stability|v18_shuffled_E0,V18
10,local__breast_cancer_wisconsin_prognostic,0,v18_scmae_mainline_v2_2; nan_to_num_then_column_standard_scaler,9,active ARI; V18 also publishes all-row ARI and Leiden readout,0,10,123|42|7,V18/scmae_mainline_v2_2,dataset_protocol_unit; seeds and variants are repeated conditions,10,latent_C_exactzero|latent_GW_frozen|latent_candidate_spectral|scmae_only|v18_full|v18_leiden|v18_mask04|v18_no_recurrence|v18_no_stability|v18_shuffled_E0,V18
10,local__breast_tissue,0,v18_scmae_mainline_v2_2; nan_to_num_then_column_standard_scaler,9,active ARI; V18 also publishes all-row ARI and Leiden readout,0,10,123|42|7,V18/scmae_mainline_v2_2,dataset_protocol_unit; seeds and variants are repeated conditions,10,latent_C_exactzero|latent_GW_frozen|latent_candidate_spectral|scmae_only|v18_full|v18_leiden|v18_mask04|v18_no_recurrence|v18_no_stability|v18_shuffled_E0,V18
10,local__cardiovascular_study,0,v18_scmae_mainline_v2_2; nan_to_num_then_column_standard_scaler,9,active ARI; V18 also publishes all-row ARI and Leiden readout,0,10,123|42|7,V18/scmae_mainline_v2_2,dataset_protocol_unit; seeds and variants are repeated conditions,10,latent_C_exactzero|latent_GW_frozen|latent_candidate_spectral|scmae_only|v18_full|v18_leiden|v18_mask04|v18_no_recurrence|v18_no_stability|v18_shuffled_E0,V18
10,local__cifar10,0,v18_scmae_mainline_v2_2; nan_to_num_then_column_standard_scaler,9,active ARI; V18 also publishes all-row ARI and Leiden readout,0,10,123|42|7,V18/scmae_mainline_v2_2,dataset_protocol_unit; seeds and variants are repeated conditions,10,latent_C_exactzero|latent_GW_frozen|latent_candidate_spectral|scmae_only|v18_full|v18_leiden|v18_mask04|v18_no_recurrence|v18_no_stability|v18_shuffled_E0,V18
10,local__cifar10_clip,0,v18_scmae_mainline_v2_2; nan_to_num_then_column_standard_scaler,9,active ARI; V18 also publishes all-row ARI and Leiden readout,0,10,123|42|7,V18/scmae_mainline_v2_2,dataset_protocol_unit; seeds and variants are repeated conditions,10,latent_C_exactzero|latent_GW_frozen|latent_candidate_spectral|scmae_only|v18_full|v18_leiden|v18_mask04|v18_no_recurrence|v18_no_stability|v18_shuffled_E0,V18
10,local__classification_in_asteroseismology,0,v18_scmae_mainline_v2_2; nan_to_num_then_column_standard_scaler,9,active ARI; V18 also publishes all-row ARI and Leiden readout,0,10,123|42|7,V18/scmae_mainline_v2_2,dataset_protocol_unit; seeds and variants are repeated conditions,10,latent_C_exactzero|latent_GW_frozen|latent_candidate_spectral|scmae_only|v18_full|v18_leiden|v18_mask04|v18_no_recurrence|v18_no_stability|v18_shuffled_E0,V18
10,local__cnae9,0,v18_scmae_mainline_v2_2; nan_to_num_then_column_standard_scaler,9,active ARI; V18 also publishes all-row ARI and Leiden readout,0,10,123|42|7,V18/scmae_mainline_v2_2,dataset_protocol_unit; seeds and variants are repeated conditions,10,latent_C_exactzero|latent_GW_frozen|latent_candidate_spectral|scmae_only|v18_full|v18_leiden|v18_mask04|v18_no_recurrence|v18_no_stability|v18_shuffled_E0,V18
10,local__coil20,0,v18_scmae_mainline_v2_2; nan_to_num_then_column_standard_scaler,9,active ARI; V18 also publishes all-row ARI and Leiden readout,0,10,123|42|7,V18/scmae_mainline_v2_2,dataset_protocol_unit; seeds and variants are repeated conditions,10,latent_C_exactzero|latent_GW_frozen|latent_candidate_spectral|scmae_only|v18_full|v18_leiden|v18_mask04|v18_no_recurrence|v18_no_stability|v18_shuffled_E0,V18
10,local__coil20_clip,0,v18_scmae_mainline_v2_2; nan_to_num_then_column_standard_scaler,8,active ARI; V18 also publishes all-row ARI and Leiden readout,0,10,123|42|7,V18/scmae_mainline_v2_2,dataset_protocol_unit; seeds and variants are repeated conditions,10,latent_C_exactzero|latent_GW_frozen|latent_candidate_spectral|scmae_only|v18_full|v18_leiden|v18_mask04|v18_no_recurrence|v18_no_stability|v18_shuffled_E0,V18
10,local__credit_risk_classification,0,v18_scmae_mainline_v2_2; nan_to_num_then_column_standard_scaler,9,active ARI; V18 also publishes all-row ARI and Leiden readout,0,10,123|42|7,V18/scmae_mainline_v2_2,dataset_protocol_unit; seeds and variants are repeated conditions,10,latent_C_exactzero|latent_GW_frozen|latent_candidate_spectral|scmae_only|v18_full|v18_leiden|v18_mask04|v18_no_recurrence|v18_no_stability|v18_shuffled_E0,V18
10,local__crowdsourced_mapping,0,v18_scmae_mainline_v2_2; nan_to_num_then_column_standard_scaler,9,active ARI; V18 also publishes all-row ARI and Leiden readout,0,10,123|42|7,V18/scmae_mainline_v2_2,dataset_protocol_unit; seeds and variants are repeated conditions,10,latent_C_exactzero|latent_GW_frozen|latent_candidate_spectral|scmae_only|v18_full|v18_leiden|v18_mask04|v18_no_recurrence|v18_no_stability|v18_shuffled_E0,V18
10,local__customer_classification,0,v18_scmae_mainline_v2_2; nan_to_num_then_column_standard_scaler,9,active ARI; V18 also publishes all-row ARI and Leiden readout,0,10,123|42|7,V18/scmae_mainline_v2_2,dataset_protocol_unit; seeds and variants are repeated conditions,10,latent_C_exactzero|latent_GW_frozen|latent_candidate_spectral|scmae_only|v18_full|v18_leiden|v18_mask04|v18_no_recurrence|v18_no_stability|v18_shuffled_E0,V18
10,local__date_fruit,0,v18_scmae_mainline_v2_2; nan_to_num_then_column_standard_scaler,9,active ARI; V18 also publishes all-row ARI and Leiden readout,0,10,123|42|7,V18/scmae_mainline_v2_2,dataset_protocol_unit; seeds and variants are repeated conditions,10,latent_C_exactzero|latent_GW_frozen|latent_candidate_spectral|scmae_only|v18_full|v18_leiden|v18_mask04|v18_no_recurrence|v18_no_stability|v18_shuffled_E0,V18
10,local__dermatology,0,v18_scmae_mainline_v2_2; nan_to_num_then_column_standard_scaler,9,active ARI; V18 also publishes all-row ARI and Leiden readout,0,10,123|42|7,V18/scmae_mainline_v2_2,dataset_protocol_unit; seeds and variants are repeated conditions,10,latent_C_exactzero|latent_GW_frozen|latent_candidate_spectral|scmae_only|v18_full|v18_leiden|v18_mask04|v18_no_recurrence|v18_no_stability|v18_shuffled_E0,V18
10,local__diabetic_retinopathy_debrecen,0,v18_scmae_mainline_v2_2; nan_to_num_then_column_standard_scaler,9,active ARI; V18 also publishes all-row ARI and Leiden readout,0,10,123|42|7,V18/scmae_mainline_v2_2,dataset_protocol_unit; seeds and variants are repeated conditions,10,latent_C_exactzero|latent_GW_frozen|latent_candidate_spectral|scmae_only|v18_full|v18_leiden|v18_mask04|v18_no_recurrence|v18_no_stability|v18_shuffled_E0,V18
10,local__dilbert,0,v18_scmae_mainline_v2_2; nan_to_num_then_column_standard_scaler,9,active ARI; V18 also publishes all-row ARI and Leiden readout,0,10,123|42|7,V18/scmae_mainline_v2_2,dataset_protocol_unit; seeds and variants are repeated conditions,10,latent_C_exactzero|latent_GW_frozen|latent_candidate_spectral|scmae_only|v18_full|v18_leiden|v18_mask04|v18_no_recurrence|v18_no_stability|v18_shuffled_E0,V18
10,local__drug_consumption,0,v18_scmae_mainline_v2_2; nan_to_num_then_column_standard_scaler,9,active ARI; V18 also publishes all-row ARI and Leiden readout,0,10,123|42|7,V18/scmae_mainline_v2_2,dataset_protocol_unit; seeds and variants are repeated conditions,10,latent_C_exactzero|latent_GW_frozen|latent_candidate_spectral|scmae_only|v18_full|v18_leiden|v18_mask04|v18_no_recurrence|v18_no_stability|v18_shuffled_E0,V18
10,local__dry_bean,0,v18_scmae_mainline_v2_2; nan_to_num_then_column_standard_scaler,9,active ARI; V18 also publishes all-row ARI and Leiden readout,0,10,123|42|7,V18/scmae_mainline_v2_2,dataset_protocol_unit; seeds and variants are repeated conditions,10,latent_C_exactzero|latent_GW_frozen|latent_candidate_spectral|scmae_only|v18_full|v18_leiden|v18_mask04|v18_no_recurrence|v18_no_stability|v18_shuffled_E0,V18
10,local__durum_wheat_features,0,v18_scmae_mainline_v2_2; nan_to_num_then_column_standard_scaler,9,active ARI; V18 also publishes all-row ARI and Leiden readout,0,10,123|42|7,V18/scmae_mainline_v2_2,dataset_protocol_unit; seeds and variants are repeated conditions,10,latent_C_exactzero|latent_GW_frozen|latent_candidate_spectral|scmae_only|v18_full|v18_leiden|v18_mask04|v18_no_recurrence|v18_no_stability|v18_shuffled_E0,V18
10,local__ecoli,0,v18_scmae_mainline_v2_2; nan_to_num_then_column_standard_scaler,9,active ARI; V18 also publishes all-row ARI and Leiden readout,0,10,123|42|7,V18/scmae_mainline_v2_2,dataset_protocol_unit; seeds and variants are repeated conditions,10,latent_C_exactzero|latent_GW_frozen|latent_candidate_spectral|scmae_only|v18_full|v18_leiden|v18_mask04|v18_no_recurrence|v18_no_stability|v18_shuffled_E0,V18
10,local__enron,0,v18_scmae_mainline_v2_2; nan_to_num_then_column_standard_scaler,9,active ARI; V18 also publishes all-row ARI and Leiden readout,0,10,123|42|7,V18/scmae_mainline_v2_2,dataset_protocol_unit; seeds and variants are repeated conditions,10,latent_C_exactzero|latent_GW_frozen|latent_candidate_spectral|scmae_only|v18_full|v18_leiden|v18_mask04|v18_no_recurrence|v18_no_stability|v18_shuffled_E0,V18
10,local__epileptic_seizure_recognition,0,v18_scmae_mainline_v2_2; nan_to_num_then_column_standard_scaler,9,active ARI; V18 also publishes all-row ARI and Leiden readout,0,10,123|42|7,V18/scmae_mainline_v2_2,dataset_protocol_unit; seeds and variants are repeated conditions,10,latent_C_exactzero|latent_GW_frozen|latent_candidate_spectral|scmae_only|v18_full|v18_leiden|v18_mask04|v18_no_recurrence|v18_no_stability|v18_shuffled_E0,V18
10,local__extyaleb,0,v18_scmae_mainline_v2_2; nan_to_num_then_column_standard_scaler,9,active ARI; V18 also publishes all-row ARI and Leiden readout,0,10,123|42|7,V18/scmae_mainline_v2_2,dataset_protocol_unit; seeds and variants are repeated conditions,10,latent_C_exactzero|latent_GW_frozen|latent_candidate_spectral|scmae_only|v18_full|v18_leiden|v18_mask04|v18_no_recurrence|v18_no_stability|v18_shuffled_E0,V18
10,local__fabert,0,v18_scmae_mainline_v2_2; nan_to_num_then_column_standard_scaler,9,active ARI; V18 also publishes all-row ARI and Leiden readout,0,10,123|42|7,V18/scmae_mainline_v2_2,dataset_protocol_unit; seeds and variants are repeated conditions,10,latent_C_exactzero|latent_GW_frozen|latent_candidate_spectral|scmae_only|v18_full|v18_leiden|v18_mask04|v18_no_recurrence|v18_no_stability|v18_shuffled_E0,V18
10,local__fashion_mnist,0,v18_scmae_mainline_v2_2; nan_to_num_then_column_standard_scaler,9,active ARI; V18 also publishes all-row ARI and Leiden readout,0,10,123|42|7,V18/scmae_mainline_v2_2,dataset_protocol_unit; seeds and variants are repeated conditions,10,latent_C_exactzero|latent_GW_frozen|latent_candidate_spectral|scmae_only|v18_full|v18_leiden|v18_mask04|v18_no_recurrence|v18_no_stability|v18_shuffled_E0,V18
10,local__fashionmnist_clip,0,v18_scmae_mainline_v2_2; nan_to_num_then_column_standard_scaler,9,active ARI; V18 also publishes all-row ARI and Leiden readout,0,10,123|42|7,V18/scmae_mainline_v2_2,dataset_protocol_unit; seeds and variants are repeated conditions,10,latent_C_exactzero|latent_GW_frozen|latent_candidate_spectral|scmae_only|v18_full|v18_leiden|v18_mask04|v18_no_recurrence|v18_no_stability|v18_shuffled_E0,V18
10,local__fbis_wc,0,v18_scmae_mainline_v2_2; nan_to_num_then_column_standard_scaler,9,active ARI; V18 also publishes all-row ARI and Leiden readout,0,10,123|42|7,V18/scmae_mainline_v2_2,dataset_protocol_unit; seeds and variants are repeated conditions,10,latent_C_exactzero|latent_GW_frozen|latent_candidate_spectral|scmae_only|v18_full|v18_leiden|v18_mask04|v18_no_recurrence|v18_no_stability|v18_shuffled_E0,V18
10,local__fetal_health_classification,0,v18_scmae_mainline_v2_2; nan_to_num_then_column_standard_scaler,9,active ARI; V18 also publishes all-row ARI and Leiden readout,0,10,123|42|7,V18/scmae_mainline_v2_2,dataset_protocol_unit; seeds and variants are repeated conditions,10,latent_C_exactzero|latent_GW_frozen|latent_candidate_spectral|scmae_only|v18_full|v18_leiden|v18_mask04|v18_no_recurrence|v18_no_stability|v18_shuffled_E0,V18
10,local__first_order_theorem_proving,0,v18_scmae_mainline_v2_2; nan_to_num_then_column_standard_scaler,9,active ARI; V18 also publishes all-row ARI and Leiden readout,0,10,123|42|7,V18/scmae_mainline_v2_2,dataset_protocol_unit; seeds and variants are repeated conditions,10,latent_C_exactzero|latent_GW_frozen|latent_candidate_spectral|scmae_only|v18_full|v18_leiden|v18_mask04|v18_no_recurrence|v18_no_stability|v18_shuffled_E0,V18
10,local__flickr_material_database,0,v18_scmae_mainline_v2_2; nan_to_num_then_column_standard_scaler,9,active ARI; V18 also publishes all-row ARI and Leiden readout,0,10,123|42|7,V18/scmae_mainline_v2_2,dataset_protocol_unit; seeds and variants are repeated conditions,10,latent_C_exactzero|latent_GW_frozen|latent_candidate_spectral|scmae_only|v18_full|v18_leiden|v18_mask04|v18_no_recurrence|v18_no_stability|v18_shuffled_E0,V18
10,local__fraud_detection_bank,0,v18_scmae_mainline_v2_2; nan_to_num_then_column_standard_scaler,9,active ARI; V18 also publishes all-row ARI and Leiden readout,0,10,123|42|7,V18/scmae_mainline_v2_2,dataset_protocol_unit; seeds and variants are repeated conditions,10,latent_C_exactzero|latent_GW_frozen|latent_candidate_spectral|scmae_only|v18_full|v18_leiden|v18_mask04|v18_no_recurrence|v18_no_stability|v18_shuffled_E0,V18
10,local__gas_drift,0,v18_scmae_mainline_v2_2; nan_to_num_then_column_standard_scaler,9,active ARI; V18 also publishes all-row ARI and Leiden readout,0,10,123|42|7,V18/scmae_mainline_v2_2,dataset_protocol_unit; seeds and variants are repeated conditions,10,latent_C_exactzero|latent_GW_frozen|latent_candidate_spectral|scmae_only|v18_full|v18_leiden|v18_mask04|v18_no_recurrence|v18_no_stability|v18_shuffled_E0,V18
10,local__gina_prior2,0,v18_scmae_mainline_v2_2; nan_to_num_then_column_standard_scaler,9,active ARI; V18 also publishes all-row ARI and Leiden readout,0,10,123|42|7,V18/scmae_mainline_v2_2,dataset_protocol_unit; seeds and variants are repeated conditions,10,latent_C_exactzero|latent_GW_frozen|latent_candidate_spectral|scmae_only|v18_full|v18_leiden|v18_mask04|v18_no_recurrence|v18_no_stability|v18_shuffled_E0,V18
10,local__glass_identification,0,v18_scmae_mainline_v2_2; nan_to_num_then_column_standard_scaler,9,active ARI; V18 also publishes all-row ARI and Leiden readout,0,10,123|42|7,V18/scmae_mainline_v2_2,dataset_protocol_unit; seeds and variants are repeated conditions,10,latent_C_exactzero|latent_GW_frozen|latent_candidate_spectral|scmae_only|v18_full|v18_leiden|v18_mask04|v18_no_recurrence|v18_no_stability|v18_shuffled_E0,V18
10,local__har,0,v18_scmae_mainline_v2_2; nan_to_num_then_column_standard_scaler,9,active ARI; V18 also publishes all-row ARI and Leiden readout,0,10,123|42|7,V18/scmae_mainline_v2_2,dataset_protocol_unit; seeds and variants are repeated conditions,10,latent_C_exactzero|latent_GW_frozen|latent_candidate_spectral|scmae_only|v18_full|v18_leiden|v18_mask04|v18_no_recurrence|v18_no_stability|v18_shuffled_E0,V18
10,local__harbermans_survival,0,v18_scmae_mainline_v2_2; nan_to_num_then_column_standard_scaler,9,active ARI; V18 also publishes all-row ARI and Leiden readout,0,10,123|42|7,V18/scmae_mainline_v2_2,dataset_protocol_unit; seeds and variants are repeated conditions,10,latent_C_exactzero|latent_GW_frozen|latent_candidate_spectral|scmae_only|v18_full|v18_leiden|v18_mask04|v18_no_recurrence|v18_no_stability|v18_shuffled_E0,V18
10,local__hate_speech,0,v18_scmae_mainline_v2_2; nan_to_num_then_column_standard_scaler,9,active ARI; V18 also publishes all-row ARI and Leiden readout,0,10,123|42|7,V18/scmae_mainline_v2_2,dataset_protocol_unit; seeds and variants are repeated conditions,10,latent_C_exactzero|latent_GW_frozen|latent_candidate_spectral|scmae_only|v18_full|v18_leiden|v18_mask04|v18_no_recurrence|v18_no_stability|v18_shuffled_E0,V18
10,local__heart_attack_analysis_prediction_dataset,0,v18_scmae_mainline_v2_2; nan_to_num_then_column_standard_scaler,9,active ARI; V18 also publishes all-row ARI and Leiden readout,0,10,123|42|7,V18/scmae_mainline_v2_2,dataset_protocol_unit; seeds and variants are repeated conditions,10,latent_C_exactzero|latent_GW_frozen|latent_candidate_spectral|scmae_only|v18_full|v18_leiden|v18_mask04|v18_no_recurrence|v18_no_stability|v18_shuffled_E0,V18
10,local__heart_disease,0,v18_scmae_mainline_v2_2; nan_to_num_then_column_standard_scaler,9,active ARI; V18 also publishes all-row ARI and Leiden readout,0,10,123|42|7,V18/scmae_mainline_v2_2,dataset_protocol_unit; seeds and variants are repeated conditions,10,latent_C_exactzero|latent_GW_frozen|latent_candidate_spectral|scmae_only|v18_full|v18_leiden|v18_mask04|v18_no_recurrence|v18_no_stability|v18_shuffled_E0,V18
10,local__htru2,0,v18_scmae_mainline_v2_2; nan_to_num_then_column_standard_scaler,9,active ARI; V18 also publishes all-row ARI and Leiden readout,0,10,123|42|7,V18/scmae_mainline_v2_2,dataset_protocol_unit; seeds and variants are repeated conditions,10,latent_C_exactzero|latent_GW_frozen|latent_candidate_spectral|scmae_only|v18_full|v18_leiden|v18_mask04|v18_no_recurrence|v18_no_stability|v18_shuffled_E0,V18
10,local__human_stress_detection,0,v18_scmae_mainline_v2_2; nan_to_num_then_column_standard_scaler,9,active ARI; V18 also publishes all-row ARI and Leiden readout,0,10,123|42|7,V18/scmae_mainline_v2_2,dataset_protocol_unit; seeds and variants are repeated conditions,10,latent_C_exactzero|latent_GW_frozen|latent_candidate_spectral|scmae_only|v18_full|v18_leiden|v18_mask04|v18_no_recurrence|v18_no_stability|v18_shuffled_E0,V18
10,local__image_segmentation,0,v18_scmae_mainline_v2_2; nan_to_num_then_column_standard_scaler,9,active ARI; V18 also publishes all-row ARI and Leiden readout,0,10,123|42|7,V18/scmae_mainline_v2_2,dataset_protocol_unit; seeds and variants are repeated conditions,10,latent_C_exactzero|latent_GW_frozen|latent_candidate_spectral|scmae_only|v18_full|v18_leiden|v18_mask04|v18_no_recurrence|v18_no_stability|v18_shuffled_E0,V18
10,local__imdb,0,v18_scmae_mainline_v2_2; nan_to_num_then_column_standard_scaler,9,active ARI; V18 also publishes all-row ARI and Leiden readout,0,10,123|42|7,V18/scmae_mainline_v2_2,dataset_protocol_unit; seeds and variants are repeated conditions,10,latent_C_exactzero|latent_GW_frozen|latent_candidate_spectral|scmae_only|v18_full|v18_leiden|v18_mask04|v18_no_recurrence|v18_no_stability|v18_shuffled_E0,V18
10,local__indian_pines,0,v18_scmae_mainline_v2_2; nan_to_num_then_column_standard_scaler,9,active ARI; V18 also publishes all-row ARI and Leiden readout,0,10,123|42|7,V18/scmae_mainline_v2_2,dataset_protocol_unit; seeds and variants are repeated conditions,10,latent_C_exactzero|latent_GW_frozen|latent_candidate_spectral|scmae_only|v18_full|v18_leiden|v18_mask04|v18_no_recurrence|v18_no_stability|v18_shuffled_E0,V18
10,local__insurance_company_benchmark,0,v18_scmae_mainline_v2_2; nan_to_num_then_column_standard_scaler,9,active ARI; V18 also publishes all-row ARI and Leiden readout,0,10,123|42|7,V18/scmae_mainline_v2_2,dataset_protocol_unit; seeds and variants are repeated conditions,10,latent_C_exactzero|latent_GW_frozen|latent_candidate_spectral|scmae_only|v18_full|v18_leiden|v18_mask04|v18_no_recurrence|v18_no_stability|v18_shuffled_E0,V18
10,local__ionosphere,0,v18_scmae_mainline_v2_2; nan_to_num_then_column_standard_scaler,9,active ARI; V18 also publishes all-row ARI and Leiden readout,0,10,123|42|7,V18/scmae_mainline_v2_2,dataset_protocol_unit; seeds and variants are repeated conditions,10,latent_C_exactzero|latent_GW_frozen|latent_candidate_spectral|scmae_only|v18_full|v18_leiden|v18_mask04|v18_no_recurrence|v18_no_stability|v18_shuffled_E0,V18
10,local__iris,0,v18_scmae_mainline_v2_2; nan_to_num_then_column_standard_scaler,9,active ARI; V18 also publishes all-row ARI and Leiden readout,0,10,123|42|7,V18/scmae_mainline_v2_2,dataset_protocol_unit; seeds and variants are repeated conditions,10,latent_C_exactzero|latent_GW_frozen|latent_candidate_spectral|scmae_only|v18_full|v18_leiden|v18_mask04|v18_no_recurrence|v18_no_stability|v18_shuffled_E0,V18
10,local__isolet,0,v18_scmae_mainline_v2_2; nan_to_num_then_column_standard_scaler,9,active ARI; V18 also publishes all-row ARI and Leiden readout,0,10,123|42|7,V18/scmae_mainline_v2_2,dataset_protocol_unit; seeds and variants are repeated conditions,10,latent_C_exactzero|latent_GW_frozen|latent_candidate_spectral|scmae_only|v18_full|v18_leiden|v18_mask04|v18_no_recurrence|v18_no_stability|v18_shuffled_E0,V18
10,local__japanesevowels,0,v18_scmae_mainline_v2_2; nan_to_num_then_column_standard_scaler,9,active ARI; V18 also publishes all-row ARI and Leiden readout,0,10,123|42|7,V18/scmae_mainline_v2_2,dataset_protocol_unit; seeds and variants are repeated conditions,10,latent_C_exactzero|latent_GW_frozen|latent_candidate_spectral|scmae_only|v18_full|v18_leiden|v18_mask04|v18_no_recurrence|v18_no_stability|v18_shuffled_E0,V18
10,local__labeled_faces_in_the_wild,0,v18_scmae_mainline_v2_2; nan_to_num_then_column_standard_scaler,9,active ARI; V18 also publishes all-row ARI and Leiden readout,0,10,123|42|7,V18/scmae_mainline_v2_2,dataset_protocol_unit; seeds and variants are repeated conditions,10,latent_C_exactzero|latent_GW_frozen|latent_candidate_spectral|scmae_only|v18_full|v18_leiden|v18_mask04|v18_no_recurrence|v18_no_stability|v18_shuffled_E0,V18
10,local__letter_recognition,0,v18_scmae_mainline_v2_2; nan_to_num_then_column_standard_scaler,9,active ARI; V18 also publishes all-row ARI and Leiden readout,0,10,123|42|7,V18/scmae_mainline_v2_2,dataset_protocol_unit; seeds and variants are repeated conditions,10,latent_C_exactzero|latent_GW_frozen|latent_candidate_spectral|scmae_only|v18_full|v18_leiden|v18_mask04|v18_no_recurrence|v18_no_stability|v18_shuffled_E0,V18
10,local__magic_gamma_telescope,0,v18_scmae_mainline_v2_2; nan_to_num_then_column_standard_scaler,9,active ARI; V18 also publishes all-row ARI and Leiden readout,0,10,123|42|7,V18/scmae_mainline_v2_2,dataset_protocol_unit; seeds and variants are repeated conditions,10,latent_C_exactzero|latent_GW_frozen|latent_candidate_spectral|scmae_only|v18_full|v18_leiden|v18_mask04|v18_no_recurrence|v18_no_stability|v18_shuffled_E0,V18
10,local__mammographic_mass,0,v18_scmae_mainline_v2_2; nan_to_num_then_column_standard_scaler,9,active ARI; V18 also publishes all-row ARI and Leiden readout,0,10,123|42|7,V18/scmae_mainline_v2_2,dataset_protocol_unit; seeds and variants are repeated conditions,10,latent_C_exactzero|latent_GW_frozen|latent_candidate_spectral|scmae_only|v18_full|v18_leiden|v18_mask04|v18_no_recurrence|v18_no_stability|v18_shuffled_E0,V18
10,local__mfeat_factors,0,v18_scmae_mainline_v2_2; nan_to_num_then_column_standard_scaler,9,active ARI; V18 also publishes all-row ARI and Leiden readout,0,10,123|42|7,V18/scmae_mainline_v2_2,dataset_protocol_unit; seeds and variants are repeated conditions,10,latent_C_exactzero|latent_GW_frozen|latent_candidate_spectral|scmae_only|v18_full|v18_leiden|v18_mask04|v18_no_recurrence|v18_no_stability|v18_shuffled_E0,V18
10,local__mfeat_fourier,0,v18_scmae_mainline_v2_2; nan_to_num_then_column_standard_scaler,9,active ARI; V18 also publishes all-row ARI and Leiden readout,0,10,123|42|7,V18/scmae_mainline_v2_2,dataset_protocol_unit; seeds and variants are repeated conditions,10,latent_C_exactzero|latent_GW_frozen|latent_candidate_spectral|scmae_only|v18_full|v18_leiden|v18_mask04|v18_no_recurrence|v18_no_stability|v18_shuffled_E0,V18
10,local__mfeat_karhunen,0,v18_scmae_mainline_v2_2; nan_to_num_then_column_standard_scaler,9,active ARI; V18 also publishes all-row ARI and Leiden readout,0,10,123|42|7,V18/scmae_mainline_v2_2,dataset_protocol_unit; seeds and variants are repeated conditions,10,latent_C_exactzero|latent_GW_frozen|latent_candidate_spectral|scmae_only|v18_full|v18_leiden|v18_mask04|v18_no_recurrence|v18_no_stability|v18_shuffled_E0,V18
10,local__mfeat_morphological,0,v18_scmae_mainline_v2_2; nan_to_num_then_column_standard_scaler,9,active ARI; V18 also publishes all-row ARI and Leiden readout,0,10,123|42|7,V18/scmae_mainline_v2_2,dataset_protocol_unit; seeds and variants are repeated conditions,10,latent_C_exactzero|latent_GW_frozen|latent_candidate_spectral|scmae_only|v18_full|v18_leiden|v18_mask04|v18_no_recurrence|v18_no_stability|v18_shuffled_E0,V18
10,local__micro_mass,0,v18_scmae_mainline_v2_2; nan_to_num_then_column_standard_scaler,8,active ARI; V18 also publishes all-row ARI and Leiden readout,0,10,123|42|7,V18/scmae_mainline_v2_2,dataset_protocol_unit; seeds and variants are repeated conditions,10,latent_C_exactzero|latent_GW_frozen|latent_candidate_spectral|scmae_only|v18_full|v18_leiden|v18_mask04|v18_no_recurrence|v18_no_stability|v18_shuffled_E0,V18
10,local__microbes,0,v18_scmae_mainline_v2_2; nan_to_num_then_column_standard_scaler,9,active ARI; V18 also publishes all-row ARI and Leiden readout,0,10,123|42|7,V18/scmae_mainline_v2_2,dataset_protocol_unit; seeds and variants are repeated conditions,10,latent_C_exactzero|latent_GW_frozen|latent_candidate_spectral|scmae_only|v18_full|v18_leiden|v18_mask04|v18_no_recurrence|v18_no_stability|v18_shuffled_E0,V18
10,local__mnist64,0,v18_scmae_mainline_v2_2; nan_to_num_then_column_standard_scaler,9,active ARI; V18 also publishes all-row ARI and Leiden readout,0,10,123|42|7,V18/scmae_mainline_v2_2,dataset_protocol_unit; seeds and variants are repeated conditions,10,latent_C_exactzero|latent_GW_frozen|latent_candidate_spectral|scmae_only|v18_full|v18_leiden|v18_mask04|v18_no_recurrence|v18_no_stability|v18_shuffled_E0,V18
10,local__mnist_clip,0,v18_scmae_mainline_v2_2; nan_to_num_then_column_standard_scaler,9,active ARI; V18 also publishes all-row ARI and Leiden readout,0,10,123|42|7,V18/scmae_mainline_v2_2,dataset_protocol_unit; seeds and variants are repeated conditions,10,latent_C_exactzero|latent_GW_frozen|latent_candidate_spectral|scmae_only|v18_full|v18_leiden|v18_mask04|v18_no_recurrence|v18_no_stability|v18_shuffled_E0,V18
10,local__mobile_price_classification,0,v18_scmae_mainline_v2_2; nan_to_num_then_column_standard_scaler,9,active ARI; V18 also publishes all-row ARI and Leiden readout,0,10,123|42|7,V18/scmae_mainline_v2_2,dataset_protocol_unit; seeds and variants are repeated conditions,10,latent_C_exactzero|latent_GW_frozen|latent_candidate_spectral|scmae_only|v18_full|v18_leiden|v18_mask04|v18_no_recurrence|v18_no_stability|v18_shuffled_E0,V18
10,local__mouse_retina,0,v18_scmae_mainline_v2_2; nan_to_num_then_column_standard_scaler,9,active ARI; V18 also publishes all-row ARI and Leiden readout,0,10,123|42|7,V18/scmae_mainline_v2_2,dataset_protocol_unit; seeds and variants are repeated conditions,10,latent_C_exactzero|latent_GW_frozen|latent_candidate_spectral|scmae_only|v18_full|v18_leiden|v18_mask04|v18_no_recurrence|v18_no_stability|v18_shuffled_E0,V18
10,local__music_genre_classification,0,v18_scmae_mainline_v2_2; nan_to_num_then_column_standard_scaler,9,active ARI; V18 also publishes all-row ARI and Leiden readout,0,10,123|42|7,V18/scmae_mainline_v2_2,dataset_protocol_unit; seeds and variants are repeated conditions,10,latent_C_exactzero|latent_GW_frozen|latent_candidate_spectral|scmae_only|v18_full|v18_leiden|v18_mask04|v18_no_recurrence|v18_no_stability|v18_shuffled_E0,V18
10,local__olivetti_faces,0,v18_scmae_mainline_v2_2; nan_to_num_then_column_standard_scaler,9,active ARI; V18 also publishes all-row ARI and Leiden readout,0,10,123|42|7,V18/scmae_mainline_v2_2,dataset_protocol_unit; seeds and variants are repeated conditions,10,latent_C_exactzero|latent_GW_frozen|latent_candidate_spectral|scmae_only|v18_full|v18_leiden|v18_mask04|v18_no_recurrence|v18_no_stability|v18_shuffled_E0,V18
10,local__optical_recognition_of_handwritten_digits,0,v18_scmae_mainline_v2_2; nan_to_num_then_column_standard_scaler,9,active ARI; V18 also publishes all-row ARI and Leiden readout,0,10,123|42|7,V18/scmae_mainline_v2_2,dataset_protocol_unit; seeds and variants are repeated conditions,10,latent_C_exactzero|latent_GW_frozen|latent_candidate_spectral|scmae_only|v18_full|v18_leiden|v18_mask04|v18_no_recurrence|v18_no_stability|v18_shuffled_E0,V18
10,local__orbit_classification_for_prediction_nasa,0,v18_scmae_mainline_v2_2; nan_to_num_then_column_standard_scaler,9,active ARI; V18 also publishes all-row ARI and Leiden readout,0,10,123|42|7,V18/scmae_mainline_v2_2,dataset_protocol_unit; seeds and variants are repeated conditions,10,latent_C_exactzero|latent_GW_frozen|latent_candidate_spectral|scmae_only|v18_full|v18_leiden|v18_mask04|v18_no_recurrence|v18_no_stability|v18_shuffled_E0,V18
10,local__paris_housing_classification,0,v18_scmae_mainline_v2_2; nan_to_num_then_column_standard_scaler,9,active ARI; V18 also publishes all-row ARI and Leiden readout,0,10,123|42|7,V18/scmae_mainline_v2_2,dataset_protocol_unit; seeds and variants are repeated conditions,10,latent_C_exactzero|latent_GW_frozen|latent_candidate_spectral|scmae_only|v18_full|v18_leiden|v18_mask04|v18_no_recurrence|v18_no_stability|v18_shuffled_E0,V18
10,local__parkinsons,0,v18_scmae_mainline_v2_2; nan_to_num_then_column_standard_scaler,9,active ARI; V18 also publishes all-row ARI and Leiden readout,0,10,123|42|7,V18/scmae_mainline_v2_2,dataset_protocol_unit; seeds and variants are repeated conditions,10,latent_C_exactzero|latent_GW_frozen|latent_candidate_spectral|scmae_only|v18_full|v18_leiden|v18_mask04|v18_no_recurrence|v18_no_stability|v18_shuffled_E0,V18
10,local__patient_treatment_classification,0,v18_scmae_mainline_v2_2; nan_to_num_then_column_standard_scaler,9,active ARI; V18 also publishes all-row ARI and Leiden readout,0,10,123|42|7,V18/scmae_mainline_v2_2,dataset_protocol_unit; seeds and variants are repeated conditions,10,latent_C_exactzero|latent_GW_frozen|latent_candidate_spectral|scmae_only|v18_full|v18_leiden|v18_mask04|v18_no_recurrence|v18_no_stability|v18_shuffled_E0,V18
10,local__pen_based_recognition_of_handwritten_digits,0,v18_scmae_mainline_v2_2; nan_to_num_then_column_standard_scaler,9,active ARI; V18 also publishes all-row ARI and Leiden readout,0,10,123|42|7,V18/scmae_mainline_v2_2,dataset_protocol_unit; seeds and variants are repeated conditions,10,latent_C_exactzero|latent_GW_frozen|latent_candidate_spectral|scmae_only|v18_full|v18_leiden|v18_mask04|v18_no_recurrence|v18_no_stability|v18_shuffled_E0,V18
10,local__ph_recognition,0,v18_scmae_mainline_v2_2; nan_to_num_then_column_standard_scaler,9,active ARI; V18 also publishes all-row ARI and Leiden readout,0,10,123|42|7,V18/scmae_mainline_v2_2,dataset_protocol_unit; seeds and variants are repeated conditions,10,latent_C_exactzero|latent_GW_frozen|latent_candidate_spectral|scmae_only|v18_full|v18_leiden|v18_mask04|v18_no_recurrence|v18_no_stability|v18_shuffled_E0,V18
10,local__pima_indians_diabetes_database,0,v18_scmae_mainline_v2_2; nan_to_num_then_column_standard_scaler,9,active ARI; V18 also publishes all-row ARI and Leiden readout,0,10,123|42|7,V18/scmae_mainline_v2_2,dataset_protocol_unit; seeds and variants are repeated conditions,10,latent_C_exactzero|latent_GW_frozen|latent_candidate_spectral|scmae_only|v18_full|v18_leiden|v18_mask04|v18_no_recurrence|v18_no_stability|v18_shuffled_E0,V18
10,local__pistachio,0,v18_scmae_mainline_v2_2; nan_to_num_then_column_standard_scaler,9,active ARI; V18 also publishes all-row ARI and Leiden readout,0,10,123|42|7,V18/scmae_mainline_v2_2,dataset_protocol_unit; seeds and variants are repeated conditions,10,latent_C_exactzero|latent_GW_frozen|latent_candidate_spectral|scmae_only|v18_full|v18_leiden|v18_mask04|v18_no_recurrence|v18_no_stability|v18_shuffled_E0,V18
10,local__planning_relax,0,v18_scmae_mainline_v2_2; nan_to_num_then_column_standard_scaler,9,active ARI; V18 also publishes all-row ARI and Leiden readout,0,10,123|42|7,V18/scmae_mainline_v2_2,dataset_protocol_unit; seeds and variants are repeated conditions,10,latent_C_exactzero|latent_GW_frozen|latent_candidate_spectral|scmae_only|v18_full|v18_leiden|v18_mask04|v18_no_recurrence|v18_no_stability|v18_shuffled_E0,V18
10,local__poker_hand,0,v18_scmae_mainline_v2_2; nan_to_num_then_column_standard_scaler,9,active ARI; V18 also publishes all-row ARI and Leiden readout,0,10,123|42|7,V18/scmae_mainline_v2_2,dataset_protocol_unit; seeds and variants are repeated conditions,10,latent_C_exactzero|latent_GW_frozen|latent_candidate_spectral|scmae_only|v18_full|v18_leiden|v18_mask04|v18_no_recurrence|v18_no_stability|v18_shuffled_E0,V18
10,local__predicting_pulsar_star,0,v18_scmae_mainline_v2_2; nan_to_num_then_column_standard_scaler,9,active ARI; V18 also publishes all-row ARI and Leiden readout,0,10,123|42|7,V18/scmae_mainline_v2_2,dataset_protocol_unit; seeds and variants are repeated conditions,10,latent_C_exactzero|latent_GW_frozen|latent_candidate_spectral|scmae_only|v18_full|v18_leiden|v18_mask04|v18_no_recurrence|v18_no_stability|v18_shuffled_E0,V18
10,local__pumpkin_seeds,0,v18_scmae_mainline_v2_2; nan_to_num_then_column_standard_scaler,9,active ARI; V18 also publishes all-row ARI and Leiden readout,0,10,123|42|7,V18/scmae_mainline_v2_2,dataset_protocol_unit; seeds and variants are repeated conditions,10,latent_C_exactzero|latent_GW_frozen|latent_candidate_spectral|scmae_only|v18_full|v18_leiden|v18_mask04|v18_no_recurrence|v18_no_stability|v18_shuffled_E0,V18
10,local__quake_smart_seq2_lung,0,v18_scmae_mainline_v2_2; nan_to_num_then_column_standard_scaler,9,active ARI; V18 also publishes all-row ARI and Leiden readout,0,10,123|42|7,V18/scmae_mainline_v2_2,dataset_protocol_unit; seeds and variants are repeated conditions,10,latent_C_exactzero|latent_GW_frozen|latent_candidate_spectral|scmae_only|v18_full|v18_leiden|v18_mask04|v18_no_recurrence|v18_no_stability|v18_shuffled_E0,V18
10,local__raisin,0,v18_scmae_mainline_v2_2; nan_to_num_then_column_standard_scaler,9,active ARI; V18 also publishes all-row ARI and Leiden readout,0,10,123|42|7,V18/scmae_mainline_v2_2,dataset_protocol_unit; seeds and variants are repeated conditions,10,latent_C_exactzero|latent_GW_frozen|latent_candidate_spectral|scmae_only|v18_full|v18_leiden|v18_mask04|v18_no_recurrence|v18_no_stability|v18_shuffled_E0,V18
10,local__reuters,0,v18_scmae_mainline_v2_2; nan_to_num_then_column_standard_scaler,9,active ARI; V18 also publishes all-row ARI and Leiden readout,0,10,123|42|7,V18/scmae_mainline_v2_2,dataset_protocol_unit; seeds and variants are repeated conditions,10,latent_C_exactzero|latent_GW_frozen|latent_candidate_spectral|scmae_only|v18_full|v18_leiden|v18_mask04|v18_no_recurrence|v18_no_stability|v18_shuffled_E0,V18
10,local__rice_dataset_cammeo_and_osmancik,0,v18_scmae_mainline_v2_2; nan_to_num_then_column_standard_scaler,9,active ARI; V18 also publishes all-row ARI and Leiden readout,0,10,123|42|7,V18/scmae_mainline_v2_2,dataset_protocol_unit; seeds and variants are repeated conditions,10,latent_C_exactzero|latent_GW_frozen|latent_candidate_spectral|scmae_only|v18_full|v18_leiden|v18_mask04|v18_no_recurrence|v18_no_stability|v18_shuffled_E0,V18
10,local__rice_seed_gonen_jasmine,0,v18_scmae_mainline_v2_2; nan_to_num_then_column_standard_scaler,9,active ARI; V18 also publishes all-row ARI and Leiden readout,0,10,123|42|7,V18/scmae_mainline_v2_2,dataset_protocol_unit; seeds and variants are repeated conditions,10,latent_C_exactzero|latent_GW_frozen|latent_candidate_spectral|scmae_only|v18_full|v18_leiden|v18_mask04|v18_no_recurrence|v18_no_stability|v18_shuffled_E0,V18
10,local__rmftsa_sleepdata,0,v18_scmae_mainline_v2_2; nan_to_num_then_column_standard_scaler,9,active ARI; V18 also publishes all-row ARI and Leiden readout,0,10,123|42|7,V18/scmae_mainline_v2_2,dataset_protocol_unit; seeds and variants are repeated conditions,10,latent_C_exactzero|latent_GW_frozen|latent_candidate_spectral|scmae_only|v18_full|v18_leiden|v18_mask04|v18_no_recurrence|v18_no_stability|v18_shuffled_E0,V18
10,local__satellite_image,0,v18_scmae_mainline_v2_2; nan_to_num_then_column_standard_scaler,9,active ARI; V18 also publishes all-row ARI and Leiden readout,0,10,123|42|7,V18/scmae_mainline_v2_2,dataset_protocol_unit; seeds and variants are repeated conditions,10,latent_C_exactzero|latent_GW_frozen|latent_candidate_spectral|scmae_only|v18_full|v18_leiden|v18_mask04|v18_no_recurrence|v18_no_stability|v18_shuffled_E0,V18
10,local__secom,0,v18_scmae_mainline_v2_2; nan_to_num_then_column_standard_scaler,9,active ARI; V18 also publishes all-row ARI and Leiden readout,0,10,123|42|7,V18/scmae_mainline_v2_2,dataset_protocol_unit; seeds and variants are repeated conditions,10,latent_C_exactzero|latent_GW_frozen|latent_candidate_spectral|scmae_only|v18_full|v18_leiden|v18_mask04|v18_no_recurrence|v18_no_stability|v18_shuffled_E0,V18
10,local__seeds,0,v18_scmae_mainline_v2_2; nan_to_num_then_column_standard_scaler,9,active ARI; V18 also publishes all-row ARI and Leiden readout,0,10,123|42|7,V18/scmae_mainline_v2_2,dataset_protocol_unit; seeds and variants are repeated conditions,10,latent_C_exactzero|latent_GW_frozen|latent_candidate_spectral|scmae_only|v18_full|v18_leiden|v18_mask04|v18_no_recurrence|v18_no_stability|v18_shuffled_E0,V18
10,local__seismic_bumps,0,v18_scmae_mainline_v2_2; nan_to_num_then_column_standard_scaler,9,active ARI; V18 also publishes all-row ARI and Leiden readout,0,10,123|42|7,V18/scmae_mainline_v2_2,dataset_protocol_unit; seeds and variants are repeated conditions,10,latent_C_exactzero|latent_GW_frozen|latent_candidate_spectral|scmae_only|v18_full|v18_leiden|v18_mask04|v18_no_recurrence|v18_no_stability|v18_shuffled_E0,V18
10,local__sentiment_labeld_sentences,0,v18_scmae_mainline_v2_2; nan_to_num_then_column_standard_scaler,9,active ARI; V18 also publishes all-row ARI and Leiden readout,0,10,123|42|7,V18/scmae_mainline_v2_2,dataset_protocol_unit; seeds and variants are repeated conditions,10,latent_C_exactzero|latent_GW_frozen|latent_candidate_spectral|scmae_only|v18_full|v18_leiden|v18_mask04|v18_no_recurrence|v18_no_stability|v18_shuffled_E0,V18
10,local__shuttle,0,v18_scmae_mainline_v2_2; nan_to_num_then_column_standard_scaler,9,active ARI; V18 also publishes all-row ARI and Leiden readout,0,10,123|42|7,V18/scmae_mainline_v2_2,dataset_protocol_unit; seeds and variants are repeated conditions,10,latent_C_exactzero|latent_GW_frozen|latent_candidate_spectral|scmae_only|v18_full|v18_leiden|v18_mask04|v18_no_recurrence|v18_no_stability|v18_shuffled_E0,V18
10,local__siberian_weather_stats,0,v18_scmae_mainline_v2_2; nan_to_num_then_column_standard_scaler,9,active ARI; V18 also publishes all-row ARI and Leiden readout,0,10,123|42|7,V18/scmae_mainline_v2_2,dataset_protocol_unit; seeds and variants are repeated conditions,10,latent_C_exactzero|latent_GW_frozen|latent_candidate_spectral|scmae_only|v18_full|v18_leiden|v18_mask04|v18_no_recurrence|v18_no_stability|v18_shuffled_E0,V18
10,local__skillcraft1_master_table_dataset,0,v18_scmae_mainline_v2_2; nan_to_num_then_column_standard_scaler,9,active ARI; V18 also publishes all-row ARI and Leiden readout,0,10,123|42|7,V18/scmae_mainline_v2_2,dataset_protocol_unit; seeds and variants are repeated conditions,10,latent_C_exactzero|latent_GW_frozen|latent_candidate_spectral|scmae_only|v18_full|v18_leiden|v18_mask04|v18_no_recurrence|v18_no_stability|v18_shuffled_E0,V18
10,local__smoker_condition,0,v18_scmae_mainline_v2_2; nan_to_num_then_column_standard_scaler,9,active ARI; V18 also publishes all-row ARI and Leiden readout,0,10,123|42|7,V18/scmae_mainline_v2_2,dataset_protocol_unit; seeds and variants are repeated conditions,10,latent_C_exactzero|latent_GW_frozen|latent_candidate_spectral|scmae_only|v18_full|v18_leiden|v18_mask04|v18_no_recurrence|v18_no_stability|v18_shuffled_E0,V18
10,local__sms_spam_collection,0,v18_scmae_mainline_v2_2; nan_to_num_then_column_standard_scaler,9,active ARI; V18 also publishes all-row ARI and Leiden readout,0,10,123|42|7,V18/scmae_mainline_v2_2,dataset_protocol_unit; seeds and variants are repeated conditions,10,latent_C_exactzero|latent_GW_frozen|latent_candidate_spectral|scmae_only|v18_full|v18_leiden|v18_mask04|v18_no_recurrence|v18_no_stability|v18_shuffled_E0,V18
10,local__spambase,0,v18_scmae_mainline_v2_2; nan_to_num_then_column_standard_scaler,9,active ARI; V18 also publishes all-row ARI and Leiden readout,0,10,123|42|7,V18/scmae_mainline_v2_2,dataset_protocol_unit; seeds and variants are repeated conditions,10,latent_C_exactzero|latent_GW_frozen|latent_candidate_spectral|scmae_only|v18_full|v18_leiden|v18_mask04|v18_no_recurrence|v18_no_stability|v18_shuffled_E0,V18
10,local__statlog_german_credit,0,v18_scmae_mainline_v2_2; nan_to_num_then_column_standard_scaler,9,active ARI; V18 also publishes all-row ARI and Leiden readout,0,10,123|42|7,V18/scmae_mainline_v2_2,dataset_protocol_unit; seeds and variants are repeated conditions,10,latent_C_exactzero|latent_GW_frozen|latent_candidate_spectral|scmae_only|v18_full|v18_leiden|v18_mask04|v18_no_recurrence|v18_no_stability|v18_shuffled_E0,V18
10,local__statlog_image_segmentation,0,v18_scmae_mainline_v2_2; nan_to_num_then_column_standard_scaler,9,active ARI; V18 also publishes all-row ARI and Leiden readout,0,10,123|42|7,V18/scmae_mainline_v2_2,dataset_protocol_unit; seeds and variants are repeated conditions,10,latent_C_exactzero|latent_GW_frozen|latent_candidate_spectral|scmae_only|v18_full|v18_leiden|v18_mask04|v18_no_recurrence|v18_no_stability|v18_shuffled_E0,V18
10,local__steel_plates_fault,0,v18_scmae_mainline_v2_2; nan_to_num_then_column_standard_scaler,9,active ARI; V18 also publishes all-row ARI and Leiden readout,0,10,123|42|7,V18/scmae_mainline_v2_2,dataset_protocol_unit; seeds and variants are repeated conditions,10,latent_C_exactzero|latent_GW_frozen|latent_candidate_spectral|scmae_only|v18_full|v18_leiden|v18_mask04|v18_no_recurrence|v18_no_stability|v18_shuffled_E0,V18
10,local__street_view_house_numbers,0,v18_scmae_mainline_v2_2; nan_to_num_then_column_standard_scaler,9,active ARI; V18 also publishes all-row ARI and Leiden readout,0,10,123|42|7,V18/scmae_mainline_v2_2,dataset_protocol_unit; seeds and variants are repeated conditions,10,latent_C_exactzero|latent_GW_frozen|latent_candidate_spectral|scmae_only|v18_full|v18_leiden|v18_mask04|v18_no_recurrence|v18_no_stability|v18_shuffled_E0,V18
10,local__student_grade,0,v18_scmae_mainline_v2_2; nan_to_num_then_column_standard_scaler,9,active ARI; V18 also publishes all-row ARI and Leiden readout,0,10,123|42|7,V18/scmae_mainline_v2_2,dataset_protocol_unit; seeds and variants are repeated conditions,10,latent_C_exactzero|latent_GW_frozen|latent_candidate_spectral|scmae_only|v18_full|v18_leiden|v18_mask04|v18_no_recurrence|v18_no_stability|v18_shuffled_E0,V18
10,local__synthetic_control,0,v18_scmae_mainline_v2_2; nan_to_num_then_column_standard_scaler,9,active ARI; V18 also publishes all-row ARI and Leiden readout,0,10,123|42|7,V18/scmae_mainline_v2_2,dataset_protocol_unit; seeds and variants are repeated conditions,10,latent_C_exactzero|latent_GW_frozen|latent_candidate_spectral|scmae_only|v18_full|v18_leiden|v18_mask04|v18_no_recurrence|v18_no_stability|v18_shuffled_E0,V18
10,local__tamilnadu_electricity,0,v18_scmae_mainline_v2_2; nan_to_num_then_column_standard_scaler,9,active ARI; V18 also publishes all-row ARI and Leiden readout,0,10,123|42|7,V18/scmae_mainline_v2_2,dataset_protocol_unit; seeds and variants are repeated conditions,10,latent_C_exactzero|latent_GW_frozen|latent_candidate_spectral|scmae_only|v18_full|v18_leiden|v18_mask04|v18_no_recurrence|v18_no_stability|v18_shuffled_E0,V18
10,local__tr45_wc,0,v18_scmae_mainline_v2_2; nan_to_num_then_column_standard_scaler,9,active ARI; V18 also publishes all-row ARI and Leiden readout,0,10,123|42|7,V18/scmae_mainline_v2_2,dataset_protocol_unit; seeds and variants are repeated conditions,10,latent_C_exactzero|latent_GW_frozen|latent_candidate_spectral|scmae_only|v18_full|v18_leiden|v18_mask04|v18_no_recurrence|v18_no_stability|v18_shuffled_E0,V18
10,local__turkish_music_emotion,0,v18_scmae_mainline_v2_2; nan_to_num_then_column_standard_scaler,9,active ARI; V18 also publishes all-row ARI and Leiden readout,0,10,123|42|7,V18/scmae_mainline_v2_2,dataset_protocol_unit; seeds and variants are repeated conditions,10,latent_C_exactzero|latent_GW_frozen|latent_candidate_spectral|scmae_only|v18_full|v18_leiden|v18_mask04|v18_no_recurrence|v18_no_stability|v18_shuffled_E0,V18
10,local__user_knowledge_modeling,0,v18_scmae_mainline_v2_2; nan_to_num_then_column_standard_scaler,9,active ARI; V18 also publishes all-row ARI and Leiden readout,0,10,123|42|7,V18/scmae_mainline_v2_2,dataset_protocol_unit; seeds and variants are repeated conditions,10,latent_C_exactzero|latent_GW_frozen|latent_candidate_spectral|scmae_only|v18_full|v18_leiden|v18_mask04|v18_no_recurrence|v18_no_stability|v18_shuffled_E0,V18
10,local__vehicle,0,v18_scmae_mainline_v2_2; nan_to_num_then_column_standard_scaler,9,active ARI; V18 also publishes all-row ARI and Leiden readout,0,10,123|42|7,V18/scmae_mainline_v2_2,dataset_protocol_unit; seeds and variants are repeated conditions,10,latent_C_exactzero|latent_GW_frozen|latent_candidate_spectral|scmae_only|v18_full|v18_leiden|v18_mask04|v18_no_recurrence|v18_no_stability|v18_shuffled_E0,V18
10,local__wall_robot_navigation,0,v18_scmae_mainline_v2_2; nan_to_num_then_column_standard_scaler,9,active ARI; V18 also publishes all-row ARI and Leiden readout,0,10,123|42|7,V18/scmae_mainline_v2_2,dataset_protocol_unit; seeds and variants are repeated conditions,10,latent_C_exactzero|latent_GW_frozen|latent_candidate_spectral|scmae_only|v18_full|v18_leiden|v18_mask04|v18_no_recurrence|v18_no_stability|v18_shuffled_E0,V18
10,local__water_quality,0,v18_scmae_mainline_v2_2; nan_to_num_then_column_standard_scaler,9,active ARI; V18 also publishes all-row ARI and Leiden readout,0,10,123|42|7,V18/scmae_mainline_v2_2,dataset_protocol_unit; seeds and variants are repeated conditions,10,latent_C_exactzero|latent_GW_frozen|latent_candidate_spectral|scmae_only|v18_full|v18_leiden|v18_mask04|v18_no_recurrence|v18_no_stability|v18_shuffled_E0,V18
10,local__waveform,0,v18_scmae_mainline_v2_2; nan_to_num_then_column_standard_scaler,9,active ARI; V18 also publishes all-row ARI and Leiden readout,0,10,123|42|7,V18/scmae_mainline_v2_2,dataset_protocol_unit; seeds and variants are repeated conditions,10,latent_C_exactzero|latent_GW_frozen|latent_candidate_spectral|scmae_only|v18_full|v18_leiden|v18_mask04|v18_no_recurrence|v18_no_stability|v18_shuffled_E0,V18
10,local__weather,0,v18_scmae_mainline_v2_2; nan_to_num_then_column_standard_scaler,8,active ARI; V18 also publishes all-row ARI and Leiden readout,0,10,123|42|7,V18/scmae_mainline_v2_2,dataset_protocol_unit; seeds and variants are repeated conditions,10,latent_C_exactzero|latent_GW_frozen|latent_candidate_spectral|scmae_only|v18_full|v18_leiden|v18_mask04|v18_no_recurrence|v18_no_stability|v18_shuffled_E0,V18
10,local__website_phishing,0,v18_scmae_mainline_v2_2; nan_to_num_then_column_standard_scaler,9,active ARI; V18 also publishes all-row ARI and Leiden readout,0,10,123|42|7,V18/scmae_mainline_v2_2,dataset_protocol_unit; seeds and variants are repeated conditions,10,latent_C_exactzero|latent_GW_frozen|latent_candidate_spectral|scmae_only|v18_full|v18_leiden|v18_mask04|v18_no_recurrence|v18_no_stability|v18_shuffled_E0,V18
10,local__wine,0,v18_scmae_mainline_v2_2; nan_to_num_then_column_standard_scaler,9,active ARI; V18 also publishes all-row ARI and Leiden readout,0,10,123|42|7,V18/scmae_mainline_v2_2,dataset_protocol_unit; seeds and variants are repeated conditions,10,latent_C_exactzero|latent_GW_frozen|latent_candidate_spectral|scmae_only|v18_full|v18_leiden|v18_mask04|v18_no_recurrence|v18_no_stability|v18_shuffled_E0,V18
10,local__wine_customer,0,v18_scmae_mainline_v2_2; nan_to_num_then_column_standard_scaler,9,active ARI; V18 also publishes all-row ARI and Leiden readout,0,10,123|42|7,V18/scmae_mainline_v2_2,dataset_protocol_unit; seeds and variants are repeated conditions,10,latent_C_exactzero|latent_GW_frozen|latent_candidate_spectral|scmae_only|v18_full|v18_leiden|v18_mask04|v18_no_recurrence|v18_no_stability|v18_shuffled_E0,V18
10,local__wine_quality,0,v18_scmae_mainline_v2_2; nan_to_num_then_column_standard_scaler,9,active ARI; V18 also publishes all-row ARI and Leiden readout,0,10,123|42|7,V18/scmae_mainline_v2_2,dataset_protocol_unit; seeds and variants are repeated conditions,10,latent_C_exactzero|latent_GW_frozen|latent_candidate_spectral|scmae_only|v18_full|v18_leiden|v18_mask04|v18_no_recurrence|v18_no_stability|v18_shuffled_E0,V18
10,local__wireless_indoor_localization,0,v18_scmae_mainline_v2_2; nan_to_num_then_column_standard_scaler,9,active ARI; V18 also publishes all-row ARI and Leiden readout,0,10,123|42|7,V18/scmae_mainline_v2_2,dataset_protocol_unit; seeds and variants are repeated conditions,10,latent_C_exactzero|latent_GW_frozen|latent_candidate_spectral|scmae_only|v18_full|v18_leiden|v18_mask04|v18_no_recurrence|v18_no_stability|v18_shuffled_E0,V18
10,local__world12d,0,v18_scmae_mainline_v2_2; nan_to_num_then_column_standard_scaler,9,active ARI; V18 also publishes all-row ARI and Leiden readout,0,10,123|42|7,V18/scmae_mainline_v2_2,dataset_protocol_unit; seeds and variants are repeated conditions,10,latent_C_exactzero|latent_GW_frozen|latent_candidate_spectral|scmae_only|v18_full|v18_leiden|v18_mask04|v18_no_recurrence|v18_no_stability|v18_shuffled_E0,V18
10,local__wos,0,v18_scmae_mainline_v2_2; nan_to_num_then_column_standard_scaler,9,active ARI; V18 also publishes all-row ARI and Leiden readout,0,10,123|42|7,V18/scmae_mainline_v2_2,dataset_protocol_unit; seeds and variants are repeated conditions,10,latent_C_exactzero|latent_GW_frozen|latent_candidate_spectral|scmae_only|v18_full|v18_leiden|v18_mask04|v18_no_recurrence|v18_no_stability|v18_shuffled_E0,V18
10,local__yeast,0,v18_scmae_mainline_v2_2; nan_to_num_then_column_standard_scaler,9,active ARI; V18 also publishes all-row ARI and Leiden readout,0,10,123|42|7,V18/scmae_mainline_v2_2,dataset_protocol_unit; seeds and variants are repeated conditions,10,latent_C_exactzero|latent_GW_frozen|latent_candidate_spectral|scmae_only|v18_full|v18_leiden|v18_mask04|v18_no_recurrence|v18_no_stability|v18_shuffled_E0,V18
10,local__zoo,0,v18_scmae_mainline_v2_2; nan_to_num_then_column_standard_scaler,9,active ARI; V18 also publishes all-row ARI and Leiden readout,0,10,123|42|7,V18/scmae_mainline_v2_2,dataset_protocol_unit; seeds and variants are repeated conditions,10,latent_C_exactzero|latent_GW_frozen|latent_candidate_spectral|scmae_only|v18_full|v18_leiden|v18_mask04|v18_no_recurrence|v18_no_stability|v18_shuffled_E0,V18
2,arcene__uci_highdim,0,clubench_bridge,1,mean ARI over three seeds,0,2,7|42|123,V19/extended_sparse,dataset_protocol_unit; seeds and variants are repeated conditions,2,rg_full|scmae_only,V19
2,dexter__uci_sparse_highdim,0,clubench_bridge,1,mean ARI over three seeds,0,2,7|42|123,V19/extended_sparse,dataset_protocol_unit; seeds and variants are repeated conditions,2,rg_full|scmae_only,V19
2,dorothea__uci_sparse_highdim,0,clubench_bridge,1,mean ARI over three seeds,0,2,7|42|123,V19/extended_sparse,dataset_protocol_unit; seeds and variants are repeated conditions,2,rg_full|scmae_only,V19
2,fabert__local_sparse_text,0,shared_text,1,mean ARI over three seeds,0,2,7|42|123,V19/extended_sparse,dataset_protocol_unit; seeds and variants are repeated conditions,2,rg_full|scmae_only,V19
2,fbis_wc__local_sparse_text,0,shared_text,1,mean ARI over three seeds,0,2,7|42|123,V19/extended_sparse,dataset_protocol_unit; seeds and variants are repeated conditions,2,rg_full|scmae_only,V19
2,gina_prior2__local_sparse_highdim,0,clubench_bridge,1,mean ARI over three seeds,0,2,7|42|123,V19/extended_sparse,dataset_protocol_unit; seeds and variants are repeated conditions,2,rg_full|scmae_only,V19
2,gisette__uci_highdim_dense,0,clubench_bridge,1,mean ARI over three seeds,0,2,7|42|123,V19/extended_sparse,dataset_protocol_unit; seeds and variants are repeated conditions,2,rg_full|scmae_only,V19
2,internet_advertisements__uci_sparse,0,clubench_bridge,1,mean ARI over three seeds,0,2,7|42|123,V19/extended_sparse,dataset_protocol_unit; seeds and variants are repeated conditions,2,rg_full|scmae_only,V19
2,madelon__uci_highdim_control,0,clubench_bridge,1,mean ARI over three seeds,0,2,7|42|123,V19/extended_sparse,dataset_protocol_unit; seeds and variants are repeated conditions,2,rg_full|scmae_only,V19
2,micro_mass__local_sparse_highdim,0,clubench_bridge,1,mean ARI over three seeds,0,2,7|42|123,V19/extended_sparse,dataset_protocol_unit; seeds and variants are repeated conditions,2,rg_full|scmae_only,V19
2,quake_smartseq2_lung__local_sparse_expression,0,clubench_bridge,1,mean ARI over three seeds,0,2,7|42|123,V19/extended_sparse,dataset_protocol_unit; seeds and variants are repeated conditions,2,rg_full|scmae_only,V19
2,sms_spam_full__uci_sparse_text,0,shared_text,1,mean ARI over three seeds,0,2,7|42|123,V19/extended_sparse,dataset_protocol_unit; seeds and variants are repeated conditions,2,rg_full|scmae_only,V19
2,tr45_wc__local_sparse_text,0,shared_text,1,mean ARI over three seeds,0,2,7|42|123,V19/extended_sparse,dataset_protocol_unit; seeds and variants are repeated conditions,2,rg_full|scmae_only,V19
2,baron_human__clubench_bridge,0,clubench_bridge,1,ARI aggregate,0,2,7|42|123,V19/plantnet_transfer,dataset_protocol_unit; seeds and variants are repeated conditions,2,rg_full|scmae_only,V19
2,campbell__clubench_bridge,0,clubench_bridge,1,ARI aggregate,0,2,7|42|123,V19/plantnet_transfer,dataset_protocol_unit; seeds and variants are repeated conditions,2,rg_full|scmae_only,V19
2,cnae9__shared_text,0,shared_text,1,ARI aggregate,0,2,7|42|123,V19/plantnet_transfer,dataset_protocol_unit; seeds and variants are repeated conditions,2,rg_full|scmae_only,V19
2,hate_speech__shared_text,0,shared_text,1,ARI aggregate,0,2,7|42|123,V19/plantnet_transfer,dataset_protocol_unit; seeds and variants are repeated conditions,2,rg_full|scmae_only,V19
2,imdb__shared_text,0,shared_text,1,ARI aggregate,0,2,7|42|123,V19/plantnet_transfer,dataset_protocol_unit; seeds and variants are repeated conditions,2,rg_full|scmae_only,V19
2,mouse_retina__clubench_bridge,0,clubench_bridge,1,ARI aggregate,0,2,7|42|123,V19/plantnet_transfer,dataset_protocol_unit; seeds and variants are repeated conditions,2,rg_full|scmae_only,V19
2,sentiment_labeld_sentences__shared_text,0,shared_text,1,ARI aggregate,0,2,7|42|123,V19/plantnet_transfer,dataset_protocol_unit; seeds and variants are repeated conditions,2,rg_full|scmae_only,V19
2,sms_spam_collection__shared_text,0,shared_text,1,ARI aggregate,0,2,7|42|123,V19/plantnet_transfer,dataset_protocol_unit; seeds and variants are repeated conditions,2,rg_full|scmae_only,V19
6,baron_human__clubench_bridge,0,clubench_bridge,5,V19 post-freeze ARI aggregate,0,6,7|42|123,V19/postfreeze,dataset_protocol_unit; seeds and variants are repeated conditions,6,V19_rg_constant_gate|V19_rg_default|V19_rg_full|V19_rg_nomix|V19_rg_reliability_off|V19_scmae_only,V19
6,baron_human__rg_native,0,rg_native,5,V19 post-freeze ARI aggregate,0,6,7|42|123,V19/postfreeze,dataset_protocol_unit; seeds and variants are repeated conditions,6,V19_rg_constant_gate|V19_rg_default|V19_rg_full|V19_rg_nomix|V19_rg_reliability_off|V19_scmae_only,V19
6,campbell__clubench_bridge,0,clubench_bridge,5,V19 post-freeze ARI aggregate,0,6,7|42|123,V19/postfreeze,dataset_protocol_unit; seeds and variants are repeated conditions,6,V19_rg_constant_gate|V19_rg_default|V19_rg_full|V19_rg_nomix|V19_rg_reliability_off|V19_scmae_only,V19
6,campbell__rg_native,0,rg_native,5,V19 post-freeze ARI aggregate,0,6,7|42|123,V19/postfreeze,dataset_protocol_unit; seeds and variants are repeated conditions,6,V19_rg_constant_gate|V19_rg_default|V19_rg_full|V19_rg_nomix|V19_rg_reliability_off|V19_scmae_only,V19
6,cnae9__shared_text,0,shared_text,5,V19 post-freeze ARI aggregate,0,6,7|42|123,V19/postfreeze,dataset_protocol_unit; seeds and variants are repeated conditions,6,V19_rg_constant_gate|V19_rg_default|V19_rg_full|V19_rg_nomix|V19_rg_reliability_off|V19_scmae_only,V19
6,hate_speech__shared_text,0,shared_text,5,V19 post-freeze ARI aggregate,0,6,7|42|123,V19/postfreeze,dataset_protocol_unit; seeds and variants are repeated conditions,6,V19_rg_constant_gate|V19_rg_default|V19_rg_full|V19_rg_nomix|V19_rg_reliability_off|V19_scmae_only,V19
6,imdb__shared_text,0,shared_text,5,V19 post-freeze ARI aggregate,0,6,7|42|123,V19/postfreeze,dataset_protocol_unit; seeds and variants are repeated conditions,6,V19_rg_constant_gate|V19_rg_default|V19_rg_full|V19_rg_nomix|V19_rg_reliability_off|V19_scmae_only,V19
6,mouse_retina__clubench_bridge,0,clubench_bridge,5,V19 post-freeze ARI aggregate,0,6,7|42|123,V19/postfreeze,dataset_protocol_unit; seeds and variants are repeated conditions,6,V19_rg_constant_gate|V19_rg_default|V19_rg_full|V19_rg_nomix|V19_rg_reliability_off|V19_scmae_only,V19
6,mouse_retina__rg_native,0,rg_native,5,V19 post-freeze ARI aggregate,0,6,7|42|123,V19/postfreeze,dataset_protocol_unit; seeds and variants are repeated conditions,6,V19_rg_constant_gate|V19_rg_default|V19_rg_full|V19_rg_nomix|V19_rg_reliability_off|V19_scmae_only,V19
6,sentiment_labeld_sentences__shared_text,0,shared_text,5,V19 post-freeze ARI aggregate,0,6,7|42|123,V19/postfreeze,dataset_protocol_unit; seeds and variants are repeated conditions,6,V19_rg_constant_gate|V19_rg_default|V19_rg_full|V19_rg_nomix|V19_rg_reliability_off|V19_scmae_only,V19
6,sms_spam_collection__shared_text,0,shared_text,5,V19 post-freeze ARI aggregate,0,6,7|42|123,V19/postfreeze,dataset_protocol_unit; seeds and variants are repeated conditions,6,V19_rg_constant_gate|V19_rg_default|V19_rg_full|V19_rg_nomix|V19_rg_reliability_off|V19_scmae_only,V19
1,Baron Human,0,clubench_bridge,0,clean embedding KMeans,0,1,42,V20/full8_seed42,dataset_protocol_unit; seeds and variants are repeated conditions,1,topology_adversarial_full,V20
1,Campbell,0,clubench_bridge,0,clean embedding KMeans,0,1,42,V20/full8_seed42,dataset_protocol_unit; seeds and variants are repeated conditions,1,topology_adversarial_full,V20
1,Mouse_retina,0,clubench_bridge,0,clean embedding KMeans,0,1,42,V20/full8_seed42,dataset_protocol_unit; seeds and variants are repeated conditions,1,topology_adversarial_full,V20
1,cnae9,0,shared_text,0,clean embedding KMeans,0,1,42,V20/full8_seed42,dataset_protocol_unit; seeds and variants are repeated conditions,1,topology_adversarial_full,V20
1,hate_speech,0,shared_text,0,clean embedding KMeans,0,1,42,V20/full8_seed42,dataset_protocol_unit; seeds and variants are repeated conditions,1,topology_adversarial_full,V20
1,imdb,0,shared_text,0,clean embedding KMeans,0,1,42,V20/full8_seed42,dataset_protocol_unit; seeds and variants are repeated conditions,1,topology_adversarial_full,V20
1,sentiment_labeld_sentences,0,shared_text,0,clean embedding KMeans,0,1,42,V20/full8_seed42,dataset_protocol_unit; seeds and variants are repeated conditions,1,topology_adversarial_full,V20
1,sms_spam_collection,0,shared_text,0,clean embedding KMeans,0,1,42,V20/full8_seed42,dataset_protocol_unit; seeds and variants are repeated conditions,1,topology_adversarial_full,V20
6,Baron Human,0,clubench_bridge,3,v2 Student-t head ARI (formal graph-fix primary),0,6,123|42|7,V21/formal6_graphfix,dataset_protocol_unit; seeds and variants are repeated conditions,2,scmae_only|topology_assignment_adversarial,V21
6,Campbell,0,clubench_bridge,3,v2 Student-t head ARI (formal graph-fix primary),0,6,123|42|7,V21/formal6_graphfix,dataset_protocol_unit; seeds and variants are repeated conditions,2,scmae_only|topology_assignment_adversarial,V21
6,Mouse_retina,0,clubench_bridge,3,v2 Student-t head ARI (formal graph-fix primary),0,6,123|42|7,V21/formal6_graphfix,dataset_protocol_unit; seeds and variants are repeated conditions,2,scmae_only|topology_assignment_adversarial,V21
6,cnae9,0,shared_text,3,v2 Student-t head ARI (formal graph-fix primary),0,6,123|42|7,V21/formal6_graphfix,dataset_protocol_unit; seeds and variants are repeated conditions,2,scmae_only|topology_assignment_adversarial,V21
6,hate_speech,0,shared_text,3,v2 Student-t head ARI (formal graph-fix primary),0,6,123|42|7,V21/formal6_graphfix,dataset_protocol_unit; seeds and variants are repeated conditions,2,scmae_only|topology_assignment_adversarial,V21
6,sms_spam_collection,0,shared_text,3,v2 Student-t head ARI (formal graph-fix primary),0,6,123|42|7,V21/formal6_graphfix,dataset_protocol_unit; seeds and variants are repeated conditions,2,scmae_only|topology_assignment_adversarial,V21
1,baron_human__clubench_bridge,0,clubench_bridge,0,clean embedding KMeans,0,1,42,V22/cooperative_full_single_seed,dataset_protocol_unit; seeds and variants are repeated conditions,1,v22_topology_discriminator_cooperative_keep_gate,V22
1,campbell__clubench_bridge,0,clubench_bridge,0,clean embedding KMeans,0,1,42,V22/cooperative_full_single_seed,dataset_protocol_unit; seeds and variants are repeated conditions,1,v22_topology_discriminator_cooperative_keep_gate,V22
1,cnae9__shared_text,0,shared_text,0,clean embedding KMeans,0,1,42,V22/cooperative_full_single_seed,dataset_protocol_unit; seeds and variants are repeated conditions,1,v22_topology_discriminator_cooperative_keep_gate,V22
0,covtype__libsvm_dense_control,1,clubench_bridge,0,clean embedding KMeans,0,1,42,V22/cooperative_full_single_seed,dataset_protocol_unit; seeds and variants are repeated conditions,1,v22_topology_discriminator_cooperative_keep_gate,V22
1,hate_speech__shared_text,0,shared_text,0,clean embedding KMeans,0,1,42,V22/cooperative_full_single_seed,dataset_protocol_unit; seeds and variants are repeated conditions,1,v22_topology_discriminator_cooperative_keep_gate,V22
1,imdb__shared_text,0,shared_text,0,clean embedding KMeans,0,1,42,V22/cooperative_full_single_seed,dataset_protocol_unit; seeds and variants are repeated conditions,1,v22_topology_discriminator_cooperative_keep_gate,V22
1,mnist__libsvm_dense_control,0,shared_text,0,clean embedding KMeans,0,1,42,V22/cooperative_full_single_seed,dataset_protocol_unit; seeds and variants are repeated conditions,1,v22_topology_discriminator_cooperative_keep_gate,V22
1,mouse_retina__clubench_bridge,0,clubench_bridge,0,clean embedding KMeans,0,1,42,V22/cooperative_full_single_seed,dataset_protocol_unit; seeds and variants are repeated conditions,1,v22_topology_discriminator_cooperative_keep_gate,V22
1,news20__libsvm_sparse_highdim,0,shared_text,0,clean embedding KMeans,0,1,42,V22/cooperative_full_single_seed,dataset_protocol_unit; seeds and variants are repeated conditions,1,v22_topology_discriminator_cooperative_keep_gate,V22
1,pbmc3k__10x_unlabelled_count,0,scRNA_count,0,clean embedding KMeans,0,1,42,V22/cooperative_full_single_seed,dataset_protocol_unit; seeds and variants are repeated conditions,1,v22_topology_discriminator_cooperative_keep_gate,V22
1,pbmc_1k_v3__10x_unlabelled_count,0,scRNA_count,0,clean embedding KMeans,0,1,42,V22/cooperative_full_single_seed,dataset_protocol_unit; seeds and variants are repeated conditions,1,v22_topology_discriminator_cooperative_keep_gate,V22
1,rcv1_train__libsvm_sparse_highdim,0,shared_text,0,clean embedding KMeans,0,1,42,V22/cooperative_full_single_seed,dataset_protocol_unit; seeds and variants are repeated conditions,1,v22_topology_discriminator_cooperative_keep_gate,V22
0,real_sim__libsvm_sparse_highdim,1,shared_text,0,clean embedding KMeans,0,1,42,V22/cooperative_full_single_seed,dataset_protocol_unit; seeds and variants are repeated conditions,1,v22_topology_discriminator_cooperative_keep_gate,V22
1,sector__libsvm_sparse_highdim,0,shared_text,0,clean embedding KMeans,0,1,42,V22/cooperative_full_single_seed,dataset_protocol_unit; seeds and variants are repeated conditions,1,v22_topology_discriminator_cooperative_keep_gate,V22
1,sentiment_labeld_sentences__shared_text,0,shared_text,0,clean embedding KMeans,0,1,42,V22/cooperative_full_single_seed,dataset_protocol_unit; seeds and variants are repeated conditions,1,v22_topology_discriminator_cooperative_keep_gate,V22
1,sms_spam_collection__shared_text,0,shared_text,0,clean embedding KMeans,0,1,42,V22/cooperative_full_single_seed,dataset_protocol_unit; seeds and variants are repeated conditions,1,v22_topology_discriminator_cooperative_keep_gate,V22
2,baron_human__clubench_bridge,0,clubench_bridge,0,clean embedding KMeans,0,2,42,V22/hard_gate_resource_recovery,dataset_protocol_unit; seeds and variants are repeated conditions,1,v22_topology_discriminator_hard_gate,V22
2,campbell__clubench_bridge,0,clubench_bridge,0,clean embedding KMeans,0,2,42,V22/hard_gate_resource_recovery,dataset_protocol_unit; seeds and variants are repeated conditions,1,v22_topology_discriminator_hard_gate,V22
2,cnae9__shared_text,0,shared_text,0,clean embedding KMeans,0,2,42,V22/hard_gate_resource_recovery,dataset_protocol_unit; seeds and variants are repeated conditions,1,v22_topology_discriminator_hard_gate,V22
2,covtype__libsvm_dense_control,0,clubench_bridge,0,clean embedding KMeans,0,2,42,V22/hard_gate_resource_recovery,dataset_protocol_unit; seeds and variants are repeated conditions,1,v22_topology_discriminator_hard_gate,V22
2,hate_speech__shared_text,0,shared_text,0,clean embedding KMeans,0,2,42,V22/hard_gate_resource_recovery,dataset_protocol_unit; seeds and variants are repeated conditions,1,v22_topology_discriminator_hard_gate,V22
2,imdb__shared_text,0,shared_text,0,clean embedding KMeans,0,2,42,V22/hard_gate_resource_recovery,dataset_protocol_unit; seeds and variants are repeated conditions,1,v22_topology_discriminator_hard_gate,V22
2,mouse_retina__clubench_bridge,0,clubench_bridge,0,clean embedding KMeans,0,2,42,V22/hard_gate_resource_recovery,dataset_protocol_unit; seeds and variants are repeated conditions,1,v22_topology_discriminator_hard_gate,V22
2,pbmc3k__10x_unlabelled_count,0,scRNA_count,0,clean embedding KMeans,0,2,42,V22/hard_gate_resource_recovery,dataset_protocol_unit; seeds and variants are repeated conditions,1,v22_topology_discriminator_hard_gate,V22
2,real_sim__libsvm_sparse_highdim,0,shared_text,0,clean embedding KMeans,0,2,42,V22/hard_gate_resource_recovery,dataset_protocol_unit; seeds and variants are repeated conditions,1,v22_topology_discriminator_hard_gate,V22
2,sector__libsvm_sparse_highdim,0,shared_text,0,clean embedding KMeans,0,2,42,V22/hard_gate_resource_recovery,dataset_protocol_unit; seeds and variants are repeated conditions,1,v22_topology_discriminator_hard_gate,V22
2,sentiment_labeld_sentences__shared_text,0,shared_text,0,clean embedding KMeans,0,2,42,V22/hard_gate_resource_recovery,dataset_protocol_unit; seeds and variants are repeated conditions,1,v22_topology_discriminator_hard_gate,V22
2,sms_spam_collection__shared_text,0,shared_text,0,clean embedding KMeans,0,2,42,V22/hard_gate_resource_recovery,dataset_protocol_unit; seeds and variants are repeated conditions,1,v22_topology_discriminator_hard_gate,V22
