version,source_batch,dataset,dataset_id,input_protocol,readout,status,evidence_level,self__variant,self__ari,self__delta_ari,self__gate_usage,self__diagnosis,fixed__variant,fixed__ari,fixed__delta_ari,fixed__gate_usage,fixed__diagnosis,random__variant,random__ari,random__delta_ari,random__gate_usage,random__diagnosis,static__variant,static__ari,static__delta_ari,static__gate_usage,static__diagnosis,learned__variant,learned__ari,learned__delta_ari,learned__gate_usage,learned__diagnosis,hard__variant,hard__ari,hard__delta_ari,hard__gate_usage,hard__diagnosis,assignment-adversarial__variant,assignment-adversarial__ari,assignment-adversarial__delta_ari,assignment-adversarial__gate_usage,assignment-adversarial__diagnosis,discriminator__variant,discriminator__ari,discriminator__delta_ari,discriminator__gate_usage,discriminator__diagnosis
V09,V09/advantage_ablation,balance_scale,balance_scale,raw_related_advantage (protocol detail absent from final_results CSV),KMeans/legacy V9 readout (exact mode not recorded in snapshot),completed,3-seed paired ablation,v9_nomix,0.1091±0.1033,NA,,paired_delta_not_available,NA,NA,NA,NA,NA,v9_random,0.1980±0.0816,+0.0889±0.0000,,paired_positive_scope_limited,v9_static,0.2031±0.1503,+0.0940±0.0000,,paired_positive_scope_limited,v9_full,0.1900±0.0892,+0.0809±0.0000,,paired_positive_scope_limited,NA,NA,NA,NA,NA,NA,NA,NA,NA,NA,NA,NA,NA,NA,NA
V09,V09/advantage_ablation,glass,glass,raw_related_advantage (protocol detail absent from final_results CSV),KMeans/legacy V9 readout (exact mode not recorded in snapshot),completed,3-seed paired ablation,v9_nomix,0.3497±0.0689,NA,,paired_delta_not_available,NA,NA,NA,NA,NA,v9_random,0.3886±0.0057,+0.0389±0.0000,,paired_positive_scope_limited,v9_static,0.3778±0.0243,+0.0282±0.0000,,paired_neutral_or_small,v9_full,0.3904±0.0098,+0.0407±0.0000,,paired_positive_scope_limited,NA,NA,NA,NA,NA,NA,NA,NA,NA,NA,NA,NA,NA,NA,NA
V09,V09/advantage_ablation,image_segment,image_segment,raw_related_advantage (protocol detail absent from final_results CSV),KMeans/legacy V9 readout (exact mode not recorded in snapshot),completed,3-seed paired ablation,v9_nomix,0.2515±0.0140,NA,,paired_delta_not_available,NA,NA,NA,NA,NA,v9_random,0.2523±0.0293,+0.0009±0.0000,,paired_neutral_or_small,v9_static,0.2652±0.0218,+0.0138±0.0000,,paired_neutral_or_small,v9_full,0.2728±0.0399,+0.0214±0.0000,,paired_neutral_or_small,NA,NA,NA,NA,NA,NA,NA,NA,NA,NA,NA,NA,NA,NA,NA
V09,V09/advantage_ablation,landsat,landsat,raw_related_advantage (protocol detail absent from final_results CSV),KMeans/legacy V9 readout (exact mode not recorded in snapshot),completed,3-seed paired ablation,v9_nomix,0.5324±0.0099,NA,,paired_delta_not_available,NA,NA,NA,NA,NA,v9_random,0.5392±0.0045,+0.0068±0.0000,,paired_neutral_or_small,v9_static,0.5356±0.0032,+0.0032±0.0000,,paired_neutral_or_small,v9_full,0.5379±0.0064,+0.0055±0.0000,,paired_neutral_or_small,NA,NA,NA,NA,NA,NA,NA,NA,NA,NA,NA,NA,NA,NA,NA
V09,V09/advantage_ablation,spect_heart,spect_heart,raw_related_advantage (protocol detail absent from final_results CSV),KMeans/legacy V9 readout (exact mode not recorded in snapshot),completed,3-seed paired ablation,v9_nomix,0.2606±0.0169,NA,,paired_delta_not_available,NA,NA,NA,NA,NA,v9_random,0.2170±0.0473,-0.0436±0.0000,,paired_regression,v9_static,0.2491±0.0164,-0.0115±0.0000,,paired_neutral_or_small,v9_full,0.2481±0.0253,-0.0125±0.0000,,paired_neutral_or_small,NA,NA,NA,NA,NA,NA,NA,NA,NA,NA,NA,NA,NA,NA,NA
V09,V09/advantage_ablation,vehicle,vehicle,raw_related_advantage (protocol detail absent from final_results CSV),KMeans/legacy V9 readout (exact mode not recorded in snapshot),completed,3-seed paired ablation,v9_nomix,0.0863±0.0274,NA,,paired_delta_not_available,NA,NA,NA,NA,NA,v9_random,0.0750±0.0100,-0.0113±0.0000,,paired_neutral_or_small,v9_static,0.0837±0.0032,-0.0026±0.0000,,paired_neutral_or_small,v9_full,0.0749±0.0099,-0.0114±0.0000,,paired_neutral_or_small,NA,NA,NA,NA,NA,NA,NA,NA,NA,NA,NA,NA,NA,NA,NA
V09,V09/advantage_ablation,vertebral_column,vertebral_column,raw_related_advantage (protocol detail absent from final_results CSV),KMeans/legacy V9 readout (exact mode not recorded in snapshot),completed,3-seed paired ablation,v9_nomix,0.2511±0.0130,NA,,paired_delta_not_available,NA,NA,NA,NA,NA,v9_random,0.2340±0.0072,-0.0171±0.0000,,paired_neutral_or_small,v9_static,0.2425±0.0075,-0.0086±0.0000,,paired_neutral_or_small,v9_full,0.2340±0.0072,-0.0171±0.0000,,paired_neutral_or_small,NA,NA,NA,NA,NA,NA,NA,NA,NA,NA,NA,NA,NA,NA,NA
V09,V09/clubench_131_single_seed,20newsgroups,20newsgroups,clubench_bridge: CLUBench.load_data z-score,V9 benchmark readout,completed,single_seed_control comparison,NA,NA,NA,NA,NA,NA,NA,NA,NA,NA,NA,NA,NA,NA,NA,NA,NA,NA,NA,NA,V9,0.0693±0.0000,NA,,no_paired_control,NA,NA,NA,NA,NA,NA,NA,NA,NA,NA,NA,NA,NA,NA,NA
V09,V09/clubench_131_single_seed,Baron Human,Baron Human,clubench_bridge: CLUBench.load_data z-score,V9 benchmark readout,completed,single_seed_control comparison,NA,NA,NA,NA,NA,NA,NA,NA,NA,NA,NA,NA,NA,NA,NA,NA,NA,NA,NA,NA,V9,0.3072±0.0000,NA,,no_paired_control,NA,NA,NA,NA,NA,NA,NA,NA,NA,NA,NA,NA,NA,NA,NA
V09,V09/clubench_131_single_seed,CIFAR10_CLIP,CIFAR10_CLIP,clubench_bridge: CLUBench.load_data z-score,V9 benchmark readout,completed,single_seed_control comparison,NA,NA,NA,NA,NA,NA,NA,NA,NA,NA,NA,NA,NA,NA,NA,NA,NA,NA,NA,NA,V9,0.5546±0.0000,NA,,no_paired_control,NA,NA,NA,NA,NA,NA,NA,NA,NA,NA,NA,NA,NA,NA,NA
V09,V09/clubench_131_single_seed,COIL20_CLIP,COIL20_CLIP,clubench_bridge: CLUBench.load_data z-score,V9 benchmark readout,completed,single_seed_control comparison,NA,NA,NA,NA,NA,NA,NA,NA,NA,NA,NA,NA,NA,NA,NA,NA,NA,NA,NA,NA,V9,0.7953±0.0000,NA,,no_paired_control,NA,NA,NA,NA,NA,NA,NA,NA,NA,NA,NA,NA,NA,NA,NA
V09,V09/clubench_131_single_seed,Campbell,Campbell,clubench_bridge: CLUBench.load_data z-score,V9 benchmark readout,completed,single_seed_control comparison,NA,NA,NA,NA,NA,NA,NA,NA,NA,NA,NA,NA,NA,NA,NA,NA,NA,NA,NA,NA,V9,0.2169±0.0000,NA,,no_paired_control,NA,NA,NA,NA,NA,NA,NA,NA,NA,NA,NA,NA,NA,NA,NA
V09,V09/clubench_131_single_seed,Drug Consumption,Drug Consumption,clubench_bridge: CLUBench.load_data z-score,V9 benchmark readout,completed,single_seed_control comparison,NA,NA,NA,NA,NA,NA,NA,NA,NA,NA,NA,NA,NA,NA,NA,NA,NA,NA,NA,NA,V9,0.0094±0.0000,NA,,no_paired_control,NA,NA,NA,NA,NA,NA,NA,NA,NA,NA,NA,NA,NA,NA,NA
V09,V09/clubench_131_single_seed,FashionMNIST_CLIP,FashionMNIST_CLIP,clubench_bridge: CLUBench.load_data z-score,V9 benchmark readout,completed,single_seed_control comparison,NA,NA,NA,NA,NA,NA,NA,NA,NA,NA,NA,NA,NA,NA,NA,NA,NA,NA,NA,NA,V9,0.5248±0.0000,NA,,no_paired_control,NA,NA,NA,NA,NA,NA,NA,NA,NA,NA,NA,NA,NA,NA,NA
V09,V09/clubench_131_single_seed,ISOLET,ISOLET,clubench_bridge: CLUBench.load_data z-score,V9 benchmark readout,completed,single_seed_control comparison,NA,NA,NA,NA,NA,NA,NA,NA,NA,NA,NA,NA,NA,NA,NA,NA,NA,NA,NA,NA,V9,0.5257±0.0000,NA,,no_paired_control,NA,NA,NA,NA,NA,NA,NA,NA,NA,NA,NA,NA,NA,NA,NA
V09,V09/clubench_131_single_seed,Indian_pines,Indian_pines,clubench_bridge: CLUBench.load_data z-score,V9 benchmark readout,completed,single_seed_control comparison,NA,NA,NA,NA,NA,NA,NA,NA,NA,NA,NA,NA,NA,NA,NA,NA,NA,NA,NA,NA,V9,0.3130±0.0000,NA,,no_paired_control,NA,NA,NA,NA,NA,NA,NA,NA,NA,NA,NA,NA,NA,NA,NA
V09,V09/clubench_131_single_seed,JapaneseVowels,JapaneseVowels,clubench_bridge: CLUBench.load_data z-score,V9 benchmark readout,completed,single_seed_control comparison,NA,NA,NA,NA,NA,NA,NA,NA,NA,NA,NA,NA,NA,NA,NA,NA,NA,NA,NA,NA,V9,0.2074±0.0000,NA,,no_paired_control,NA,NA,NA,NA,NA,NA,NA,NA,NA,NA,NA,NA,NA,NA,NA
V09,V09/clubench_131_single_seed,MNIST_CLIP,MNIST_CLIP,clubench_bridge: CLUBench.load_data z-score,V9 benchmark readout,completed,single_seed_control comparison,NA,NA,NA,NA,NA,NA,NA,NA,NA,NA,NA,NA,NA,NA,NA,NA,NA,NA,NA,NA,V9,0.4715±0.0000,NA,,no_paired_control,NA,NA,NA,NA,NA,NA,NA,NA,NA,NA,NA,NA,NA,NA,NA
V09,V09/clubench_131_single_seed,Mouse_retina,Mouse_retina,clubench_bridge: CLUBench.load_data z-score,V9 benchmark readout,completed,single_seed_control comparison,NA,NA,NA,NA,NA,NA,NA,NA,NA,NA,NA,NA,NA,NA,NA,NA,NA,NA,NA,NA,V9,0.9304±0.0000,NA,,no_paired_control,NA,NA,NA,NA,NA,NA,NA,NA,NA,NA,NA,NA,NA,NA,NA
V09,V09/clubench_131_single_seed,PCam,PCam,clubench_bridge: CLUBench.load_data z-score,V9 benchmark readout,completed,single_seed_control comparison,NA,NA,NA,NA,NA,NA,NA,NA,NA,NA,NA,NA,NA,NA,NA,NA,NA,NA,NA,NA,V9,0.0465±0.0000,NA,,no_paired_control,NA,NA,NA,NA,NA,NA,NA,NA,NA,NA,NA,NA,NA,NA,NA
V09,V09/clubench_131_single_seed,Waveform,Waveform,clubench_bridge: CLUBench.load_data z-score,V9 benchmark readout,completed,single_seed_control comparison,NA,NA,NA,NA,NA,NA,NA,NA,NA,NA,NA,NA,NA,NA,NA,NA,NA,NA,NA,NA,V9,0.2544±0.0000,NA,,no_paired_control,NA,NA,NA,NA,NA,NA,NA,NA,NA,NA,NA,NA,NA,NA,NA
V09,V09/clubench_131_single_seed,banknote_authentication,banknote_authentication,clubench_bridge: CLUBench.load_data z-score,V9 benchmark readout,completed,single_seed_control comparison,NA,NA,NA,NA,NA,NA,NA,NA,NA,NA,NA,NA,NA,NA,NA,NA,NA,NA,NA,NA,V9,0.0243±0.0000,NA,,no_paired_control,NA,NA,NA,NA,NA,NA,NA,NA,NA,NA,NA,NA,NA,NA,NA
V09,V09/clubench_131_single_seed,birds_bones_and_living_habits,birds_bones_and_living_habits,clubench_bridge: CLUBench.load_data z-score,V9 benchmark readout,completed,single_seed_control comparison,NA,NA,NA,NA,NA,NA,NA,NA,NA,NA,NA,NA,NA,NA,NA,NA,NA,NA,NA,NA,V9,0.2484±0.0000,NA,,no_paired_control,NA,NA,NA,NA,NA,NA,NA,NA,NA,NA,NA,NA,NA,NA,NA
V09,V09/clubench_131_single_seed,blood_transfusion_service_center,blood_transfusion_service_center,clubench_bridge: CLUBench.load_data z-score,V9 benchmark readout,completed,single_seed_control comparison,NA,NA,NA,NA,NA,NA,NA,NA,NA,NA,NA,NA,NA,NA,NA,NA,NA,NA,NA,NA,V9,0.0168±0.0000,NA,,no_paired_control,NA,NA,NA,NA,NA,NA,NA,NA,NA,NA,NA,NA,NA,NA,NA
V09,V09/clubench_131_single_seed,boston,boston,clubench_bridge: CLUBench.load_data z-score,V9 benchmark readout,completed,single_seed_control comparison,NA,NA,NA,NA,NA,NA,NA,NA,NA,NA,NA,NA,NA,NA,NA,NA,NA,NA,NA,NA,V9,0.6155±0.0000,NA,,no_paired_control,NA,NA,NA,NA,NA,NA,NA,NA,NA,NA,NA,NA,NA,NA,NA
V09,V09/clubench_131_single_seed,breast_cancer_coimbra,breast_cancer_coimbra,clubench_bridge: CLUBench.load_data z-score,V9 benchmark readout,completed,single_seed_control comparison,NA,NA,NA,NA,NA,NA,NA,NA,NA,NA,NA,NA,NA,NA,NA,NA,NA,NA,NA,NA,V9,-0.0013±0.0000,NA,,no_paired_control,NA,NA,NA,NA,NA,NA,NA,NA,NA,NA,NA,NA,NA,NA,NA
V09,V09/clubench_131_single_seed,breast_cancer_wisconsin_original,breast_cancer_wisconsin_original,clubench_bridge: CLUBench.load_data z-score,V9 benchmark readout,completed,single_seed_control comparison,NA,NA,NA,NA,NA,NA,NA,NA,NA,NA,NA,NA,NA,NA,NA,NA,NA,NA,NA,NA,V9,0.8526±0.0000,NA,,no_paired_control,NA,NA,NA,NA,NA,NA,NA,NA,NA,NA,NA,NA,NA,NA,NA
V09,V09/clubench_131_single_seed,breast_cancer_wisconsin_prognostic,breast_cancer_wisconsin_prognostic,clubench_bridge: CLUBench.load_data z-score,V9 benchmark readout,completed,single_seed_control comparison,NA,NA,NA,NA,NA,NA,NA,NA,NA,NA,NA,NA,NA,NA,NA,NA,NA,NA,NA,NA,V9,0.6882±0.0000,NA,,no_paired_control,NA,NA,NA,NA,NA,NA,NA,NA,NA,NA,NA,NA,NA,NA,NA
V09,V09/clubench_131_single_seed,breast_tissue,breast_tissue,clubench_bridge: CLUBench.load_data z-score,V9 benchmark readout,completed,single_seed_control comparison,NA,NA,NA,NA,NA,NA,NA,NA,NA,NA,NA,NA,NA,NA,NA,NA,NA,NA,NA,NA,V9,0.3212±0.0000,NA,,no_paired_control,NA,NA,NA,NA,NA,NA,NA,NA,NA,NA,NA,NA,NA,NA,NA
V09,V09/clubench_131_single_seed,cardiovascular_study,cardiovascular_study,clubench_bridge: CLUBench.load_data z-score,V9 benchmark readout,completed,single_seed_control comparison,NA,NA,NA,NA,NA,NA,NA,NA,NA,NA,NA,NA,NA,NA,NA,NA,NA,NA,NA,NA,V9,0.0248±0.0000,NA,,no_paired_control,NA,NA,NA,NA,NA,NA,NA,NA,NA,NA,NA,NA,NA,NA,NA
V09,V09/clubench_131_single_seed,cifar10,cifar10,clubench_bridge: CLUBench.load_data z-score,V9 benchmark readout,completed,single_seed_control comparison,NA,NA,NA,NA,NA,NA,NA,NA,NA,NA,NA,NA,NA,NA,NA,NA,NA,NA,NA,NA,V9,0.0403±0.0000,NA,,no_paired_control,NA,NA,NA,NA,NA,NA,NA,NA,NA,NA,NA,NA,NA,NA,NA
V09,V09/clubench_131_single_seed,classification_in_asteroseismology,classification_in_asteroseismology,clubench_bridge: CLUBench.load_data z-score,V9 benchmark readout,completed,single_seed_control comparison,NA,NA,NA,NA,NA,NA,NA,NA,NA,NA,NA,NA,NA,NA,NA,NA,NA,NA,NA,NA,V9,0.6490±0.0000,NA,,no_paired_control,NA,NA,NA,NA,NA,NA,NA,NA,NA,NA,NA,NA,NA,NA,NA
V09,V09/clubench_131_single_seed,cnae9,cnae9,clubench_bridge: CLUBench.load_data z-score,V9 benchmark readout,completed,single_seed_control comparison,NA,NA,NA,NA,NA,NA,NA,NA,NA,NA,NA,NA,NA,NA,NA,NA,NA,NA,NA,NA,V9,0.3092±0.0000,NA,,no_paired_control,NA,NA,NA,NA,NA,NA,NA,NA,NA,NA,NA,NA,NA,NA,NA
V09,V09/clubench_131_single_seed,coil20,coil20,clubench_bridge: CLUBench.load_data z-score,V9 benchmark readout,completed,single_seed_control comparison,NA,NA,NA,NA,NA,NA,NA,NA,NA,NA,NA,NA,NA,NA,NA,NA,NA,NA,NA,NA,V9,0.6106±0.0000,NA,,no_paired_control,NA,NA,NA,NA,NA,NA,NA,NA,NA,NA,NA,NA,NA,NA,NA
V09,V09/clubench_131_single_seed,credit_risk_classification,credit_risk_classification,clubench_bridge: CLUBench.load_data z-score,V9 benchmark readout,completed,single_seed_control comparison,NA,NA,NA,NA,NA,NA,NA,NA,NA,NA,NA,NA,NA,NA,NA,NA,NA,NA,NA,NA,V9,-0.0184±0.0000,NA,,no_paired_control,NA,NA,NA,NA,NA,NA,NA,NA,NA,NA,NA,NA,NA,NA,NA
V09,V09/clubench_131_single_seed,crowdsourced_mapping,crowdsourced_mapping,clubench_bridge: CLUBench.load_data z-score,V9 benchmark readout,completed,single_seed_control comparison,NA,NA,NA,NA,NA,NA,NA,NA,NA,NA,NA,NA,NA,NA,NA,NA,NA,NA,NA,NA,V9,0.0926±0.0000,NA,,no_paired_control,NA,NA,NA,NA,NA,NA,NA,NA,NA,NA,NA,NA,NA,NA,NA
V09,V09/clubench_131_single_seed,customer_classification,customer_classification,clubench_bridge: CLUBench.load_data z-score,V9 benchmark readout,completed,single_seed_control comparison,NA,NA,NA,NA,NA,NA,NA,NA,NA,NA,NA,NA,NA,NA,NA,NA,NA,NA,NA,NA,V9,0.0126±0.0000,NA,,no_paired_control,NA,NA,NA,NA,NA,NA,NA,NA,NA,NA,NA,NA,NA,NA,NA
V09,V09/clubench_131_single_seed,date_fruit,date_fruit,clubench_bridge: CLUBench.load_data z-score,V9 benchmark readout,completed,single_seed_control comparison,NA,NA,NA,NA,NA,NA,NA,NA,NA,NA,NA,NA,NA,NA,NA,NA,NA,NA,NA,NA,V9,0.6949±0.0000,NA,,no_paired_control,NA,NA,NA,NA,NA,NA,NA,NA,NA,NA,NA,NA,NA,NA,NA
V09,V09/clubench_131_single_seed,dermatology,dermatology,clubench_bridge: CLUBench.load_data z-score,V9 benchmark readout,completed,single_seed_control comparison,NA,NA,NA,NA,NA,NA,NA,NA,NA,NA,NA,NA,NA,NA,NA,NA,NA,NA,NA,NA,V9,0.9244±0.0000,NA,,no_paired_control,NA,NA,NA,NA,NA,NA,NA,NA,NA,NA,NA,NA,NA,NA,NA
V09,V09/clubench_131_single_seed,diabetic_retinopathy_debrecen,diabetic_retinopathy_debrecen,clubench_bridge: CLUBench.load_data z-score,V9 benchmark readout,completed,single_seed_control comparison,NA,NA,NA,NA,NA,NA,NA,NA,NA,NA,NA,NA,NA,NA,NA,NA,NA,NA,NA,NA,V9,0.0059±0.0000,NA,,no_paired_control,NA,NA,NA,NA,NA,NA,NA,NA,NA,NA,NA,NA,NA,NA,NA
V09,V09/clubench_131_single_seed,dilbert,dilbert,clubench_bridge: CLUBench.load_data z-score,V9 benchmark readout,completed,single_seed_control comparison,NA,NA,NA,NA,NA,NA,NA,NA,NA,NA,NA,NA,NA,NA,NA,NA,NA,NA,NA,NA,V9,0.1083±0.0000,NA,,no_paired_control,NA,NA,NA,NA,NA,NA,NA,NA,NA,NA,NA,NA,NA,NA,NA
V09,V09/clubench_131_single_seed,dry_bean,dry_bean,clubench_bridge: CLUBench.load_data z-score,V9 benchmark readout,completed,single_seed_control comparison,NA,NA,NA,NA,NA,NA,NA,NA,NA,NA,NA,NA,NA,NA,NA,NA,NA,NA,NA,NA,V9,0.6998±0.0000,NA,,no_paired_control,NA,NA,NA,NA,NA,NA,NA,NA,NA,NA,NA,NA,NA,NA,NA
V09,V09/clubench_131_single_seed,durum_wheat_features,durum_wheat_features,clubench_bridge: CLUBench.load_data z-score,V9 benchmark readout,completed,single_seed_control comparison,NA,NA,NA,NA,NA,NA,NA,NA,NA,NA,NA,NA,NA,NA,NA,NA,NA,NA,NA,NA,V9,0.3777±0.0000,NA,,no_paired_control,NA,NA,NA,NA,NA,NA,NA,NA,NA,NA,NA,NA,NA,NA,NA
V09,V09/clubench_131_single_seed,echocardiogram,echocardiogram,clubench_bridge: CLUBench.load_data z-score,V9 benchmark readout,completed,single_seed_control comparison,NA,NA,NA,NA,NA,NA,NA,NA,NA,NA,NA,NA,NA,NA,NA,NA,NA,NA,NA,NA,V9,0.3521±0.0000,NA,,no_paired_control,NA,NA,NA,NA,NA,NA,NA,NA,NA,NA,NA,NA,NA,NA,NA
V09,V09/clubench_131_single_seed,ecoli,ecoli,clubench_bridge: CLUBench.load_data z-score,V9 benchmark readout,completed,single_seed_control comparison,NA,NA,NA,NA,NA,NA,NA,NA,NA,NA,NA,NA,NA,NA,NA,NA,NA,NA,NA,NA,V9,0.7439±0.0000,NA,,no_paired_control,NA,NA,NA,NA,NA,NA,NA,NA,NA,NA,NA,NA,NA,NA,NA
V09,V09/clubench_131_single_seed,enron,enron,clubench_bridge: CLUBench.load_data z-score,V9 benchmark readout,completed,single_seed_control comparison,NA,NA,NA,NA,NA,NA,NA,NA,NA,NA,NA,NA,NA,NA,NA,NA,NA,NA,NA,NA,V9,0.8972±0.0000,NA,,no_paired_control,NA,NA,NA,NA,NA,NA,NA,NA,NA,NA,NA,NA,NA,NA,NA
V09,V09/clubench_131_single_seed,epileptic_seizure_recognition,epileptic_seizure_recognition,clubench_bridge: CLUBench.load_data z-score,V9 benchmark readout,completed,single_seed_control comparison,NA,NA,NA,NA,NA,NA,NA,NA,NA,NA,NA,NA,NA,NA,NA,NA,NA,NA,NA,NA,V9,0.0273±0.0000,NA,,no_paired_control,NA,NA,NA,NA,NA,NA,NA,NA,NA,NA,NA,NA,NA,NA,NA
V09,V09/clubench_131_single_seed,extyaleb,extyaleb,clubench_bridge: CLUBench.load_data z-score,V9 benchmark readout,completed,single_seed_control comparison,NA,NA,NA,NA,NA,NA,NA,NA,NA,NA,NA,NA,NA,NA,NA,NA,NA,NA,NA,NA,V9,0.3702±0.0000,NA,,no_paired_control,NA,NA,NA,NA,NA,NA,NA,NA,NA,NA,NA,NA,NA,NA,NA
V09,V09/clubench_131_single_seed,fabert,fabert,clubench_bridge: CLUBench.load_data z-score,V9 benchmark readout,completed,single_seed_control comparison,NA,NA,NA,NA,NA,NA,NA,NA,NA,NA,NA,NA,NA,NA,NA,NA,NA,NA,NA,NA,V9,0.0041±0.0000,NA,,no_paired_control,NA,NA,NA,NA,NA,NA,NA,NA,NA,NA,NA,NA,NA,NA,NA
V09,V09/clubench_131_single_seed,fashion_mnist,fashion_mnist,clubench_bridge: CLUBench.load_data z-score,V9 benchmark readout,completed,single_seed_control comparison,NA,NA,NA,NA,NA,NA,NA,NA,NA,NA,NA,NA,NA,NA,NA,NA,NA,NA,NA,NA,V9,0.3728±0.0000,NA,,no_paired_control,NA,NA,NA,NA,NA,NA,NA,NA,NA,NA,NA,NA,NA,NA,NA
V09,V09/clubench_131_single_seed,fbis.wc,fbis.wc,clubench_bridge: CLUBench.load_data z-score,V9 benchmark readout,completed,single_seed_control comparison,NA,NA,NA,NA,NA,NA,NA,NA,NA,NA,NA,NA,NA,NA,NA,NA,NA,NA,NA,NA,V9,0.3043±0.0000,NA,,no_paired_control,NA,NA,NA,NA,NA,NA,NA,NA,NA,NA,NA,NA,NA,NA,NA
V09,V09/clubench_131_single_seed,fetal_health_classification,fetal_health_classification,clubench_bridge: CLUBench.load_data z-score,V9 benchmark readout,completed,single_seed_control comparison,NA,NA,NA,NA,NA,NA,NA,NA,NA,NA,NA,NA,NA,NA,NA,NA,NA,NA,NA,NA,V9,0.1282±0.0000,NA,,no_paired_control,NA,NA,NA,NA,NA,NA,NA,NA,NA,NA,NA,NA,NA,NA,NA
V09,V09/clubench_131_single_seed,first-order-theorem-proving,first-order-theorem-proving,clubench_bridge: CLUBench.load_data z-score,V9 benchmark readout,completed,single_seed_control comparison,NA,NA,NA,NA,NA,NA,NA,NA,NA,NA,NA,NA,NA,NA,NA,NA,NA,NA,NA,NA,V9,0.0322±0.0000,NA,,no_paired_control,NA,NA,NA,NA,NA,NA,NA,NA,NA,NA,NA,NA,NA,NA,NA
V09,V09/clubench_131_single_seed,flickr_material_database,flickr_material_database,clubench_bridge: CLUBench.load_data z-score,V9 benchmark readout,completed,single_seed_control comparison,NA,NA,NA,NA,NA,NA,NA,NA,NA,NA,NA,NA,NA,NA,NA,NA,NA,NA,NA,NA,V9,0.2310±0.0000,NA,,no_paired_control,NA,NA,NA,NA,NA,NA,NA,NA,NA,NA,NA,NA,NA,NA,NA
V09,V09/clubench_131_single_seed,fraud_detection_bank,fraud_detection_bank,clubench_bridge: CLUBench.load_data z-score,V9 benchmark readout,completed,single_seed_control comparison,NA,NA,NA,NA,NA,NA,NA,NA,NA,NA,NA,NA,NA,NA,NA,NA,NA,NA,NA,NA,V9,0.0049±0.0000,NA,,no_paired_control,NA,NA,NA,NA,NA,NA,NA,NA,NA,NA,NA,NA,NA,NA,NA
V09,V09/clubench_131_single_seed,gas-drift,gas-drift,clubench_bridge: CLUBench.load_data z-score,V9 benchmark readout,completed,single_seed_control comparison,NA,NA,NA,NA,NA,NA,NA,NA,NA,NA,NA,NA,NA,NA,NA,NA,NA,NA,NA,NA,V9,0.1425±0.0000,NA,,no_paired_control,NA,NA,NA,NA,NA,NA,NA,NA,NA,NA,NA,NA,NA,NA,NA
V09,V09/clubench_131_single_seed,gina_prior2,gina_prior2,clubench_bridge: CLUBench.load_data z-score,V9 benchmark readout,completed,single_seed_control comparison,NA,NA,NA,NA,NA,NA,NA,NA,NA,NA,NA,NA,NA,NA,NA,NA,NA,NA,NA,NA,V9,0.3455±0.0000,NA,,no_paired_control,NA,NA,NA,NA,NA,NA,NA,NA,NA,NA,NA,NA,NA,NA,NA
V09,V09/clubench_131_single_seed,glass_identification,glass_identification,clubench_bridge: CLUBench.load_data z-score,V9 benchmark readout,completed,single_seed_control comparison,NA,NA,NA,NA,NA,NA,NA,NA,NA,NA,NA,NA,NA,NA,NA,NA,NA,NA,NA,NA,V9,0.2020±0.0000,NA,,no_paired_control,NA,NA,NA,NA,NA,NA,NA,NA,NA,NA,NA,NA,NA,NA,NA
V09,V09/clubench_131_single_seed,har,har,clubench_bridge: CLUBench.load_data z-score,V9 benchmark readout,completed,single_seed_control comparison,NA,NA,NA,NA,NA,NA,NA,NA,NA,NA,NA,NA,NA,NA,NA,NA,NA,NA,NA,NA,V9,0.3525±0.0000,NA,,no_paired_control,NA,NA,NA,NA,NA,NA,NA,NA,NA,NA,NA,NA,NA,NA,NA
V09,V09/clubench_131_single_seed,harbermans_survival,harbermans_survival,clubench_bridge: CLUBench.load_data z-score,V9 benchmark readout,completed,single_seed_control comparison,NA,NA,NA,NA,NA,NA,NA,NA,NA,NA,NA,NA,NA,NA,NA,NA,NA,NA,NA,NA,V9,0.0161±0.0000,NA,,no_paired_control,NA,NA,NA,NA,NA,NA,NA,NA,NA,NA,NA,NA,NA,NA,NA
V09,V09/clubench_131_single_seed,hate_speech,hate_speech,clubench_bridge: CLUBench.load_data z-score,V9 benchmark readout,completed,single_seed_control comparison,NA,NA,NA,NA,NA,NA,NA,NA,NA,NA,NA,NA,NA,NA,NA,NA,NA,NA,NA,NA,V9,0.0187±0.0000,NA,,no_paired_control,NA,NA,NA,NA,NA,NA,NA,NA,NA,NA,NA,NA,NA,NA,NA
V09,V09/clubench_131_single_seed,heart_attack_analysis_prediction_dataset,heart_attack_analysis_prediction_dataset,clubench_bridge: CLUBench.load_data z-score,V9 benchmark readout,completed,single_seed_control comparison,NA,NA,NA,NA,NA,NA,NA,NA,NA,NA,NA,NA,NA,NA,NA,NA,NA,NA,NA,NA,V9,0.3706±0.0000,NA,,no_paired_control,NA,NA,NA,NA,NA,NA,NA,NA,NA,NA,NA,NA,NA,NA,NA
V09,V09/clubench_131_single_seed,heart_disease,heart_disease,clubench_bridge: CLUBench.load_data z-score,V9 benchmark readout,completed,single_seed_control comparison,NA,NA,NA,NA,NA,NA,NA,NA,NA,NA,NA,NA,NA,NA,NA,NA,NA,NA,NA,NA,V9,0.1288±0.0000,NA,,no_paired_control,NA,NA,NA,NA,NA,NA,NA,NA,NA,NA,NA,NA,NA,NA,NA
V09,V09/clubench_131_single_seed,hepatitis,hepatitis,clubench_bridge: CLUBench.load_data z-score,V9 benchmark readout,completed,single_seed_control comparison,NA,NA,NA,NA,NA,NA,NA,NA,NA,NA,NA,NA,NA,NA,NA,NA,NA,NA,NA,NA,V9,0.1857±0.0000,NA,,no_paired_control,NA,NA,NA,NA,NA,NA,NA,NA,NA,NA,NA,NA,NA,NA,NA
V09,V09/clubench_131_single_seed,htru2,htru2,clubench_bridge: CLUBench.load_data z-score,V9 benchmark readout,completed,single_seed_control comparison,NA,NA,NA,NA,NA,NA,NA,NA,NA,NA,NA,NA,NA,NA,NA,NA,NA,NA,NA,NA,V9,0.7148±0.0000,NA,,no_paired_control,NA,NA,NA,NA,NA,NA,NA,NA,NA,NA,NA,NA,NA,NA,NA
V09,V09/clubench_131_single_seed,human_stress_detection,human_stress_detection,clubench_bridge: CLUBench.load_data z-score,V9 benchmark readout,completed,single_seed_control comparison,NA,NA,NA,NA,NA,NA,NA,NA,NA,NA,NA,NA,NA,NA,NA,NA,NA,NA,NA,NA,V9,0.6350±0.0000,NA,,no_paired_control,NA,NA,NA,NA,NA,NA,NA,NA,NA,NA,NA,NA,NA,NA,NA
V09,V09/clubench_131_single_seed,image_segmentation,image_segmentation,clubench_bridge: CLUBench.load_data z-score,V9 benchmark readout,completed,single_seed_control comparison,NA,NA,NA,NA,NA,NA,NA,NA,NA,NA,NA,NA,NA,NA,NA,NA,NA,NA,NA,NA,V9,0.4143±0.0000,NA,,no_paired_control,NA,NA,NA,NA,NA,NA,NA,NA,NA,NA,NA,NA,NA,NA,NA
V09,V09/clubench_131_single_seed,imdb,imdb,clubench_bridge: CLUBench.load_data z-score,V9 benchmark readout,completed,single_seed_control comparison,NA,NA,NA,NA,NA,NA,NA,NA,NA,NA,NA,NA,NA,NA,NA,NA,NA,NA,NA,NA,V9,0.0477±0.0000,NA,,no_paired_control,NA,NA,NA,NA,NA,NA,NA,NA,NA,NA,NA,NA,NA,NA,NA
V09,V09/clubench_131_single_seed,insurance_company_benchmark,insurance_company_benchmark,clubench_bridge: CLUBench.load_data z-score,V9 benchmark readout,completed,single_seed_control comparison,NA,NA,NA,NA,NA,NA,NA,NA,NA,NA,NA,NA,NA,NA,NA,NA,NA,NA,NA,NA,V9,0.0379±0.0000,NA,,no_paired_control,NA,NA,NA,NA,NA,NA,NA,NA,NA,NA,NA,NA,NA,NA,NA
V09,V09/clubench_131_single_seed,ionosphere,ionosphere,clubench_bridge: CLUBench.load_data z-score,V9 benchmark readout,completed,single_seed_control comparison,NA,NA,NA,NA,NA,NA,NA,NA,NA,NA,NA,NA,NA,NA,NA,NA,NA,NA,NA,NA,V9,0.1825±0.0000,NA,,no_paired_control,NA,NA,NA,NA,NA,NA,NA,NA,NA,NA,NA,NA,NA,NA,NA
V09,V09/clubench_131_single_seed,iris,iris,clubench_bridge: CLUBench.load_data z-score,V9 benchmark readout,completed,single_seed_control comparison,NA,NA,NA,NA,NA,NA,NA,NA,NA,NA,NA,NA,NA,NA,NA,NA,NA,NA,NA,NA,V9,0.6765±0.0000,NA,,no_paired_control,NA,NA,NA,NA,NA,NA,NA,NA,NA,NA,NA,NA,NA,NA,NA
V09,V09/clubench_131_single_seed,labeled_faces_in_the_wild,labeled_faces_in_the_wild,clubench_bridge: CLUBench.load_data z-score,V9 benchmark readout,completed,single_seed_control comparison,NA,NA,NA,NA,NA,NA,NA,NA,NA,NA,NA,NA,NA,NA,NA,NA,NA,NA,NA,NA,V9,0.0020±0.0000,NA,,no_paired_control,NA,NA,NA,NA,NA,NA,NA,NA,NA,NA,NA,NA,NA,NA,NA
V09,V09/clubench_131_single_seed,letter_recognition,letter_recognition,clubench_bridge: CLUBench.load_data z-score,V9 benchmark readout,completed,single_seed_control comparison,NA,NA,NA,NA,NA,NA,NA,NA,NA,NA,NA,NA,NA,NA,NA,NA,NA,NA,NA,NA,V9,0.1275±0.0000,NA,,no_paired_control,NA,NA,NA,NA,NA,NA,NA,NA,NA,NA,NA,NA,NA,NA,NA
V09,V09/clubench_131_single_seed,magic_gamma_telescope,magic_gamma_telescope,clubench_bridge: CLUBench.load_data z-score,V9 benchmark readout,completed,single_seed_control comparison,NA,NA,NA,NA,NA,NA,NA,NA,NA,NA,NA,NA,NA,NA,NA,NA,NA,NA,NA,NA,V9,0.0176±0.0000,NA,,no_paired_control,NA,NA,NA,NA,NA,NA,NA,NA,NA,NA,NA,NA,NA,NA,NA
V09,V09/clubench_131_single_seed,mammographic_mass,mammographic_mass,clubench_bridge: CLUBench.load_data z-score,V9 benchmark readout,completed,single_seed_control comparison,NA,NA,NA,NA,NA,NA,NA,NA,NA,NA,NA,NA,NA,NA,NA,NA,NA,NA,NA,NA,V9,0.3858±0.0000,NA,,no_paired_control,NA,NA,NA,NA,NA,NA,NA,NA,NA,NA,NA,NA,NA,NA,NA
V09,V09/clubench_131_single_seed,mfeat-factors,mfeat-factors,clubench_bridge: CLUBench.load_data z-score,V9 benchmark readout,completed,single_seed_control comparison,NA,NA,NA,NA,NA,NA,NA,NA,NA,NA,NA,NA,NA,NA,NA,NA,NA,NA,NA,NA,V9,0.7027±0.0000,NA,,no_paired_control,NA,NA,NA,NA,NA,NA,NA,NA,NA,NA,NA,NA,NA,NA,NA
V09,V09/clubench_131_single_seed,mfeat-fourier,mfeat-fourier,clubench_bridge: CLUBench.load_data z-score,V9 benchmark readout,completed,single_seed_control comparison,NA,NA,NA,NA,NA,NA,NA,NA,NA,NA,NA,NA,NA,NA,NA,NA,NA,NA,NA,NA,V9,0.4076±0.0000,NA,,no_paired_control,NA,NA,NA,NA,NA,NA,NA,NA,NA,NA,NA,NA,NA,NA,NA
V09,V09/clubench_131_single_seed,mfeat-karhunen,mfeat-karhunen,clubench_bridge: CLUBench.load_data z-score,V9 benchmark readout,completed,single_seed_control comparison,NA,NA,NA,NA,NA,NA,NA,NA,NA,NA,NA,NA,NA,NA,NA,NA,NA,NA,NA,NA,V9,0.6386±0.0000,NA,,no_paired_control,NA,NA,NA,NA,NA,NA,NA,NA,NA,NA,NA,NA,NA,NA,NA
V09,V09/clubench_131_single_seed,mfeat-morphological,mfeat-morphological,clubench_bridge: CLUBench.load_data z-score,V9 benchmark readout,completed,single_seed_control comparison,NA,NA,NA,NA,NA,NA,NA,NA,NA,NA,NA,NA,NA,NA,NA,NA,NA,NA,NA,NA,V9,0.5245±0.0000,NA,,no_paired_control,NA,NA,NA,NA,NA,NA,NA,NA,NA,NA,NA,NA,NA,NA,NA
V09,V09/clubench_131_single_seed,micro-mass,micro-mass,clubench_bridge: CLUBench.load_data z-score,V9 benchmark readout,completed,single_seed_control comparison,NA,NA,NA,NA,NA,NA,NA,NA,NA,NA,NA,NA,NA,NA,NA,NA,NA,NA,NA,NA,V9,0.4857±0.0000,NA,,no_paired_control,NA,NA,NA,NA,NA,NA,NA,NA,NA,NA,NA,NA,NA,NA,NA
V09,V09/clubench_131_single_seed,microbes,microbes,clubench_bridge: CLUBench.load_data z-score,V9 benchmark readout,completed,single_seed_control comparison,NA,NA,NA,NA,NA,NA,NA,NA,NA,NA,NA,NA,NA,NA,NA,NA,NA,NA,NA,NA,V9,0.0438±0.0000,NA,,no_paired_control,NA,NA,NA,NA,NA,NA,NA,NA,NA,NA,NA,NA,NA,NA,NA
V09,V09/clubench_131_single_seed,mnist64,mnist64,clubench_bridge: CLUBench.load_data z-score,V9 benchmark readout,completed,single_seed_control comparison,NA,NA,NA,NA,NA,NA,NA,NA,NA,NA,NA,NA,NA,NA,NA,NA,NA,NA,NA,NA,V9,0.8167±0.0000,NA,,no_paired_control,NA,NA,NA,NA,NA,NA,NA,NA,NA,NA,NA,NA,NA,NA,NA
V09,V09/clubench_131_single_seed,mobile_price_classification,mobile_price_classification,clubench_bridge: CLUBench.load_data z-score,V9 benchmark readout,completed,single_seed_control comparison,NA,NA,NA,NA,NA,NA,NA,NA,NA,NA,NA,NA,NA,NA,NA,NA,NA,NA,NA,NA,V9,0.0068±0.0000,NA,,no_paired_control,NA,NA,NA,NA,NA,NA,NA,NA,NA,NA,NA,NA,NA,NA,NA
V09,V09/clubench_131_single_seed,music_genre_classification,music_genre_classification,clubench_bridge: CLUBench.load_data z-score,V9 benchmark readout,completed,single_seed_control comparison,NA,NA,NA,NA,NA,NA,NA,NA,NA,NA,NA,NA,NA,NA,NA,NA,NA,NA,NA,NA,V9,0.1674±0.0000,NA,,no_paired_control,NA,NA,NA,NA,NA,NA,NA,NA,NA,NA,NA,NA,NA,NA,NA
V09,V09/clubench_131_single_seed,olivetti_faces,olivetti_faces,clubench_bridge: CLUBench.load_data z-score,V9 benchmark readout,completed,single_seed_control comparison,NA,NA,NA,NA,NA,NA,NA,NA,NA,NA,NA,NA,NA,NA,NA,NA,NA,NA,NA,NA,V9,0.5657±0.0000,NA,,no_paired_control,NA,NA,NA,NA,NA,NA,NA,NA,NA,NA,NA,NA,NA,NA,NA
V09,V09/clubench_131_single_seed,optical_recognition_of_handwritten_digits,optical_recognition_of_handwritten_digits,clubench_bridge: CLUBench.load_data z-score,V9 benchmark readout,completed,single_seed_control comparison,NA,NA,NA,NA,NA,NA,NA,NA,NA,NA,NA,NA,NA,NA,NA,NA,NA,NA,NA,NA,V9,0.6028±0.0000,NA,,no_paired_control,NA,NA,NA,NA,NA,NA,NA,NA,NA,NA,NA,NA,NA,NA,NA
V09,V09/clubench_131_single_seed,orbit_classification_for_prediction_nasa,orbit_classification_for_prediction_nasa,clubench_bridge: CLUBench.load_data z-score,V9 benchmark readout,completed,single_seed_control comparison,NA,NA,NA,NA,NA,NA,NA,NA,NA,NA,NA,NA,NA,NA,NA,NA,NA,NA,NA,NA,V9,0.0118±0.0000,NA,,no_paired_control,NA,NA,NA,NA,NA,NA,NA,NA,NA,NA,NA,NA,NA,NA,NA
V09,V09/clubench_131_single_seed,paris_housing_classification,paris_housing_classification,clubench_bridge: CLUBench.load_data z-score,V9 benchmark readout,completed,single_seed_control comparison,NA,NA,NA,NA,NA,NA,NA,NA,NA,NA,NA,NA,NA,NA,NA,NA,NA,NA,NA,NA,V9,-0.0001±0.0000,NA,,no_paired_control,NA,NA,NA,NA,NA,NA,NA,NA,NA,NA,NA,NA,NA,NA,NA
V09,V09/clubench_131_single_seed,parkinsons,parkinsons,clubench_bridge: CLUBench.load_data z-score,V9 benchmark readout,completed,single_seed_control comparison,NA,NA,NA,NA,NA,NA,NA,NA,NA,NA,NA,NA,NA,NA,NA,NA,NA,NA,NA,NA,V9,-0.0965±0.0000,NA,,no_paired_control,NA,NA,NA,NA,NA,NA,NA,NA,NA,NA,NA,NA,NA,NA,NA
V09,V09/clubench_131_single_seed,patient_treatment_classification,patient_treatment_classification,clubench_bridge: CLUBench.load_data z-score,V9 benchmark readout,completed,single_seed_control comparison,NA,NA,NA,NA,NA,NA,NA,NA,NA,NA,NA,NA,NA,NA,NA,NA,NA,NA,NA,NA,V9,0.0196±0.0000,NA,,no_paired_control,NA,NA,NA,NA,NA,NA,NA,NA,NA,NA,NA,NA,NA,NA,NA
V09,V09/clubench_131_single_seed,pen_based_recognition_of_handwritten_digits,pen_based_recognition_of_handwritten_digits,clubench_bridge: CLUBench.load_data z-score,V9 benchmark readout,completed,single_seed_control comparison,NA,NA,NA,NA,NA,NA,NA,NA,NA,NA,NA,NA,NA,NA,NA,NA,NA,NA,NA,NA,V9,0.5497±0.0000,NA,,no_paired_control,NA,NA,NA,NA,NA,NA,NA,NA,NA,NA,NA,NA,NA,NA,NA
V09,V09/clubench_131_single_seed,ph_recognition,ph_recognition,clubench_bridge: CLUBench.load_data z-score,V9 benchmark readout,completed,single_seed_control comparison,NA,NA,NA,NA,NA,NA,NA,NA,NA,NA,NA,NA,NA,NA,NA,NA,NA,NA,NA,NA,V9,0.4164±0.0000,NA,,no_paired_control,NA,NA,NA,NA,NA,NA,NA,NA,NA,NA,NA,NA,NA,NA,NA
V09,V09/clubench_131_single_seed,pima_indians_diabetes_database,pima_indians_diabetes_database,clubench_bridge: CLUBench.load_data z-score,V9 benchmark readout,completed,single_seed_control comparison,NA,NA,NA,NA,NA,NA,NA,NA,NA,NA,NA,NA,NA,NA,NA,NA,NA,NA,NA,NA,V9,0.1242±0.0000,NA,,no_paired_control,NA,NA,NA,NA,NA,NA,NA,NA,NA,NA,NA,NA,NA,NA,NA
V09,V09/clubench_131_single_seed,pistachio,pistachio,clubench_bridge: CLUBench.load_data z-score,V9 benchmark readout,completed,single_seed_control comparison,NA,NA,NA,NA,NA,NA,NA,NA,NA,NA,NA,NA,NA,NA,NA,NA,NA,NA,NA,NA,V9,0.3004±0.0000,NA,,no_paired_control,NA,NA,NA,NA,NA,NA,NA,NA,NA,NA,NA,NA,NA,NA,NA
V09,V09/clubench_131_single_seed,planning_relax,planning_relax,clubench_bridge: CLUBench.load_data z-score,V9 benchmark readout,completed,single_seed_control comparison,NA,NA,NA,NA,NA,NA,NA,NA,NA,NA,NA,NA,NA,NA,NA,NA,NA,NA,NA,NA,V9,-0.0046±0.0000,NA,,no_paired_control,NA,NA,NA,NA,NA,NA,NA,NA,NA,NA,NA,NA,NA,NA,NA
V09,V09/clubench_131_single_seed,poker-hand,poker-hand,clubench_bridge: CLUBench.load_data z-score,V9 benchmark readout,completed,single_seed_control comparison,NA,NA,NA,NA,NA,NA,NA,NA,NA,NA,NA,NA,NA,NA,NA,NA,NA,NA,NA,NA,V9,-0.0000±0.0000,NA,,no_paired_control,NA,NA,NA,NA,NA,NA,NA,NA,NA,NA,NA,NA,NA,NA,NA
V09,V09/clubench_131_single_seed,predicting_pulsar_star,predicting_pulsar_star,clubench_bridge: CLUBench.load_data z-score,V9 benchmark readout,completed,single_seed_control comparison,NA,NA,NA,NA,NA,NA,NA,NA,NA,NA,NA,NA,NA,NA,NA,NA,NA,NA,NA,NA,V9,0.7576±0.0000,NA,,no_paired_control,NA,NA,NA,NA,NA,NA,NA,NA,NA,NA,NA,NA,NA,NA,NA
V09,V09/clubench_131_single_seed,pumpkin_seeds,pumpkin_seeds,clubench_bridge: CLUBench.load_data z-score,V9 benchmark readout,completed,single_seed_control comparison,NA,NA,NA,NA,NA,NA,NA,NA,NA,NA,NA,NA,NA,NA,NA,NA,NA,NA,NA,NA,V9,0.3380±0.0000,NA,,no_paired_control,NA,NA,NA,NA,NA,NA,NA,NA,NA,NA,NA,NA,NA,NA,NA
V09,V09/clubench_131_single_seed,raisin,raisin,clubench_bridge: CLUBench.load_data z-score,V9 benchmark readout,completed,single_seed_control comparison,NA,NA,NA,NA,NA,NA,NA,NA,NA,NA,NA,NA,NA,NA,NA,NA,NA,NA,NA,NA,V9,0.3155±0.0000,NA,,no_paired_control,NA,NA,NA,NA,NA,NA,NA,NA,NA,NA,NA,NA,NA,NA,NA
V09,V09/clubench_131_single_seed,reuters,reuters,clubench_bridge: CLUBench.load_data z-score,V9 benchmark readout,completed,single_seed_control comparison,NA,NA,NA,NA,NA,NA,NA,NA,NA,NA,NA,NA,NA,NA,NA,NA,NA,NA,NA,NA,V9,0.2115±0.0000,NA,,no_paired_control,NA,NA,NA,NA,NA,NA,NA,NA,NA,NA,NA,NA,NA,NA,NA
V09,V09/clubench_131_single_seed,rice_dataset_cammeo_and_osmancik,rice_dataset_cammeo_and_osmancik,clubench_bridge: CLUBench.load_data z-score,V9 benchmark readout,completed,single_seed_control comparison,NA,NA,NA,NA,NA,NA,NA,NA,NA,NA,NA,NA,NA,NA,NA,NA,NA,NA,NA,NA,V9,0.6894±0.0000,NA,,no_paired_control,NA,NA,NA,NA,NA,NA,NA,NA,NA,NA,NA,NA,NA,NA,NA
V09,V09/clubench_131_single_seed,rice_seed_gonen_jasmine,rice_seed_gonen_jasmine,clubench_bridge: CLUBench.load_data z-score,V9 benchmark readout,completed,single_seed_control comparison,NA,NA,NA,NA,NA,NA,NA,NA,NA,NA,NA,NA,NA,NA,NA,NA,NA,NA,NA,NA,V9,0.9227±0.0000,NA,,no_paired_control,NA,NA,NA,NA,NA,NA,NA,NA,NA,NA,NA,NA,NA,NA,NA
V09,V09/clubench_131_single_seed,rmftsa_sleepdata,rmftsa_sleepdata,clubench_bridge: CLUBench.load_data z-score,V9 benchmark readout,completed,single_seed_control comparison,NA,NA,NA,NA,NA,NA,NA,NA,NA,NA,NA,NA,NA,NA,NA,NA,NA,NA,NA,NA,V9,0.0365±0.0000,NA,,no_paired_control,NA,NA,NA,NA,NA,NA,NA,NA,NA,NA,NA,NA,NA,NA,NA
V09,V09/clubench_131_single_seed,satellite_image,satellite_image,clubench_bridge: CLUBench.load_data z-score,V9 benchmark readout,completed,single_seed_control comparison,NA,NA,NA,NA,NA,NA,NA,NA,NA,NA,NA,NA,NA,NA,NA,NA,NA,NA,NA,NA,V9,0.5358±0.0000,NA,,no_paired_control,NA,NA,NA,NA,NA,NA,NA,NA,NA,NA,NA,NA,NA,NA,NA
V09,V09/clubench_131_single_seed,secom,secom,clubench_bridge: CLUBench.load_data z-score,V9 benchmark readout,completed,single_seed_control comparison,NA,NA,NA,NA,NA,NA,NA,NA,NA,NA,NA,NA,NA,NA,NA,NA,NA,NA,NA,NA,V9,-0.0034±0.0000,NA,,no_paired_control,NA,NA,NA,NA,NA,NA,NA,NA,NA,NA,NA,NA,NA,NA,NA
V09,V09/clubench_131_single_seed,seeds,seeds,clubench_bridge: CLUBench.load_data z-score,V9 benchmark readout,completed,single_seed_control comparison,NA,NA,NA,NA,NA,NA,NA,NA,NA,NA,NA,NA,NA,NA,NA,NA,NA,NA,NA,NA,V9,0.7505±0.0000,NA,,no_paired_control,NA,NA,NA,NA,NA,NA,NA,NA,NA,NA,NA,NA,NA,NA,NA
V09,V09/clubench_131_single_seed,seismic_bumps,seismic_bumps,clubench_bridge: CLUBench.load_data z-score,V9 benchmark readout,completed,single_seed_control comparison,NA,NA,NA,NA,NA,NA,NA,NA,NA,NA,NA,NA,NA,NA,NA,NA,NA,NA,NA,NA,V9,0.0168±0.0000,NA,,no_paired_control,NA,NA,NA,NA,NA,NA,NA,NA,NA,NA,NA,NA,NA,NA,NA
V09,V09/clubench_131_single_seed,sentiment_labeld_sentences,sentiment_labeld_sentences,clubench_bridge: CLUBench.load_data z-score,V9 benchmark readout,completed,single_seed_control comparison,NA,NA,NA,NA,NA,NA,NA,NA,NA,NA,NA,NA,NA,NA,NA,NA,NA,NA,NA,NA,V9,0.0215±0.0000,NA,,no_paired_control,NA,NA,NA,NA,NA,NA,NA,NA,NA,NA,NA,NA,NA,NA,NA
V09,V09/clubench_131_single_seed,shuttle,shuttle,clubench_bridge: CLUBench.load_data z-score,V9 benchmark readout,completed,single_seed_control comparison,NA,NA,NA,NA,NA,NA,NA,NA,NA,NA,NA,NA,NA,NA,NA,NA,NA,NA,NA,NA,V9,0.1287±0.0000,NA,,no_paired_control,NA,NA,NA,NA,NA,NA,NA,NA,NA,NA,NA,NA,NA,NA,NA
V09,V09/clubench_131_single_seed,siberian_weather_stats,siberian_weather_stats,clubench_bridge: CLUBench.load_data z-score,V9 benchmark readout,completed,single_seed_control comparison,NA,NA,NA,NA,NA,NA,NA,NA,NA,NA,NA,NA,NA,NA,NA,NA,NA,NA,NA,NA,V9,0.0194±0.0000,NA,,no_paired_control,NA,NA,NA,NA,NA,NA,NA,NA,NA,NA,NA,NA,NA,NA,NA
V09,V09/clubench_131_single_seed,skillcraft1_master_table_dataset,skillcraft1_master_table_dataset,clubench_bridge: CLUBench.load_data z-score,V9 benchmark readout,completed,single_seed_control comparison,NA,NA,NA,NA,NA,NA,NA,NA,NA,NA,NA,NA,NA,NA,NA,NA,NA,NA,NA,NA,V9,0.0848±0.0000,NA,,no_paired_control,NA,NA,NA,NA,NA,NA,NA,NA,NA,NA,NA,NA,NA,NA,NA
V09,V09/clubench_131_single_seed,smoker_condition,smoker_condition,clubench_bridge: CLUBench.load_data z-score,V9 benchmark readout,completed,single_seed_control comparison,NA,NA,NA,NA,NA,NA,NA,NA,NA,NA,NA,NA,NA,NA,NA,NA,NA,NA,NA,NA,V9,0.9299±0.0000,NA,,no_paired_control,NA,NA,NA,NA,NA,NA,NA,NA,NA,NA,NA,NA,NA,NA,NA
V09,V09/clubench_131_single_seed,sms_spam_collection,sms_spam_collection,clubench_bridge: CLUBench.load_data z-score,V9 benchmark readout,completed,single_seed_control comparison,NA,NA,NA,NA,NA,NA,NA,NA,NA,NA,NA,NA,NA,NA,NA,NA,NA,NA,NA,NA,V9,0.8521±0.0000,NA,,no_paired_control,NA,NA,NA,NA,NA,NA,NA,NA,NA,NA,NA,NA,NA,NA,NA
V09,V09/clubench_131_single_seed,spambase,spambase,clubench_bridge: CLUBench.load_data z-score,V9 benchmark readout,completed,single_seed_control comparison,NA,NA,NA,NA,NA,NA,NA,NA,NA,NA,NA,NA,NA,NA,NA,NA,NA,NA,NA,NA,V9,0.5843±0.0000,NA,,no_paired_control,NA,NA,NA,NA,NA,NA,NA,NA,NA,NA,NA,NA,NA,NA,NA
V09,V09/clubench_131_single_seed,spectf_heart,spectf_heart,clubench_bridge: CLUBench.load_data z-score,V9 benchmark readout,completed,single_seed_control comparison,NA,NA,NA,NA,NA,NA,NA,NA,NA,NA,NA,NA,NA,NA,NA,NA,NA,NA,NA,NA,V9,0.1339±0.0000,NA,,no_paired_control,NA,NA,NA,NA,NA,NA,NA,NA,NA,NA,NA,NA,NA,NA,NA
V09,V09/clubench_131_single_seed,statlog_german_credit,statlog_german_credit,clubench_bridge: CLUBench.load_data z-score,V9 benchmark readout,completed,single_seed_control comparison,NA,NA,NA,NA,NA,NA,NA,NA,NA,NA,NA,NA,NA,NA,NA,NA,NA,NA,NA,NA,V9,0.0094±0.0000,NA,,no_paired_control,NA,NA,NA,NA,NA,NA,NA,NA,NA,NA,NA,NA,NA,NA,NA
V09,V09/clubench_131_single_seed,statlog_image_segmentation,statlog_image_segmentation,clubench_bridge: CLUBench.load_data z-score,V9 benchmark readout,completed,single_seed_control comparison,NA,NA,NA,NA,NA,NA,NA,NA,NA,NA,NA,NA,NA,NA,NA,NA,NA,NA,NA,NA,V9,0.4715±0.0000,NA,,no_paired_control,NA,NA,NA,NA,NA,NA,NA,NA,NA,NA,NA,NA,NA,NA,NA
V09,V09/clubench_131_single_seed,steel-plates-fault,steel-plates-fault,clubench_bridge: CLUBench.load_data z-score,V9 benchmark readout,completed,single_seed_control comparison,NA,NA,NA,NA,NA,NA,NA,NA,NA,NA,NA,NA,NA,NA,NA,NA,NA,NA,NA,NA,V9,-0.0399±0.0000,NA,,no_paired_control,NA,NA,NA,NA,NA,NA,NA,NA,NA,NA,NA,NA,NA,NA,NA
V09,V09/clubench_131_single_seed,street_view_house_numbers,street_view_house_numbers,clubench_bridge: CLUBench.load_data z-score,V9 benchmark readout,completed,single_seed_control comparison,NA,NA,NA,NA,NA,NA,NA,NA,NA,NA,NA,NA,NA,NA,NA,NA,NA,NA,NA,NA,V9,-0.0001±0.0000,NA,,no_paired_control,NA,NA,NA,NA,NA,NA,NA,NA,NA,NA,NA,NA,NA,NA,NA
V09,V09/clubench_131_single_seed,student_grade,student_grade,clubench_bridge: CLUBench.load_data z-score,V9 benchmark readout,completed,single_seed_control comparison,NA,NA,NA,NA,NA,NA,NA,NA,NA,NA,NA,NA,NA,NA,NA,NA,NA,NA,NA,NA,V9,0.1823±0.0000,NA,,no_paired_control,NA,NA,NA,NA,NA,NA,NA,NA,NA,NA,NA,NA,NA,NA,NA
V09,V09/clubench_131_single_seed,synthetic_control,synthetic_control,clubench_bridge: CLUBench.load_data z-score,V9 benchmark readout,completed,single_seed_control comparison,NA,NA,NA,NA,NA,NA,NA,NA,NA,NA,NA,NA,NA,NA,NA,NA,NA,NA,NA,NA,V9,0.6031±0.0000,NA,,no_paired_control,NA,NA,NA,NA,NA,NA,NA,NA,NA,NA,NA,NA,NA,NA,NA
V09,V09/clubench_131_single_seed,tamilnadu-electricity,tamilnadu-electricity,clubench_bridge: CLUBench.load_data z-score,V9 benchmark readout,completed,single_seed_control comparison,NA,NA,NA,NA,NA,NA,NA,NA,NA,NA,NA,NA,NA,NA,NA,NA,NA,NA,NA,NA,V9,-0.0001±0.0000,NA,,no_paired_control,NA,NA,NA,NA,NA,NA,NA,NA,NA,NA,NA,NA,NA,NA,NA
V09,V09/clubench_131_single_seed,tr45.wc,tr45.wc,clubench_bridge: CLUBench.load_data z-score,V9 benchmark readout,completed,single_seed_control comparison,NA,NA,NA,NA,NA,NA,NA,NA,NA,NA,NA,NA,NA,NA,NA,NA,NA,NA,NA,NA,V9,0.0069±0.0000,NA,,no_paired_control,NA,NA,NA,NA,NA,NA,NA,NA,NA,NA,NA,NA,NA,NA,NA
V09,V09/clubench_131_single_seed,turkish_music_emotion,turkish_music_emotion,clubench_bridge: CLUBench.load_data z-score,V9 benchmark readout,completed,single_seed_control comparison,NA,NA,NA,NA,NA,NA,NA,NA,NA,NA,NA,NA,NA,NA,NA,NA,NA,NA,NA,NA,V9,0.2995±0.0000,NA,,no_paired_control,NA,NA,NA,NA,NA,NA,NA,NA,NA,NA,NA,NA,NA,NA,NA
V09,V09/clubench_131_single_seed,user_knowledge_modeling,user_knowledge_modeling,clubench_bridge: CLUBench.load_data z-score,V9 benchmark readout,completed,single_seed_control comparison,NA,NA,NA,NA,NA,NA,NA,NA,NA,NA,NA,NA,NA,NA,NA,NA,NA,NA,NA,NA,V9,0.1375±0.0000,NA,,no_paired_control,NA,NA,NA,NA,NA,NA,NA,NA,NA,NA,NA,NA,NA,NA,NA
V09,V09/clubench_131_single_seed,vehicle,vehicle,clubench_bridge: CLUBench.load_data z-score,V9 benchmark readout,completed,single_seed_control comparison,NA,NA,NA,NA,NA,NA,NA,NA,NA,NA,NA,NA,NA,NA,NA,NA,NA,NA,NA,NA,V9,0.0658±0.0000,NA,,no_paired_control,NA,NA,NA,NA,NA,NA,NA,NA,NA,NA,NA,NA,NA,NA,NA
V09,V09/clubench_131_single_seed,wall-robot-navigation,wall-robot-navigation,clubench_bridge: CLUBench.load_data z-score,V9 benchmark readout,completed,single_seed_control comparison,NA,NA,NA,NA,NA,NA,NA,NA,NA,NA,NA,NA,NA,NA,NA,NA,NA,NA,NA,NA,V9,0.0551±0.0000,NA,,no_paired_control,NA,NA,NA,NA,NA,NA,NA,NA,NA,NA,NA,NA,NA,NA,NA
V09,V09/clubench_131_single_seed,water_quality,water_quality,clubench_bridge: CLUBench.load_data z-score,V9 benchmark readout,completed,single_seed_control comparison,NA,NA,NA,NA,NA,NA,NA,NA,NA,NA,NA,NA,NA,NA,NA,NA,NA,NA,NA,NA,V9,-0.0007±0.0000,NA,,no_paired_control,NA,NA,NA,NA,NA,NA,NA,NA,NA,NA,NA,NA,NA,NA,NA
V09,V09/clubench_131_single_seed,weather,weather,clubench_bridge: CLUBench.load_data z-score,V9 benchmark readout,completed,single_seed_control comparison,NA,NA,NA,NA,NA,NA,NA,NA,NA,NA,NA,NA,NA,NA,NA,NA,NA,NA,NA,NA,V9,1.0000±0.0000,NA,,no_paired_control,NA,NA,NA,NA,NA,NA,NA,NA,NA,NA,NA,NA,NA,NA,NA
V09,V09/clubench_131_single_seed,website_phishing,website_phishing,clubench_bridge: CLUBench.load_data z-score,V9 benchmark readout,completed,single_seed_control comparison,NA,NA,NA,NA,NA,NA,NA,NA,NA,NA,NA,NA,NA,NA,NA,NA,NA,NA,NA,NA,V9,0.3349±0.0000,NA,,no_paired_control,NA,NA,NA,NA,NA,NA,NA,NA,NA,NA,NA,NA,NA,NA,NA
V09,V09/clubench_131_single_seed,wine,wine,clubench_bridge: CLUBench.load_data z-score,V9 benchmark readout,completed,single_seed_control comparison,NA,NA,NA,NA,NA,NA,NA,NA,NA,NA,NA,NA,NA,NA,NA,NA,NA,NA,NA,NA,V9,0.9122±0.0000,NA,,no_paired_control,NA,NA,NA,NA,NA,NA,NA,NA,NA,NA,NA,NA,NA,NA,NA
V09,V09/clubench_131_single_seed,wine_customer,wine_customer,clubench_bridge: CLUBench.load_data z-score,V9 benchmark readout,completed,single_seed_control comparison,NA,NA,NA,NA,NA,NA,NA,NA,NA,NA,NA,NA,NA,NA,NA,NA,NA,NA,NA,NA,V9,0.9122±0.0000,NA,,no_paired_control,NA,NA,NA,NA,NA,NA,NA,NA,NA,NA,NA,NA,NA,NA,NA
V09,V09/clubench_131_single_seed,wine_quality,wine_quality,clubench_bridge: CLUBench.load_data z-score,V9 benchmark readout,completed,single_seed_control comparison,NA,NA,NA,NA,NA,NA,NA,NA,NA,NA,NA,NA,NA,NA,NA,NA,NA,NA,NA,NA,V9,0.0421±0.0000,NA,,no_paired_control,NA,NA,NA,NA,NA,NA,NA,NA,NA,NA,NA,NA,NA,NA,NA
V09,V09/clubench_131_single_seed,wireless_indoor_localization,wireless_indoor_localization,clubench_bridge: CLUBench.load_data z-score,V9 benchmark readout,completed,single_seed_control comparison,NA,NA,NA,NA,NA,NA,NA,NA,NA,NA,NA,NA,NA,NA,NA,NA,NA,NA,NA,NA,V9,0.7688±0.0000,NA,,no_paired_control,NA,NA,NA,NA,NA,NA,NA,NA,NA,NA,NA,NA,NA,NA,NA
V09,V09/clubench_131_single_seed,world12d,world12d,clubench_bridge: CLUBench.load_data z-score,V9 benchmark readout,completed,single_seed_control comparison,NA,NA,NA,NA,NA,NA,NA,NA,NA,NA,NA,NA,NA,NA,NA,NA,NA,NA,NA,NA,V9,0.6827±0.0000,NA,,no_paired_control,NA,NA,NA,NA,NA,NA,NA,NA,NA,NA,NA,NA,NA,NA,NA
V09,V09/clubench_131_single_seed,wos,wos,clubench_bridge: CLUBench.load_data z-score,V9 benchmark readout,completed,single_seed_control comparison,NA,NA,NA,NA,NA,NA,NA,NA,NA,NA,NA,NA,NA,NA,NA,NA,NA,NA,NA,NA,V9,0.2468±0.0000,NA,,no_paired_control,NA,NA,NA,NA,NA,NA,NA,NA,NA,NA,NA,NA,NA,NA,NA
V09,V09/clubench_131_single_seed,yeast,yeast,clubench_bridge: CLUBench.load_data z-score,V9 benchmark readout,completed,single_seed_control comparison,NA,NA,NA,NA,NA,NA,NA,NA,NA,NA,NA,NA,NA,NA,NA,NA,NA,NA,NA,NA,V9,0.1811±0.0000,NA,,no_paired_control,NA,NA,NA,NA,NA,NA,NA,NA,NA,NA,NA,NA,NA,NA,NA
V09,V09/clubench_131_single_seed,zoo,zoo,clubench_bridge: CLUBench.load_data z-score,V9 benchmark readout,completed,single_seed_control comparison,NA,NA,NA,NA,NA,NA,NA,NA,NA,NA,NA,NA,NA,NA,NA,NA,NA,NA,NA,NA,V9,0.7933±0.0000,NA,,no_paired_control,NA,NA,NA,NA,NA,NA,NA,NA,NA,NA,NA,NA,NA,NA,NA
V09,V09/legacy_multiseed,Campbell,Campbell,historical_merged_summary (input protocol not recorded in final_results),V9 legacy readout,completed,3-seed aggregate ablation,v9_nomix,0.1918±0.0144,NA,,paired_delta_not_available,NA,NA,NA,NA,NA,v9_random_neighbors || v9_static_random,0.2288±0.0381 || 0.1774±0.0273,+0.0370±0.0000 || -0.0144±0.0000, || ,paired_positive_scope_limited || paired_neutral_or_small,v9_static_gate,0.2307±0.0455,+0.0389±0.0000,,paired_positive_scope_limited,NA,NA,NA,NA,NA,NA,NA,NA,NA,NA,NA,NA,NA,NA,NA,NA,NA,NA,NA,NA
V09,V09/legacy_multiseed,ISOLET,ISOLET,historical_merged_summary (input protocol not recorded in final_results),V9 legacy readout,completed,3-seed aggregate ablation,v9_nomix,0.5234±0.0330,NA,,paired_delta_not_available,NA,NA,NA,NA,NA,v9_random_neighbors || v9_static_random,0.5088±0.0169 || 0.5150±0.0076,-0.0146±0.0000 || -0.0084±0.0000, || ,paired_neutral_or_small || paired_neutral_or_small,v9_static_gate,0.4968±0.0188,-0.0266±0.0000,,paired_neutral_or_small,NA,NA,NA,NA,NA,NA,NA,NA,NA,NA,NA,NA,NA,NA,NA,NA,NA,NA,NA,NA
V09,V09/legacy_multiseed,Mouse_retina,Mouse_retina,historical_merged_summary (input protocol not recorded in final_results),V9 legacy readout,completed,3-seed aggregate ablation,v9_nomix,0.9479±0.0089,NA,,paired_delta_not_available,NA,NA,NA,NA,NA,v9_random_neighbors || v9_static_random,0.9300±0.0063 || 0.9363±0.0103,-0.0179±0.0000 || -0.0116±0.0000, || ,paired_neutral_or_small || paired_neutral_or_small,v9_static_gate,0.9221±0.0089,-0.0258±0.0000,,paired_neutral_or_small,NA,NA,NA,NA,NA,NA,NA,NA,NA,NA,NA,NA,NA,NA,NA,NA,NA,NA,NA,NA
V09,V09/legacy_multiseed,Quake_Smart-seq2_Lung,Quake_Smart-seq2_Lung,historical_merged_summary (input protocol not recorded in final_results),V9 legacy readout,completed,3-seed aggregate ablation,v9_nomix,0.1637±0.0207,NA,,paired_delta_not_available,NA,NA,NA,NA,NA,v9_random_neighbors || v9_static_random,0.1731±0.0287 || 0.1572±0.0232,+0.0094±0.0000 || -0.0065±0.0000, || ,paired_neutral_or_small || paired_neutral_or_small,v9_static_gate,0.1689±0.0177,+0.0052±0.0000,,paired_neutral_or_small,NA,NA,NA,NA,NA,NA,NA,NA,NA,NA,NA,NA,NA,NA,NA,NA,NA,NA,NA,NA
V09,V09/legacy_multiseed,breast_cancer_wisconsin_original,breast_cancer_wisconsin_original,historical_merged_summary (input protocol not recorded in final_results),V9 legacy readout,completed,3-seed aggregate ablation,v9_nomix,0.8763±0.0026,NA,,paired_delta_not_available,NA,NA,NA,NA,NA,v9_random_neighbors || v9_static_random,0.8947±0.0070 || 0.8928±0.0095,+0.0184±0.0000 || +0.0165±0.0000, || ,paired_neutral_or_small || paired_neutral_or_small,v9_static_gate,0.8910±0.0079,+0.0147±0.0000,,paired_neutral_or_small,NA,NA,NA,NA,NA,NA,NA,NA,NA,NA,NA,NA,NA,NA,NA,NA,NA,NA,NA,NA
V09,V09/legacy_multiseed,cnae9,cnae9,historical_merged_summary (input protocol not recorded in final_results),V9 legacy readout,completed,3-seed aggregate ablation,v9_nomix,0.3324±0.0399,NA,,paired_delta_not_available,NA,NA,NA,NA,NA,v9_random_neighbors || v9_static_random,0.2791±0.0083 || 0.2848±0.0358,-0.0533±0.0000 || -0.0476±0.0000, || ,paired_regression || paired_regression,v9_static_gate,0.3031±0.0193,-0.0293±0.0000,,paired_neutral_or_small,NA,NA,NA,NA,NA,NA,NA,NA,NA,NA,NA,NA,NA,NA,NA,NA,NA,NA,NA,NA
V09,V09/legacy_multiseed,enron,enron,historical_merged_summary (input protocol not recorded in final_results),V9 legacy readout,completed,3-seed aggregate ablation,v9_nomix,0.7818±0.0754,NA,,paired_delta_not_available,NA,NA,NA,NA,NA,v9_random_neighbors || v9_static_random,0.7849±0.0610 || 0.7827±0.0594,+0.0031±0.0000 || +0.0009±0.0000, || ,paired_neutral_or_small || paired_neutral_or_small,v9_static_gate,0.7933±0.0582,+0.0115±0.0000,,paired_neutral_or_small,NA,NA,NA,NA,NA,NA,NA,NA,NA,NA,NA,NA,NA,NA,NA,NA,NA,NA,NA,NA
V09,V09/legacy_multiseed,first-order-theorem-proving,first-order-theorem-proving,historical_merged_summary (input protocol not recorded in final_results),V9 legacy readout,completed,3-seed aggregate ablation,v9_nomix,0.0269±0.0020,NA,,paired_delta_not_available,NA,NA,NA,NA,NA,v9_random_neighbors || v9_static_random,0.0228±0.0040 || 0.0231±0.0049,-0.0041±0.0000 || -0.0038±0.0000, || ,paired_neutral_or_small || paired_neutral_or_small,v9_static_gate,0.0279±0.0036,+0.0010±0.0000,,paired_neutral_or_small,NA,NA,NA,NA,NA,NA,NA,NA,NA,NA,NA,NA,NA,NA,NA,NA,NA,NA,NA,NA
V09,V09/legacy_multiseed,har,har,historical_merged_summary (input protocol not recorded in final_results),V9 legacy readout,completed,3-seed aggregate ablation,v9_nomix,0.5022±0.0339,NA,,paired_delta_not_available,NA,NA,NA,NA,NA,v9_random_neighbors || v9_static_random,0.4824±0.0413 || 0.4923±0.0350,-0.0198±0.0000 || -0.0099±0.0000, || ,paired_neutral_or_small || paired_neutral_or_small,v9_static_gate,0.5021±0.0383,-0.0001±0.0000,,paired_neutral_or_small,NA,NA,NA,NA,NA,NA,NA,NA,NA,NA,NA,NA,NA,NA,NA,NA,NA,NA,NA,NA
V09,V09/legacy_multiseed,hrvatin_filtered,hrvatin_filtered,historical_merged_summary (input protocol not recorded in final_results),V9 legacy readout,completed,3-seed aggregate ablation,v9_nomix,0.7905±0.0620,NA,,paired_delta_not_available,NA,NA,NA,NA,NA,v9_random_neighbors || v9_static_random,0.8365±0.0901 || 0.8376±0.0758,+0.0460±0.0000 || +0.0471±0.0000, || ,paired_positive_scope_limited || paired_positive_scope_limited,v9_static_gate,0.7509±0.0110,-0.0396±0.0000,,paired_regression,NA,NA,NA,NA,NA,NA,NA,NA,NA,NA,NA,NA,NA,NA,NA,NA,NA,NA,NA,NA
V09,V09/legacy_multiseed,iris,iris,historical_merged_summary (input protocol not recorded in final_results),V9 legacy readout,completed,3-seed aggregate ablation,v9_nomix,0.7313±0.0505,NA,,paired_delta_not_available,NA,NA,NA,NA,NA,v9_random_neighbors || v9_static_random,0.6736±0.0167 || 0.6698±0.0127,-0.0577±0.0000 || -0.0615±0.0000, || ,paired_regression || paired_regression,v9_static_gate,0.6740±0.0157,-0.0573±0.0000,,paired_regression,NA,NA,NA,NA,NA,NA,NA,NA,NA,NA,NA,NA,NA,NA,NA,NA,NA,NA,NA,NA
V09,V09/legacy_multiseed,mammographic_mass,mammographic_mass,historical_merged_summary (input protocol not recorded in final_results),V9 legacy readout,completed,3-seed aggregate ablation,v9_nomix,0.3701±0.0137,NA,,paired_delta_not_available,NA,NA,NA,NA,NA,v9_random_neighbors || v9_static_random,0.3632±0.0090 || 0.3622±0.0071,-0.0069±0.0000 || -0.0079±0.0000, || ,paired_neutral_or_small || paired_neutral_or_small,v9_static_gate,0.3622±0.0047,-0.0079±0.0000,,paired_neutral_or_small,NA,NA,NA,NA,NA,NA,NA,NA,NA,NA,NA,NA,NA,NA,NA,NA,NA,NA,NA,NA
V09,V09/legacy_multiseed,reuters,reuters,historical_merged_summary (input protocol not recorded in final_results),V9 legacy readout,completed,3-seed aggregate ablation,v9_nomix,0.2071±0.0008,NA,,paired_delta_not_available,NA,NA,NA,NA,NA,v9_random_neighbors || v9_static_random,0.2004±0.0009 || 0.1955±0.0095,-0.0067±0.0000 || -0.0116±0.0000, || ,paired_neutral_or_small || paired_neutral_or_small,v9_static_gate,0.1933±0.0098,-0.0138±0.0000,,paired_neutral_or_small,NA,NA,NA,NA,NA,NA,NA,NA,NA,NA,NA,NA,NA,NA,NA,NA,NA,NA,NA,NA
V09,V09/legacy_multiseed,sms_spam_collection,sms_spam_collection,historical_merged_summary (input protocol not recorded in final_results),V9 legacy readout,completed,3-seed aggregate ablation,v9_nomix,0.8193±0.0120,NA,,paired_delta_not_available,NA,NA,NA,NA,NA,v9_random_neighbors || v9_static_random,0.8038±0.0115 || 0.8018±0.0079,-0.0155±0.0000 || -0.0175±0.0000, || ,paired_neutral_or_small || paired_neutral_or_small,v9_static_gate,0.8050±0.0084,-0.0143±0.0000,,paired_neutral_or_small,NA,NA,NA,NA,NA,NA,NA,NA,NA,NA,NA,NA,NA,NA,NA,NA,NA,NA,NA,NA
V09,V09/legacy_multiseed,spambase,spambase,historical_merged_summary (input protocol not recorded in final_results),V9 legacy readout,completed,3-seed aggregate ablation,v9_nomix,0.6049±0.0080,NA,,paired_delta_not_available,NA,NA,NA,NA,NA,v9_random_neighbors || v9_static_random,0.4160±0.0398 || 0.4510±0.0269,-0.1889±0.0000 || -0.1539±0.0000, || ,paired_regression || paired_regression,v9_static_gate,0.6327±0.0024,+0.0278±0.0000,,paired_neutral_or_small,NA,NA,NA,NA,NA,NA,NA,NA,NA,NA,NA,NA,NA,NA,NA,NA,NA,NA,NA,NA
V09,V09/paper_preprocess,2d_20c_no0,2d_20c_no0,"raw processed X, StandardScaler; V9 adaptive PCA kNN (upper bound 2000), reliability mix",V9 paper-preprocess readout,completed,3-seed single-variant comparison,NA,NA,NA,NA,NA,NA,NA,NA,NA,NA,NA,NA,NA,NA,NA,NA,NA,NA,NA,NA,V9,0.7631±0.0075,NA,,paired_delta_not_available,NA,NA,NA,NA,NA,NA,NA,NA,NA,NA,NA,NA,NA,NA,NA
V09,V09/paper_preprocess,2d_4c_no4,2d_4c_no4,"raw processed X, StandardScaler; V9 adaptive PCA kNN (upper bound 2000), reliability mix",V9 paper-preprocess readout,completed,3-seed single-variant comparison,NA,NA,NA,NA,NA,NA,NA,NA,NA,NA,NA,NA,NA,NA,NA,NA,NA,NA,NA,NA,V9,0.6825±0.0237,NA,,paired_delta_not_available,NA,NA,NA,NA,NA,NA,NA,NA,NA,NA,NA,NA,NA,NA,NA
V09,V09/paper_preprocess,2d_4c_no9,2d_4c_no9,"raw processed X, StandardScaler; V9 adaptive PCA kNN (upper bound 2000), reliability mix",V9 paper-preprocess readout,completed,3-seed single-variant comparison,NA,NA,NA,NA,NA,NA,NA,NA,NA,NA,NA,NA,NA,NA,NA,NA,NA,NA,NA,NA,V9,0.8076±0.0056,NA,,paired_delta_not_available,NA,NA,NA,NA,NA,NA,NA,NA,NA,NA,NA,NA,NA,NA,NA
V09,V09/paper_preprocess,aggregation,aggregation,"raw processed X, StandardScaler; V9 adaptive PCA kNN (upper bound 2000), reliability mix",V9 paper-preprocess readout,completed,3-seed single-variant comparison,NA,NA,NA,NA,NA,NA,NA,NA,NA,NA,NA,NA,NA,NA,NA,NA,NA,NA,NA,NA,V9,0.5797±0.0079,NA,,paired_delta_not_available,NA,NA,NA,NA,NA,NA,NA,NA,NA,NA,NA,NA,NA,NA,NA
V09,V09/paper_preprocess,asymmetric,asymmetric,"raw processed X, StandardScaler; V9 adaptive PCA kNN (upper bound 2000), reliability mix",V9 paper-preprocess readout,completed,3-seed single-variant comparison,NA,NA,NA,NA,NA,NA,NA,NA,NA,NA,NA,NA,NA,NA,NA,NA,NA,NA,NA,NA,V9,0.5324±0.0688,NA,,paired_delta_not_available,NA,NA,NA,NA,NA,NA,NA,NA,NA,NA,NA,NA,NA,NA,NA
V09,V09/paper_preprocess,balance_scale,balance_scale,"raw processed X, StandardScaler; V9 adaptive PCA kNN (upper bound 2000), reliability mix",V9 paper-preprocess readout,completed,3-seed single-variant comparison,NA,NA,NA,NA,NA,NA,NA,NA,NA,NA,NA,NA,NA,NA,NA,NA,NA,NA,NA,NA,V9,0.1908±0.0906,NA,,paired_delta_not_available,NA,NA,NA,NA,NA,NA,NA,NA,NA,NA,NA,NA,NA,NA,NA
V09,V09/paper_preprocess,banknote,banknote,"raw processed X, StandardScaler; V9 adaptive PCA kNN (upper bound 2000), reliability mix",V9 paper-preprocess readout,completed,3-seed single-variant comparison,NA,NA,NA,NA,NA,NA,NA,NA,NA,NA,NA,NA,NA,NA,NA,NA,NA,NA,NA,NA,V9,0.0116±0.0069,NA,,paired_delta_not_available,NA,NA,NA,NA,NA,NA,NA,NA,NA,NA,NA,NA,NA,NA,NA
V09,V09/paper_preprocess,dim064,dim064,"raw processed X, StandardScaler; V9 adaptive PCA kNN (upper bound 2000), reliability mix",V9 paper-preprocess readout,completed,3-seed single-variant comparison,NA,NA,NA,NA,NA,NA,NA,NA,NA,NA,NA,NA,NA,NA,NA,NA,NA,NA,NA,NA,V9,0.9965±0.0032,NA,,paired_delta_not_available,NA,NA,NA,NA,NA,NA,NA,NA,NA,NA,NA,NA,NA,NA,NA
V09,V09/paper_preprocess,dim512,dim512,"raw processed X, StandardScaler; V9 adaptive PCA kNN (upper bound 2000), reliability mix",V9 paper-preprocess readout,completed,3-seed single-variant comparison,NA,NA,NA,NA,NA,NA,NA,NA,NA,NA,NA,NA,NA,NA,NA,NA,NA,NA,NA,NA,V9,1.0000±0.0000,NA,,paired_delta_not_available,NA,NA,NA,NA,NA,NA,NA,NA,NA,NA,NA,NA,NA,NA,NA
V09,V09/paper_preprocess,flame,flame,"raw processed X, StandardScaler; V9 adaptive PCA kNN (upper bound 2000), reliability mix",V9 paper-preprocess readout,completed,3-seed single-variant comparison,NA,NA,NA,NA,NA,NA,NA,NA,NA,NA,NA,NA,NA,NA,NA,NA,NA,NA,NA,NA,V9,0.1324±0.0035,NA,,paired_delta_not_available,NA,NA,NA,NA,NA,NA,NA,NA,NA,NA,NA,NA,NA,NA,NA
V09,V09/paper_preprocess,glass,glass,"raw processed X, StandardScaler; V9 adaptive PCA kNN (upper bound 2000), reliability mix",V9 paper-preprocess readout,completed,3-seed single-variant comparison,NA,NA,NA,NA,NA,NA,NA,NA,NA,NA,NA,NA,NA,NA,NA,NA,NA,NA,NA,NA,V9,0.3904±0.0098,NA,,paired_delta_not_available,NA,NA,NA,NA,NA,NA,NA,NA,NA,NA,NA,NA,NA,NA,NA
V09,V09/paper_preprocess,image_segment,image_segment,"raw processed X, StandardScaler; V9 adaptive PCA kNN (upper bound 2000), reliability mix",V9 paper-preprocess readout,completed,3-seed single-variant comparison,NA,NA,NA,NA,NA,NA,NA,NA,NA,NA,NA,NA,NA,NA,NA,NA,NA,NA,NA,NA,V9,0.2712±0.0427,NA,,paired_delta_not_available,NA,NA,NA,NA,NA,NA,NA,NA,NA,NA,NA,NA,NA,NA,NA
V09,V09/paper_preprocess,landsat,landsat,"raw processed X, StandardScaler; V9 adaptive PCA kNN (upper bound 2000), reliability mix",V9 paper-preprocess readout,completed,3-seed single-variant comparison,NA,NA,NA,NA,NA,NA,NA,NA,NA,NA,NA,NA,NA,NA,NA,NA,NA,NA,NA,NA,V9,0.5380±0.0060,NA,,paired_delta_not_available,NA,NA,NA,NA,NA,NA,NA,NA,NA,NA,NA,NA,NA,NA,NA
V09,V09/paper_preprocess,libras_movement,libras_movement,"raw processed X, StandardScaler; V9 adaptive PCA kNN (upper bound 2000), reliability mix",V9 paper-preprocess readout,completed,3-seed single-variant comparison,NA,NA,NA,NA,NA,NA,NA,NA,NA,NA,NA,NA,NA,NA,NA,NA,NA,NA,NA,NA,V9,0.2151±0.0100,NA,,paired_delta_not_available,NA,NA,NA,NA,NA,NA,NA,NA,NA,NA,NA,NA,NA,NA,NA
V09,V09/paper_preprocess,olivetti_faces,olivetti_faces,"raw processed X, StandardScaler; V9 adaptive PCA kNN (upper bound 2000), reliability mix",V9 paper-preprocess readout,completed,3-seed single-variant comparison,NA,NA,NA,NA,NA,NA,NA,NA,NA,NA,NA,NA,NA,NA,NA,NA,NA,NA,NA,NA,V9,0.1103±0.0063,NA,,paired_delta_not_available,NA,NA,NA,NA,NA,NA,NA,NA,NA,NA,NA,NA,NA,NA,NA
V09,V09/paper_preprocess,rice,rice,"raw processed X, StandardScaler; V9 adaptive PCA kNN (upper bound 2000), reliability mix",V9 paper-preprocess readout,completed,3-seed single-variant comparison,NA,NA,NA,NA,NA,NA,NA,NA,NA,NA,NA,NA,NA,NA,NA,NA,NA,NA,NA,NA,V9,0.2664±0.0581,NA,,paired_delta_not_available,NA,NA,NA,NA,NA,NA,NA,NA,NA,NA,NA,NA,NA,NA,NA
V09,V09/paper_preprocess,smile,smile,"raw processed X, StandardScaler; V9 adaptive PCA kNN (upper bound 2000), reliability mix",V9 paper-preprocess readout,completed,3-seed single-variant comparison,NA,NA,NA,NA,NA,NA,NA,NA,NA,NA,NA,NA,NA,NA,NA,NA,NA,NA,NA,NA,V9,0.3707±0.0190,NA,,paired_delta_not_available,NA,NA,NA,NA,NA,NA,NA,NA,NA,NA,NA,NA,NA,NA,NA
V09,V09/paper_preprocess,spect_heart,spect_heart,"raw processed X, StandardScaler; V9 adaptive PCA kNN (upper bound 2000), reliability mix",V9 paper-preprocess readout,completed,3-seed single-variant comparison,NA,NA,NA,NA,NA,NA,NA,NA,NA,NA,NA,NA,NA,NA,NA,NA,NA,NA,NA,NA,V9,0.2459±0.0288,NA,,paired_delta_not_available,NA,NA,NA,NA,NA,NA,NA,NA,NA,NA,NA,NA,NA,NA,NA
V09,V09/paper_preprocess,student_evaluation,student_evaluation,"raw processed X, StandardScaler; V9 adaptive PCA kNN (upper bound 2000), reliability mix",V9 paper-preprocess readout,completed,3-seed single-variant comparison,NA,NA,NA,NA,NA,NA,NA,NA,NA,NA,NA,NA,NA,NA,NA,NA,NA,NA,NA,NA,V9,0.0042±0.0113,NA,,paired_delta_not_available,NA,NA,NA,NA,NA,NA,NA,NA,NA,NA,NA,NA,NA,NA,NA
V09,V09/paper_preprocess,twodiamonds,twodiamonds,"raw processed X, StandardScaler; V9 adaptive PCA kNN (upper bound 2000), reliability mix",V9 paper-preprocess readout,completed,3-seed single-variant comparison,NA,NA,NA,NA,NA,NA,NA,NA,NA,NA,NA,NA,NA,NA,NA,NA,NA,NA,NA,NA,V9,0.9851±0.0086,NA,,paired_delta_not_available,NA,NA,NA,NA,NA,NA,NA,NA,NA,NA,NA,NA,NA,NA,NA
V09,V09/paper_preprocess,unbalance,unbalance,"raw processed X, StandardScaler; V9 adaptive PCA kNN (upper bound 2000), reliability mix",V9 paper-preprocess readout,completed,3-seed single-variant comparison,NA,NA,NA,NA,NA,NA,NA,NA,NA,NA,NA,NA,NA,NA,NA,NA,NA,NA,NA,NA,V9,0.5750±0.0001,NA,,paired_delta_not_available,NA,NA,NA,NA,NA,NA,NA,NA,NA,NA,NA,NA,NA,NA,NA
V09,V09/paper_preprocess,vehicle,vehicle,"raw processed X, StandardScaler; V9 adaptive PCA kNN (upper bound 2000), reliability mix",V9 paper-preprocess readout,completed,3-seed single-variant comparison,NA,NA,NA,NA,NA,NA,NA,NA,NA,NA,NA,NA,NA,NA,NA,NA,NA,NA,NA,NA,V9,0.0749±0.0099,NA,,paired_delta_not_available,NA,NA,NA,NA,NA,NA,NA,NA,NA,NA,NA,NA,NA,NA,NA
V09,V09/paper_preprocess,vertebral_column,vertebral_column,"raw processed X, StandardScaler; V9 adaptive PCA kNN (upper bound 2000), reliability mix",V9 paper-preprocess readout,completed,3-seed single-variant comparison,NA,NA,NA,NA,NA,NA,NA,NA,NA,NA,NA,NA,NA,NA,NA,NA,NA,NA,NA,NA,V9,0.2340±0.0072,NA,,paired_delta_not_available,NA,NA,NA,NA,NA,NA,NA,NA,NA,NA,NA,NA,NA,NA,NA
V09,V09/paper_preprocess,website_phishing,website_phishing,"raw processed X, StandardScaler; V9 adaptive PCA kNN (upper bound 2000), reliability mix",V9 paper-preprocess readout,completed,3-seed single-variant comparison,NA,NA,NA,NA,NA,NA,NA,NA,NA,NA,NA,NA,NA,NA,NA,NA,NA,NA,NA,NA,V9,0.2929±0.0597,NA,,paired_delta_not_available,NA,NA,NA,NA,NA,NA,NA,NA,NA,NA,NA,NA,NA,NA,NA
V10,V10/comparison,Campbell,Campbell,AHDPC processed legacy; protocol field absent from final_results CSV,V10 legacy readout,completed,single variant multiseed record,NA,NA,NA,NA,NA,NA,NA,NA,NA,NA,NA,NA,NA,NA,NA,NA,NA,NA,NA,NA,v10_nomix_init,0.1872±0.0188,NA,effective_gate_max=0.150 (capacity only),paired_delta_not_available,NA,NA,NA,NA,NA,NA,NA,NA,NA,NA,NA,NA,NA,NA,NA
V10,V10/comparison,ISOLET,ISOLET,AHDPC processed legacy; protocol field absent from final_results CSV,V10 legacy readout,completed,3-seed legacy comparison,v10_nomix,0.5234±0.0404,NA,effective_gate_max=0.150 (capacity only),paired_delta_not_available,NA,NA,NA,NA,NA,NA,NA,NA,NA,NA,NA,NA,NA,NA,NA,v10_nomix_init,0.4713±0.0486,-0.0521±0.0847,effective_gate_max=0.150 (capacity only),paired_neutral_or_small|paired_regression,NA,NA,NA,NA,NA,NA,NA,NA,NA,NA,NA,NA,NA,NA,NA
V10,V10/comparison,first-order-theorem-proving,first-order-theorem-proving,AHDPC processed legacy; protocol field absent from final_results CSV,V10 legacy readout,completed,3-seed legacy comparison,v10_nomix,0.0269±0.0025,NA,effective_gate_max=0.150 (capacity only),paired_delta_not_available,NA,NA,NA,NA,NA,NA,NA,NA,NA,NA,NA,NA,NA,NA,NA,v10_nomix_init,0.0240±0.0032,-0.0029±0.0034,effective_gate_max=0.150 (capacity only),paired_neutral_or_small,NA,NA,NA,NA,NA,NA,NA,NA,NA,NA,NA,NA,NA,NA,NA
V10,V10/comparison,sms_spam_collection,sms_spam_collection,AHDPC processed legacy; protocol field absent from final_results CSV,V10 legacy readout,completed,3-seed legacy comparison,v10_nomix,0.8193±0.0147,NA,effective_gate_max=0.150 (capacity only),paired_delta_not_available,NA,NA,NA,NA,NA,NA,NA,NA,NA,NA,NA,NA,NA,NA,NA,v10_nomix_init,0.8149±0.0142,-0.0044±0.0144,effective_gate_max=0.150 (capacity only),paired_neutral_or_small,NA,NA,NA,NA,NA,NA,NA,NA,NA,NA,NA,NA,NA,NA,NA
V11,V11/tda_h0_pilot,balance_scale,balance_scale,AHDPC processed NPZ; raw-PCA kNN sparse 1-skeleton; TDA-H0 pilot,head_ari (paired table also publishes KMeans ARI),completed,5-dataset x 3-seed paired pilot,V11_nomix,0.1146±0.0604,NA,mean_gate=0.00000; final_gate=0.00000; edge_change=NA,paired_delta_not_available,V11_tda_fixed_filtration || V11_tda_h0_mst,0.1121±0.0614 || 0.1121±0.0614,-0.0025±0.0024 || -0.0025±0.0024,mean_gate=0.01678; final_gate=0.00359; edge_change=0.05472|mean_gate=0.01946; final_gate=0.00370; edge_change=0.04112|mean_gate=0.02175; final_gate=0.00409; edge_change=0.04480 || mean_gate=0.01729; final_gate=0.00352; edge_change=0.05456|mean_gate=0.01957; final_gate=0.00366; edge_change=0.04032|mean_gate=0.02340; final_gate=0.00411; edge_change=0.04048,paired_neutral_or_small || paired_neutral_or_small,V11_tda_random,0.1121±0.0614,-0.0025±0.0024,mean_gate=0.01599; final_gate=0.00350; edge_change=0.05328|mean_gate=0.01821; final_gate=0.00360; edge_change=0.04000|mean_gate=0.02266; final_gate=0.00402; edge_change=0.04352,paired_neutral_or_small,NA,NA,NA,NA,NA,V11_full,0.1121±0.0614,-0.0025±0.0024,mean_gate=0.01353; final_gate=0.00325; edge_change=0.05280|mean_gate=0.01688; final_gate=0.00337; edge_change=0.04192|mean_gate=0.01788; final_gate=0.00371; edge_change=0.04320,paired_neutral_or_small,NA,NA,NA,NA,NA,NA,NA,NA,NA,NA,NA,NA,NA,NA,NA
V11,V11/tda_h0_pilot,banknote,banknote,AHDPC processed NPZ; raw-PCA kNN sparse 1-skeleton; TDA-H0 pilot,head_ari (paired table also publishes KMeans ARI),completed,5-dataset x 3-seed paired pilot,V11_nomix,0.0076±0.0034,NA,mean_gate=0.00000; final_gate=0.00000; edge_change=NA,paired_delta_not_available,V11_tda_fixed_filtration || V11_tda_h0_mst,0.0080±0.0033 || 0.0081±0.0037,+0.0004±0.0004 || +0.0005±0.0008,mean_gate=0.01403; final_gate=0.01770; edge_change=0.05168|mean_gate=0.01642; final_gate=0.01567; edge_change=0.05948|mean_gate=0.01660; final_gate=0.01825; edge_change=0.05634 || mean_gate=0.01423; final_gate=0.01715; edge_change=0.04679|mean_gate=0.01632; final_gate=0.01520; edge_change=0.05867|mean_gate=0.01658; final_gate=0.01771; edge_change=0.05036,paired_neutral_or_small || paired_neutral_or_small,V11_tda_random,0.0082±0.0038,+0.0006±0.0007,mean_gate=0.01251; final_gate=0.01430; edge_change=0.05262|mean_gate=0.01516; final_gate=0.01344; edge_change=0.05787|mean_gate=0.01517; final_gate=0.01501; edge_change=0.05313,paired_neutral_or_small,NA,NA,NA,NA,NA,V11_full,0.0081±0.0038,+0.0005±0.0008,mean_gate=0.01179; final_gate=0.01445; edge_change=0.05138|mean_gate=0.01442; final_gate=0.01515; edge_change=0.05080|mean_gate=0.01459; final_gate=0.01311; edge_change=0.05729,paired_neutral_or_small,NA,NA,NA,NA,NA,NA,NA,NA,NA,NA,NA,NA,NA,NA,NA
V11,V11/tda_h0_pilot,flame,flame,AHDPC processed NPZ; raw-PCA kNN sparse 1-skeleton; TDA-H0 pilot,head_ari (paired table also publishes KMeans ARI),completed,5-dataset x 3-seed paired pilot,V11_nomix,0.3943±0.0791,NA,mean_gate=0.00000; final_gate=0.00000; edge_change=NA,paired_delta_not_available,V11_tda_fixed_filtration || V11_tda_h0_mst,0.3943±0.0791 || 0.3943±0.0791,+0.0000±0.0000 || +0.0000±0.0000,mean_gate=0.08121; final_gate=0.02837; edge_change=0.03542|mean_gate=0.12119; final_gate=0.05414; edge_change=0.02375|mean_gate=0.13604; final_gate=0.05704; edge_change=0.01458 || mean_gate=0.08084; final_gate=0.02886; edge_change=0.03583|mean_gate=0.12052; final_gate=0.05382; edge_change=0.02500|mean_gate=0.13702; final_gate=0.05818; edge_change=0.01458,paired_neutral_or_small || paired_neutral_or_small,V11_tda_random,0.3943±0.0791,+0.0000±0.0000,mean_gate=0.08341; final_gate=0.02877; edge_change=0.03750|mean_gate=0.12415; final_gate=0.05547; edge_change=0.02458|mean_gate=0.13596; final_gate=0.05542; edge_change=0.01458,paired_neutral_or_small,NA,NA,NA,NA,NA,V11_full,0.3943±0.0791,+0.0000±0.0000,mean_gate=0.08629; final_gate=0.02771; edge_change=0.03792|mean_gate=0.12493; final_gate=0.04997; edge_change=0.02458|mean_gate=0.13303; final_gate=0.05127; edge_change=0.01375,paired_neutral_or_small,NA,NA,NA,NA,NA,NA,NA,NA,NA,NA,NA,NA,NA,NA,NA
V11,V11/tda_h0_pilot,spect_heart,spect_heart,AHDPC processed NPZ; raw-PCA kNN sparse 1-skeleton; TDA-H0 pilot,head_ari (paired table also publishes KMeans ARI),completed,5-dataset x 3-seed paired pilot,V11_nomix,0.1476±0.0657,NA,mean_gate=0.00000; final_gate=0.00000; edge_change=NA,paired_delta_not_available,V11_tda_fixed_filtration || V11_tda_h0_mst,0.1370±0.0421 || 0.1370±0.0421,-0.0106±0.0271 || -0.0106±0.0271,mean_gate=0.05022; final_gate=0.01204; edge_change=0.12697|mean_gate=0.05278; final_gate=0.01193; edge_change=0.11423|mean_gate=0.07055; final_gate=0.01589; edge_change=0.10187 || mean_gate=0.05411; final_gate=0.01163; edge_change=0.12097|mean_gate=0.05577; final_gate=0.01211; edge_change=0.11423|mean_gate=0.07015; final_gate=0.01555; edge_change=0.12322,paired_neutral_or_small|paired_regression || paired_neutral_or_small|paired_regression,V11_tda_random,0.1370±0.0421,-0.0106±0.0271,mean_gate=0.05163; final_gate=0.01157; edge_change=0.09213|mean_gate=0.05395; final_gate=0.01092; edge_change=0.08015|mean_gate=0.07087; final_gate=0.01601; edge_change=0.09101,paired_neutral_or_small|paired_regression,NA,NA,NA,NA,NA,V11_full,0.1370±0.0421,-0.0106±0.0271,mean_gate=0.04440; final_gate=0.00949; edge_change=0.12397|mean_gate=0.04875; final_gate=0.01044; edge_change=0.11610|mean_gate=0.06628; final_gate=0.01329; edge_change=0.09064,paired_neutral_or_small|paired_regression,NA,NA,NA,NA,NA,NA,NA,NA,NA,NA,NA,NA,NA,NA,NA
V11,V11/tda_h0_pilot,vehicle,vehicle,AHDPC processed NPZ; raw-PCA kNN sparse 1-skeleton; TDA-H0 pilot,head_ari (paired table also publishes KMeans ARI),completed,5-dataset x 3-seed paired pilot,V11_nomix,0.0825±0.0095,NA,mean_gate=0.00000; final_gate=0.00000; edge_change=NA,paired_delta_not_available,V11_tda_fixed_filtration || V11_tda_h0_mst,0.0824±0.0104 || 0.0823±0.0104,-0.0001±0.0008 || -0.0002±0.0009,mean_gate=0.00998; final_gate=0.00879; edge_change=0.07222|mean_gate=0.01616; final_gate=0.00859; edge_change=0.07033|mean_gate=0.02096; final_gate=0.00800; edge_change=0.06868 || mean_gate=0.01189; final_gate=0.00859; edge_change=0.07541|mean_gate=0.01808; final_gate=0.00871; edge_change=0.07069|mean_gate=0.01864; final_gate=0.00801; edge_change=0.07128,paired_neutral_or_small || paired_neutral_or_small,V11_tda_random,0.0823±0.0103,-0.0002±0.0007,mean_gate=0.01094; final_gate=0.00874; edge_change=0.07459|mean_gate=0.01721; final_gate=0.00872; edge_change=0.06879|mean_gate=0.02033; final_gate=0.00832; edge_change=0.07080,paired_neutral_or_small,NA,NA,NA,NA,NA,V11_full,0.0823±0.0103,-0.0002±0.0007,mean_gate=0.00934; final_gate=0.00871; edge_change=0.07305|mean_gate=0.01582; final_gate=0.00875; edge_change=0.07033|mean_gate=0.02166; final_gate=0.00805; edge_change=0.06974,paired_neutral_or_small,NA,NA,NA,NA,NA,NA,NA,NA,NA,NA,NA,NA,NA,NA,NA
V12,V12/stage3_topology_search,balance_scale,balance_scale,AHDPC processed NPZ; raw-PCA kNN sparse 1-skeleton; V12 stage-3 topology search,V12 legacy ARI readout,completed,144-run stage-3 grid; no-go report,self_null_lam0.3_rm0.5_si0.3 || self_null_lam0.3_rm0.5_si0.5 || self_null_lam0.3_rm1.0_si0.3 || self_null_lam0.3_rm1.0_si0.5 || self_null_lam0.5_rm0.5_si0.3 || self_null_lam0.5_rm0.5_si0.5 || self_null_lam0.5_rm1.0_si0.3 || self_null_lam0.5_rm1.0_si0.5,0.1421±0.0404 || 0.1421±0.0389 || 0.1421±0.0404 || 0.1421±0.0389 || 0.1424±0.0436 || 0.1451±0.0436 || 0.1431±0.0425 || 0.1451±0.0436,NA || NA || NA || NA || NA || NA || NA || NA,self_mass=0.56954; edge_entropy=1.48066; effective_neighbors=4.41758 || self_mass=0.58455; edge_entropy=1.48068; effective_neighbors=4.41766 || self_mass=0.59033; edge_entropy=1.39806; effective_neighbors=4.10029 || self_mass=0.61098; edge_entropy=1.39802; effective_neighbors=4.10014 || self_mass=0.58530; edge_entropy=1.48050; effective_neighbors=4.41689 || self_mass=0.59262; edge_entropy=1.48058; effective_neighbors=4.41721 || self_mass=0.60437; edge_entropy=1.39806; effective_neighbors=4.10030 || self_mass=0.61842; edge_entropy=1.39802; effective_neighbors=4.10014,paired_delta_not_available || paired_delta_not_available || paired_delta_not_available || paired_delta_not_available || paired_delta_not_available || paired_delta_not_available || paired_delta_not_available || paired_delta_not_available,NA,NA,NA,NA,NA,NA,NA,NA,NA,NA,NA,NA,NA,NA,NA,edge_only_lam0.3_rm0.5 || edge_only_lam0.3_rm1.0 || edge_only_lam0.5_rm0.5 || edge_only_lam0.5_rm1.0,0.1401±0.0437 || 0.1401±0.0437 || 0.1416±0.0399 || 0.1416±0.0399,+0.0385±0.0000 || +0.0385±0.0000 || +0.0399±0.0000 || +0.0399±0.0000,self_mass=0.00000; edge_entropy=1.48059; effective_neighbors=4.41727 || self_mass=0.00000; edge_entropy=1.39829; effective_neighbors=4.10113 || self_mass=0.00000; edge_entropy=1.48050; effective_neighbors=4.41690 || self_mass=0.00000; edge_entropy=1.39840; effective_neighbors=4.10153,paired_positive_scope_limited || paired_positive_scope_limited || paired_positive_scope_limited || paired_positive_scope_limited,NA,NA,NA,NA,NA,NA,NA,NA,NA,NA,NA,NA,NA,NA,NA
V12,V12/stage3_topology_search,flame,flame,AHDPC processed NPZ; raw-PCA kNN sparse 1-skeleton; V12 stage-3 topology search,V12 legacy ARI readout,completed,144-run stage-3 grid; no-go report,self_null_lam0.3_rm0.5_si0.3 || self_null_lam0.3_rm0.5_si0.5 || self_null_lam0.3_rm1.0_si0.3 || self_null_lam0.3_rm1.0_si0.5 || self_null_lam0.5_rm0.5_si0.3 || self_null_lam0.5_rm0.5_si0.5 || self_null_lam0.5_rm1.0_si0.3 || self_null_lam0.5_rm1.0_si0.5,0.5035±0.0066 || 0.5035±0.0066 || 0.5035±0.0066 || 0.5035±0.0066 || 0.5035±0.0066 || 0.5035±0.0066 || 0.5035±0.0066 || 0.5035±0.0066,NA || NA || NA || NA || NA || NA || NA || NA,self_mass=0.45473; edge_entropy=1.59137; effective_neighbors=4.91130 || self_mass=0.60486; edge_entropy=1.59137; effective_neighbors=4.91127 || self_mass=0.44777; edge_entropy=1.58661; effective_neighbors=4.88855 || self_mass=0.59777; edge_entropy=1.58660; effective_neighbors=4.88854 || self_mass=0.46271; edge_entropy=1.59137; effective_neighbors=4.91131 || self_mass=0.60836; edge_entropy=1.59137; effective_neighbors=4.91129 || self_mass=0.45575; edge_entropy=1.58660; effective_neighbors=4.88852 || self_mass=0.60130; edge_entropy=1.58661; effective_neighbors=4.88856,paired_delta_not_available || paired_delta_not_available || paired_delta_not_available || paired_delta_not_available || paired_delta_not_available || paired_delta_not_available || paired_delta_not_available || paired_delta_not_available,NA,NA,NA,NA,NA,NA,NA,NA,NA,NA,NA,NA,NA,NA,NA,edge_only_lam0.3_rm0.5 || edge_only_lam0.3_rm1.0 || edge_only_lam0.5_rm0.5 || edge_only_lam0.5_rm1.0,0.5035±0.0066 || 0.5035±0.0066 || 0.4996±0.0117 || 0.4996±0.0117,-0.0119±0.0000 || -0.0119±0.0000 || -0.0158±0.0000 || -0.0158±0.0000,self_mass=0.00000; edge_entropy=1.59136; effective_neighbors=4.91126 || self_mass=0.00000; edge_entropy=1.58661; effective_neighbors=4.88857 || self_mass=0.00000; edge_entropy=1.59136; effective_neighbors=4.91126 || self_mass=0.00000; edge_entropy=1.58661; effective_neighbors=4.88857,paired_neutral_or_small || paired_neutral_or_small || paired_neutral_or_small || paired_neutral_or_small,NA,NA,NA,NA,NA,NA,NA,NA,NA,NA,NA,NA,NA,NA,NA
V12,V12/stage3_topology_search,spect_heart,spect_heart,AHDPC processed NPZ; raw-PCA kNN sparse 1-skeleton; V12 stage-3 topology search,V12 legacy ARI readout,completed,144-run stage-3 grid; no-go report,self_null_lam0.3_rm0.5_si0.3 || self_null_lam0.3_rm0.5_si0.5 || self_null_lam0.3_rm1.0_si0.3 || self_null_lam0.3_rm1.0_si0.5 || self_null_lam0.5_rm0.5_si0.3 || self_null_lam0.5_rm0.5_si0.5 || self_null_lam0.5_rm1.0_si0.3 || self_null_lam0.5_rm1.0_si0.5,0.0049±0.0124 || 0.0062±0.0138 || 0.0049±0.0124 || 0.0050±0.0121 || 0.0056±0.0129 || 0.0040±0.0138 || 0.0056±0.0129 || 0.0039±0.0140,NA || NA || NA || NA || NA || NA || NA || NA,self_mass=0.57998; edge_entropy=1.53059; effective_neighbors=4.63300 || self_mass=0.60798; edge_entropy=1.53063; effective_neighbors=4.63313 || self_mass=0.59664; edge_entropy=1.45923; effective_neighbors=4.34094 || self_mass=0.62444; edge_entropy=1.45882; effective_neighbors=4.33940 || self_mass=0.57920; edge_entropy=1.53038; effective_neighbors=4.63204 || self_mass=0.60951; edge_entropy=1.53081; effective_neighbors=4.63392 || self_mass=0.59381; edge_entropy=1.46032; effective_neighbors=4.34511 || self_mass=0.62446; edge_entropy=1.45953; effective_neighbors=4.34208,paired_delta_not_available || paired_delta_not_available || paired_delta_not_available || paired_delta_not_available || paired_delta_not_available || paired_delta_not_available || paired_delta_not_available || paired_delta_not_available,NA,NA,NA,NA,NA,NA,NA,NA,NA,NA,NA,NA,NA,NA,NA,edge_only_lam0.3_rm0.5 || edge_only_lam0.3_rm1.0 || edge_only_lam0.5_rm0.5 || edge_only_lam0.5_rm1.0,0.0115±0.0169 || 0.0115±0.0169 || 0.0051±0.0282 || 0.0127±0.0189,+0.0065±0.0000 || +0.0065±0.0000 || +0.0001±0.0000 || +0.0077±0.0000,self_mass=0.00000; edge_entropy=1.53079; effective_neighbors=4.63378 || self_mass=0.00000; edge_entropy=1.46658; effective_neighbors=4.36910 || self_mass=0.00000; edge_entropy=1.53029; effective_neighbors=4.63156 || self_mass=0.00000; edge_entropy=1.46957; effective_neighbors=4.38065,paired_neutral_or_small || paired_neutral_or_small || paired_neutral_or_small || paired_neutral_or_small,NA,NA,NA,NA,NA,NA,NA,NA,NA,NA,NA,NA,NA,NA,NA
V12,V12/stage3_topology_search,vehicle,vehicle,AHDPC processed NPZ; raw-PCA kNN sparse 1-skeleton; V12 stage-3 topology search,V12 legacy ARI readout,completed,144-run stage-3 grid; no-go report,self_null_lam0.3_rm0.5_si0.3 || self_null_lam0.3_rm0.5_si0.5 || self_null_lam0.3_rm1.0_si0.3 || self_null_lam0.3_rm1.0_si0.5 || self_null_lam0.5_rm0.5_si0.3 || self_null_lam0.5_rm0.5_si0.5 || self_null_lam0.5_rm1.0_si0.3 || self_null_lam0.5_rm1.0_si0.5,0.0976±0.0059 || 0.0969±0.0053 || 0.0970±0.0054 || 0.0971±0.0056 || 0.0955±0.0124 || 0.0955±0.0122 || 0.0954±0.0123 || 0.1015±0.0073,NA || NA || NA || NA || NA || NA || NA || NA,self_mass=0.88931; edge_entropy=1.32358; effective_neighbors=3.82084 || self_mass=0.89170; edge_entropy=1.32325; effective_neighbors=3.81970 || self_mass=0.88419; edge_entropy=1.25773; effective_neighbors=3.60240 || self_mass=0.88563; edge_entropy=1.25719; effective_neighbors=3.60066 || self_mass=0.92284; edge_entropy=1.32278; effective_neighbors=3.81815 || self_mass=0.92538; edge_entropy=1.32116; effective_neighbors=3.81267 || self_mass=0.91421; edge_entropy=1.25718; effective_neighbors=3.60069 || self_mass=0.91517; edge_entropy=1.25630; effective_neighbors=3.59786,paired_delta_not_available || paired_delta_not_available || paired_delta_not_available || paired_delta_not_available || paired_delta_not_available || paired_delta_not_available || paired_delta_not_available || paired_delta_not_available,NA,NA,NA,NA,NA,NA,NA,NA,NA,NA,NA,NA,NA,NA,NA,edge_only_lam0.3_rm0.5 || edge_only_lam0.3_rm1.0 || edge_only_lam0.5_rm0.5 || edge_only_lam0.5_rm1.0,0.0845±0.0038 || 0.0843±0.0027 || 0.0870±0.0049 || 0.0851±0.0041,+0.0094±0.0000 || +0.0092±0.0000 || +0.0120±0.0000 || +0.0101±0.0000,self_mass=0.00000; edge_entropy=1.25218; effective_neighbors=3.59123 || self_mass=0.00000; edge_entropy=1.23291; effective_neighbors=3.52588 || self_mass=0.00000; edge_entropy=1.19704; effective_neighbors=3.43257 || self_mass=0.00000; edge_entropy=1.19563; effective_neighbors=3.41646,paired_neutral_or_small || paired_neutral_or_small || paired_neutral_or_small || paired_neutral_or_small,NA,NA,NA,NA,NA,NA,NA,NA,NA,NA,NA,NA,NA,NA,NA
V13,V13/hard_gate,balance_scale,balance_scale,AHDPC processed NPZ; V13 Gumbel-Top-k hard-gate batch,ARI column in runs.csv,completed,5-dataset x 3-seed paired hard-gate batch,nomix,0.1163±0.0392,NA,selected_neighbors=0.0000; effective_neighbors=0.0000,paired_delta_not_available,NA,NA,NA,NA,NA,NA,NA,NA,NA,NA,NA,NA,NA,NA,NA,NA,NA,NA,NA,NA,topk2,0.1394±0.0157,+0.0231±0.0507,selected_neighbors=2.0000; effective_neighbors=2.0000,paired_neutral_or_small|paired_positive_scope_limited,NA,NA,NA,NA,NA,NA,NA,NA,NA,NA
V13,V13/hard_gate,enron,enron,AHDPC processed NPZ; V13 Gumbel-Top-k hard-gate batch,ARI column in runs.csv,completed,5-dataset x 3-seed paired hard-gate batch,nomix,0.8026±0.1041,NA,selected_neighbors=0.0000; effective_neighbors=0.0000,paired_delta_not_available,NA,NA,NA,NA,NA,NA,NA,NA,NA,NA,NA,NA,NA,NA,NA,NA,NA,NA,NA,NA,topk2,0.0716±0.0061,-0.7310±0.0990,selected_neighbors=2.0000; effective_neighbors=2.0000,paired_regression,NA,NA,NA,NA,NA,NA,NA,NA,NA,NA
V13,V13/hard_gate,flame,flame,AHDPC processed NPZ; V13 Gumbel-Top-k hard-gate batch,ARI column in runs.csv,completed,5-dataset x 3-seed paired hard-gate batch,nomix,0.3897±0.1092,NA,selected_neighbors=0.0000; effective_neighbors=0.0000,paired_delta_not_available,NA,NA,NA,NA,NA,NA,NA,NA,NA,NA,NA,NA,NA,NA,NA,NA,NA,NA,NA,NA,topk2,0.3058±0.0721,-0.0839±0.1757,selected_neighbors=2.0000; effective_neighbors=2.0000,paired_positive_scope_limited|paired_regression,NA,NA,NA,NA,NA,NA,NA,NA,NA,NA
V13,V13/hard_gate,spect_heart,spect_heart,AHDPC processed NPZ; V13 Gumbel-Top-k hard-gate batch,ARI column in runs.csv,completed,5-dataset x 3-seed paired hard-gate batch,nomix,-0.0264±0.0302,NA,selected_neighbors=0.0000; effective_neighbors=0.0000,paired_delta_not_available,NA,NA,NA,NA,NA,NA,NA,NA,NA,NA,NA,NA,NA,NA,NA,NA,NA,NA,NA,NA,topk2,-0.0106±0.0152,+0.0158±0.0306,selected_neighbors=2.0000; effective_neighbors=2.0000,paired_neutral_or_small|paired_positive_scope_limited,NA,NA,NA,NA,NA,NA,NA,NA,NA,NA
V13,V13/hard_gate,vehicle,vehicle,AHDPC processed NPZ; V13 Gumbel-Top-k hard-gate batch,ARI column in runs.csv,completed,5-dataset x 3-seed paired hard-gate batch,nomix,0.0780±0.0017,NA,selected_neighbors=0.0000; effective_neighbors=0.0000,paired_delta_not_available,NA,NA,NA,NA,NA,NA,NA,NA,NA,NA,NA,NA,NA,NA,NA,NA,NA,NA,NA,NA,topk2,0.0761±0.0026,-0.0019±0.0036,selected_neighbors=2.0000; effective_neighbors=2.0000,paired_neutral_or_small,NA,NA,NA,NA,NA,NA,NA,NA,NA,NA
V14,V14/advantage_5ds,balance_scale,balance_scale,AHDPC processed NPZ; V14 advantage batch,ARI column in runs.csv (head_ari also present),completed,5-dataset x 3-seed paired advantage batch,v14_nomix,0.1662±0.0383,NA,gate_mean=0.00000; gate_last=0.00000; target_mean=0.00000,paired_delta_not_available,NA,NA,NA,NA,NA,NA,NA,NA,NA,NA,NA,NA,NA,NA,NA,v14_full,0.1690±0.0376,+0.0028±0.0007,gate_mean=0.03692; gate_last=0.01122; target_mean=0.01146|gate_mean=0.04662; gate_last=0.01240; target_mean=0.01221|gate_mean=0.04896; gate_last=0.01309; target_mean=0.01214,paired_neutral_or_small,NA,NA,NA,NA,NA,NA,NA,NA,NA,NA,NA,NA,NA,NA,NA
V14,V14/advantage_5ds,landsat,landsat,AHDPC processed NPZ; V14 advantage batch,ARI column in runs.csv (head_ari also present),completed,5-dataset x 3-seed paired advantage batch,v14_nomix,0.2590±0.1752,NA,gate_mean=0.00000; gate_last=0.00000; target_mean=0.00000,paired_delta_not_available,NA,NA,NA,NA,NA,NA,NA,NA,NA,NA,NA,NA,NA,NA,NA,v14_full,0.2906±0.1242,+0.0316±0.0885,gate_mean=0.01601; gate_last=0.01729; target_mean=0.00992|gate_mean=0.02411; gate_last=0.02545; target_mean=0.01981|gate_mean=0.03306; gate_last=0.03018; target_mean=0.02124,paired_neutral_or_small|paired_positive_scope_limited|paired_regression,NA,NA,NA,NA,NA,NA,NA,NA,NA,NA,NA,NA,NA,NA,NA
V14,V14/advantage_5ds,spectf_heart,spectf_heart,AHDPC processed NPZ; V14 advantage batch,ARI column in runs.csv (head_ari also present),completed,5-dataset x 3-seed paired advantage batch,v14_nomix,0.0000±0.0000,NA,gate_mean=0.00000; gate_last=0.00000; target_mean=0.00000,paired_delta_not_available,NA,NA,NA,NA,NA,NA,NA,NA,NA,NA,NA,NA,NA,NA,NA,v14_full,0.0000±0.0000,+0.0000±0.0000,gate_mean=0.10809; gate_last=0.02613; target_mean=0.00001|gate_mean=0.14018; gate_last=0.03331; target_mean=0.00001|gate_mean=0.27078; gate_last=0.06035; target_mean=0.00002,paired_neutral_or_small,NA,NA,NA,NA,NA,NA,NA,NA,NA,NA,NA,NA,NA,NA,NA
V14,V14/advantage_5ds,vehicle,vehicle,AHDPC processed NPZ; V14 advantage batch,ARI column in runs.csv (head_ari also present),completed,5-dataset x 3-seed paired advantage batch,v14_nomix,0.0833±0.0031,NA,gate_mean=0.00000; gate_last=0.00000; target_mean=0.00000,paired_delta_not_available,NA,NA,NA,NA,NA,NA,NA,NA,NA,NA,NA,NA,NA,NA,NA,v14_full,0.0845±0.0023,+0.0012±0.0041,gate_mean=0.02146; gate_last=0.00268; target_mean=0.00079|gate_mean=0.04207; gate_last=0.00347; target_mean=0.00067|gate_mean=0.05914; gate_last=0.00620; target_mean=0.00086,paired_neutral_or_small,NA,NA,NA,NA,NA,NA,NA,NA,NA,NA,NA,NA,NA,NA,NA
V14,V14/advantage_5ds,vertebral_column,vertebral_column,AHDPC processed NPZ; V14 advantage batch,ARI column in runs.csv (head_ari also present),completed,5-dataset x 3-seed paired advantage batch,v14_nomix,0.1379±0.0198,NA,gate_mean=0.00000; gate_last=0.00000; target_mean=0.00000,paired_delta_not_available,NA,NA,NA,NA,NA,NA,NA,NA,NA,NA,NA,NA,NA,NA,NA,v14_full,0.1240±0.0286,-0.0138±0.0205,gate_mean=0.07253; gate_last=0.00938; target_mean=0.00154|gate_mean=0.07882; gate_last=0.00984; target_mean=0.00206|gate_mean=0.10031; gate_last=0.01120; target_mean=0.00140,paired_neutral_or_small|paired_regression,NA,NA,NA,NA,NA,NA,NA,NA,NA,NA,NA,NA,NA,NA,NA
V16.1,V16_1/20260806,Blood_BoneMarrow,Blood_BoneMarrow,scRNA count / V16.1 clean-compound promotion protocol,clean ARI summary,reported,empirical_not_supported,clean_self,0.2767±0.0000,NA,,restricted_evidence_not_promoted,clean_fixed,0.2802±0.0000,+0.0035±0.0000,,restricted_evidence_not_promoted,clean_shuffled,0.2751±0.0000,-0.0015±0.0000,,restricted_evidence_not_promoted,NA,NA,NA,NA,NA,clean_v16_1,0.2761±0.0000,-0.0006±0.0000,,restricted_evidence_not_promoted,NA,NA,NA,NA,NA,NA,NA,NA,NA,NA,NA,NA,NA,NA,NA
V16.1,V16_1/20260806,Bone_Marrow,Bone_Marrow,scRNA count / V16.1 clean-compound promotion protocol,clean ARI summary,reported,empirical_not_supported,clean_self,0.3806±0.0000,NA,,restricted_evidence_not_promoted,clean_fixed,0.3903±0.0000,+0.0097±0.0000,,restricted_evidence_not_promoted,clean_shuffled,0.3757±0.0000,-0.0049±0.0000,,restricted_evidence_not_promoted,NA,NA,NA,NA,NA,clean_v16_1,0.3782±0.0000,-0.0024±0.0000,,restricted_evidence_not_promoted,NA,NA,NA,NA,NA,NA,NA,NA,NA,NA,NA,NA,NA,NA,NA
V16.1,V16_1/20260806,Human_Pancreas_1,Human_Pancreas_1,scRNA count / V16.1 clean-compound promotion protocol,clean ARI summary,reported,empirical_not_supported,clean_self,0.5594±0.0000,NA,,restricted_evidence_not_promoted,clean_fixed,0.5726±0.0000,+0.0132±0.0000,,restricted_evidence_not_promoted,clean_shuffled,0.5597±0.0000,+0.0002±0.0000,,restricted_evidence_not_promoted,NA,NA,NA,NA,NA,clean_v16_1,0.5594±0.0000,+0.0000±0.0000,,restricted_evidence_not_promoted,NA,NA,NA,NA,NA,NA,NA,NA,NA,NA,NA,NA,NA,NA,NA
V16.1,V16_1/20260806,Human_Pancreas_2,Human_Pancreas_2,scRNA count / V16.1 clean-compound promotion protocol,clean ARI summary,reported,empirical_not_supported,clean_self,0.6685±0.0000,NA,,restricted_evidence_not_promoted,clean_fixed,0.7454±0.0000,+0.0768±0.0000,,restricted_evidence_not_promoted,clean_shuffled,0.6732±0.0000,+0.0046±0.0000,,restricted_evidence_not_promoted,NA,NA,NA,NA,NA,clean_v16_1,0.6788±0.0000,+0.0103±0.0000,,restricted_evidence_not_promoted,NA,NA,NA,NA,NA,NA,NA,NA,NA,NA,NA,NA,NA,NA,NA
V16.1,V16_1/20260806,Human_Pancreas_4,Human_Pancreas_4,scRNA count / V16.1 clean-compound promotion protocol,clean ARI summary,reported,empirical_not_supported,clean_self,1.0000±0.0000,NA,,restricted_evidence_not_promoted,clean_fixed,1.0000±0.0000,+0.0000±0.0000,,restricted_evidence_not_promoted,clean_shuffled,1.0000±0.0000,+0.0000±0.0000,,restricted_evidence_not_promoted,NA,NA,NA,NA,NA,clean_v16_1,1.0000±0.0000,+0.0000±0.0000,,restricted_evidence_not_promoted,NA,NA,NA,NA,NA,NA,NA,NA,NA,NA,NA,NA,NA,NA,NA
V16.1,V16_1/20260806,Mouse_Pancreas_2,Mouse_Pancreas_2,scRNA count / V16.1 clean-compound promotion protocol,clean ARI summary,reported,empirical_not_supported,clean_self,0.7475±0.0000,NA,,restricted_evidence_not_promoted,clean_fixed,0.7616±0.0000,+0.0140±0.0000,,restricted_evidence_not_promoted,clean_shuffled,0.7533±0.0000,+0.0057±0.0000,,restricted_evidence_not_promoted,NA,NA,NA,NA,NA,clean_v16_1,0.7467±0.0000,-0.0009±0.0000,,restricted_evidence_not_promoted,NA,NA,NA,NA,NA,NA,NA,NA,NA,NA,NA,NA,NA,NA,NA
V16.1,V16_1/20260806,Quake_10x_Spleen,Quake_10x_Spleen,scRNA count / V16.1 clean-compound promotion protocol,clean ARI summary,reported,empirical_not_supported,clean_self,0.4669±0.0000,NA,,restricted_evidence_not_promoted,clean_fixed,0.7394±0.0000,+0.2725±0.0000,,restricted_evidence_not_promoted,clean_shuffled,0.4667±0.0000,-0.0001±0.0000,,restricted_evidence_not_promoted,NA,NA,NA,NA,NA,clean_v16_1,0.4669±0.0000,+0.0001±0.0000,,restricted_evidence_not_promoted,NA,NA,NA,NA,NA,NA,NA,NA,NA,NA,NA,NA,NA,NA,NA
V16.1,V16_1/20260807,Quake_Smart-seq2_Lung,Quake_Smart-seq2_Lung,scRNA count / V16.1 clean-compound promotion protocol,clean ARI summary,reported,empirical_not_supported,clean_self,0.4176±0.0000,NA,,restricted_evidence_not_promoted,clean_fixed,0.3957±0.0000,-0.0219±0.0000,,restricted_evidence_not_promoted,clean_shuffled,0.4166±0.0000,-0.0009±0.0000,,restricted_evidence_not_promoted,NA,NA,NA,NA,NA,clean_v16_1,0.4175±0.0000,-0.0001±0.0000,,restricted_evidence_not_promoted,NA,NA,NA,NA,NA,NA,NA,NA,NA,NA,NA,NA,NA,NA,NA
V18,V18/scmae_mainline_v2_2,20newsgroups,local__20newsgroups,v18_scmae_mainline_v2_2; nan_to_num_then_column_standard_scaler,active ARI; V18 also publishes all-row ARI and Leiden readout,completed,149-dataset x 3-seed matrix|auxiliary V18 variant,scmae_only,0.0583±0.0034,NA,0/no gate field,paired_delta_not_available,latent_GW_frozen,0.0672±0.0099,+0.0090±0.0000,hard_open_rate_mean=0.02594; edge_retention_rate_mean=0.02594; abstention_rate_mean=0.62433,paired_neutral_or_small,v18_shuffled_E0,0.0131±0.0040,-0.0452±0.0000,hard_open_rate_mean=0.62125; edge_retention_rate_mean=0.62116; abstention_rate_mean=0.00063,paired_regression,latent_C_exactzero,0.1003±0.0026,+0.0420±0.0000,edge_retention_rate_mean=0.99945; abstention_rate_mean=0.00000,paired_positive_scope_limited,v18_full,0.1011±0.0031,+0.0429±0.0000,hard_open_rate_mean=0.53855; edge_retention_rate_mean=0.53853; abstention_rate_mean=0.00000,paired_positive_scope_limited,NA,NA,NA,NA,NA,NA,NA,NA,NA,NA,NA,NA,NA,NA,NA
V18,V18/scmae_mainline_v2_2,2d_20c_no0,ahdpc_prepared__2d_20c_no0,v18_scmae_mainline_v2_2; nan_to_num_then_column_standard_scaler,active ARI; V18 also publishes all-row ARI and Leiden readout,completed,149-dataset x 3-seed matrix|auxiliary V18 variant,scmae_only,0.9156±0.0209,NA,0/no gate field,paired_delta_not_available,latent_GW_frozen,0.2442±0.0131,-0.6714±0.0000,hard_open_rate_mean=0.02038; edge_retention_rate_mean=0.02038; abstention_rate_mean=0.69260,paired_regression,v18_shuffled_E0,0.1385±0.0160,-0.7771±0.0000,hard_open_rate_mean=0.31372; edge_retention_rate_mean=0.31372; abstention_rate_mean=0.00044,paired_regression,latent_C_exactzero,0.4917±0.0150,-0.4238±0.0000,edge_retention_rate_mean=0.99883; abstention_rate_mean=0.00000,paired_regression,v18_full,0.4211±0.0401,-0.4945±0.0000,hard_open_rate_mean=0.35549; edge_retention_rate_mean=0.35549; abstention_rate_mean=0.00879,paired_regression,NA,NA,NA,NA,NA,NA,NA,NA,NA,NA,NA,NA,NA,NA,NA
V18,V18/scmae_mainline_v2_2,2d_4c_no4,ahdpc_prepared__2d_4c_no4,v18_scmae_mainline_v2_2; nan_to_num_then_column_standard_scaler,active ARI; V18 also publishes all-row ARI and Leiden readout,completed,149-dataset x 3-seed matrix|auxiliary V18 variant,scmae_only,0.7216±0.1482,NA,0/no gate field,paired_delta_not_available,latent_GW_frozen,0.0975±0.0302,-0.6241±0.0000,hard_open_rate_mean=0.01610; edge_retention_rate_mean=0.01610; abstention_rate_mean=0.70297,paired_regression,v18_shuffled_E0,0.2564±0.0536,-0.4651±0.0000,hard_open_rate_mean=0.24817; edge_retention_rate_mean=0.24817; abstention_rate_mean=0.00077,paired_regression,latent_C_exactzero,0.5335±0.0196,-0.1881±0.0000,edge_retention_rate_mean=0.99870; abstention_rate_mean=0.00000,paired_regression,v18_full,0.2947±0.2500,-0.4269±0.0000,hard_open_rate_mean=0.27416; edge_retention_rate_mean=0.27416; abstention_rate_mean=0.02163,paired_regression,NA,NA,NA,NA,NA,NA,NA,NA,NA,NA,NA,NA,NA,NA,NA
V18,V18/scmae_mainline_v2_2,2d_4c_no9,ahdpc_prepared__2d_4c_no9,v18_scmae_mainline_v2_2; nan_to_num_then_column_standard_scaler,active ARI; V18 also publishes all-row ARI and Leiden readout,completed,149-dataset x 3-seed matrix|auxiliary V18 variant,scmae_only,0.8458±0.0334,NA,0/no gate field,paired_delta_not_available,latent_GW_frozen,0.1222±0.0470,-0.7236±0.0000,hard_open_rate_mean=0.02048; edge_retention_rate_mean=0.02048; abstention_rate_mean=0.63242,paired_regression,v18_shuffled_E0,0.3364±0.0918,-0.5094±0.0000,hard_open_rate_mean=0.22831; edge_retention_rate_mean=0.22831; abstention_rate_mean=0.00000,paired_regression,latent_C_exactzero,0.6899±0.0028,-0.1559±0.0000,edge_retention_rate_mean=0.99828; abstention_rate_mean=0.00000,paired_regression,v18_full,0.5549±0.1386,-0.2908±0.0000,hard_open_rate_mean=0.29746; edge_retention_rate_mean=0.29746; abstention_rate_mean=0.01484,paired_regression,NA,NA,NA,NA,NA,NA,NA,NA,NA,NA,NA,NA,NA,NA,NA
V18,V18/scmae_mainline_v2_2,CIFAR10_CLIP,local__cifar10_clip,v18_scmae_mainline_v2_2; nan_to_num_then_column_standard_scaler,active ARI; V18 also publishes all-row ARI and Leiden readout,completed,149-dataset x 3-seed matrix|auxiliary V18 variant,scmae_only,0.5478±0.0198,NA,0/no gate field,paired_delta_not_available,latent_GW_frozen,0.2133±0.0510,-0.3345±0.0000,hard_open_rate_mean=0.02496; edge_retention_rate_mean=0.02496; abstention_rate_mean=0.65227,paired_regression,v18_shuffled_E0,0.3393±0.0166,-0.2085±0.0000,hard_open_rate_mean=0.37064; edge_retention_rate_mean=0.37060; abstention_rate_mean=0.00003,paired_regression,latent_C_exactzero,0.6403±0.0048,+0.0925±0.0000,edge_retention_rate_mean=0.99934; abstention_rate_mean=0.00000,paired_positive_scope_limited,v18_full,0.6216±0.0077,+0.0738±0.0000,hard_open_rate_mean=0.58630; edge_retention_rate_mean=0.58623; abstention_rate_mean=0.00000,paired_positive_scope_limited,NA,NA,NA,NA,NA,NA,NA,NA,NA,NA,NA,NA,NA,NA,NA
V18,V18/scmae_mainline_v2_2,COIL20_CLIP,local__coil20_clip,v18_scmae_mainline_v2_2; nan_to_num_then_column_standard_scaler,active ARI; V18 also publishes all-row ARI and Leiden readout,completed,149-dataset x 3-seed matrix|auxiliary V18 variant,scmae_only,0.7944±0.0282,NA,0/no gate field,paired_delta_not_available,latent_GW_frozen,NA,NA,hard_open_rate_mean=0.00000; edge_retention_rate_mean=0.00000; abstention_rate_mean=1.00000,paired_delta_not_available,v18_shuffled_E0,0.4769±0.0072,-0.3175±0.0000,hard_open_rate_mean=0.17209; edge_retention_rate_mean=0.17209; abstention_rate_mean=0.00556,paired_regression,latent_C_exactzero,0.8128±0.0178,+0.0184±0.0000,edge_retention_rate_mean=0.99942; abstention_rate_mean=0.00000,paired_neutral_or_small,v18_full,0.5488±0.0570,-0.2456±0.0000,hard_open_rate_mean=0.45371; edge_retention_rate_mean=0.45371; abstention_rate_mean=0.00069,paired_regression,NA,NA,NA,NA,NA,NA,NA,NA,NA,NA,NA,NA,NA,NA,NA
V18,V18/scmae_mainline_v2_2,Drug Consumption,local__drug_consumption,v18_scmae_mainline_v2_2; nan_to_num_then_column_standard_scaler,active ARI; V18 also publishes all-row ARI and Leiden readout,completed,149-dataset x 3-seed matrix|auxiliary V18 variant,scmae_only,0.0123±0.0024,NA,0/no gate field,paired_delta_not_available,latent_GW_frozen,0.0084±0.0073,-0.0039±0.0000,hard_open_rate_mean=0.01933; edge_retention_rate_mean=0.01933; abstention_rate_mean=0.61083,paired_neutral_or_small,v18_shuffled_E0,0.0084±0.0042,-0.0039±0.0000,hard_open_rate_mean=0.33839; edge_retention_rate_mean=0.33838; abstention_rate_mean=0.00076,paired_neutral_or_small,latent_C_exactzero,0.0089±0.0019,-0.0034±0.0000,edge_retention_rate_mean=0.99954; abstention_rate_mean=0.00000,paired_neutral_or_small,v18_full,0.0093±0.0099,-0.0030±0.0000,hard_open_rate_mean=0.38878; edge_retention_rate_mean=0.38878; abstention_rate_mean=0.01601,paired_neutral_or_small,NA,NA,NA,NA,NA,NA,NA,NA,NA,NA,NA,NA,NA,NA,NA
V18,V18/scmae_mainline_v2_2,FashionMNIST_CLIP,local__fashionmnist_clip,v18_scmae_mainline_v2_2; nan_to_num_then_column_standard_scaler,active ARI; V18 also publishes all-row ARI and Leiden readout,completed,149-dataset x 3-seed matrix|auxiliary V18 variant,scmae_only,0.5279±0.0040,NA,0/no gate field,paired_delta_not_available,latent_GW_frozen,0.0855±0.0110,-0.4425±0.0000,hard_open_rate_mean=0.01722; edge_retention_rate_mean=0.01722; abstention_rate_mean=0.71890,paired_regression,v18_shuffled_E0,0.3258±0.0101,-0.2021±0.0000,hard_open_rate_mean=0.34826; edge_retention_rate_mean=0.34823; abstention_rate_mean=0.00007,paired_regression,latent_C_exactzero,0.5038±0.0026,-0.0241±0.0000,edge_retention_rate_mean=0.99945; abstention_rate_mean=0.00000,paired_neutral_or_small,v18_full,0.5268±0.0155,-0.0011±0.0000,hard_open_rate_mean=0.58383; edge_retention_rate_mean=0.58379; abstention_rate_mean=0.00003,paired_neutral_or_small,NA,NA,NA,NA,NA,NA,NA,NA,NA,NA,NA,NA,NA,NA,NA
V18,V18/scmae_mainline_v2_2,ISOLET,local__isolet,v18_scmae_mainline_v2_2; nan_to_num_then_column_standard_scaler,active ARI; V18 also publishes all-row ARI and Leiden readout,completed,149-dataset x 3-seed matrix|auxiliary V18 variant,scmae_only,0.5160±0.0069,NA,0/no gate field,paired_delta_not_available,latent_GW_frozen,0.2020±0.0199,-0.3140±0.0000,hard_open_rate_mean=0.02450; edge_retention_rate_mean=0.02450; abstention_rate_mean=0.54175,paired_regression,v18_shuffled_E0,0.1549±0.0120,-0.3611±0.0000,hard_open_rate_mean=0.44304; edge_retention_rate_mean=0.44301; abstention_rate_mean=0.00064,paired_regression,latent_C_exactzero,0.5015±0.0196,-0.0145±0.0000,edge_retention_rate_mean=0.99948; abstention_rate_mean=0.00000,paired_neutral_or_small,v18_full,0.5124±0.0160,-0.0037±0.0000,hard_open_rate_mean=0.55661; edge_retention_rate_mean=0.55657; abstention_rate_mean=0.00030,paired_neutral_or_small,NA,NA,NA,NA,NA,NA,NA,NA,NA,NA,NA,NA,NA,NA,NA
V18,V18/scmae_mainline_v2_2,Indian_pines,local__indian_pines,v18_scmae_mainline_v2_2; nan_to_num_then_column_standard_scaler,active ARI; V18 also publishes all-row ARI and Leiden readout,completed,149-dataset x 3-seed matrix|auxiliary V18 variant,scmae_only,0.3322±0.0069,NA,0/no gate field,paired_delta_not_available,latent_GW_frozen,0.2129±0.1723,-0.1194±0.0000,hard_open_rate_mean=0.01109; edge_retention_rate_mean=0.01109; abstention_rate_mean=0.72887,paired_regression,v18_shuffled_E0,0.3258±0.1160,-0.0064±0.0000,hard_open_rate_mean=0.57243; edge_retention_rate_mean=0.57237; abstention_rate_mean=0.00004,paired_neutral_or_small,latent_C_exactzero,0.3033±0.0051,-0.0289±0.0000,edge_retention_rate_mean=0.99950; abstention_rate_mean=0.00000,paired_neutral_or_small,v18_full,0.3090±0.0010,-0.0233±0.0000,hard_open_rate_mean=0.98894; edge_retention_rate_mean=0.98884; abstention_rate_mean=0.00000,paired_neutral_or_small,NA,NA,NA,NA,NA,NA,NA,NA,NA,NA,NA,NA,NA,NA,NA
V18,V18/scmae_mainline_v2_2,JapaneseVowels,local__japanesevowels,v18_scmae_mainline_v2_2; nan_to_num_then_column_standard_scaler,active ARI; V18 also publishes all-row ARI and Leiden readout,completed,149-dataset x 3-seed matrix|auxiliary V18 variant,scmae_only,0.2502±0.0398,NA,0/no gate field,paired_delta_not_available,latent_GW_frozen,0.0045±0.0017,-0.2457±0.0000,hard_open_rate_mean=0.01885; edge_retention_rate_mean=0.01885; abstention_rate_mean=0.54211,paired_regression,v18_shuffled_E0,0.0658±0.0057,-0.1845±0.0000,hard_open_rate_mean=0.46312; edge_retention_rate_mean=0.46309; abstention_rate_mean=0.00000,paired_regression,latent_C_exactzero,0.2628±0.0249,+0.0125±0.0000,edge_retention_rate_mean=0.99928; abstention_rate_mean=0.00000,paired_neutral_or_small,v18_full,0.2532±0.0356,+0.0030±0.0000,hard_open_rate_mean=0.60660; edge_retention_rate_mean=0.60655; abstention_rate_mean=0.00000,paired_neutral_or_small,NA,NA,NA,NA,NA,NA,NA,NA,NA,NA,NA,NA,NA,NA,NA
V18,V18/scmae_mainline_v2_2,MNIST_CLIP,local__mnist_clip,v18_scmae_mainline_v2_2; nan_to_num_then_column_standard_scaler,active ARI; V18 also publishes all-row ARI and Leiden readout,completed,149-dataset x 3-seed matrix|auxiliary V18 variant,scmae_only,0.5952±0.0059,NA,0/no gate field,paired_delta_not_available,latent_GW_frozen,0.0918±0.0183,-0.5034±0.0000,hard_open_rate_mean=0.02043; edge_retention_rate_mean=0.02043; abstention_rate_mean=0.70645,paired_regression,v18_shuffled_E0,0.2280±0.0227,-0.3672±0.0000,hard_open_rate_mean=0.42673; edge_retention_rate_mean=0.42667; abstention_rate_mean=0.00010,paired_regression,latent_C_exactzero,0.6508±0.0054,+0.0556±0.0000,edge_retention_rate_mean=0.99941; abstention_rate_mean=0.00000,paired_positive_scope_limited,v18_full,0.5959±0.0601,+0.0007±0.0000,hard_open_rate_mean=0.62184; edge_retention_rate_mean=0.62178; abstention_rate_mean=0.00000,paired_neutral_or_small,NA,NA,NA,NA,NA,NA,NA,NA,NA,NA,NA,NA,NA,NA,NA
V18,V18/scmae_mainline_v2_2,Mouse_retina,local__mouse_retina,v18_scmae_mainline_v2_2; nan_to_num_then_column_standard_scaler,active ARI; V18 also publishes all-row ARI and Leiden readout,completed,149-dataset x 3-seed matrix|auxiliary V18 variant,scmae_only,0.9253±0.0266,NA,0/no gate field,paired_delta_not_available,latent_GW_frozen,0.2076±0.0677,-0.7177±0.0000,hard_open_rate_mean=0.01295; edge_retention_rate_mean=0.01295; abstention_rate_mean=0.85672,paired_regression,v18_shuffled_E0,0.0118±0.0064,-0.9135±0.0000,hard_open_rate_mean=0.92017; edge_retention_rate_mean=0.92015; abstention_rate_mean=0.01345,paired_regression,latent_C_exactzero,0.9457±0.0071,+0.0204±0.0000,edge_retention_rate_mean=0.99948; abstention_rate_mean=0.00000,paired_neutral_or_small,v18_full,0.6430±0.1165,-0.2823±0.0000,hard_open_rate_mean=0.96090; edge_retention_rate_mean=0.96090; abstention_rate_mean=0.00108,paired_regression,NA,NA,NA,NA,NA,NA,NA,NA,NA,NA,NA,NA,NA,NA,NA
V18,V18/scmae_mainline_v2_2,Quake_Smart-seq2_Lung,local__quake_smart_seq2_lung,v18_scmae_mainline_v2_2; nan_to_num_then_column_standard_scaler,active ARI; V18 also publishes all-row ARI and Leiden readout,completed,149-dataset x 3-seed matrix|auxiliary V18 variant,scmae_only,0.1529±0.0131,NA,0/no gate field,paired_delta_not_available,latent_GW_frozen,0.1496±0.0391,-0.0032±0.0000,hard_open_rate_mean=0.01789; edge_retention_rate_mean=0.01789; abstention_rate_mean=0.78878,paired_neutral_or_small,v18_shuffled_E0,0.1631±0.0722,+0.0103±0.0000,hard_open_rate_mean=0.30276; edge_retention_rate_mean=0.30276; abstention_rate_mean=0.01591,paired_neutral_or_small,latent_C_exactzero,0.1900±0.0198,+0.0372±0.0000,edge_retention_rate_mean=0.99950; abstention_rate_mean=0.00000,paired_positive_scope_limited,v18_full,0.1532±0.0064,+0.0003±0.0000,hard_open_rate_mean=0.39125; edge_retention_rate_mean=0.39125; abstention_rate_mean=0.04714,paired_neutral_or_small,NA,NA,NA,NA,NA,NA,NA,NA,NA,NA,NA,NA,NA,NA,NA
V18,V18/scmae_mainline_v2_2,Waveform,local__waveform,v18_scmae_mainline_v2_2; nan_to_num_then_column_standard_scaler,active ARI; V18 also publishes all-row ARI and Leiden readout,completed,149-dataset x 3-seed matrix|auxiliary V18 variant,scmae_only,0.2536±0.0002,NA,0/no gate field,paired_delta_not_available,latent_GW_frozen,0.0063±0.0034,-0.2473±0.0000,hard_open_rate_mean=0.01487; edge_retention_rate_mean=0.01487; abstention_rate_mean=0.55780,paired_regression,v18_shuffled_E0,0.2314±0.0025,-0.0221±0.0000,hard_open_rate_mean=0.45888; edge_retention_rate_mean=0.45886; abstention_rate_mean=0.00000,paired_neutral_or_small,latent_C_exactzero,0.2449±0.0021,-0.0087±0.0000,edge_retention_rate_mean=0.99955; abstention_rate_mean=0.00000,paired_neutral_or_small,v18_full,0.2441±0.0004,-0.0095±0.0000,hard_open_rate_mean=0.51232; edge_retention_rate_mean=0.51231; abstention_rate_mean=0.00000,paired_neutral_or_small,NA,NA,NA,NA,NA,NA,NA,NA,NA,NA,NA,NA,NA,NA,NA
V18,V18/scmae_mainline_v2_2,aggregation,ahdpc_prepared__aggregation,v18_scmae_mainline_v2_2; nan_to_num_then_column_standard_scaler,active ARI; V18 also publishes all-row ARI and Leiden readout,completed,149-dataset x 3-seed matrix|auxiliary V18 variant,scmae_only,0.7082±0.0744,NA,0/no gate field,paired_delta_not_available,latent_GW_frozen,0.1590±0.0340,-0.5492±0.0000,hard_open_rate_mean=0.02152; edge_retention_rate_mean=0.02152; abstention_rate_mean=0.63409,paired_regression,v18_shuffled_E0,0.3198±0.0726,-0.3884±0.0000,hard_open_rate_mean=0.22743; edge_retention_rate_mean=0.22743; abstention_rate_mean=0.00000,paired_regression,latent_C_exactzero,0.3263±0.0221,-0.3819±0.0000,edge_retention_rate_mean=0.99895; abstention_rate_mean=0.00000,paired_regression,v18_full,0.4471±0.0816,-0.2611±0.0000,hard_open_rate_mean=0.29146; edge_retention_rate_mean=0.29146; abstention_rate_mean=0.01184,paired_regression,NA,NA,NA,NA,NA,NA,NA,NA,NA,NA,NA,NA,NA,NA,NA
V18,V18/scmae_mainline_v2_2,asymmetric,ahdpc_prepared__asymmetric,v18_scmae_mainline_v2_2; nan_to_num_then_column_standard_scaler,active ARI; V18 also publishes all-row ARI and Leiden readout,completed,149-dataset x 3-seed matrix|auxiliary V18 variant,scmae_only,0.8522±0.0101,NA,0/no gate field,paired_delta_not_available,latent_GW_frozen,0.1197±0.0250,-0.7325±0.0000,hard_open_rate_mean=0.02137; edge_retention_rate_mean=0.02137; abstention_rate_mean=0.63633,paired_regression,v18_shuffled_E0,0.3668±0.0408,-0.4854±0.0000,hard_open_rate_mean=0.22252; edge_retention_rate_mean=0.22252; abstention_rate_mean=0.00000,paired_regression,latent_C_exactzero,0.4457±0.0851,-0.4065±0.0000,edge_retention_rate_mean=0.99842; abstention_rate_mean=0.00000,paired_regression,v18_full,0.4680±0.0142,-0.3842±0.0000,hard_open_rate_mean=0.29105; edge_retention_rate_mean=0.29105; abstention_rate_mean=0.01400,paired_regression,NA,NA,NA,NA,NA,NA,NA,NA,NA,NA,NA,NA,NA,NA,NA
V18,V18/scmae_mainline_v2_2,balance_scale,ahdpc_prepared__balance_scale,v18_scmae_mainline_v2_2; nan_to_num_then_column_standard_scaler,active ARI; V18 also publishes all-row ARI and Leiden readout,completed,149-dataset x 3-seed matrix|auxiliary V18 variant,scmae_only,0.0635±0.0599,NA,0/no gate field,paired_delta_not_available,latent_GW_frozen,0.0177±0.0266,-0.0459±0.0000,hard_open_rate_mean=0.02520; edge_retention_rate_mean=0.02520; abstention_rate_mean=0.48533,paired_regression,v18_shuffled_E0,0.0425±0.0714,-0.0210±0.0000,hard_open_rate_mean=0.18564; edge_retention_rate_mean=0.18564; abstention_rate_mean=0.00000,paired_neutral_or_small,latent_C_exactzero,0.0386±0.0576,-0.0250±0.0000,edge_retention_rate_mean=0.99945; abstention_rate_mean=0.00000,paired_neutral_or_small,v18_full,0.0474±0.0748,-0.0161±0.0000,hard_open_rate_mean=0.23576; edge_retention_rate_mean=0.23576; abstention_rate_mean=0.00587,paired_neutral_or_small,NA,NA,NA,NA,NA,NA,NA,NA,NA,NA,NA,NA,NA,NA,NA
V18,V18/scmae_mainline_v2_2,banknote,ahdpc_prepared__banknote,v18_scmae_mainline_v2_2; nan_to_num_then_column_standard_scaler,active ARI; V18 also publishes all-row ARI and Leiden readout,completed,149-dataset x 3-seed matrix|auxiliary V18 variant,scmae_only,0.0140±0.0032,NA,0/no gate field,paired_delta_not_available,latent_GW_frozen,0.0315±0.0494,+0.0175±0.0000,hard_open_rate_mean=0.02353; edge_retention_rate_mean=0.02353; abstention_rate_mean=0.60398,paired_neutral_or_small,v18_shuffled_E0,0.0163±0.0122,+0.0023±0.0000,hard_open_rate_mean=0.28862; edge_retention_rate_mean=0.28862; abstention_rate_mean=0.00024,paired_neutral_or_small,latent_C_exactzero,0.0192±0.0105,+0.0052±0.0000,edge_retention_rate_mean=0.99939; abstention_rate_mean=0.00000,paired_neutral_or_small,v18_full,0.0056±0.0103,-0.0084±0.0000,hard_open_rate_mean=0.34587; edge_retention_rate_mean=0.34587; abstention_rate_mean=0.01166,paired_neutral_or_small,NA,NA,NA,NA,NA,NA,NA,NA,NA,NA,NA,NA,NA,NA,NA
V18,V18/scmae_mainline_v2_2,banknote_authentication,local__banknote_authentication,v18_scmae_mainline_v2_2; nan_to_num_then_column_standard_scaler,active ARI; V18 also publishes all-row ARI and Leiden readout,completed,149-dataset x 3-seed matrix|auxiliary V18 variant,scmae_only,0.0140±0.0032,NA,0/no gate field,paired_delta_not_available,latent_GW_frozen,0.0315±0.0494,+0.0175±0.0000,hard_open_rate_mean=0.02353; edge_retention_rate_mean=0.02353; abstention_rate_mean=0.60398,paired_neutral_or_small,v18_shuffled_E0,0.0163±0.0122,+0.0023±0.0000,hard_open_rate_mean=0.28862; edge_retention_rate_mean=0.28862; abstention_rate_mean=0.00024,paired_neutral_or_small,latent_C_exactzero,0.0192±0.0105,+0.0052±0.0000,edge_retention_rate_mean=0.99939; abstention_rate_mean=0.00000,paired_neutral_or_small,v18_full,0.0056±0.0103,-0.0084±0.0000,hard_open_rate_mean=0.34587; edge_retention_rate_mean=0.34587; abstention_rate_mean=0.01166,paired_neutral_or_small,NA,NA,NA,NA,NA,NA,NA,NA,NA,NA,NA,NA,NA,NA,NA
V18,V18/scmae_mainline_v2_2,birds_bones_and_living_habits,local__birds_bones_and_living_habits,v18_scmae_mainline_v2_2; nan_to_num_then_column_standard_scaler,active ARI; V18 also publishes all-row ARI and Leiden readout,completed,149-dataset x 3-seed matrix|auxiliary V18 variant,scmae_only,0.2751±0.0370,NA,0/no gate field,paired_delta_not_available,latent_GW_frozen,0.1828±0.0554,-0.0923±0.0000,hard_open_rate_mean=0.01622; edge_retention_rate_mean=0.01622; abstention_rate_mean=0.67554,paired_regression,v18_shuffled_E0,0.1382±0.0145,-0.1368±0.0000,hard_open_rate_mean=0.17888; edge_retention_rate_mean=0.17888; abstention_rate_mean=0.00000,paired_regression,latent_C_exactzero,0.1329±0.0070,-0.1422±0.0000,edge_retention_rate_mean=0.99946; abstention_rate_mean=0.00000,paired_regression,v18_full,0.2108±0.0213,-0.0643±0.0000,hard_open_rate_mean=0.20402; edge_retention_rate_mean=0.20402; abstention_rate_mean=0.05730,paired_regression,NA,NA,NA,NA,NA,NA,NA,NA,NA,NA,NA,NA,NA,NA,NA
V18,V18/scmae_mainline_v2_2,blood_transfusion_service_center,local__blood_transfusion_service_center,v18_scmae_mainline_v2_2; nan_to_num_then_column_standard_scaler,active ARI; V18 also publishes all-row ARI and Leiden readout,completed,149-dataset x 3-seed matrix|auxiliary V18 variant,scmae_only,-0.0260±0.0024,NA,0/no gate field,paired_delta_not_available,latent_GW_frozen,-0.0057±0.0198,+0.0202±0.0000,hard_open_rate_mean=0.02313; edge_retention_rate_mean=0.02313; abstention_rate_mean=0.56194,paired_neutral_or_small,v18_shuffled_E0,0.0190±0.0126,+0.0450±0.0000,hard_open_rate_mean=0.18825; edge_retention_rate_mean=0.18825; abstention_rate_mean=0.00045,paired_positive_scope_limited,latent_C_exactzero,0.0203±0.0239,+0.0462±0.0000,edge_retention_rate_mean=0.99930; abstention_rate_mean=0.00000,paired_positive_scope_limited,v18_full,0.0055±0.0164,+0.0315±0.0000,hard_open_rate_mean=0.23632; edge_retention_rate_mean=0.23632; abstention_rate_mean=0.00847,paired_positive_scope_limited,NA,NA,NA,NA,NA,NA,NA,NA,NA,NA,NA,NA,NA,NA,NA
V18,V18/scmae_mainline_v2_2,boston,local__boston,v18_scmae_mainline_v2_2; nan_to_num_then_column_standard_scaler,active ARI; V18 also publishes all-row ARI and Leiden readout,completed,149-dataset x 3-seed matrix|auxiliary V18 variant,scmae_only,0.7331±0.0287,NA,0/no gate field,paired_delta_not_available,latent_GW_frozen,0.3096±0.1451,-0.4235±0.0000,hard_open_rate_mean=0.02446; edge_retention_rate_mean=0.02446; abstention_rate_mean=0.64286,paired_regression,v18_shuffled_E0,0.6800±0.1021,-0.0531±0.0000,hard_open_rate_mean=0.16094; edge_retention_rate_mean=0.16094; abstention_rate_mean=0.02165,paired_regression,latent_C_exactzero,0.6214±0.1094,-0.1117±0.0000,edge_retention_rate_mean=0.99923; abstention_rate_mean=0.00000,paired_regression,v18_full,0.3695±0.0622,-0.3636±0.0000,hard_open_rate_mean=0.15237; edge_retention_rate_mean=0.15237; abstention_rate_mean=0.13853,paired_regression,NA,NA,NA,NA,NA,NA,NA,NA,NA,NA,NA,NA,NA,NA,NA
V18,V18/scmae_mainline_v2_2,breast_cancer_coimbra,local__breast_cancer_coimbra,v18_scmae_mainline_v2_2; nan_to_num_then_column_standard_scaler,active ARI; V18 also publishes all-row ARI and Leiden readout,completed,149-dataset x 3-seed matrix|auxiliary V18 variant,scmae_only,0.0013±0.0094,NA,0/no gate field,paired_delta_not_available,latent_GW_frozen,0.0073±0.0486,+0.0060±0.0000,hard_open_rate_mean=0.02269; edge_retention_rate_mean=0.02269; abstention_rate_mean=0.60057,paired_neutral_or_small,v18_shuffled_E0,-0.0020±0.0062,-0.0033±0.0000,hard_open_rate_mean=0.15959; edge_retention_rate_mean=0.15959; abstention_rate_mean=0.00287,paired_neutral_or_small,latent_C_exactzero,-0.0054±0.0036,-0.0067±0.0000,edge_retention_rate_mean=0.99942; abstention_rate_mean=0.00000,paired_neutral_or_small,v18_full,-0.0068±0.0016,-0.0081±0.0000,hard_open_rate_mean=0.15541; edge_retention_rate_mean=0.15541; abstention_rate_mean=0.10345,paired_neutral_or_small,NA,NA,NA,NA,NA,NA,NA,NA,NA,NA,NA,NA,NA,NA,NA
V18,V18/scmae_mainline_v2_2,breast_cancer_wisconsin_original,local__breast_cancer_wisconsin_original,v18_scmae_mainline_v2_2; nan_to_num_then_column_standard_scaler,active ARI; V18 also publishes all-row ARI and Leiden readout,completed,149-dataset x 3-seed matrix|auxiliary V18 variant,scmae_only,0.8929±0.0141,NA,0/no gate field,paired_delta_not_available,latent_GW_frozen,0.1311±0.0488,-0.7619±0.0000,hard_open_rate_mean=0.01706; edge_retention_rate_mean=0.01706; abstention_rate_mean=0.66667,paired_regression,v18_shuffled_E0,0.7398±0.0334,-0.1532±0.0000,hard_open_rate_mean=0.20633; edge_retention_rate_mean=0.20633; abstention_rate_mean=0.00000,paired_regression,latent_C_exactzero,0.7838±0.0313,-0.1091±0.0000,edge_retention_rate_mean=0.99938; abstention_rate_mean=0.00000,paired_regression,v18_full,0.2686±0.4571,-0.6244±0.0000,hard_open_rate_mean=0.26859; edge_retention_rate_mean=0.26859; abstention_rate_mean=0.03221,paired_regression,NA,NA,NA,NA,NA,NA,NA,NA,NA,NA,NA,NA,NA,NA,NA
V18,V18/scmae_mainline_v2_2,breast_cancer_wisconsin_prognostic,local__breast_cancer_wisconsin_prognostic,v18_scmae_mainline_v2_2; nan_to_num_then_column_standard_scaler,active ARI; V18 also publishes all-row ARI and Leiden readout,completed,149-dataset x 3-seed matrix|auxiliary V18 variant,scmae_only,0.7326±0.0414,NA,0/no gate field,paired_delta_not_available,latent_GW_frozen,0.2061±0.0542,-0.5265±0.0000,hard_open_rate_mean=0.01577; edge_retention_rate_mean=0.01577; abstention_rate_mean=0.63269,paired_regression,v18_shuffled_E0,0.6407±0.0325,-0.0918±0.0000,hard_open_rate_mean=0.22211; edge_retention_rate_mean=0.22211; abstention_rate_mean=0.00117,paired_regression,latent_C_exactzero,0.6949±0.0156,-0.0377±0.0000,edge_retention_rate_mean=0.99950; abstention_rate_mean=0.00000,paired_regression,v18_full,0.2465±0.4220,-0.4861±0.0000,hard_open_rate_mean=0.27562; edge_retention_rate_mean=0.27562; abstention_rate_mean=0.04394,paired_regression,NA,NA,NA,NA,NA,NA,NA,NA,NA,NA,NA,NA,NA,NA,NA
V18,V18/scmae_mainline_v2_2,breast_tissue,local__breast_tissue,v18_scmae_mainline_v2_2; nan_to_num_then_column_standard_scaler,active ARI; V18 also publishes all-row ARI and Leiden readout,completed,149-dataset x 3-seed matrix|auxiliary V18 variant,scmae_only,0.3276±0.0175,NA,0/no gate field,paired_delta_not_available,latent_GW_frozen,0.2477±0.0590,-0.0799±0.0000,hard_open_rate_mean=0.01579; edge_retention_rate_mean=0.01579; abstention_rate_mean=0.70126,paired_regression,v18_shuffled_E0,0.2504±0.0345,-0.0772±0.0000,hard_open_rate_mean=0.17217; edge_retention_rate_mean=0.17217; abstention_rate_mean=0.01258,paired_regression,latent_C_exactzero,0.2878±0.0817,-0.0398±0.0000,edge_retention_rate_mean=0.99951; abstention_rate_mean=0.00000,paired_regression,v18_full,0.2935±0.0321,-0.0340±0.0000,hard_open_rate_mean=0.15696; edge_retention_rate_mean=0.15696; abstention_rate_mean=0.13522,paired_regression,NA,NA,NA,NA,NA,NA,NA,NA,NA,NA,NA,NA,NA,NA,NA
V18,V18/scmae_mainline_v2_2,cardiovascular_study,local__cardiovascular_study,v18_scmae_mainline_v2_2; nan_to_num_then_column_standard_scaler,active ARI; V18 also publishes all-row ARI and Leiden readout,completed,149-dataset x 3-seed matrix|auxiliary V18 variant,scmae_only,0.0518±0.0094,NA,0/no gate field,paired_delta_not_available,latent_GW_frozen,0.0072±0.0074,-0.0445±0.0000,hard_open_rate_mean=0.01619; edge_retention_rate_mean=0.01619; abstention_rate_mean=0.62943,paired_regression,v18_shuffled_E0,0.0164±0.0163,-0.0354±0.0000,hard_open_rate_mean=0.47423; edge_retention_rate_mean=0.47423; abstention_rate_mean=0.00547,paired_regression,latent_C_exactzero,0.0481±0.0128,-0.0037±0.0000,edge_retention_rate_mean=0.99948; abstention_rate_mean=0.00000,paired_neutral_or_small,v18_full,0.0561±0.0480,+0.0043±0.0000,hard_open_rate_mean=0.49284; edge_retention_rate_mean=0.49283; abstention_rate_mean=0.00444,paired_neutral_or_small,NA,NA,NA,NA,NA,NA,NA,NA,NA,NA,NA,NA,NA,NA,NA
V18,V18/scmae_mainline_v2_2,cifar10,local__cifar10,v18_scmae_mainline_v2_2; nan_to_num_then_column_standard_scaler,active ARI; V18 also publishes all-row ARI and Leiden readout,completed,149-dataset x 3-seed matrix|auxiliary V18 variant,scmae_only,0.0402±0.0014,NA,0/no gate field,paired_delta_not_available,latent_GW_frozen,0.0500±0.0040,+0.0098±0.0000,hard_open_rate_mean=0.02252; edge_retention_rate_mean=0.02252; abstention_rate_mean=0.61959,paired_neutral_or_small,v18_shuffled_E0,0.0248±0.0021,-0.0155±0.0000,hard_open_rate_mean=0.45801; edge_retention_rate_mean=0.45801; abstention_rate_mean=0.00000,paired_neutral_or_small,latent_C_exactzero,0.0408±0.0024,+0.0006±0.0000,edge_retention_rate_mean=0.99958; abstention_rate_mean=0.00000,paired_neutral_or_small,v18_full,0.0448±0.0009,+0.0046±0.0000,hard_open_rate_mean=0.44940; edge_retention_rate_mean=0.44940; abstention_rate_mean=0.00021,paired_neutral_or_small,NA,NA,NA,NA,NA,NA,NA,NA,NA,NA,NA,NA,NA,NA,NA
V18,V18/scmae_mainline_v2_2,classification_in_asteroseismology,local__classification_in_asteroseismology,v18_scmae_mainline_v2_2; nan_to_num_then_column_standard_scaler,active ARI; V18 also publishes all-row ARI and Leiden readout,completed,149-dataset x 3-seed matrix|auxiliary V18 variant,scmae_only,0.7351±0.0407,NA,0/no gate field,paired_delta_not_available,latent_GW_frozen,0.0193±0.0180,-0.7157±0.0000,hard_open_rate_mean=0.01607; edge_retention_rate_mean=0.01607; abstention_rate_mean=0.66500,paired_regression,v18_shuffled_E0,0.4601±0.0737,-0.2750±0.0000,hard_open_rate_mean=0.21500; edge_retention_rate_mean=0.21500; abstention_rate_mean=0.00067,paired_regression,latent_C_exactzero,0.6185±0.0313,-0.1166±0.0000,edge_retention_rate_mean=0.99626; abstention_rate_mean=0.00000,paired_regression,v18_full,-0.0004±0.0034,-0.7355±0.0000,hard_open_rate_mean=0.28748; edge_retention_rate_mean=0.28748; abstention_rate_mean=0.01465,paired_regression,NA,NA,NA,NA,NA,NA,NA,NA,NA,NA,NA,NA,NA,NA,NA
V18,V18/scmae_mainline_v2_2,cnae9,local__cnae9,v18_scmae_mainline_v2_2; nan_to_num_then_column_standard_scaler,active ARI; V18 also publishes all-row ARI and Leiden readout,completed,149-dataset x 3-seed matrix|auxiliary V18 variant,scmae_only,0.3220±0.0149,NA,0/no gate field,paired_delta_not_available,latent_GW_frozen,0.2801±0.0369,-0.0418±0.0000,hard_open_rate_mean=0.01235; edge_retention_rate_mean=0.01235; abstention_rate_mean=0.75401,paired_regression,v18_shuffled_E0,0.0083±0.0048,-0.3136±0.0000,hard_open_rate_mean=0.30537; edge_retention_rate_mean=0.30537; abstention_rate_mean=0.01914,paired_regression,latent_C_exactzero,0.3454±0.0240,+0.0234±0.0000,edge_retention_rate_mean=0.99950; abstention_rate_mean=0.00000,paired_neutral_or_small,v18_full,0.3217±0.0443,-0.0002±0.0000,hard_open_rate_mean=0.34489; edge_retention_rate_mean=0.34489; abstention_rate_mean=0.05340,paired_neutral_or_small,NA,NA,NA,NA,NA,NA,NA,NA,NA,NA,NA,NA,NA,NA,NA
V18,V18/scmae_mainline_v2_2,coil20,local__coil20,v18_scmae_mainline_v2_2; nan_to_num_then_column_standard_scaler,active ARI; V18 also publishes all-row ARI and Leiden readout,completed,149-dataset x 3-seed matrix|auxiliary V18 variant,scmae_only,0.6210±0.0166,NA,0/no gate field,paired_delta_not_available,latent_GW_frozen,0.1273±0.0468,-0.4937±0.0000,hard_open_rate_mean=0.01005; edge_retention_rate_mean=0.01005; abstention_rate_mean=0.85231,paired_regression,v18_shuffled_E0,0.1370±0.0148,-0.4841±0.0000,hard_open_rate_mean=0.27253; edge_retention_rate_mean=0.27253; abstention_rate_mean=0.00949,paired_regression,latent_C_exactzero,0.6551±0.0088,+0.0341±0.0000,edge_retention_rate_mean=0.99945; abstention_rate_mean=0.00000,paired_positive_scope_limited,v18_full,0.7213±0.0411,+0.1003±0.0000,hard_open_rate_mean=0.41123; edge_retention_rate_mean=0.41123; abstention_rate_mean=0.00556,paired_positive_scope_limited,NA,NA,NA,NA,NA,NA,NA,NA,NA,NA,NA,NA,NA,NA,NA
V18,V18/scmae_mainline_v2_2,credit_risk_classification,local__credit_risk_classification,v18_scmae_mainline_v2_2; nan_to_num_then_column_standard_scaler,active ARI; V18 also publishes all-row ARI and Leiden readout,completed,149-dataset x 3-seed matrix|auxiliary V18 variant,scmae_only,-0.0183±0.0001,NA,0/no gate field,paired_delta_not_available,latent_GW_frozen,-0.0161±0.0235,+0.0022±0.0000,hard_open_rate_mean=0.02158; edge_retention_rate_mean=0.02158; abstention_rate_mean=0.58743,paired_neutral_or_small,v18_shuffled_E0,0.0155±0.0251,+0.0337±0.0000,hard_open_rate_mean=0.21229; edge_retention_rate_mean=0.21229; abstention_rate_mean=0.00034,paired_positive_scope_limited,latent_C_exactzero,-0.0113±0.0021,+0.0070±0.0000,edge_retention_rate_mean=0.99950; abstention_rate_mean=0.00000,paired_neutral_or_small,v18_full,-0.0068±0.0040,+0.0115±0.0000,hard_open_rate_mean=0.30089; edge_retention_rate_mean=0.30089; abstention_rate_mean=0.02186,paired_neutral_or_small,NA,NA,NA,NA,NA,NA,NA,NA,NA,NA,NA,NA,NA,NA,NA
V18,V18/scmae_mainline_v2_2,crowdsourced_mapping,local__crowdsourced_mapping,v18_scmae_mainline_v2_2; nan_to_num_then_column_standard_scaler,active ARI; V18 also publishes all-row ARI and Leiden readout,completed,149-dataset x 3-seed matrix|auxiliary V18 variant,scmae_only,0.0967±0.0046,NA,0/no gate field,paired_delta_not_available,latent_GW_frozen,0.1293±0.0430,+0.0326±0.0000,hard_open_rate_mean=0.01981; edge_retention_rate_mean=0.01981; abstention_rate_mean=0.62265,paired_positive_scope_limited,v18_shuffled_E0,0.1618±0.0123,+0.0650±0.0000,hard_open_rate_mean=0.49583; edge_retention_rate_mean=0.49578; abstention_rate_mean=0.00000,paired_positive_scope_limited,latent_C_exactzero,0.1619±0.0093,+0.0652±0.0000,edge_retention_rate_mean=0.99942; abstention_rate_mean=0.00000,paired_positive_scope_limited,v18_full,0.1552±0.0053,+0.0585±0.0000,hard_open_rate_mean=0.50455; edge_retention_rate_mean=0.50450; abstention_rate_mean=0.00003,paired_positive_scope_limited,NA,NA,NA,NA,NA,NA,NA,NA,NA,NA,NA,NA,NA,NA,NA
V18,V18/scmae_mainline_v2_2,customer_classification,local__customer_classification,v18_scmae_mainline_v2_2; nan_to_num_then_column_standard_scaler,active ARI; V18 also publishes all-row ARI and Leiden readout,completed,149-dataset x 3-seed matrix|auxiliary V18 variant,scmae_only,0.0144±0.0031,NA,0/no gate field,paired_delta_not_available,latent_GW_frozen,0.0049±0.0027,-0.0096±0.0000,hard_open_rate_mean=0.01443; edge_retention_rate_mean=0.01443; abstention_rate_mean=0.67900,paired_neutral_or_small,v18_shuffled_E0,0.0025±0.0027,-0.0119±0.0000,hard_open_rate_mean=0.22747; edge_retention_rate_mean=0.22747; abstention_rate_mean=0.00200,paired_neutral_or_small,latent_C_exactzero,0.0124±0.0020,-0.0020±0.0000,edge_retention_rate_mean=0.99947; abstention_rate_mean=0.00000,paired_neutral_or_small,v18_full,0.0050±0.0072,-0.0094±0.0000,hard_open_rate_mean=0.31857; edge_retention_rate_mean=0.31857; abstention_rate_mean=0.02333,paired_neutral_or_small,NA,NA,NA,NA,NA,NA,NA,NA,NA,NA,NA,NA,NA,NA,NA
V18,V18/scmae_mainline_v2_2,date_fruit,local__date_fruit,v18_scmae_mainline_v2_2; nan_to_num_then_column_standard_scaler,active ARI; V18 also publishes all-row ARI and Leiden readout,completed,149-dataset x 3-seed matrix|auxiliary V18 variant,scmae_only,0.6935±0.0075,NA,0/no gate field,paired_delta_not_available,latent_GW_frozen,0.4299±0.1765,-0.2637±0.0000,hard_open_rate_mean=0.01526; edge_retention_rate_mean=0.01526; abstention_rate_mean=0.71715,paired_regression,v18_shuffled_E0,0.5898±0.0377,-0.1038±0.0000,hard_open_rate_mean=0.25292; edge_retention_rate_mean=0.25291; abstention_rate_mean=0.00074,paired_regression,latent_C_exactzero,0.5975±0.0144,-0.0960±0.0000,edge_retention_rate_mean=0.99964; abstention_rate_mean=0.00000,paired_regression,v18_full,0.6678±0.0179,-0.0258±0.0000,hard_open_rate_mean=0.31960; edge_retention_rate_mean=0.31960; abstention_rate_mean=0.06088,paired_neutral_or_small,NA,NA,NA,NA,NA,NA,NA,NA,NA,NA,NA,NA,NA,NA,NA
V18,V18/scmae_mainline_v2_2,dermatology,local__dermatology,v18_scmae_mainline_v2_2; nan_to_num_then_column_standard_scaler,active ARI; V18 also publishes all-row ARI and Leiden readout,completed,149-dataset x 3-seed matrix|auxiliary V18 variant,scmae_only,0.9232±0.0021,NA,0/no gate field,paired_delta_not_available,latent_GW_frozen,0.2418±0.0664,-0.6814±0.0000,hard_open_rate_mean=0.01726; edge_retention_rate_mean=0.01726; abstention_rate_mean=0.65736,paired_regression,v18_shuffled_E0,0.7430±0.0091,-0.1802±0.0000,hard_open_rate_mean=0.17532; edge_retention_rate_mean=0.17532; abstention_rate_mean=0.00000,paired_regression,latent_C_exactzero,0.7174±0.0608,-0.2058±0.0000,edge_retention_rate_mean=0.99974; abstention_rate_mean=0.00000,paired_regression,v18_full,0.7756±0.0704,-0.1476±0.0000,hard_open_rate_mean=0.22808; edge_retention_rate_mean=0.22808; abstention_rate_mean=0.05400,paired_regression,NA,NA,NA,NA,NA,NA,NA,NA,NA,NA,NA,NA,NA,NA,NA
V18,V18/scmae_mainline_v2_2,diabetic_retinopathy_debrecen,local__diabetic_retinopathy_debrecen,v18_scmae_mainline_v2_2; nan_to_num_then_column_standard_scaler,active ARI; V18 also publishes all-row ARI and Leiden readout,completed,149-dataset x 3-seed matrix|auxiliary V18 variant,scmae_only,0.0015±0.0002,NA,0/no gate field,paired_delta_not_available,latent_GW_frozen,0.0003±0.0032,-0.0012±0.0000,hard_open_rate_mean=0.01629; edge_retention_rate_mean=0.01629; abstention_rate_mean=0.64234,paired_neutral_or_small,v18_shuffled_E0,-0.0005±0.0024,-0.0020±0.0000,hard_open_rate_mean=0.26540; edge_retention_rate_mean=0.26540; abstention_rate_mean=0.00087,paired_neutral_or_small,latent_C_exactzero,0.0075±0.0006,+0.0059±0.0000,edge_retention_rate_mean=0.99945; abstention_rate_mean=0.00000,paired_neutral_or_small,v18_full,0.0021±0.0022,+0.0006±0.0000,hard_open_rate_mean=0.33838; edge_retention_rate_mean=0.33838; abstention_rate_mean=0.01129,paired_neutral_or_small,NA,NA,NA,NA,NA,NA,NA,NA,NA,NA,NA,NA,NA,NA,NA
V18,V18/scmae_mainline_v2_2,dilbert,local__dilbert,v18_scmae_mainline_v2_2; nan_to_num_then_column_standard_scaler,active ARI; V18 also publishes all-row ARI and Leiden readout,completed,149-dataset x 3-seed matrix|auxiliary V18 variant,scmae_only,0.0999±0.0048,NA,0/no gate field,paired_delta_not_available,latent_GW_frozen,0.0159±0.0095,-0.0840±0.0000,hard_open_rate_mean=0.01875; edge_retention_rate_mean=0.01875; abstention_rate_mean=0.71957,paired_regression,v18_shuffled_E0,0.0693±0.0150,-0.0306±0.0000,hard_open_rate_mean=0.64264; edge_retention_rate_mean=0.64252; abstention_rate_mean=0.00040,paired_regression,latent_C_exactzero,0.1750±0.0165,+0.0751±0.0000,edge_retention_rate_mean=0.99938; abstention_rate_mean=0.00000,paired_positive_scope_limited,v18_full,0.2358±0.0467,+0.1359±0.0000,hard_open_rate_mean=0.61840; edge_retention_rate_mean=0.61837; abstention_rate_mean=0.00090,paired_positive_scope_limited,NA,NA,NA,NA,NA,NA,NA,NA,NA,NA,NA,NA,NA,NA,NA
V18,V18/scmae_mainline_v2_2,dim064,ahdpc_prepared__dim064,v18_scmae_mainline_v2_2; nan_to_num_then_column_standard_scaler,active ARI; V18 also publishes all-row ARI and Leiden readout,completed,149-dataset x 3-seed matrix|auxiliary V18 variant,scmae_only,1.0000±0.0000,NA,0/no gate field,paired_delta_not_available,latent_GW_frozen,0.2908±0.0370,-0.7092±0.0000,hard_open_rate_mean=0.00238; edge_retention_rate_mean=0.00238; abstention_rate_mean=0.92643,paired_regression,v18_shuffled_E0,0.9806±0.0042,-0.0194±0.0000,hard_open_rate_mean=0.06633; edge_retention_rate_mean=0.06633; abstention_rate_mean=0.00391,paired_neutral_or_small,latent_C_exactzero,1.0000±0.0000,+0.0000±0.0000,edge_retention_rate_mean=0.99933; abstention_rate_mean=0.00000,paired_neutral_or_small,v18_full,0.9008±0.0882,-0.0992±0.0000,hard_open_rate_mean=0.35826; edge_retention_rate_mean=0.35826; abstention_rate_mean=0.05208,paired_regression,NA,NA,NA,NA,NA,NA,NA,NA,NA,NA,NA,NA,NA,NA,NA
V18,V18/scmae_mainline_v2_2,dim512,ahdpc_prepared__dim512,v18_scmae_mainline_v2_2; nan_to_num_then_column_standard_scaler,active ARI; V18 also publishes all-row ARI and Leiden readout,completed,149-dataset x 3-seed matrix|auxiliary V18 variant,scmae_only,1.0000±0.0000,NA,0/no gate field,paired_delta_not_available,latent_GW_frozen,0.1568±0.0416,-0.8432±0.0000,hard_open_rate_mean=0.01010; edge_retention_rate_mean=0.01010; abstention_rate_mean=0.68229,paired_regression,v18_shuffled_E0,0.8720±0.0920,-0.1280±0.0000,hard_open_rate_mean=0.06211; edge_retention_rate_mean=0.06211; abstention_rate_mean=0.00618,paired_regression,latent_C_exactzero,0.9890±0.0115,-0.0110±0.0000,edge_retention_rate_mean=0.99997; abstention_rate_mean=0.00000,paired_neutral_or_small,v18_full,0.8516±0.1423,-0.1484±0.0000,hard_open_rate_mean=0.32811; edge_retention_rate_mean=0.32811; abstention_rate_mean=0.00391,paired_regression,NA,NA,NA,NA,NA,NA,NA,NA,NA,NA,NA,NA,NA,NA,NA
V18,V18/scmae_mainline_v2_2,dry_bean,local__dry_bean,v18_scmae_mainline_v2_2; nan_to_num_then_column_standard_scaler,active ARI; V18 also publishes all-row ARI and Leiden readout,completed,149-dataset x 3-seed matrix|auxiliary V18 variant,scmae_only,0.6804±0.0477,NA,0/no gate field,paired_delta_not_available,latent_GW_frozen,0.0680±0.0077,-0.6124±0.0000,hard_open_rate_mean=0.00960; edge_retention_rate_mean=0.00960; abstention_rate_mean=0.63109,paired_regression,v18_shuffled_E0,0.1196±0.0118,-0.5608±0.0000,hard_open_rate_mean=0.45909; edge_retention_rate_mean=0.45904; abstention_rate_mean=0.00000,paired_regression,latent_C_exactzero,0.3832±0.0061,-0.2972±0.0000,edge_retention_rate_mean=0.99760; abstention_rate_mean=0.00000,paired_regression,v18_full,0.3852±0.0103,-0.2952±0.0000,hard_open_rate_mean=0.58986; edge_retention_rate_mean=0.58980; abstention_rate_mean=0.00003,paired_regression,NA,NA,NA,NA,NA,NA,NA,NA,NA,NA,NA,NA,NA,NA,NA
V18,V18/scmae_mainline_v2_2,durum_wheat_features,local__durum_wheat_features,v18_scmae_mainline_v2_2; nan_to_num_then_column_standard_scaler,active ARI; V18 also publishes all-row ARI and Leiden readout,completed,149-dataset x 3-seed matrix|auxiliary V18 variant,scmae_only,0.3755±0.0033,NA,0/no gate field,paired_delta_not_available,latent_GW_frozen,0.0102±0.0061,-0.3653±0.0000,hard_open_rate_mean=0.02778; edge_retention_rate_mean=0.02778; abstention_rate_mean=0.72219,paired_regression,v18_shuffled_E0,0.3693±0.0020,-0.0062±0.0000,hard_open_rate_mean=0.48456; edge_retention_rate_mean=0.48451; abstention_rate_mean=0.00000,paired_neutral_or_small,latent_C_exactzero,0.2773±0.1598,-0.0982±0.0000,edge_retention_rate_mean=0.99949; abstention_rate_mean=0.00000,paired_regression,v18_full,0.1873±0.1630,-0.1882±0.0000,hard_open_rate_mean=0.80950; edge_retention_rate_mean=0.80942; abstention_rate_mean=0.00000,paired_regression,NA,NA,NA,NA,NA,NA,NA,NA,NA,NA,NA,NA,NA,NA,NA
V18,V18/scmae_mainline_v2_2,ecoli,local__ecoli,v18_scmae_mainline_v2_2; nan_to_num_then_column_standard_scaler,active ARI; V18 also publishes all-row ARI and Leiden readout,completed,149-dataset x 3-seed matrix|auxiliary V18 variant,scmae_only,0.7226±0.0225,NA,0/no gate field,paired_delta_not_available,latent_GW_frozen,0.0794±0.0159,-0.6433±0.0000,hard_open_rate_mean=0.01032; edge_retention_rate_mean=0.01032; abstention_rate_mean=0.69521,paired_regression,v18_shuffled_E0,0.3328±0.0929,-0.3898±0.0000,hard_open_rate_mean=0.15462; edge_retention_rate_mean=0.15462; abstention_rate_mean=0.00714,paired_regression,latent_C_exactzero,0.3997±0.0314,-0.3229±0.0000,edge_retention_rate_mean=0.99934; abstention_rate_mean=0.00000,paired_regression,v18_full,0.5153±0.0557,-0.2073±0.0000,hard_open_rate_mean=0.16732; edge_retention_rate_mean=0.16732; abstention_rate_mean=0.03568,paired_regression,NA,NA,NA,NA,NA,NA,NA,NA,NA,NA,NA,NA,NA,NA,NA
V18,V18/scmae_mainline_v2_2,enron,local__enron,v18_scmae_mainline_v2_2; nan_to_num_then_column_standard_scaler,active ARI; V18 also publishes all-row ARI and Leiden readout,completed,149-dataset x 3-seed matrix|auxiliary V18 variant,scmae_only,0.5425±0.4283,NA,0/no gate field,paired_delta_not_available,latent_GW_frozen,0.0005±0.0003,-0.5420±0.0000,hard_open_rate_mean=0.04034; edge_retention_rate_mean=0.04034; abstention_rate_mean=0.35587,paired_regression,v18_shuffled_E0,-0.0000±0.0000,-0.5425±0.0000,hard_open_rate_mean=0.63820; edge_retention_rate_mean=0.63811; abstention_rate_mean=0.00100,paired_regression,latent_C_exactzero,0.0003±0.0000,-0.5422±0.0000,edge_retention_rate_mean=0.99904; abstention_rate_mean=0.00000,paired_regression,v18_full,0.0003±0.0000,-0.5422±0.0000,hard_open_rate_mean=0.44920; edge_retention_rate_mean=0.44917; abstention_rate_mean=0.00030,paired_regression,NA,NA,NA,NA,NA,NA,NA,NA,NA,NA,NA,NA,NA,NA,NA
V18,V18/scmae_mainline_v2_2,epileptic_seizure_recognition,local__epileptic_seizure_recognition,v18_scmae_mainline_v2_2; nan_to_num_then_column_standard_scaler,active ARI; V18 also publishes all-row ARI and Leiden readout,completed,149-dataset x 3-seed matrix|auxiliary V18 variant,scmae_only,0.0244±0.0033,NA,0/no gate field,paired_delta_not_available,latent_GW_frozen,0.1022±0.0654,+0.0778±0.0000,hard_open_rate_mean=0.00987; edge_retention_rate_mean=0.00987; abstention_rate_mean=0.79559,paired_positive_scope_limited,v18_shuffled_E0,0.0043±0.0016,-0.0201±0.0000,hard_open_rate_mean=0.65162; edge_retention_rate_mean=0.65160; abstention_rate_mean=0.04435,paired_neutral_or_small,latent_C_exactzero,0.1026±0.0254,+0.0781±0.0000,edge_retention_rate_mean=0.99953; abstention_rate_mean=0.00000,paired_positive_scope_limited,v18_full,0.1495±0.0181,+0.1251±0.0000,hard_open_rate_mean=0.70890; edge_retention_rate_mean=0.70888; abstention_rate_mean=0.00574,paired_positive_scope_limited,NA,NA,NA,NA,NA,NA,NA,NA,NA,NA,NA,NA,NA,NA,NA
V18,V18/scmae_mainline_v2_2,extyaleb,local__extyaleb,v18_scmae_mainline_v2_2; nan_to_num_then_column_standard_scaler,active ARI; V18 also publishes all-row ARI and Leiden readout,completed,149-dataset x 3-seed matrix|auxiliary V18 variant,scmae_only,0.4914±0.2013,NA,0/no gate field,paired_delta_not_available,latent_GW_frozen,0.3058±0.0809,-0.1857±0.0000,hard_open_rate_mean=0.04943; edge_retention_rate_mean=0.04943; abstention_rate_mean=0.36677,paired_regression,v18_shuffled_E0,0.3943±0.0499,-0.0971±0.0000,hard_open_rate_mean=0.13825; edge_retention_rate_mean=0.13825; abstention_rate_mean=0.00000,paired_regression,latent_C_exactzero,0.6145±0.1372,+0.1231±0.0000,edge_retention_rate_mean=0.99922; abstention_rate_mean=0.00000,paired_positive_scope_limited,v18_full,0.7991±0.0110,+0.3076±0.0000,hard_open_rate_mean=0.25819; edge_retention_rate_mean=0.25819; abstention_rate_mean=0.00627,paired_positive_scope_limited,NA,NA,NA,NA,NA,NA,NA,NA,NA,NA,NA,NA,NA,NA,NA
V18,V18/scmae_mainline_v2_2,fabert,local__fabert,v18_scmae_mainline_v2_2; nan_to_num_then_column_standard_scaler,active ARI; V18 also publishes all-row ARI and Leiden readout,completed,149-dataset x 3-seed matrix|auxiliary V18 variant,scmae_only,0.0359±0.0201,NA,0/no gate field,paired_delta_not_available,latent_GW_frozen,0.0148±0.0034,-0.0210±0.0000,hard_open_rate_mean=0.01864; edge_retention_rate_mean=0.01864; abstention_rate_mean=0.72972,paired_neutral_or_small,v18_shuffled_E0,-0.0003±0.0011,-0.0361±0.0000,hard_open_rate_mean=0.69423; edge_retention_rate_mean=0.69416; abstention_rate_mean=0.00166,paired_regression,latent_C_exactzero,0.0121±0.0159,-0.0238±0.0000,edge_retention_rate_mean=0.99940; abstention_rate_mean=0.00000,paired_neutral_or_small,v18_full,0.0177±0.0214,-0.0182±0.0000,hard_open_rate_mean=0.83903; edge_retention_rate_mean=0.83900; abstention_rate_mean=0.00000,paired_neutral_or_small,NA,NA,NA,NA,NA,NA,NA,NA,NA,NA,NA,NA,NA,NA,NA
V18,V18/scmae_mainline_v2_2,fashion_mnist,local__fashion_mnist,v18_scmae_mainline_v2_2; nan_to_num_then_column_standard_scaler,active ARI; V18 also publishes all-row ARI and Leiden readout,completed,149-dataset x 3-seed matrix|auxiliary V18 variant,scmae_only,0.3763±0.0151,NA,0/no gate field,paired_delta_not_available,latent_GW_frozen,0.1296±0.0009,-0.2467±0.0000,hard_open_rate_mean=0.02153; edge_retention_rate_mean=0.02153; abstention_rate_mean=0.59289,paired_regression,v18_shuffled_E0,0.1693±0.0089,-0.2071±0.0000,hard_open_rate_mean=0.38911; edge_retention_rate_mean=0.38911; abstention_rate_mean=0.00289,paired_regression,latent_C_exactzero,0.3954±0.0080,+0.0191±0.0000,edge_retention_rate_mean=0.99950; abstention_rate_mean=0.00000,paired_neutral_or_small,v18_full,0.4403±0.0155,+0.0640±0.0000,hard_open_rate_mean=0.44965; edge_retention_rate_mean=0.44965; abstention_rate_mean=0.00533,paired_positive_scope_limited,NA,NA,NA,NA,NA,NA,NA,NA,NA,NA,NA,NA,NA,NA,NA
V18,V18/scmae_mainline_v2_2,fbis.wc,local__fbis_wc,v18_scmae_mainline_v2_2; nan_to_num_then_column_standard_scaler,active ARI; V18 also publishes all-row ARI and Leiden readout,completed,149-dataset x 3-seed matrix|auxiliary V18 variant,scmae_only,0.2617±0.0174,NA,0/no gate field,paired_delta_not_available,latent_GW_frozen,0.0731±0.0191,-0.1886±0.0000,hard_open_rate_mean=0.01356; edge_retention_rate_mean=0.01356; abstention_rate_mean=0.74939,paired_regression,v18_shuffled_E0,-0.0071±0.0035,-0.2688±0.0000,hard_open_rate_mean=0.51692; edge_retention_rate_mean=0.51692; abstention_rate_mean=0.02398,paired_regression,latent_C_exactzero,0.2747±0.0055,+0.0130±0.0000,edge_retention_rate_mean=0.99947; abstention_rate_mean=0.00000,paired_neutral_or_small,v18_full,0.2719±0.0251,+0.0102±0.0000,hard_open_rate_mean=0.44272; edge_retention_rate_mean=0.44272; abstention_rate_mean=0.02080,paired_neutral_or_small,NA,NA,NA,NA,NA,NA,NA,NA,NA,NA,NA,NA,NA,NA,NA
V18,V18/scmae_mainline_v2_2,fetal_health_classification,local__fetal_health_classification,v18_scmae_mainline_v2_2; nan_to_num_then_column_standard_scaler,active ARI; V18 also publishes all-row ARI and Leiden readout,completed,149-dataset x 3-seed matrix|auxiliary V18 variant,scmae_only,0.0938±0.0294,NA,0/no gate field,paired_delta_not_available,latent_GW_frozen,0.0376±0.0558,-0.0563±0.0000,hard_open_rate_mean=0.01787; edge_retention_rate_mean=0.01787; abstention_rate_mean=0.63452,paired_regression,v18_shuffled_E0,0.0265±0.0213,-0.0674±0.0000,hard_open_rate_mean=0.39130; edge_retention_rate_mean=0.39129; abstention_rate_mean=0.00063,paired_regression,latent_C_exactzero,0.0984±0.0334,+0.0046±0.0000,edge_retention_rate_mean=0.99953; abstention_rate_mean=0.00000,paired_neutral_or_small,v18_full,0.0033±0.0018,-0.0906±0.0000,hard_open_rate_mean=0.42683; edge_retention_rate_mean=0.42683; abstention_rate_mean=0.01082,paired_regression,NA,NA,NA,NA,NA,NA,NA,NA,NA,NA,NA,NA,NA,NA,NA
V18,V18/scmae_mainline_v2_2,first-order-theorem-proving,local__first_order_theorem_proving,v18_scmae_mainline_v2_2; nan_to_num_then_column_standard_scaler,active ARI; V18 also publishes all-row ARI and Leiden readout,completed,149-dataset x 3-seed matrix|auxiliary V18 variant,scmae_only,0.0288±0.0048,NA,0/no gate field,paired_delta_not_available,latent_GW_frozen,0.0127±0.0155,-0.0161±0.0000,hard_open_rate_mean=0.02155; edge_retention_rate_mean=0.02155; abstention_rate_mean=0.72398,paired_neutral_or_small,v18_shuffled_E0,0.0053±0.0033,-0.0235±0.0000,hard_open_rate_mean=0.50304; edge_retention_rate_mean=0.50303; abstention_rate_mean=0.00071,paired_neutral_or_small,latent_C_exactzero,0.0164±0.0042,-0.0124±0.0000,edge_retention_rate_mean=0.99944; abstention_rate_mean=0.00000,paired_neutral_or_small,v18_full,0.0206±0.0054,-0.0082±0.0000,hard_open_rate_mean=0.57983; edge_retention_rate_mean=0.57981; abstention_rate_mean=0.00022,paired_neutral_or_small,NA,NA,NA,NA,NA,NA,NA,NA,NA,NA,NA,NA,NA,NA,NA
V18,V18/scmae_mainline_v2_2,flame,ahdpc_prepared__flame,v18_scmae_mainline_v2_2; nan_to_num_then_column_standard_scaler,active ARI; V18 also publishes all-row ARI and Leiden readout,completed,149-dataset x 3-seed matrix|auxiliary V18 variant,scmae_only,0.3956±0.1509,NA,0/no gate field,paired_delta_not_available,latent_GW_frozen,0.0638±0.1061,-0.3319±0.0000,hard_open_rate_mean=0.02977; edge_retention_rate_mean=0.02977; abstention_rate_mean=0.51806,paired_regression,v18_shuffled_E0,0.1350±0.1387,-0.2607±0.0000,hard_open_rate_mean=0.14526; edge_retention_rate_mean=0.14526; abstention_rate_mean=0.00000,paired_regression,latent_C_exactzero,0.1756±0.1569,-0.2200±0.0000,edge_retention_rate_mean=0.99916; abstention_rate_mean=0.00000,paired_regression,v18_full,0.0097±0.0096,-0.3860±0.0000,hard_open_rate_mean=0.14738; edge_retention_rate_mean=0.14738; abstention_rate_mean=0.05694,paired_regression,NA,NA,NA,NA,NA,NA,NA,NA,NA,NA,NA,NA,NA,NA,NA
V18,V18/scmae_mainline_v2_2,flickr_material_database,local__flickr_material_database,v18_scmae_mainline_v2_2; nan_to_num_then_column_standard_scaler,active ARI; V18 also publishes all-row ARI and Leiden readout,completed,149-dataset x 3-seed matrix|auxiliary V18 variant,scmae_only,0.2594±0.0145,NA,0/no gate field,paired_delta_not_available,latent_GW_frozen,0.3180±0.0529,+0.0586±0.0000,hard_open_rate_mean=0.02500; edge_retention_rate_mean=0.02500; abstention_rate_mean=0.72852,paired_positive_scope_limited,v18_shuffled_E0,0.1424±0.0351,-0.1170±0.0000,hard_open_rate_mean=0.21634; edge_retention_rate_mean=0.21634; abstention_rate_mean=0.00301,paired_regression,latent_C_exactzero,0.3539±0.0088,+0.0945±0.0000,edge_retention_rate_mean=0.99943; abstention_rate_mean=0.00000,paired_positive_scope_limited,v18_full,0.3584±0.0215,+0.0990±0.0000,hard_open_rate_mean=0.33312; edge_retention_rate_mean=0.33312; abstention_rate_mean=0.00568,paired_positive_scope_limited,NA,NA,NA,NA,NA,NA,NA,NA,NA,NA,NA,NA,NA,NA,NA
V18,V18/scmae_mainline_v2_2,fraud_detection_bank,local__fraud_detection_bank,v18_scmae_mainline_v2_2; nan_to_num_then_column_standard_scaler,active ARI; V18 also publishes all-row ARI and Leiden readout,completed,149-dataset x 3-seed matrix|auxiliary V18 variant,scmae_only,0.0254±0.0080,NA,0/no gate field,paired_delta_not_available,latent_GW_frozen,-0.0021±0.0013,-0.0275±0.0000,hard_open_rate_mean=0.01473; edge_retention_rate_mean=0.01473; abstention_rate_mean=0.73081,paired_neutral_or_small,v18_shuffled_E0,0.0002±0.0011,-0.0252±0.0000,hard_open_rate_mean=0.71725; edge_retention_rate_mean=0.71715; abstention_rate_mean=0.00633,paired_neutral_or_small,latent_C_exactzero,0.3582±0.0215,+0.3329±0.0000,edge_retention_rate_mean=0.99944; abstention_rate_mean=0.00000,paired_positive_scope_limited,v18_full,0.2409±0.2085,+0.2156±0.0000,hard_open_rate_mean=0.67437; edge_retention_rate_mean=0.67433; abstention_rate_mean=0.00043,paired_positive_scope_limited,NA,NA,NA,NA,NA,NA,NA,NA,NA,NA,NA,NA,NA,NA,NA
V18,V18/scmae_mainline_v2_2,gas-drift,local__gas_drift,v18_scmae_mainline_v2_2; nan_to_num_then_column_standard_scaler,active ARI; V18 also publishes all-row ARI and Leiden readout,completed,149-dataset x 3-seed matrix|auxiliary V18 variant,scmae_only,0.1822±0.0301,NA,0/no gate field,paired_delta_not_available,latent_GW_frozen,0.0633±0.0120,-0.1188±0.0000,hard_open_rate_mean=0.01995; edge_retention_rate_mean=0.01995; abstention_rate_mean=0.76293,paired_regression,v18_shuffled_E0,0.0386±0.0027,-0.1435±0.0000,hard_open_rate_mean=0.60136; edge_retention_rate_mean=0.60130; abstention_rate_mean=0.00237,paired_regression,latent_C_exactzero,0.1707±0.0037,-0.0114±0.0000,edge_retention_rate_mean=0.99950; abstention_rate_mean=0.00000,paired_neutral_or_small,v18_full,0.1813±0.0270,-0.0009±0.0000,hard_open_rate_mean=0.83726; edge_retention_rate_mean=0.83719; abstention_rate_mean=0.00000,paired_neutral_or_small,NA,NA,NA,NA,NA,NA,NA,NA,NA,NA,NA,NA,NA,NA,NA
V18,V18/scmae_mainline_v2_2,gina_prior2,local__gina_prior2,v18_scmae_mainline_v2_2; nan_to_num_then_column_standard_scaler,active ARI; V18 also publishes all-row ARI and Leiden readout,completed,149-dataset x 3-seed matrix|auxiliary V18 variant,scmae_only,0.3418±0.0057,NA,0/no gate field,paired_delta_not_available,latent_GW_frozen,0.2076±0.0354,-0.1341±0.0000,hard_open_rate_mean=0.02144; edge_retention_rate_mean=0.02144; abstention_rate_mean=0.63274,paired_regression,v18_shuffled_E0,0.0013±0.0008,-0.3405±0.0000,hard_open_rate_mean=0.47756; edge_retention_rate_mean=0.47756; abstention_rate_mean=0.00836,paired_regression,latent_C_exactzero,0.4094±0.0134,+0.0676±0.0000,edge_retention_rate_mean=0.99951; abstention_rate_mean=0.00000,paired_positive_scope_limited,v18_full,0.4924±0.0114,+0.1507±0.0000,hard_open_rate_mean=0.46420; edge_retention_rate_mean=0.46419; abstention_rate_mean=0.00481,paired_positive_scope_limited,NA,NA,NA,NA,NA,NA,NA,NA,NA,NA,NA,NA,NA,NA,NA
V18,V18/scmae_mainline_v2_2,glass,ahdpc_prepared__glass,v18_scmae_mainline_v2_2; nan_to_num_then_column_standard_scaler,active ARI; V18 also publishes all-row ARI and Leiden readout,completed,149-dataset x 3-seed matrix|auxiliary V18 variant,scmae_only,0.2043±0.0146,NA,0/no gate field,paired_delta_not_available,latent_GW_frozen,0.1422±0.0522,-0.0620±0.0000,hard_open_rate_mean=0.01580; edge_retention_rate_mean=0.01580; abstention_rate_mean=0.68692,paired_regression,v18_shuffled_E0,0.1886±0.0238,-0.0157±0.0000,hard_open_rate_mean=0.13789; edge_retention_rate_mean=0.13789; abstention_rate_mean=0.01246,paired_neutral_or_small,latent_C_exactzero,0.1518±0.0175,-0.0525±0.0000,edge_retention_rate_mean=0.99922; abstention_rate_mean=0.00000,paired_regression,v18_full,0.2090±0.0518,+0.0047±0.0000,hard_open_rate_mean=0.12547; edge_retention_rate_mean=0.12547; abstention_rate_mean=0.17290,paired_neutral_or_small,NA,NA,NA,NA,NA,NA,NA,NA,NA,NA,NA,NA,NA,NA,NA
V18,V18/scmae_mainline_v2_2,glass_identification,local__glass_identification,v18_scmae_mainline_v2_2; nan_to_num_then_column_standard_scaler,active ARI; V18 also publishes all-row ARI and Leiden readout,completed,149-dataset x 3-seed matrix|auxiliary V18 variant,scmae_only,0.1949±0.0042,NA,0/no gate field,paired_delta_not_available,latent_GW_frozen,0.1705±0.0427,-0.0244±0.0000,hard_open_rate_mean=0.01577; edge_retention_rate_mean=0.01577; abstention_rate_mean=0.69159,paired_neutral_or_small,v18_shuffled_E0,0.1543±0.0267,-0.0406±0.0000,hard_open_rate_mean=0.13505; edge_retention_rate_mean=0.13505; abstention_rate_mean=0.01246,paired_regression,latent_C_exactzero,0.1497±0.0221,-0.0451±0.0000,edge_retention_rate_mean=0.99945; abstention_rate_mean=0.00000,paired_regression,v18_full,0.1803±0.0225,-0.0145±0.0000,hard_open_rate_mean=0.12252; edge_retention_rate_mean=0.12252; abstention_rate_mean=0.17913,paired_neutral_or_small,NA,NA,NA,NA,NA,NA,NA,NA,NA,NA,NA,NA,NA,NA,NA
V18,V18/scmae_mainline_v2_2,glass_without_id,ahdpc_prepared__glass_without_id,v18_scmae_mainline_v2_2; nan_to_num_then_column_standard_scaler,active ARI; V18 also publishes all-row ARI and Leiden readout,completed,149-dataset x 3-seed matrix|auxiliary V18 variant,scmae_only,0.1949±0.0042,NA,0/no gate field,paired_delta_not_available,latent_GW_frozen,0.1705±0.0427,-0.0244±0.0000,hard_open_rate_mean=0.01577; edge_retention_rate_mean=0.01577; abstention_rate_mean=0.69159,paired_neutral_or_small,v18_shuffled_E0,0.1543±0.0267,-0.0406±0.0000,hard_open_rate_mean=0.13505; edge_retention_rate_mean=0.13505; abstention_rate_mean=0.01246,paired_regression,latent_C_exactzero,0.1497±0.0221,-0.0451±0.0000,edge_retention_rate_mean=0.99945; abstention_rate_mean=0.00000,paired_regression,v18_full,0.1953±0.0385,+0.0005±0.0000,hard_open_rate_mean=0.12252; edge_retention_rate_mean=0.12252; abstention_rate_mean=0.17913,paired_neutral_or_small,NA,NA,NA,NA,NA,NA,NA,NA,NA,NA,NA,NA,NA,NA,NA
V18,V18/scmae_mainline_v2_2,har,local__har,v18_scmae_mainline_v2_2; nan_to_num_then_column_standard_scaler,active ARI; V18 also publishes all-row ARI and Leiden readout,completed,149-dataset x 3-seed matrix|auxiliary V18 variant,scmae_only,0.4540±0.0092,NA,0/no gate field,paired_delta_not_available,latent_GW_frozen,0.1118±0.0616,-0.3422±0.0000,hard_open_rate_mean=0.00834; edge_retention_rate_mean=0.00834; abstention_rate_mean=0.82676,paired_regression,v18_shuffled_E0,0.5154±0.0264,+0.0613±0.0000,hard_open_rate_mean=0.21815; edge_retention_rate_mean=0.21815; abstention_rate_mean=0.00136,paired_positive_scope_limited,latent_C_exactzero,0.3951±0.0024,-0.0589±0.0000,edge_retention_rate_mean=0.99940; abstention_rate_mean=0.00000,paired_regression,v18_full,0.4533±0.0333,-0.0008±0.0000,hard_open_rate_mean=0.31067; edge_retention_rate_mean=0.31067; abstention_rate_mean=0.01179,paired_neutral_or_small,NA,NA,NA,NA,NA,NA,NA,NA,NA,NA,NA,NA,NA,NA,NA
V18,V18/scmae_mainline_v2_2,harbermans_survival,local__harbermans_survival,v18_scmae_mainline_v2_2; nan_to_num_then_column_standard_scaler,active ARI; V18 also publishes all-row ARI and Leiden readout,completed,149-dataset x 3-seed matrix|auxiliary V18 variant,scmae_only,0.0060±0.0089,NA,0/no gate field,paired_delta_not_available,latent_GW_frozen,-0.0070±0.0094,-0.0130±0.0000,hard_open_rate_mean=0.01991; edge_retention_rate_mean=0.01991; abstention_rate_mean=0.58932,paired_neutral_or_small,v18_shuffled_E0,0.1347±0.0407,+0.1288±0.0000,hard_open_rate_mean=0.17433; edge_retention_rate_mean=0.17433; abstention_rate_mean=0.00000,paired_positive_scope_limited,latent_C_exactzero,-0.0020±0.0041,-0.0080±0.0000,edge_retention_rate_mean=0.99948; abstention_rate_mean=0.00000,paired_neutral_or_small,v18_full,0.1007±0.0946,+0.0948±0.0000,hard_open_rate_mean=0.19792; edge_retention_rate_mean=0.19792; abstention_rate_mean=0.01852,paired_positive_scope_limited,NA,NA,NA,NA,NA,NA,NA,NA,NA,NA,NA,NA,NA,NA,NA
V18,V18/scmae_mainline_v2_2,hate_speech,local__hate_speech,v18_scmae_mainline_v2_2; nan_to_num_then_column_standard_scaler,active ARI; V18 also publishes all-row ARI and Leiden readout,completed,149-dataset x 3-seed matrix|auxiliary V18 variant,scmae_only,0.0126±0.0320,NA,0/no gate field,paired_delta_not_available,latent_GW_frozen,0.0032±0.0070,-0.0094±0.0000,hard_open_rate_mean=0.01964; edge_retention_rate_mean=0.01964; abstention_rate_mean=0.70765,paired_neutral_or_small,v18_shuffled_E0,-0.0093±0.0122,-0.0220±0.0000,hard_open_rate_mean=0.45441; edge_retention_rate_mean=0.45439; abstention_rate_mean=0.00248,paired_neutral_or_small,latent_C_exactzero,0.0283±0.0525,+0.0156±0.0000,edge_retention_rate_mean=0.99939; abstention_rate_mean=0.00000,paired_neutral_or_small,v18_full,-0.0225±0.0189,-0.0351±0.0000,hard_open_rate_mean=0.44906; edge_retention_rate_mean=0.44905; abstention_rate_mean=0.01200,paired_regression,NA,NA,NA,NA,NA,NA,NA,NA,NA,NA,NA,NA,NA,NA,NA
V18,V18/scmae_mainline_v2_2,heart_attack_analysis_prediction_dataset,local__heart_attack_analysis_prediction_dataset,v18_scmae_mainline_v2_2; nan_to_num_then_column_standard_scaler,active ARI; V18 also publishes all-row ARI and Leiden readout,completed,149-dataset x 3-seed matrix|auxiliary V18 variant,scmae_only,0.3790±0.0218,NA,0/no gate field,paired_delta_not_available,latent_GW_frozen,0.1742±0.1171,-0.2047±0.0000,hard_open_rate_mean=0.02068; edge_retention_rate_mean=0.02068; abstention_rate_mean=0.54345,paired_regression,v18_shuffled_E0,0.3127±0.0532,-0.0663±0.0000,hard_open_rate_mean=0.19307; edge_retention_rate_mean=0.19307; abstention_rate_mean=0.00000,paired_regression,latent_C_exactzero,0.3401±0.0479,-0.0389±0.0000,edge_retention_rate_mean=0.99950; abstention_rate_mean=0.00000,paired_regression,v18_full,0.3041±0.0258,-0.0749±0.0000,hard_open_rate_mean=0.21502; edge_retention_rate_mean=0.21502; abstention_rate_mean=0.02420,paired_regression,NA,NA,NA,NA,NA,NA,NA,NA,NA,NA,NA,NA,NA,NA,NA
V18,V18/scmae_mainline_v2_2,heart_disease,local__heart_disease,v18_scmae_mainline_v2_2; nan_to_num_then_column_standard_scaler,active ARI; V18 also publishes all-row ARI and Leiden readout,completed,149-dataset x 3-seed matrix|auxiliary V18 variant,scmae_only,0.1416±0.0088,NA,0/no gate field,paired_delta_not_available,latent_GW_frozen,0.1482±0.1314,+0.0066±0.0000,hard_open_rate_mean=0.02267; edge_retention_rate_mean=0.02267; abstention_rate_mean=0.57127,paired_neutral_or_small,v18_shuffled_E0,0.0962±0.0100,-0.0454±0.0000,hard_open_rate_mean=0.19220; edge_retention_rate_mean=0.19220; abstention_rate_mean=0.00000,paired_regression,latent_C_exactzero,0.0916±0.0061,-0.0499±0.0000,edge_retention_rate_mean=0.99944; abstention_rate_mean=0.00000,paired_regression,v18_full,0.1646±0.0512,+0.0230±0.0000,hard_open_rate_mean=0.21647; edge_retention_rate_mean=0.21647; abstention_rate_mean=0.03255,paired_neutral_or_small,NA,NA,NA,NA,NA,NA,NA,NA,NA,NA,NA,NA,NA,NA,NA
V18,V18/scmae_mainline_v2_2,htru2,local__htru2,v18_scmae_mainline_v2_2; nan_to_num_then_column_standard_scaler,active ARI; V18 also publishes all-row ARI and Leiden readout,completed,149-dataset x 3-seed matrix|auxiliary V18 variant,scmae_only,0.7780±0.0216,NA,0/no gate field,paired_delta_not_available,latent_GW_frozen,-0.0362±0.0614,-0.8142±0.0000,hard_open_rate_mean=0.01557; edge_retention_rate_mean=0.01557; abstention_rate_mean=0.57519,paired_regression,v18_shuffled_E0,0.4793±0.0412,-0.2988±0.0000,hard_open_rate_mean=0.48971; edge_retention_rate_mean=0.48966; abstention_rate_mean=0.00003,paired_regression,latent_C_exactzero,0.5165±0.0099,-0.2615±0.0000,edge_retention_rate_mean=0.99937; abstention_rate_mean=0.00000,paired_regression,v18_full,0.5597±0.0238,-0.2183±0.0000,hard_open_rate_mean=0.62694; edge_retention_rate_mean=0.62688; abstention_rate_mean=0.00027,paired_regression,NA,NA,NA,NA,NA,NA,NA,NA,NA,NA,NA,NA,NA,NA,NA
V18,V18/scmae_mainline_v2_2,human_stress_detection,local__human_stress_detection,v18_scmae_mainline_v2_2; nan_to_num_then_column_standard_scaler,active ARI; V18 also publishes all-row ARI and Leiden readout,completed,149-dataset x 3-seed matrix|auxiliary V18 variant,scmae_only,0.5902±0.0074,NA,0/no gate field,paired_delta_not_available,latent_GW_frozen,0.1078±0.0811,-0.4824±0.0000,hard_open_rate_mean=0.02495; edge_retention_rate_mean=0.02495; abstention_rate_mean=0.54506,paired_regression,v18_shuffled_E0,0.3353±0.0454,-0.2549±0.0000,hard_open_rate_mean=0.31190; edge_retention_rate_mean=0.31190; abstention_rate_mean=0.00017,paired_regression,latent_C_exactzero,0.5489±0.0357,-0.0413±0.0000,edge_retention_rate_mean=0.99856; abstention_rate_mean=0.00000,paired_regression,v18_full,0.4837±0.0460,-0.1065±0.0000,hard_open_rate_mean=0.36968; edge_retention_rate_mean=0.36968; abstention_rate_mean=0.00200,paired_regression,NA,NA,NA,NA,NA,NA,NA,NA,NA,NA,NA,NA,NA,NA,NA
V18,V18/scmae_mainline_v2_2,image_segment,ahdpc_prepared__image_segment,v18_scmae_mainline_v2_2; nan_to_num_then_column_standard_scaler,active ARI; V18 also publishes all-row ARI and Leiden readout,completed,149-dataset x 3-seed matrix|auxiliary V18 variant,scmae_only,0.4778±0.0174,NA,0/no gate field,paired_delta_not_available,latent_GW_frozen,0.4069±0.1918,-0.0709±0.0000,hard_open_rate_mean=0.01328; edge_retention_rate_mean=0.01328; abstention_rate_mean=0.76825,paired_regression,v18_shuffled_E0,0.3910±0.0298,-0.0868±0.0000,hard_open_rate_mean=0.14138; edge_retention_rate_mean=0.14138; abstention_rate_mean=0.01270,paired_regression,latent_C_exactzero,0.4137±0.0156,-0.0641±0.0000,edge_retention_rate_mean=0.99936; abstention_rate_mean=0.00000,paired_regression,v18_full,0.5214±0.0353,+0.0436±0.0000,hard_open_rate_mean=0.14057; edge_retention_rate_mean=0.14057; abstention_rate_mean=0.19048,paired_positive_scope_limited,NA,NA,NA,NA,NA,NA,NA,NA,NA,NA,NA,NA,NA,NA,NA
V18,V18/scmae_mainline_v2_2,image_segmentation,local__image_segmentation,v18_scmae_mainline_v2_2; nan_to_num_then_column_standard_scaler,active ARI; V18 also publishes all-row ARI and Leiden readout,completed,149-dataset x 3-seed matrix|auxiliary V18 variant,scmae_only,0.4778±0.0174,NA,0/no gate field,paired_delta_not_available,latent_GW_frozen,0.4069±0.1918,-0.0709±0.0000,hard_open_rate_mean=0.01328; edge_retention_rate_mean=0.01328; abstention_rate_mean=0.76825,paired_regression,v18_shuffled_E0,0.3910±0.0298,-0.0868±0.0000,hard_open_rate_mean=0.14138; edge_retention_rate_mean=0.14138; abstention_rate_mean=0.01270,paired_regression,latent_C_exactzero,0.4137±0.0156,-0.0641±0.0000,edge_retention_rate_mean=0.99936; abstention_rate_mean=0.00000,paired_regression,v18_full,0.5214±0.0353,+0.0436±0.0000,hard_open_rate_mean=0.14057; edge_retention_rate_mean=0.14057; abstention_rate_mean=0.19048,paired_positive_scope_limited,NA,NA,NA,NA,NA,NA,NA,NA,NA,NA,NA,NA,NA,NA,NA
V18,V18/scmae_mainline_v2_2,imdb,local__imdb,v18_scmae_mainline_v2_2; nan_to_num_then_column_standard_scaler,active ARI; V18 also publishes all-row ARI and Leiden readout,completed,149-dataset x 3-seed matrix|auxiliary V18 variant,scmae_only,0.0367±0.0253,NA,0/no gate field,paired_delta_not_available,latent_GW_frozen,0.0007±0.0010,-0.0360±0.0000,hard_open_rate_mean=0.02248; edge_retention_rate_mean=0.02248; abstention_rate_mean=0.55344,paired_regression,v18_shuffled_E0,0.0204±0.0287,-0.0163±0.0000,hard_open_rate_mean=0.44977; edge_retention_rate_mean=0.44977; abstention_rate_mean=0.00010,paired_neutral_or_small,latent_C_exactzero,0.0748±0.0227,+0.0381±0.0000,edge_retention_rate_mean=0.99939; abstention_rate_mean=0.00000,paired_positive_scope_limited,v18_full,0.0151±0.0134,-0.0216±0.0000,hard_open_rate_mean=0.44535; edge_retention_rate_mean=0.44535; abstention_rate_mean=0.00062,paired_neutral_or_small,NA,NA,NA,NA,NA,NA,NA,NA,NA,NA,NA,NA,NA,NA,NA
V18,V18/scmae_mainline_v2_2,insurance_company_benchmark,local__insurance_company_benchmark,v18_scmae_mainline_v2_2; nan_to_num_then_column_standard_scaler,active ARI; V18 also publishes all-row ARI and Leiden readout,completed,149-dataset x 3-seed matrix|auxiliary V18 variant,scmae_only,0.0460±0.0008,NA,0/no gate field,paired_delta_not_available,latent_GW_frozen,0.0001±0.0059,-0.0459±0.0000,hard_open_rate_mean=0.01489; edge_retention_rate_mean=0.01489; abstention_rate_mean=0.75839,paired_regression,v18_shuffled_E0,0.0002±0.0023,-0.0458±0.0000,hard_open_rate_mean=0.61075; edge_retention_rate_mean=0.61072; abstention_rate_mean=0.01139,paired_regression,latent_C_exactzero,0.0070±0.0126,-0.0390±0.0000,edge_retention_rate_mean=0.99954; abstention_rate_mean=0.00000,paired_regression,v18_full,0.0096±0.0141,-0.0364±0.0000,hard_open_rate_mean=0.55968; edge_retention_rate_mean=0.55967; abstention_rate_mean=0.00212,paired_regression,NA,NA,NA,NA,NA,NA,NA,NA,NA,NA,NA,NA,NA,NA,NA
V18,V18/scmae_mainline_v2_2,ionosphere,local__ionosphere,v18_scmae_mainline_v2_2; nan_to_num_then_column_standard_scaler,active ARI; V18 also publishes all-row ARI and Leiden readout,completed,149-dataset x 3-seed matrix|auxiliary V18 variant,scmae_only,0.1622±0.0146,NA,0/no gate field,paired_delta_not_available,latent_GW_frozen,0.0477±0.0842,-0.1144±0.0000,hard_open_rate_mean=0.02127; edge_retention_rate_mean=0.02127; abstention_rate_mean=0.72934,paired_regression,v18_shuffled_E0,0.1045±0.0208,-0.0577±0.0000,hard_open_rate_mean=0.18535; edge_retention_rate_mean=0.18535; abstention_rate_mean=0.00095,paired_regression,latent_C_exactzero,0.1240±0.0042,-0.0382±0.0000,edge_retention_rate_mean=0.99903; abstention_rate_mean=0.00000,paired_regression,v18_full,0.0330±0.0359,-0.1292±0.0000,hard_open_rate_mean=0.22752; edge_retention_rate_mean=0.22752; abstention_rate_mean=0.09782,paired_regression,NA,NA,NA,NA,NA,NA,NA,NA,NA,NA,NA,NA,NA,NA,NA
V18,V18/scmae_mainline_v2_2,iris,local__iris,v18_scmae_mainline_v2_2; nan_to_num_then_column_standard_scaler,active ARI; V18 also publishes all-row ARI and Leiden readout,completed,149-dataset x 3-seed matrix|auxiliary V18 variant,scmae_only,0.7039±0.0593,NA,0/no gate field,paired_delta_not_available,latent_GW_frozen,0.3260±0.1149,-0.3779±0.0000,hard_open_rate_mean=0.02528; edge_retention_rate_mean=0.02528; abstention_rate_mean=0.56667,paired_regression,v18_shuffled_E0,0.5020±0.0375,-0.2019±0.0000,hard_open_rate_mean=0.15605; edge_retention_rate_mean=0.15605; abstention_rate_mean=0.00444,paired_regression,latent_C_exactzero,0.5503±0.0103,-0.1536±0.0000,edge_retention_rate_mean=0.99933; abstention_rate_mean=0.00000,paired_regression,v18_full,0.5362±0.0248,-0.1677±0.0000,hard_open_rate_mean=0.14557; edge_retention_rate_mean=0.14557; abstention_rate_mean=0.16444,paired_regression,NA,NA,NA,NA,NA,NA,NA,NA,NA,NA,NA,NA,NA,NA,NA
V18,V18/scmae_mainline_v2_2,labeled_faces_in_the_wild,local__labeled_faces_in_the_wild,v18_scmae_mainline_v2_2; nan_to_num_then_column_standard_scaler,active ARI; V18 also publishes all-row ARI and Leiden readout,completed,149-dataset x 3-seed matrix|auxiliary V18 variant,scmae_only,0.0009±0.0008,NA,0/no gate field,paired_delta_not_available,latent_GW_frozen,0.0034±0.0069,+0.0025±0.0000,hard_open_rate_mean=0.02303; edge_retention_rate_mean=0.02303; abstention_rate_mean=0.50227,paired_neutral_or_small,v18_shuffled_E0,0.0002±0.0005,-0.0007±0.0000,hard_open_rate_mean=0.41025; edge_retention_rate_mean=0.41024; abstention_rate_mean=0.00091,paired_neutral_or_small,latent_C_exactzero,0.0020±0.0009,+0.0011±0.0000,edge_retention_rate_mean=0.99956; abstention_rate_mean=0.00000,paired_neutral_or_small,v18_full,0.0006±0.0011,-0.0003±0.0000,hard_open_rate_mean=0.39714; edge_retention_rate_mean=0.39714; abstention_rate_mean=0.00091,paired_neutral_or_small,NA,NA,NA,NA,NA,NA,NA,NA,NA,NA,NA,NA,NA,NA,NA
V18,V18/scmae_mainline_v2_2,landsat,ahdpc_prepared__landsat,v18_scmae_mainline_v2_2; nan_to_num_then_column_standard_scaler,active ARI; V18 also publishes all-row ARI and Leiden readout,completed,149-dataset x 3-seed matrix|auxiliary V18 variant,scmae_only,0.5351±0.0039,NA,0/no gate field,paired_delta_not_available,latent_GW_frozen,0.0240±0.0041,-0.5111±0.0000,hard_open_rate_mean=0.01612; edge_retention_rate_mean=0.01612; abstention_rate_mean=0.60225,paired_regression,v18_shuffled_E0,0.3110±0.0100,-0.2241±0.0000,hard_open_rate_mean=0.46902; edge_retention_rate_mean=0.46901; abstention_rate_mean=0.00000,paired_regression,latent_C_exactzero,0.5020±0.0023,-0.0331±0.0000,edge_retention_rate_mean=0.99895; abstention_rate_mean=0.00000,paired_regression,v18_full,0.4994±0.0130,-0.0357±0.0000,hard_open_rate_mean=0.51626; edge_retention_rate_mean=0.51625; abstention_rate_mean=0.00000,paired_regression,NA,NA,NA,NA,NA,NA,NA,NA,NA,NA,NA,NA,NA,NA,NA
V18,V18/scmae_mainline_v2_2,letter_recognition,local__letter_recognition,v18_scmae_mainline_v2_2; nan_to_num_then_column_standard_scaler,active ARI; V18 also publishes all-row ARI and Leiden readout,completed,149-dataset x 3-seed matrix|auxiliary V18 variant,scmae_only,0.1429±0.0058,NA,0/no gate field,paired_delta_not_available,latent_GW_frozen,0.1395±0.0050,-0.0034±0.0000,hard_open_rate_mean=0.01892; edge_retention_rate_mean=0.01892; abstention_rate_mean=0.56952,paired_neutral_or_small,v18_shuffled_E0,0.0195±0.0059,-0.1234±0.0000,hard_open_rate_mean=0.49657; edge_retention_rate_mean=0.49652; abstention_rate_mean=0.00000,paired_regression,latent_C_exactzero,0.1210±0.0027,-0.0219±0.0000,edge_retention_rate_mean=0.99936; abstention_rate_mean=0.00000,paired_neutral_or_small,v18_full,0.1176±0.0021,-0.0253±0.0000,hard_open_rate_mean=0.62585; edge_retention_rate_mean=0.62578; abstention_rate_mean=0.00003,paired_neutral_or_small,NA,NA,NA,NA,NA,NA,NA,NA,NA,NA,NA,NA,NA,NA,NA
V18,V18/scmae_mainline_v2_2,libras_movement,ahdpc_prepared__libras_movement,v18_scmae_mainline_v2_2; nan_to_num_then_column_standard_scaler,active ARI; V18 also publishes all-row ARI and Leiden readout,completed,149-dataset x 3-seed matrix|auxiliary V18 variant,scmae_only,0.3130±0.0133,NA,0/no gate field,paired_delta_not_available,latent_GW_frozen,0.1872±0.0404,-0.1258±0.0000,hard_open_rate_mean=0.01451; edge_retention_rate_mean=0.01451; abstention_rate_mean=0.71667,paired_regression,v18_shuffled_E0,0.2316±0.0087,-0.0813±0.0000,hard_open_rate_mean=0.14700; edge_retention_rate_mean=0.14700; abstention_rate_mean=0.00000,paired_regression,latent_C_exactzero,0.2942±0.0165,-0.0188±0.0000,edge_retention_rate_mean=0.99946; abstention_rate_mean=0.00000,paired_neutral_or_small,v18_full,0.3247±0.0091,+0.0117±0.0000,hard_open_rate_mean=0.28188; edge_retention_rate_mean=0.28188; abstention_rate_mean=0.03148,paired_neutral_or_small,NA,NA,NA,NA,NA,NA,NA,NA,NA,NA,NA,NA,NA,NA,NA
V18,V18/scmae_mainline_v2_2,magic_gamma_telescope,local__magic_gamma_telescope,v18_scmae_mainline_v2_2; nan_to_num_then_column_standard_scaler,active ARI; V18 also publishes all-row ARI and Leiden readout,completed,149-dataset x 3-seed matrix|auxiliary V18 variant,scmae_only,0.0148±0.0048,NA,0/no gate field,paired_delta_not_available,latent_GW_frozen,-0.0154±0.0006,-0.0302±0.0000,hard_open_rate_mean=0.01419; edge_retention_rate_mean=0.01419; abstention_rate_mean=0.57542,paired_regression,v18_shuffled_E0,0.0165±0.0050,+0.0017±0.0000,hard_open_rate_mean=0.49596; edge_retention_rate_mean=0.49592; abstention_rate_mean=0.00000,paired_neutral_or_small,latent_C_exactzero,0.0122±0.0005,-0.0026±0.0000,edge_retention_rate_mean=0.99945; abstention_rate_mean=0.00000,paired_neutral_or_small,v18_full,0.0143±0.0016,-0.0005±0.0000,hard_open_rate_mean=0.62720; edge_retention_rate_mean=0.62713; abstention_rate_mean=0.00010,paired_neutral_or_small,NA,NA,NA,NA,NA,NA,NA,NA,NA,NA,NA,NA,NA,NA,NA
V18,V18/scmae_mainline_v2_2,mammographic_mass,local__mammographic_mass,v18_scmae_mainline_v2_2; nan_to_num_then_column_standard_scaler,active ARI; V18 also publishes all-row ARI and Leiden readout,completed,149-dataset x 3-seed matrix|auxiliary V18 variant,scmae_only,0.3577±0.0276,NA,0/no gate field,paired_delta_not_available,latent_GW_frozen,0.0179±0.0241,-0.3398±0.0000,hard_open_rate_mean=0.02036; edge_retention_rate_mean=0.02036; abstention_rate_mean=0.61888,paired_regression,v18_shuffled_E0,0.1780±0.1554,-0.1796±0.0000,hard_open_rate_mean=0.20119; edge_retention_rate_mean=0.20119; abstention_rate_mean=0.00120,paired_regression,latent_C_exactzero,0.3044±0.0653,-0.0533±0.0000,edge_retention_rate_mean=0.99920; abstention_rate_mean=0.00000,paired_regression,v18_full,0.1064±0.1840,-0.2513±0.0000,hard_open_rate_mean=0.29012; edge_retention_rate_mean=0.29012; abstention_rate_mean=0.02450,paired_regression,NA,NA,NA,NA,NA,NA,NA,NA,NA,NA,NA,NA,NA,NA,NA
V18,V18/scmae_mainline_v2_2,mfeat-factors,local__mfeat_factors,v18_scmae_mainline_v2_2; nan_to_num_then_column_standard_scaler,active ARI; V18 also publishes all-row ARI and Leiden readout,completed,149-dataset x 3-seed matrix|auxiliary V18 variant,scmae_only,0.7613±0.0595,NA,0/no gate field,paired_delta_not_available,latent_GW_frozen,0.1025±0.0223,-0.6589±0.0000,hard_open_rate_mean=0.01574; edge_retention_rate_mean=0.01574; abstention_rate_mean=0.73900,paired_regression,v18_shuffled_E0,0.4182±0.0288,-0.3432±0.0000,hard_open_rate_mean=0.28722; edge_retention_rate_mean=0.28722; abstention_rate_mean=0.00000,paired_regression,latent_C_exactzero,0.8186±0.0065,+0.0573±0.0000,edge_retention_rate_mean=0.99946; abstention_rate_mean=0.00000,paired_positive_scope_limited,v18_full,0.8390±0.0072,+0.0777±0.0000,hard_open_rate_mean=0.41858; edge_retention_rate_mean=0.41858; abstention_rate_mean=0.01050,paired_positive_scope_limited,NA,NA,NA,NA,NA,NA,NA,NA,NA,NA,NA,NA,NA,NA,NA
V18,V18/scmae_mainline_v2_2,mfeat-fourier,local__mfeat_fourier,v18_scmae_mainline_v2_2; nan_to_num_then_column_standard_scaler,active ARI; V18 also publishes all-row ARI and Leiden readout,completed,149-dataset x 3-seed matrix|auxiliary V18 variant,scmae_only,0.4074±0.0080,NA,0/no gate field,paired_delta_not_available,latent_GW_frozen,0.2166±0.0712,-0.1908±0.0000,hard_open_rate_mean=0.02556; edge_retention_rate_mean=0.02556; abstention_rate_mean=0.67433,paired_regression,v18_shuffled_E0,0.2833±0.0049,-0.1242±0.0000,hard_open_rate_mean=0.30105; edge_retention_rate_mean=0.30105; abstention_rate_mean=0.00017,paired_regression,latent_C_exactzero,0.4123±0.0116,+0.0048±0.0000,edge_retention_rate_mean=0.99950; abstention_rate_mean=0.00000,paired_neutral_or_small,v18_full,0.4719±0.0031,+0.0645±0.0000,hard_open_rate_mean=0.37264; edge_retention_rate_mean=0.37264; abstention_rate_mean=0.02550,paired_positive_scope_limited,NA,NA,NA,NA,NA,NA,NA,NA,NA,NA,NA,NA,NA,NA,NA
V18,V18/scmae_mainline_v2_2,mfeat-karhunen,local__mfeat_karhunen,v18_scmae_mainline_v2_2; nan_to_num_then_column_standard_scaler,active ARI; V18 also publishes all-row ARI and Leiden readout,completed,149-dataset x 3-seed matrix|auxiliary V18 variant,scmae_only,0.5985±0.0285,NA,0/no gate field,paired_delta_not_available,latent_GW_frozen,0.4141±0.0896,-0.1845±0.0000,hard_open_rate_mean=0.02847; edge_retention_rate_mean=0.02847; abstention_rate_mean=0.57767,paired_regression,v18_shuffled_E0,0.3808±0.0098,-0.2177±0.0000,hard_open_rate_mean=0.29323; edge_retention_rate_mean=0.29323; abstention_rate_mean=0.00000,paired_regression,latent_C_exactzero,0.6255±0.0279,+0.0270±0.0000,edge_retention_rate_mean=0.99941; abstention_rate_mean=0.00000,paired_neutral_or_small,v18_full,0.6943±0.0208,+0.0958±0.0000,hard_open_rate_mean=0.37781; edge_retention_rate_mean=0.37781; abstention_rate_mean=0.02083,paired_positive_scope_limited,NA,NA,NA,NA,NA,NA,NA,NA,NA,NA,NA,NA,NA,NA,NA
V18,V18/scmae_mainline_v2_2,mfeat-morphological,local__mfeat_morphological,v18_scmae_mainline_v2_2; nan_to_num_then_column_standard_scaler,active ARI; V18 also publishes all-row ARI and Leiden readout,completed,149-dataset x 3-seed matrix|auxiliary V18 variant,scmae_only,0.5389±0.0110,NA,0/no gate field,paired_delta_not_available,latent_GW_frozen,0.1715±0.0395,-0.3674±0.0000,hard_open_rate_mean=0.02364; edge_retention_rate_mean=0.02364; abstention_rate_mean=0.51283,paired_regression,v18_shuffled_E0,0.1106±0.0194,-0.4283±0.0000,hard_open_rate_mean=0.32499; edge_retention_rate_mean=0.32499; abstention_rate_mean=0.00033,paired_regression,latent_C_exactzero,0.3793±0.0032,-0.1597±0.0000,edge_retention_rate_mean=0.99936; abstention_rate_mean=0.00000,paired_regression,v18_full,0.2983±0.0212,-0.2406±0.0000,hard_open_rate_mean=0.40126; edge_retention_rate_mean=0.40126; abstention_rate_mean=0.01300,paired_regression,NA,NA,NA,NA,NA,NA,NA,NA,NA,NA,NA,NA,NA,NA,NA
V18,V18/scmae_mainline_v2_2,micro-mass,local__micro_mass,v18_scmae_mainline_v2_2; nan_to_num_then_column_standard_scaler,active ARI; V18 also publishes all-row ARI and Leiden readout,completed,149-dataset x 3-seed matrix|auxiliary V18 variant,scmae_only,0.4921±0.0032,NA,0/no gate field,paired_delta_not_available,latent_GW_frozen,NA,NA,hard_open_rate_mean=0.00000; edge_retention_rate_mean=0.00000; abstention_rate_mean=1.00000,paired_delta_not_available,v18_shuffled_E0,0.4408±0.0190,-0.0512±0.0000,hard_open_rate_mean=0.12317; edge_retention_rate_mean=0.12317; abstention_rate_mean=0.01944,paired_regression,latent_C_exactzero,0.5197±0.0406,+0.0276±0.0000,edge_retention_rate_mean=0.99918; abstention_rate_mean=0.00000,paired_neutral_or_small,v18_full,0.5056±0.0302,+0.0135±0.0000,hard_open_rate_mean=0.30551; edge_retention_rate_mean=0.30551; abstention_rate_mean=0.02315,paired_neutral_or_small,NA,NA,NA,NA,NA,NA,NA,NA,NA,NA,NA,NA,NA,NA,NA
V18,V18/scmae_mainline_v2_2,microbes,local__microbes,v18_scmae_mainline_v2_2; nan_to_num_then_column_standard_scaler,active ARI; V18 also publishes all-row ARI and Leiden readout,completed,149-dataset x 3-seed matrix|auxiliary V18 variant,scmae_only,0.0488±0.0056,NA,0/no gate field,paired_delta_not_available,latent_GW_frozen,0.0030±0.0009,-0.0457±0.0000,hard_open_rate_mean=0.01069; edge_retention_rate_mean=0.01069; abstention_rate_mean=0.61421,paired_regression,v18_shuffled_E0,0.0135±0.0017,-0.0352±0.0000,hard_open_rate_mean=0.47293; edge_retention_rate_mean=0.47288; abstention_rate_mean=0.00000,paired_regression,latent_C_exactzero,0.0230±0.0022,-0.0257±0.0000,edge_retention_rate_mean=0.99832; abstention_rate_mean=0.00000,paired_neutral_or_small,v18_full,0.0221±0.0008,-0.0267±0.0000,hard_open_rate_mean=0.62686; edge_retention_rate_mean=0.62681; abstention_rate_mean=0.00023,paired_neutral_or_small,NA,NA,NA,NA,NA,NA,NA,NA,NA,NA,NA,NA,NA,NA,NA
V18,V18/scmae_mainline_v2_2,mnist64,local__mnist64,v18_scmae_mainline_v2_2; nan_to_num_then_column_standard_scaler,active ARI; V18 also publishes all-row ARI and Leiden readout,completed,149-dataset x 3-seed matrix|auxiliary V18 variant,scmae_only,0.8211±0.0150,NA,0/no gate field,paired_delta_not_available,latent_GW_frozen,0.1468±0.0566,-0.6743±0.0000,hard_open_rate_mean=0.01567; edge_retention_rate_mean=0.01567; abstention_rate_mean=0.68238,paired_regression,v18_shuffled_E0,0.5206±0.1128,-0.3005±0.0000,hard_open_rate_mean=0.22608; edge_retention_rate_mean=0.22608; abstention_rate_mean=0.00370,paired_regression,latent_C_exactzero,0.7434±0.0018,-0.0777±0.0000,edge_retention_rate_mean=0.99949; abstention_rate_mean=0.00000,paired_regression,v18_full,0.7578±0.1155,-0.0633±0.0000,hard_open_rate_mean=0.35739; edge_retention_rate_mean=0.35739; abstention_rate_mean=0.03081,paired_regression,NA,NA,NA,NA,NA,NA,NA,NA,NA,NA,NA,NA,NA,NA,NA
V18,V18/scmae_mainline_v2_2,mobile_price_classification,local__mobile_price_classification,v18_scmae_mainline_v2_2; nan_to_num_then_column_standard_scaler,active ARI; V18 also publishes all-row ARI and Leiden readout,completed,149-dataset x 3-seed matrix|auxiliary V18 variant,scmae_only,0.0029±0.0018,NA,0/no gate field,paired_delta_not_available,latent_GW_frozen,0.0005±0.0019,-0.0024±0.0000,hard_open_rate_mean=0.02256; edge_retention_rate_mean=0.02256; abstention_rate_mean=0.48400,paired_neutral_or_small,v18_shuffled_E0,0.0011±0.0018,-0.0018±0.0000,hard_open_rate_mean=0.33411; edge_retention_rate_mean=0.33411; abstention_rate_mean=0.00000,paired_neutral_or_small,latent_C_exactzero,0.0052±0.0016,+0.0023±0.0000,edge_retention_rate_mean=0.99951; abstention_rate_mean=0.00000,paired_neutral_or_small,v18_full,0.0006±0.0008,-0.0023±0.0000,hard_open_rate_mean=0.39841; edge_retention_rate_mean=0.39841; abstention_rate_mean=0.00200,paired_neutral_or_small,NA,NA,NA,NA,NA,NA,NA,NA,NA,NA,NA,NA,NA,NA,NA
V18,V18/scmae_mainline_v2_2,music_genre_classification,local__music_genre_classification,v18_scmae_mainline_v2_2; nan_to_num_then_column_standard_scaler,active ARI; V18 also publishes all-row ARI and Leiden readout,completed,149-dataset x 3-seed matrix|auxiliary V18 variant,scmae_only,0.1757±0.0070,NA,0/no gate field,paired_delta_not_available,latent_GW_frozen,0.2200±0.0310,+0.0443±0.0000,hard_open_rate_mean=0.01663; edge_retention_rate_mean=0.01663; abstention_rate_mean=0.67433,paired_positive_scope_limited,v18_shuffled_E0,0.1045±0.0101,-0.0713±0.0000,hard_open_rate_mean=0.25999; edge_retention_rate_mean=0.25999; abstention_rate_mean=0.00000,paired_regression,latent_C_exactzero,0.1560±0.0134,-0.0197±0.0000,edge_retention_rate_mean=0.99952; abstention_rate_mean=0.00000,paired_neutral_or_small,v18_full,0.1870±0.0043,+0.0113±0.0000,hard_open_rate_mean=0.32260; edge_retention_rate_mean=0.32259; abstention_rate_mean=0.05300,paired_neutral_or_small,NA,NA,NA,NA,NA,NA,NA,NA,NA,NA,NA,NA,NA,NA,NA
V18,V18/scmae_mainline_v2_2,olivetti_faces,local__olivetti_faces,v18_scmae_mainline_v2_2; nan_to_num_then_column_standard_scaler,active ARI; V18 also publishes all-row ARI and Leiden readout,completed,149-dataset x 3-seed matrix|auxiliary V18 variant,scmae_only,0.5473±0.0162,NA,0/no gate field,paired_delta_not_available,latent_GW_frozen,0.4011±0.0496,-0.1461±0.0000,hard_open_rate_mean=0.03627; edge_retention_rate_mean=0.03627; abstention_rate_mean=0.50083,paired_regression,v18_shuffled_E0,0.1681±0.0036,-0.3791±0.0000,hard_open_rate_mean=0.13294; edge_retention_rate_mean=0.13294; abstention_rate_mean=0.00667,paired_regression,latent_C_exactzero,0.5640±0.0078,+0.0167±0.0000,edge_retention_rate_mean=0.99929; abstention_rate_mean=0.00000,paired_neutral_or_small,v18_full,0.5783±0.0250,+0.0311±0.0000,hard_open_rate_mean=0.25788; edge_retention_rate_mean=0.25788; abstention_rate_mean=0.00000,paired_positive_scope_limited,NA,NA,NA,NA,NA,NA,NA,NA,NA,NA,NA,NA,NA,NA,NA
V18,V18/scmae_mainline_v2_2,optical_recognition_of_handwritten_digits,local__optical_recognition_of_handwritten_digits,v18_scmae_mainline_v2_2; nan_to_num_then_column_standard_scaler,active ARI; V18 also publishes all-row ARI and Leiden readout,completed,149-dataset x 3-seed matrix|auxiliary V18 variant,scmae_only,0.6357±0.0306,NA,0/no gate field,paired_delta_not_available,latent_GW_frozen,0.2371±0.0147,-0.3986±0.0000,hard_open_rate_mean=0.01706; edge_retention_rate_mean=0.01706; abstention_rate_mean=0.69448,paired_regression,v18_shuffled_E0,0.1333±0.0334,-0.5024±0.0000,hard_open_rate_mean=0.46598; edge_retention_rate_mean=0.46597; abstention_rate_mean=0.00288,paired_regression,latent_C_exactzero,0.5872±0.0054,-0.0485±0.0000,edge_retention_rate_mean=0.99949; abstention_rate_mean=0.00000,paired_regression,v18_full,0.5653±0.0265,-0.0705±0.0000,hard_open_rate_mean=0.50492; edge_retention_rate_mean=0.50492; abstention_rate_mean=0.00636,paired_regression,NA,NA,NA,NA,NA,NA,NA,NA,NA,NA,NA,NA,NA,NA,NA
V18,V18/scmae_mainline_v2_2,orbit_classification_for_prediction_nasa,local__orbit_classification_for_prediction_nasa,v18_scmae_mainline_v2_2; nan_to_num_then_column_standard_scaler,active ARI; V18 also publishes all-row ARI and Leiden readout,completed,149-dataset x 3-seed matrix|auxiliary V18 variant,scmae_only,0.0269±0.0118,NA,0/no gate field,paired_delta_not_available,latent_GW_frozen,0.0034±0.0351,-0.0235±0.0000,hard_open_rate_mean=0.02215; edge_retention_rate_mean=0.02215; abstention_rate_mean=0.43012,paired_neutral_or_small,v18_shuffled_E0,0.0120±0.0217,-0.0149±0.0000,hard_open_rate_mean=0.28771; edge_retention_rate_mean=0.28770; abstention_rate_mean=0.00039,paired_neutral_or_small,latent_C_exactzero,0.0109±0.0040,-0.0160±0.0000,edge_retention_rate_mean=0.99938; abstention_rate_mean=0.00000,paired_neutral_or_small,v18_full,0.0049±0.0059,-0.0219±0.0000,hard_open_rate_mean=0.35254; edge_retention_rate_mean=0.35254; abstention_rate_mean=0.00039,paired_neutral_or_small,NA,NA,NA,NA,NA,NA,NA,NA,NA,NA,NA,NA,NA,NA,NA
V18,V18/scmae_mainline_v2_2,paris_housing_classification,local__paris_housing_classification,v18_scmae_mainline_v2_2; nan_to_num_then_column_standard_scaler,active ARI; V18 also publishes all-row ARI and Leiden readout,completed,149-dataset x 3-seed matrix|auxiliary V18 variant,scmae_only,0.0001±0.0001,NA,0/no gate field,paired_delta_not_available,latent_GW_frozen,-0.0028±0.0026,-0.0030±0.0000,hard_open_rate_mean=0.01542; edge_retention_rate_mean=0.01542; abstention_rate_mean=0.49847,paired_neutral_or_small,v18_shuffled_E0,0.0002±0.0002,+0.0000±0.0000,hard_open_rate_mean=0.42757; edge_retention_rate_mean=0.42754; abstention_rate_mean=0.00000,paired_neutral_or_small,latent_C_exactzero,0.0000±0.0002,-0.0001±0.0000,edge_retention_rate_mean=0.99947; abstention_rate_mean=0.00000,paired_neutral_or_small,v18_full,-0.0000±0.0003,-0.0001±0.0000,hard_open_rate_mean=0.58623; edge_retention_rate_mean=0.58616; abstention_rate_mean=0.00000,paired_neutral_or_small,NA,NA,NA,NA,NA,NA,NA,NA,NA,NA,NA,NA,NA,NA,NA
V18,V18/scmae_mainline_v2_2,parkinsons,local__parkinsons,v18_scmae_mainline_v2_2; nan_to_num_then_column_standard_scaler,active ARI; V18 also publishes all-row ARI and Leiden readout,completed,149-dataset x 3-seed matrix|auxiliary V18 variant,scmae_only,0.0091±0.0759,NA,0/no gate field,paired_delta_not_available,latent_GW_frozen,0.0989±0.2310,+0.0898±0.0000,hard_open_rate_mean=0.01968; edge_retention_rate_mean=0.01968; abstention_rate_mean=0.67009,paired_positive_scope_limited,v18_shuffled_E0,0.0536±0.0494,+0.0445±0.0000,hard_open_rate_mean=0.15089; edge_retention_rate_mean=0.15089; abstention_rate_mean=0.00513,paired_positive_scope_limited,latent_C_exactzero,0.1722±0.0051,+0.1631±0.0000,edge_retention_rate_mean=0.99944; abstention_rate_mean=0.00000,paired_positive_scope_limited,v18_full,-0.0363±0.0453,-0.0454±0.0000,hard_open_rate_mean=0.14162; edge_retention_rate_mean=0.14162; abstention_rate_mean=0.11282,paired_regression,NA,NA,NA,NA,NA,NA,NA,NA,NA,NA,NA,NA,NA,NA,NA
V18,V18/scmae_mainline_v2_2,patient_treatment_classification,local__patient_treatment_classification,v18_scmae_mainline_v2_2; nan_to_num_then_column_standard_scaler,active ARI; V18 also publishes all-row ARI and Leiden readout,completed,149-dataset x 3-seed matrix|auxiliary V18 variant,scmae_only,-0.0054±0.0100,NA,0/no gate field,paired_delta_not_available,latent_GW_frozen,-0.0035±0.0012,+0.0018±0.0000,hard_open_rate_mean=0.01891; edge_retention_rate_mean=0.01891; abstention_rate_mean=0.44666,paired_neutral_or_small,v18_shuffled_E0,0.0128±0.0237,+0.0181±0.0000,hard_open_rate_mean=0.42080; edge_retention_rate_mean=0.42079; abstention_rate_mean=0.00000,paired_neutral_or_small,latent_C_exactzero,0.0120±0.0111,+0.0174±0.0000,edge_retention_rate_mean=0.99938; abstention_rate_mean=0.00000,paired_neutral_or_small,v18_full,0.0046±0.0072,+0.0099±0.0000,hard_open_rate_mean=0.47089; edge_retention_rate_mean=0.47088; abstention_rate_mean=0.00053,paired_neutral_or_small,NA,NA,NA,NA,NA,NA,NA,NA,NA,NA,NA,NA,NA,NA,NA
V18,V18/scmae_mainline_v2_2,pen_based_recognition_of_handwritten_digits,local__pen_based_recognition_of_handwritten_digits,v18_scmae_mainline_v2_2; nan_to_num_then_column_standard_scaler,active ARI; V18 also publishes all-row ARI and Leiden readout,completed,149-dataset x 3-seed matrix|auxiliary V18 variant,scmae_only,0.6014±0.0075,NA,0/no gate field,paired_delta_not_available,latent_GW_frozen,0.2432±0.1376,-0.3582±0.0000,hard_open_rate_mean=0.01898; edge_retention_rate_mean=0.01898; abstention_rate_mean=0.52655,paired_regression,v18_shuffled_E0,0.1996±0.0050,-0.4019±0.0000,hard_open_rate_mean=0.45913; edge_retention_rate_mean=0.45911; abstention_rate_mean=0.00000,paired_regression,latent_C_exactzero,0.5211±0.0216,-0.0803±0.0000,edge_retention_rate_mean=0.99934; abstention_rate_mean=0.00000,paired_regression,v18_full,0.4983±0.0095,-0.1031±0.0000,hard_open_rate_mean=0.59569; edge_retention_rate_mean=0.59566; abstention_rate_mean=0.00004,paired_regression,NA,NA,NA,NA,NA,NA,NA,NA,NA,NA,NA,NA,NA,NA,NA
V18,V18/scmae_mainline_v2_2,ph_recognition,local__ph_recognition,v18_scmae_mainline_v2_2; nan_to_num_then_column_standard_scaler,active ARI; V18 also publishes all-row ARI and Leiden readout,completed,149-dataset x 3-seed matrix|auxiliary V18 variant,scmae_only,0.3854±0.0137,NA,0/no gate field,paired_delta_not_available,latent_GW_frozen,0.1292±0.0241,-0.2563±0.0000,hard_open_rate_mean=0.02444; edge_retention_rate_mean=0.02444; abstention_rate_mean=0.60847,paired_regression,v18_shuffled_E0,0.1139±0.0089,-0.2715±0.0000,hard_open_rate_mean=0.18276; edge_retention_rate_mean=0.18276; abstention_rate_mean=0.00000,paired_regression,latent_C_exactzero,0.2038±0.0247,-0.1816±0.0000,edge_retention_rate_mean=0.99916; abstention_rate_mean=0.00000,paired_regression,v18_full,0.2054±0.0099,-0.1800±0.0000,hard_open_rate_mean=0.24936; edge_retention_rate_mean=0.24936; abstention_rate_mean=0.02093,paired_regression,NA,NA,NA,NA,NA,NA,NA,NA,NA,NA,NA,NA,NA,NA,NA
V18,V18/scmae_mainline_v2_2,pima_indians_diabetes_database,local__pima_indians_diabetes_database,v18_scmae_mainline_v2_2; nan_to_num_then_column_standard_scaler,active ARI; V18 also publishes all-row ARI and Leiden readout,completed,149-dataset x 3-seed matrix|auxiliary V18 variant,scmae_only,0.0302±0.0445,NA,0/no gate field,paired_delta_not_available,latent_GW_frozen,0.0098±0.0347,-0.0204±0.0000,hard_open_rate_mean=0.02089; edge_retention_rate_mean=0.02089; abstention_rate_mean=0.62196,paired_neutral_or_small,v18_shuffled_E0,0.0312±0.0540,+0.0011±0.0000,hard_open_rate_mean=0.19587; edge_retention_rate_mean=0.19587; abstention_rate_mean=0.00043,paired_neutral_or_small,latent_C_exactzero,0.0167±0.0180,-0.0135±0.0000,edge_retention_rate_mean=0.99959; abstention_rate_mean=0.00000,paired_neutral_or_small,v18_full,0.0068±0.0112,-0.0234±0.0000,hard_open_rate_mean=0.25458; edge_retention_rate_mean=0.25458; abstention_rate_mean=0.02517,paired_neutral_or_small,NA,NA,NA,NA,NA,NA,NA,NA,NA,NA,NA,NA,NA,NA,NA
V18,V18/scmae_mainline_v2_2,pistachio,local__pistachio,v18_scmae_mainline_v2_2; nan_to_num_then_column_standard_scaler,active ARI; V18 also publishes all-row ARI and Leiden readout,completed,149-dataset x 3-seed matrix|auxiliary V18 variant,scmae_only,0.0462±0.0222,NA,0/no gate field,paired_delta_not_available,latent_GW_frozen,0.0007±0.0090,-0.0455±0.0000,hard_open_rate_mean=0.02238; edge_retention_rate_mean=0.02238; abstention_rate_mean=0.51831,paired_regression,v18_shuffled_E0,0.1574±0.0359,+0.1112±0.0000,hard_open_rate_mean=0.36404; edge_retention_rate_mean=0.36404; abstention_rate_mean=0.00000,paired_positive_scope_limited,latent_C_exactzero,0.1669±0.0699,+0.1206±0.0000,edge_retention_rate_mean=0.99884; abstention_rate_mean=0.00000,paired_positive_scope_limited,v18_full,0.2660±0.0439,+0.2198±0.0000,hard_open_rate_mean=0.40509; edge_retention_rate_mean=0.40508; abstention_rate_mean=0.00295,paired_positive_scope_limited,NA,NA,NA,NA,NA,NA,NA,NA,NA,NA,NA,NA,NA,NA,NA
V18,V18/scmae_mainline_v2_2,planning_relax,local__planning_relax,v18_scmae_mainline_v2_2; nan_to_num_then_column_standard_scaler,active ARI; V18 also publishes all-row ARI and Leiden readout,completed,149-dataset x 3-seed matrix|auxiliary V18 variant,scmae_only,-0.0036±0.0017,NA,0/no gate field,paired_delta_not_available,latent_GW_frozen,-0.0188±0.0242,-0.0152±0.0000,hard_open_rate_mean=0.02866; edge_retention_rate_mean=0.02866; abstention_rate_mean=0.43590,paired_neutral_or_small,v18_shuffled_E0,-0.0063±0.0012,-0.0026±0.0000,hard_open_rate_mean=0.16028; edge_retention_rate_mean=0.16028; abstention_rate_mean=0.00183,paired_neutral_or_small,latent_C_exactzero,-0.0034±0.0026,+0.0002±0.0000,edge_retention_rate_mean=0.99959; abstention_rate_mean=0.00000,paired_neutral_or_small,v18_full,0.0058±0.0213,+0.0095±0.0000,hard_open_rate_mean=0.15423; edge_retention_rate_mean=0.15423; abstention_rate_mean=0.06777,paired_neutral_or_small,NA,NA,NA,NA,NA,NA,NA,NA,NA,NA,NA,NA,NA,NA,NA
V18,V18/scmae_mainline_v2_2,poker-hand,local__poker_hand,v18_scmae_mainline_v2_2; nan_to_num_then_column_standard_scaler,active ARI; V18 also publishes all-row ARI and Leiden readout,completed,149-dataset x 3-seed matrix|auxiliary V18 variant,scmae_only,0.0001±0.0002,NA,0/no gate field,paired_delta_not_available,latent_GW_frozen,0.0001±0.0004,+0.0000±0.0000,hard_open_rate_mean=0.01786; edge_retention_rate_mean=0.01787; abstention_rate_mean=0.50800,paired_neutral_or_small,v18_shuffled_E0,-0.0001±0.0000,-0.0001±0.0000,hard_open_rate_mean=0.46332; edge_retention_rate_mean=0.46327; abstention_rate_mean=0.00000,paired_neutral_or_small,latent_C_exactzero,-0.0000±0.0001,-0.0001±0.0000,edge_retention_rate_mean=0.99954; abstention_rate_mean=0.00000,paired_neutral_or_small,v18_full,0.0001±0.0003,-0.0000±0.0000,hard_open_rate_mean=0.63497; edge_retention_rate_mean=0.63490; abstention_rate_mean=0.00007,paired_neutral_or_small,NA,NA,NA,NA,NA,NA,NA,NA,NA,NA,NA,NA,NA,NA,NA
V18,V18/scmae_mainline_v2_2,predicting_pulsar_star,local__predicting_pulsar_star,v18_scmae_mainline_v2_2; nan_to_num_then_column_standard_scaler,active ARI; V18 also publishes all-row ARI and Leiden readout,completed,149-dataset x 3-seed matrix|auxiliary V18 variant,scmae_only,0.7608±0.0179,NA,0/no gate field,paired_delta_not_available,latent_GW_frozen,-0.0323±0.0680,-0.7931±0.0000,hard_open_rate_mean=0.01598; edge_retention_rate_mean=0.01598; abstention_rate_mean=0.56760,paired_regression,v18_shuffled_E0,0.4743±0.0331,-0.2865±0.0000,hard_open_rate_mean=0.49550; edge_retention_rate_mean=0.49546; abstention_rate_mean=0.00004,paired_regression,latent_C_exactzero,0.5183±0.0143,-0.2425±0.0000,edge_retention_rate_mean=0.99938; abstention_rate_mean=0.00000,paired_regression,v18_full,0.5439±0.0168,-0.2169±0.0000,hard_open_rate_mean=0.61599; edge_retention_rate_mean=0.61593; abstention_rate_mean=0.00018,paired_regression,NA,NA,NA,NA,NA,NA,NA,NA,NA,NA,NA,NA,NA,NA,NA
V18,V18/scmae_mainline_v2_2,pumpkin_seeds,local__pumpkin_seeds,v18_scmae_mainline_v2_2; nan_to_num_then_column_standard_scaler,active ARI; V18 also publishes all-row ARI and Leiden readout,completed,149-dataset x 3-seed matrix|auxiliary V18 variant,scmae_only,0.2846±0.2508,NA,0/no gate field,paired_delta_not_available,latent_GW_frozen,0.0094±0.0018,-0.2752±0.0000,hard_open_rate_mean=0.01747; edge_retention_rate_mean=0.01747; abstention_rate_mean=0.40600,paired_regression,v18_shuffled_E0,0.1697±0.0662,-0.1149±0.0000,hard_open_rate_mean=0.34873; edge_retention_rate_mean=0.34873; abstention_rate_mean=0.00000,paired_regression,latent_C_exactzero,0.2550±0.0600,-0.0296±0.0000,edge_retention_rate_mean=0.99865; abstention_rate_mean=0.00000,paired_neutral_or_small,v18_full,0.2361±0.0712,-0.0485±0.0000,hard_open_rate_mean=0.40123; edge_retention_rate_mean=0.40123; abstention_rate_mean=0.00053,paired_regression,NA,NA,NA,NA,NA,NA,NA,NA,NA,NA,NA,NA,NA,NA,NA
V18,V18/scmae_mainline_v2_2,raisin,local__raisin,v18_scmae_mainline_v2_2; nan_to_num_then_column_standard_scaler,active ARI; V18 also publishes all-row ARI and Leiden readout,completed,149-dataset x 3-seed matrix|auxiliary V18 variant,scmae_only,0.3546±0.0555,NA,0/no gate field,paired_delta_not_available,latent_GW_frozen,0.0210±0.0189,-0.3336±0.0000,hard_open_rate_mean=0.02533; edge_retention_rate_mean=0.02533; abstention_rate_mean=0.41370,paired_regression,v18_shuffled_E0,0.2770±0.0260,-0.0776±0.0000,hard_open_rate_mean=0.21196; edge_retention_rate_mean=0.21196; abstention_rate_mean=0.00000,paired_regression,latent_C_exactzero,0.3818±0.0440,+0.0273±0.0000,edge_retention_rate_mean=0.99913; abstention_rate_mean=0.00000,paired_neutral_or_small,v18_full,0.3375±0.0217,-0.0171±0.0000,hard_open_rate_mean=0.27204; edge_retention_rate_mean=0.27204; abstention_rate_mean=0.00037,paired_neutral_or_small,NA,NA,NA,NA,NA,NA,NA,NA,NA,NA,NA,NA,NA,NA,NA
V18,V18/scmae_mainline_v2_2,reuters,local__reuters,v18_scmae_mainline_v2_2; nan_to_num_then_column_standard_scaler,active ARI; V18 also publishes all-row ARI and Leiden readout,completed,149-dataset x 3-seed matrix|auxiliary V18 variant,scmae_only,0.1902±0.0177,NA,0/no gate field,paired_delta_not_available,latent_GW_frozen,0.0051±0.0038,-0.1852±0.0000,hard_open_rate_mean=0.02674; edge_retention_rate_mean=0.02674; abstention_rate_mean=0.76805,paired_regression,v18_shuffled_E0,-0.0001±0.0005,-0.1904±0.0000,hard_open_rate_mean=0.59311; edge_retention_rate_mean=0.59308; abstention_rate_mean=0.00112,paired_regression,latent_C_exactzero,0.4056±0.1736,+0.2154±0.0000,edge_retention_rate_mean=0.99932; abstention_rate_mean=0.00000,paired_positive_scope_limited,v18_full,0.4470±0.1791,+0.2567±0.0000,hard_open_rate_mean=0.45856; edge_retention_rate_mean=0.45855; abstention_rate_mean=0.00005,paired_positive_scope_limited,NA,NA,NA,NA,NA,NA,NA,NA,NA,NA,NA,NA,NA,NA,NA
V18,V18/scmae_mainline_v2_2,rice,ahdpc_prepared__rice,v18_scmae_mainline_v2_2; nan_to_num_then_column_standard_scaler,active ARI; V18 also publishes all-row ARI and Leiden readout,completed,149-dataset x 3-seed matrix|auxiliary V18 variant,scmae_only,0.6749±0.0313,NA,0/no gate field,paired_delta_not_available,latent_GW_frozen,0.0040±0.0071,-0.6709±0.0000,hard_open_rate_mean=0.01882; edge_retention_rate_mean=0.01882; abstention_rate_mean=0.42222,paired_regression,v18_shuffled_E0,0.4809±0.0098,-0.1940±0.0000,hard_open_rate_mean=0.38098; edge_retention_rate_mean=0.38098; abstention_rate_mean=0.00000,paired_regression,latent_C_exactzero,0.6165±0.0093,-0.0584±0.0000,edge_retention_rate_mean=0.99906; abstention_rate_mean=0.00000,paired_regression,v18_full,0.5961±0.0202,-0.0788±0.0000,hard_open_rate_mean=0.44695; edge_retention_rate_mean=0.44694; abstention_rate_mean=0.00009,paired_regression,NA,NA,NA,NA,NA,NA,NA,NA,NA,NA,NA,NA,NA,NA,NA
V18,V18/scmae_mainline_v2_2,rice_dataset_cammeo_and_osmancik,local__rice_dataset_cammeo_and_osmancik,v18_scmae_mainline_v2_2; nan_to_num_then_column_standard_scaler,active ARI; V18 also publishes all-row ARI and Leiden readout,completed,149-dataset x 3-seed matrix|auxiliary V18 variant,scmae_only,0.6749±0.0313,NA,0/no gate field,paired_delta_not_available,latent_GW_frozen,0.0040±0.0071,-0.6709±0.0000,hard_open_rate_mean=0.01882; edge_retention_rate_mean=0.01882; abstention_rate_mean=0.42222,paired_regression,v18_shuffled_E0,0.4809±0.0098,-0.1940±0.0000,hard_open_rate_mean=0.38098; edge_retention_rate_mean=0.38098; abstention_rate_mean=0.00000,paired_regression,latent_C_exactzero,0.6165±0.0093,-0.0584±0.0000,edge_retention_rate_mean=0.99906; abstention_rate_mean=0.00000,paired_regression,v18_full,0.5961±0.0202,-0.0788±0.0000,hard_open_rate_mean=0.44695; edge_retention_rate_mean=0.44694; abstention_rate_mean=0.00009,paired_regression,NA,NA,NA,NA,NA,NA,NA,NA,NA,NA,NA,NA,NA,NA,NA
V18,V18/scmae_mainline_v2_2,rice_seed_gonen_jasmine,local__rice_seed_gonen_jasmine,v18_scmae_mainline_v2_2; nan_to_num_then_column_standard_scaler,active ARI; V18 also publishes all-row ARI and Leiden readout,completed,149-dataset x 3-seed matrix|auxiliary V18 variant,scmae_only,0.8822±0.0290,NA,0/no gate field,paired_delta_not_available,latent_GW_frozen,0.0018±0.0027,-0.8804±0.0000,hard_open_rate_mean=0.00872; edge_retention_rate_mean=0.00872; abstention_rate_mean=0.61329,paired_regression,v18_shuffled_E0,0.7671±0.0127,-0.1151±0.0000,hard_open_rate_mean=0.44969; edge_retention_rate_mean=0.44965; abstention_rate_mean=0.00000,paired_regression,latent_C_exactzero,0.8838±0.0049,+0.0016±0.0000,edge_retention_rate_mean=0.99872; abstention_rate_mean=0.00000,paired_neutral_or_small,v18_full,0.8712±0.0039,-0.0110±0.0000,hard_open_rate_mean=0.59850; edge_retention_rate_mean=0.59844; abstention_rate_mean=0.00020,paired_neutral_or_small,NA,NA,NA,NA,NA,NA,NA,NA,NA,NA,NA,NA,NA,NA,NA
V18,V18/scmae_mainline_v2_2,rmftsa_sleepdata,local__rmftsa_sleepdata,v18_scmae_mainline_v2_2; nan_to_num_then_column_standard_scaler,active ARI; V18 also publishes all-row ARI and Leiden readout,completed,149-dataset x 3-seed matrix|auxiliary V18 variant,scmae_only,0.0455±0.0006,NA,0/no gate field,paired_delta_not_available,latent_GW_frozen,0.0139±0.0157,-0.0317±0.0000,hard_open_rate_mean=0.02043; edge_retention_rate_mean=0.02043; abstention_rate_mean=0.65592,paired_regression,v18_shuffled_E0,0.0195±0.0102,-0.0260±0.0000,hard_open_rate_mean=0.23789; edge_retention_rate_mean=0.23788; abstention_rate_mean=0.00033,paired_neutral_or_small,latent_C_exactzero,0.0196±0.0088,-0.0260±0.0000,edge_retention_rate_mean=0.99880; abstention_rate_mean=0.00000,paired_neutral_or_small,v18_full,0.0191±0.0120,-0.0264±0.0000,hard_open_rate_mean=0.30009; edge_retention_rate_mean=0.30009; abstention_rate_mean=0.01823,paired_neutral_or_small,NA,NA,NA,NA,NA,NA,NA,NA,NA,NA,NA,NA,NA,NA,NA
V18,V18/scmae_mainline_v2_2,satellite_image,local__satellite_image,v18_scmae_mainline_v2_2; nan_to_num_then_column_standard_scaler,active ARI; V18 also publishes all-row ARI and Leiden readout,completed,149-dataset x 3-seed matrix|auxiliary V18 variant,scmae_only,0.5343±0.0046,NA,0/no gate field,paired_delta_not_available,latent_GW_frozen,0.2666±0.1771,-0.2678±0.0000,hard_open_rate_mean=0.01551; edge_retention_rate_mean=0.01551; abstention_rate_mean=0.58560,paired_regression,v18_shuffled_E0,0.3094±0.0025,-0.2249±0.0000,hard_open_rate_mean=0.48797; edge_retention_rate_mean=0.48793; abstention_rate_mean=0.00000,paired_regression,latent_C_exactzero,0.5152±0.0157,-0.0191±0.0000,edge_retention_rate_mean=0.99857; abstention_rate_mean=0.00000,paired_neutral_or_small,v18_full,0.5004±0.0123,-0.0339±0.0000,hard_open_rate_mean=0.55292; edge_retention_rate_mean=0.55290; abstention_rate_mean=0.00000,paired_regression,NA,NA,NA,NA,NA,NA,NA,NA,NA,NA,NA,NA,NA,NA,NA
V18,V18/scmae_mainline_v2_2,secom,local__secom,v18_scmae_mainline_v2_2; nan_to_num_then_column_standard_scaler,active ARI; V18 also publishes all-row ARI and Leiden readout,completed,149-dataset x 3-seed matrix|auxiliary V18 variant,scmae_only,-0.0060±0.0017,NA,0/no gate field,paired_delta_not_available,latent_GW_frozen,0.0045±0.0084,+0.0106±0.0000,hard_open_rate_mean=0.01567; edge_retention_rate_mean=0.01567; abstention_rate_mean=0.77835,paired_neutral_or_small,v18_shuffled_E0,0.0056±0.0151,+0.0117±0.0000,hard_open_rate_mean=0.34560; edge_retention_rate_mean=0.34560; abstention_rate_mean=0.01978,paired_neutral_or_small,latent_C_exactzero,0.0788±0.0079,+0.0849±0.0000,edge_retention_rate_mean=0.99947; abstention_rate_mean=0.00000,paired_positive_scope_limited,v18_full,0.0299±0.0458,+0.0360±0.0000,hard_open_rate_mean=0.39620; edge_retention_rate_mean=0.39620; abstention_rate_mean=0.01468,paired_positive_scope_limited,NA,NA,NA,NA,NA,NA,NA,NA,NA,NA,NA,NA,NA,NA,NA
V18,V18/scmae_mainline_v2_2,seeds,local__seeds,v18_scmae_mainline_v2_2; nan_to_num_then_column_standard_scaler,active ARI; V18 also publishes all-row ARI and Leiden readout,completed,149-dataset x 3-seed matrix|auxiliary V18 variant,scmae_only,0.8041±0.0139,NA,0/no gate field,paired_delta_not_available,latent_GW_frozen,0.3002±0.1602,-0.5039±0.0000,hard_open_rate_mean=0.02262; edge_retention_rate_mean=0.02262; abstention_rate_mean=0.58571,paired_regression,v18_shuffled_E0,0.5627±0.1359,-0.2414±0.0000,hard_open_rate_mean=0.14848; edge_retention_rate_mean=0.14848; abstention_rate_mean=0.00635,paired_regression,latent_C_exactzero,0.6406±0.0362,-0.1635±0.0000,edge_retention_rate_mean=0.99952; abstention_rate_mean=0.00000,paired_regression,v18_full,0.3246±0.2825,-0.4795±0.0000,hard_open_rate_mean=0.13519; edge_retention_rate_mean=0.13519; abstention_rate_mean=0.14286,paired_regression,NA,NA,NA,NA,NA,NA,NA,NA,NA,NA,NA,NA,NA,NA,NA
V18,V18/scmae_mainline_v2_2,seismic_bumps,local__seismic_bumps,v18_scmae_mainline_v2_2; nan_to_num_then_column_standard_scaler,active ARI; V18 also publishes all-row ARI and Leiden readout,completed,149-dataset x 3-seed matrix|auxiliary V18 variant,scmae_only,-0.0060±0.0052,NA,0/no gate field,paired_delta_not_available,latent_GW_frozen,-0.0046±0.0089,+0.0014±0.0000,hard_open_rate_mean=0.01770; edge_retention_rate_mean=0.01770; abstention_rate_mean=0.65119,paired_neutral_or_small,v18_shuffled_E0,-0.0053±0.0128,+0.0007±0.0000,hard_open_rate_mean=0.16554; edge_retention_rate_mean=0.16554; abstention_rate_mean=0.00000,paired_neutral_or_small,latent_C_exactzero,-0.0011±0.0048,+0.0049±0.0000,edge_retention_rate_mean=0.99925; abstention_rate_mean=0.00000,paired_neutral_or_small,v18_full,-0.0167±0.0097,-0.0107±0.0000,hard_open_rate_mean=0.26400; edge_retention_rate_mean=0.26400; abstention_rate_mean=0.03767,paired_neutral_or_small,NA,NA,NA,NA,NA,NA,NA,NA,NA,NA,NA,NA,NA,NA,NA
V18,V18/scmae_mainline_v2_2,sentiment_labeld_sentences,local__sentiment_labeld_sentences,v18_scmae_mainline_v2_2; nan_to_num_then_column_standard_scaler,active ARI; V18 also publishes all-row ARI and Leiden readout,completed,149-dataset x 3-seed matrix|auxiliary V18 variant,scmae_only,0.0132±0.0048,NA,0/no gate field,paired_delta_not_available,latent_GW_frozen,0.0061±0.0039,-0.0071±0.0000,hard_open_rate_mean=0.02157; edge_retention_rate_mean=0.02157; abstention_rate_mean=0.65793,paired_neutral_or_small,v18_shuffled_E0,-0.0000±0.0000,-0.0132±0.0000,hard_open_rate_mean=0.41384; edge_retention_rate_mean=0.41384; abstention_rate_mean=0.00522,paired_neutral_or_small,latent_C_exactzero,0.0040±0.0038,-0.0093±0.0000,edge_retention_rate_mean=0.99933; abstention_rate_mean=0.00000,paired_neutral_or_small,v18_full,0.0001±0.0003,-0.0131±0.0000,hard_open_rate_mean=0.40419; edge_retention_rate_mean=0.40419; abstention_rate_mean=0.00631,paired_neutral_or_small,NA,NA,NA,NA,NA,NA,NA,NA,NA,NA,NA,NA,NA,NA,NA
V18,V18/scmae_mainline_v2_2,shuttle,local__shuttle,v18_scmae_mainline_v2_2; nan_to_num_then_column_standard_scaler,active ARI; V18 also publishes all-row ARI and Leiden readout,completed,149-dataset x 3-seed matrix|auxiliary V18 variant,scmae_only,0.1915±0.0397,NA,0/no gate field,paired_delta_not_available,latent_GW_frozen,0.0116±0.0792,-0.1799±0.0000,hard_open_rate_mean=0.01751; edge_retention_rate_mean=0.01751; abstention_rate_mean=0.52660,paired_regression,v18_shuffled_E0,0.1597±0.1541,-0.0318±0.0000,hard_open_rate_mean=0.46274; edge_retention_rate_mean=0.46269; abstention_rate_mean=0.00077,paired_regression,latent_C_exactzero,0.3328±0.0858,+0.1412±0.0000,edge_retention_rate_mean=0.99940; abstention_rate_mean=0.00000,paired_positive_scope_limited,v18_full,0.2685±0.2393,+0.0769±0.0000,hard_open_rate_mean=0.55472; edge_retention_rate_mean=0.55465; abstention_rate_mean=0.00073,paired_positive_scope_limited,NA,NA,NA,NA,NA,NA,NA,NA,NA,NA,NA,NA,NA,NA,NA
V18,V18/scmae_mainline_v2_2,siberian_weather_stats,local__siberian_weather_stats,v18_scmae_mainline_v2_2; nan_to_num_then_column_standard_scaler,active ARI; V18 also publishes all-row ARI and Leiden readout,completed,149-dataset x 3-seed matrix|auxiliary V18 variant,scmae_only,0.0309±0.0084,NA,0/no gate field,paired_delta_not_available,latent_GW_frozen,0.0118±0.0152,-0.0191±0.0000,hard_open_rate_mean=0.01503; edge_retention_rate_mean=0.01503; abstention_rate_mean=0.68586,paired_neutral_or_small,v18_shuffled_E0,-0.0002±0.0152,-0.0311±0.0000,hard_open_rate_mean=0.33358; edge_retention_rate_mean=0.33358; abstention_rate_mean=0.00308,paired_regression,latent_C_exactzero,0.0198±0.0065,-0.0111±0.0000,edge_retention_rate_mean=0.99949; abstention_rate_mean=0.00000,paired_neutral_or_small,v18_full,0.0067±0.0116,-0.0242±0.0000,hard_open_rate_mean=0.38936; edge_retention_rate_mean=0.38936; abstention_rate_mean=0.00971,paired_neutral_or_small,NA,NA,NA,NA,NA,NA,NA,NA,NA,NA,NA,NA,NA,NA,NA
V18,V18/scmae_mainline_v2_2,skillcraft1_master_table_dataset,local__skillcraft1_master_table_dataset,v18_scmae_mainline_v2_2; nan_to_num_then_column_standard_scaler,active ARI; V18 also publishes all-row ARI and Leiden readout,completed,149-dataset x 3-seed matrix|auxiliary V18 variant,scmae_only,0.0726±0.0051,NA,0/no gate field,paired_delta_not_available,latent_GW_frozen,-0.0081±0.0024,-0.0808±0.0000,hard_open_rate_mean=0.01879; edge_retention_rate_mean=0.01879; abstention_rate_mean=0.57211,paired_regression,v18_shuffled_E0,0.0569±0.0051,-0.0158±0.0000,hard_open_rate_mean=0.42498; edge_retention_rate_mean=0.42497; abstention_rate_mean=0.00000,paired_neutral_or_small,latent_C_exactzero,0.0696±0.0054,-0.0030±0.0000,edge_retention_rate_mean=0.99949; abstention_rate_mean=0.00000,paired_neutral_or_small,v18_full,0.0650±0.0015,-0.0076±0.0000,hard_open_rate_mean=0.47271; edge_retention_rate_mean=0.47271; abstention_rate_mean=0.00323,paired_neutral_or_small,NA,NA,NA,NA,NA,NA,NA,NA,NA,NA,NA,NA,NA,NA,NA
V18,V18/scmae_mainline_v2_2,smile,ahdpc_prepared__smile,v18_scmae_mainline_v2_2; nan_to_num_then_column_standard_scaler,active ARI; V18 also publishes all-row ARI and Leiden readout,completed,149-dataset x 3-seed matrix|auxiliary V18 variant,scmae_only,0.5215±0.0427,NA,0/no gate field,paired_delta_not_available,latent_GW_frozen,0.0998±0.0201,-0.4217±0.0000,hard_open_rate_mean=0.02522; edge_retention_rate_mean=0.02522; abstention_rate_mean=0.56140,paired_regression,v18_shuffled_E0,0.2822±0.0207,-0.2393±0.0000,hard_open_rate_mean=0.19239; edge_retention_rate_mean=0.19239; abstention_rate_mean=0.00000,paired_regression,latent_C_exactzero,0.2946±0.0243,-0.2268±0.0000,edge_retention_rate_mean=0.99899; abstention_rate_mean=0.00000,paired_regression,v18_full,0.1923±0.1780,-0.3292±0.0000,hard_open_rate_mean=0.20882; edge_retention_rate_mean=0.20882; abstention_rate_mean=0.02130,paired_regression,NA,NA,NA,NA,NA,NA,NA,NA,NA,NA,NA,NA,NA,NA,NA
V18,V18/scmae_mainline_v2_2,smoker_condition,local__smoker_condition,v18_scmae_mainline_v2_2; nan_to_num_then_column_standard_scaler,active ARI; V18 also publishes all-row ARI and Leiden readout,completed,149-dataset x 3-seed matrix|auxiliary V18 variant,scmae_only,0.9646±0.0039,NA,0/no gate field,paired_delta_not_available,latent_GW_frozen,-0.0016±0.0003,-0.9663±0.0000,hard_open_rate_mean=0.01730; edge_retention_rate_mean=0.01730; abstention_rate_mean=0.62088,paired_regression,v18_shuffled_E0,0.7724±0.0125,-0.1922±0.0000,hard_open_rate_mean=0.21939; edge_retention_rate_mean=0.21939; abstention_rate_mean=0.00231,paired_regression,latent_C_exactzero,0.8551±0.0160,-0.1095±0.0000,edge_retention_rate_mean=0.99951; abstention_rate_mean=0.00000,paired_regression,v18_full,0.2830±0.4901,-0.6817±0.0000,hard_open_rate_mean=0.29960; edge_retention_rate_mean=0.29960; abstention_rate_mean=0.01581,paired_regression,NA,NA,NA,NA,NA,NA,NA,NA,NA,NA,NA,NA,NA,NA,NA
V18,V18/scmae_mainline_v2_2,sms_spam_collection,local__sms_spam_collection,v18_scmae_mainline_v2_2; nan_to_num_then_column_standard_scaler,active ARI; V18 also publishes all-row ARI and Leiden readout,completed,149-dataset x 3-seed matrix|auxiliary V18 variant,scmae_only,0.8402±0.0142,NA,0/no gate field,paired_delta_not_available,latent_GW_frozen,0.0111±0.0193,-0.8291±0.0000,hard_open_rate_mean=0.01373; edge_retention_rate_mean=0.01373; abstention_rate_mean=0.71976,paired_regression,v18_shuffled_E0,0.1184±0.0568,-0.7218±0.0000,hard_open_rate_mean=0.27139; edge_retention_rate_mean=0.27139; abstention_rate_mean=0.01238,paired_regression,latent_C_exactzero,0.5082±0.0702,-0.3320±0.0000,edge_retention_rate_mean=0.99937; abstention_rate_mean=0.00000,paired_regression,v18_full,0.0289±0.0342,-0.8113±0.0000,hard_open_rate_mean=0.31254; edge_retention_rate_mean=0.31254; abstention_rate_mean=0.01597,paired_regression,NA,NA,NA,NA,NA,NA,NA,NA,NA,NA,NA,NA,NA,NA,NA
V18,V18/scmae_mainline_v2_2,spambase,local__spambase,v18_scmae_mainline_v2_2; nan_to_num_then_column_standard_scaler,active ARI; V18 also publishes all-row ARI and Leiden readout,completed,149-dataset x 3-seed matrix|auxiliary V18 variant,scmae_only,0.6165±0.0095,NA,0/no gate field,paired_delta_not_available,latent_GW_frozen,0.0004±0.0010,-0.6161±0.0000,hard_open_rate_mean=0.02427; edge_retention_rate_mean=0.02427; abstention_rate_mean=0.72376,paired_regression,v18_shuffled_E0,-0.0007±0.0007,-0.6173±0.0000,hard_open_rate_mean=0.52528; edge_retention_rate_mean=0.52527; abstention_rate_mean=0.00348,paired_regression,latent_C_exactzero,0.2164±0.2904,-0.4002±0.0000,edge_retention_rate_mean=0.99948; abstention_rate_mean=0.00000,paired_regression,v18_full,-0.0156±0.0140,-0.6322±0.0000,hard_open_rate_mean=0.55513; edge_retention_rate_mean=0.55512; abstention_rate_mean=0.00297,paired_regression,NA,NA,NA,NA,NA,NA,NA,NA,NA,NA,NA,NA,NA,NA,NA
V18,V18/scmae_mainline_v2_2,spect_heart,ahdpc_prepared__spect_heart,v18_scmae_mainline_v2_2; nan_to_num_then_column_standard_scaler,active ARI; V18 also publishes all-row ARI and Leiden readout,completed,149-dataset x 3-seed matrix|auxiliary V18 variant,scmae_only,0.1074±0.0199,NA,0/no gate field,paired_delta_not_available,latent_GW_frozen,0.0098±0.0204,-0.0975±0.0000,hard_open_rate_mean=0.02419; edge_retention_rate_mean=0.02419; abstention_rate_mean=0.57303,paired_regression,v18_shuffled_E0,0.0315±0.0220,-0.0759±0.0000,hard_open_rate_mean=0.19874; edge_retention_rate_mean=0.19874; abstention_rate_mean=0.00125,paired_regression,latent_C_exactzero,0.0067±0.0098,-0.1007±0.0000,edge_retention_rate_mean=0.99959; abstention_rate_mean=0.00000,paired_regression,v18_full,0.0404±0.0550,-0.0670±0.0000,hard_open_rate_mean=0.22427; edge_retention_rate_mean=0.22427; abstention_rate_mean=0.04744,paired_regression,NA,NA,NA,NA,NA,NA,NA,NA,NA,NA,NA,NA,NA,NA,NA
V18,V18/scmae_mainline_v2_2,statlog_german_credit,local__statlog_german_credit,v18_scmae_mainline_v2_2; nan_to_num_then_column_standard_scaler,active ARI; V18 also publishes all-row ARI and Leiden readout,completed,149-dataset x 3-seed matrix|auxiliary V18 variant,scmae_only,0.0231±0.0117,NA,0/no gate field,paired_delta_not_available,latent_GW_frozen,0.0138±0.0273,-0.0093±0.0000,hard_open_rate_mean=0.01655; edge_retention_rate_mean=0.01655; abstention_rate_mean=0.65500,paired_neutral_or_small,v18_shuffled_E0,0.0188±0.0064,-0.0043±0.0000,hard_open_rate_mean=0.23588; edge_retention_rate_mean=0.23588; abstention_rate_mean=0.00133,paired_neutral_or_small,latent_C_exactzero,-0.0025±0.0074,-0.0256±0.0000,edge_retention_rate_mean=0.99952; abstention_rate_mean=0.00000,paired_neutral_or_small,v18_full,0.0024±0.0052,-0.0206±0.0000,hard_open_rate_mean=0.31683; edge_retention_rate_mean=0.31683; abstention_rate_mean=0.01967,paired_neutral_or_small,NA,NA,NA,NA,NA,NA,NA,NA,NA,NA,NA,NA,NA,NA,NA
V18,V18/scmae_mainline_v2_2,statlog_image_segmentation,local__statlog_image_segmentation,v18_scmae_mainline_v2_2; nan_to_num_then_column_standard_scaler,active ARI; V18 also publishes all-row ARI and Leiden readout,completed,149-dataset x 3-seed matrix|auxiliary V18 variant,scmae_only,0.5233±0.0303,NA,0/no gate field,paired_delta_not_available,latent_GW_frozen,0.2088±0.0507,-0.3145±0.0000,hard_open_rate_mean=0.01939; edge_retention_rate_mean=0.01939; abstention_rate_mean=0.61703,paired_regression,v18_shuffled_E0,0.2343±0.0195,-0.2890±0.0000,hard_open_rate_mean=0.38803; edge_retention_rate_mean=0.38803; abstention_rate_mean=0.00072,paired_regression,latent_C_exactzero,0.4374±0.0091,-0.0858±0.0000,edge_retention_rate_mean=0.99952; abstention_rate_mean=0.00000,paired_regression,v18_full,0.4307±0.0131,-0.0926±0.0000,hard_open_rate_mean=0.43862; edge_retention_rate_mean=0.43862; abstention_rate_mean=0.00476,paired_regression,NA,NA,NA,NA,NA,NA,NA,NA,NA,NA,NA,NA,NA,NA,NA
V18,V18/scmae_mainline_v2_2,steel-plates-fault,local__steel_plates_fault,v18_scmae_mainline_v2_2; nan_to_num_then_column_standard_scaler,active ARI; V18 also publishes all-row ARI and Leiden readout,completed,149-dataset x 3-seed matrix|auxiliary V18 variant,scmae_only,-0.0385±0.0022,NA,0/no gate field,paired_delta_not_available,latent_GW_frozen,-0.0008±0.0140,+0.0377±0.0000,hard_open_rate_mean=0.01934; edge_retention_rate_mean=0.01934; abstention_rate_mean=0.66186,paired_positive_scope_limited,v18_shuffled_E0,-0.0332±0.0032,+0.0053±0.0000,hard_open_rate_mean=0.34805; edge_retention_rate_mean=0.34805; abstention_rate_mean=0.00017,paired_neutral_or_small,latent_C_exactzero,-0.0368±0.0016,+0.0017±0.0000,edge_retention_rate_mean=0.99951; abstention_rate_mean=0.00000,paired_neutral_or_small,v18_full,-0.0272±0.0240,+0.0113±0.0000,hard_open_rate_mean=0.40027; edge_retention_rate_mean=0.40026; abstention_rate_mean=0.01683,paired_neutral_or_small,NA,NA,NA,NA,NA,NA,NA,NA,NA,NA,NA,NA,NA,NA,NA
V18,V18/scmae_mainline_v2_2,street_view_house_numbers,local__street_view_house_numbers,v18_scmae_mainline_v2_2; nan_to_num_then_column_standard_scaler,active ARI; V18 also publishes all-row ARI and Leiden readout,completed,149-dataset x 3-seed matrix|auxiliary V18 variant,scmae_only,0.0023±0.0025,NA,0/no gate field,paired_delta_not_available,latent_GW_frozen,0.0073±0.0133,+0.0051±0.0000,hard_open_rate_mean=0.01852; edge_retention_rate_mean=0.01852; abstention_rate_mean=0.66029,paired_neutral_or_small,v18_shuffled_E0,-0.0035±0.0030,-0.0058±0.0000,hard_open_rate_mean=0.20606; edge_retention_rate_mean=0.20606; abstention_rate_mean=0.00137,paired_neutral_or_small,latent_C_exactzero,0.0036±0.0027,+0.0013±0.0000,edge_retention_rate_mean=0.99938; abstention_rate_mean=0.00000,paired_neutral_or_small,v18_full,-0.0018±0.0017,-0.0040±0.0000,hard_open_rate_mean=0.29313; edge_retention_rate_mean=0.29313; abstention_rate_mean=0.03461,paired_neutral_or_small,NA,NA,NA,NA,NA,NA,NA,NA,NA,NA,NA,NA,NA,NA,NA
V18,V18/scmae_mainline_v2_2,student_evaluation,ahdpc_prepared__student_evaluation,v18_scmae_mainline_v2_2; nan_to_num_then_column_standard_scaler,active ARI; V18 also publishes all-row ARI and Leiden readout,completed,149-dataset x 3-seed matrix|auxiliary V18 variant,scmae_only,-0.0028±0.0005,NA,0/no gate field,paired_delta_not_available,latent_GW_frozen,0.0219±0.0125,+0.0247±0.0000,hard_open_rate_mean=0.01645; edge_retention_rate_mean=0.01645; abstention_rate_mean=0.62829,paired_neutral_or_small,v18_shuffled_E0,-0.0115±0.0054,-0.0088±0.0000,hard_open_rate_mean=0.52225; edge_retention_rate_mean=0.52224; abstention_rate_mean=0.00000,paired_neutral_or_small,latent_C_exactzero,-0.0092±0.0101,-0.0065±0.0000,edge_retention_rate_mean=0.99874; abstention_rate_mean=0.00000,paired_neutral_or_small,v18_full,-0.0124±0.0067,-0.0097±0.0000,hard_open_rate_mean=0.58047; edge_retention_rate_mean=0.58045; abstention_rate_mean=0.00000,paired_neutral_or_small,NA,NA,NA,NA,NA,NA,NA,NA,NA,NA,NA,NA,NA,NA,NA
V18,V18/scmae_mainline_v2_2,student_evaluation_without_instr,ahdpc_prepared__student_evaluation_without_instr,v18_scmae_mainline_v2_2; nan_to_num_then_column_standard_scaler,active ARI; V18 also publishes all-row ARI and Leiden readout,completed,149-dataset x 3-seed matrix|auxiliary V18 variant,scmae_only,-0.0036±0.0007,NA,0/no gate field,paired_delta_not_available,latent_GW_frozen,0.0140±0.0042,+0.0176±0.0000,hard_open_rate_mean=0.01599; edge_retention_rate_mean=0.01599; abstention_rate_mean=0.63230,paired_neutral_or_small,v18_shuffled_E0,-0.0152±0.0105,-0.0116±0.0000,hard_open_rate_mean=0.52520; edge_retention_rate_mean=0.52519; abstention_rate_mean=0.00000,paired_neutral_or_small,latent_C_exactzero,-0.0153±0.0028,-0.0117±0.0000,edge_retention_rate_mean=0.99871; abstention_rate_mean=0.00000,paired_neutral_or_small,v18_full,-0.0144±0.0016,-0.0109±0.0000,hard_open_rate_mean=0.58140; edge_retention_rate_mean=0.58137; abstention_rate_mean=0.00000,paired_neutral_or_small,NA,NA,NA,NA,NA,NA,NA,NA,NA,NA,NA,NA,NA,NA,NA
V18,V18/scmae_mainline_v2_2,student_grade,local__student_grade,v18_scmae_mainline_v2_2; nan_to_num_then_column_standard_scaler,active ARI; V18 also publishes all-row ARI and Leiden readout,completed,149-dataset x 3-seed matrix|auxiliary V18 variant,scmae_only,0.1782±0.0251,NA,0/no gate field,paired_delta_not_available,latent_GW_frozen,0.0500±0.0448,-0.1282±0.0000,hard_open_rate_mean=0.01960; edge_retention_rate_mean=0.01960; abstention_rate_mean=0.59156,paired_regression,v18_shuffled_E0,0.1410±0.0213,-0.0372±0.0000,hard_open_rate_mean=0.17555; edge_retention_rate_mean=0.17555; abstention_rate_mean=0.00000,paired_regression,latent_C_exactzero,0.2109±0.0259,+0.0327±0.0000,edge_retention_rate_mean=0.99964; abstention_rate_mean=0.00000,paired_positive_scope_limited,v18_full,0.1487±0.0177,-0.0294±0.0000,hard_open_rate_mean=0.20870; edge_retention_rate_mean=0.20870; abstention_rate_mean=0.01941,paired_neutral_or_small,NA,NA,NA,NA,NA,NA,NA,NA,NA,NA,NA,NA,NA,NA,NA
V18,V18/scmae_mainline_v2_2,synthetic_control,local__synthetic_control,v18_scmae_mainline_v2_2; nan_to_num_then_column_standard_scaler,active ARI; V18 also publishes all-row ARI and Leiden readout,completed,149-dataset x 3-seed matrix|auxiliary V18 variant,scmae_only,0.6012±0.0071,NA,0/no gate field,paired_delta_not_available,latent_GW_frozen,0.2454±0.2693,-0.3558±0.0000,hard_open_rate_mean=0.02768; edge_retention_rate_mean=0.02768; abstention_rate_mean=0.81833,paired_regression,v18_shuffled_E0,0.4399±0.0046,-0.1613±0.0000,hard_open_rate_mean=0.23767; edge_retention_rate_mean=0.23767; abstention_rate_mean=0.00500,paired_regression,latent_C_exactzero,0.5142±0.0114,-0.0871±0.0000,edge_retention_rate_mean=0.99946; abstention_rate_mean=0.00000,paired_regression,v18_full,0.5361±0.0285,-0.0651±0.0000,hard_open_rate_mean=0.23951; edge_retention_rate_mean=0.23951; abstention_rate_mean=0.13278,paired_regression,NA,NA,NA,NA,NA,NA,NA,NA,NA,NA,NA,NA,NA,NA,NA
V18,V18/scmae_mainline_v2_2,tamilnadu-electricity,local__tamilnadu_electricity,v18_scmae_mainline_v2_2; nan_to_num_then_column_standard_scaler,active ARI; V18 also publishes all-row ARI and Leiden readout,completed,149-dataset x 3-seed matrix|auxiliary V18 variant,scmae_only,-0.0001±0.0000,NA,0/no gate field,paired_delta_not_available,latent_GW_frozen,-0.0002±0.0002,-0.0001±0.0000,hard_open_rate_mean=0.02648; edge_retention_rate_mean=0.02648; abstention_rate_mean=0.58940,paired_neutral_or_small,v18_shuffled_E0,-0.0000±0.0001,+0.0001±0.0000,hard_open_rate_mean=0.57967; edge_retention_rate_mean=0.57964; abstention_rate_mean=0.00000,paired_neutral_or_small,latent_C_exactzero,-0.0001±0.0002,+0.0000±0.0000,edge_retention_rate_mean=0.99842; abstention_rate_mean=0.00000,paired_neutral_or_small,v18_full,-0.0001±0.0000,+0.0000±0.0000,hard_open_rate_mean=0.68618; edge_retention_rate_mean=0.68615; abstention_rate_mean=0.00003,paired_neutral_or_small,NA,NA,NA,NA,NA,NA,NA,NA,NA,NA,NA,NA,NA,NA,NA
V18,V18/scmae_mainline_v2_2,tr45.wc,local__tr45_wc,v18_scmae_mainline_v2_2; nan_to_num_then_column_standard_scaler,active ARI; V18 also publishes all-row ARI and Leiden readout,completed,149-dataset x 3-seed matrix|auxiliary V18 variant,scmae_only,0.0101±0.0149,NA,0/no gate field,paired_delta_not_available,latent_GW_frozen,0.1430±0.0227,+0.1329±0.0000,hard_open_rate_mean=0.01082; edge_retention_rate_mean=0.01082; abstention_rate_mean=0.78698,paired_positive_scope_limited,v18_shuffled_E0,0.0747±0.0253,+0.0645±0.0000,hard_open_rate_mean=0.17353; edge_retention_rate_mean=0.17353; abstention_rate_mean=0.03550,paired_positive_scope_limited,latent_C_exactzero,0.1588±0.0258,+0.1486±0.0000,edge_retention_rate_mean=0.99976; abstention_rate_mean=0.00000,paired_positive_scope_limited,v18_full,0.1759±0.0364,+0.1658±0.0000,hard_open_rate_mean=0.23414; edge_retention_rate_mean=0.23414; abstention_rate_mean=0.07939,paired_positive_scope_limited,NA,NA,NA,NA,NA,NA,NA,NA,NA,NA,NA,NA,NA,NA,NA
V18,V18/scmae_mainline_v2_2,turkish_music_emotion,local__turkish_music_emotion,v18_scmae_mainline_v2_2; nan_to_num_then_column_standard_scaler,active ARI; V18 also publishes all-row ARI and Leiden readout,completed,149-dataset x 3-seed matrix|auxiliary V18 variant,scmae_only,0.3152±0.0062,NA,0/no gate field,paired_delta_not_available,latent_GW_frozen,0.2043±0.1052,-0.1109±0.0000,hard_open_rate_mean=0.03156; edge_retention_rate_mean=0.03156; abstention_rate_mean=0.48000,paired_regression,v18_shuffled_E0,0.2303±0.0033,-0.0849±0.0000,hard_open_rate_mean=0.16576; edge_retention_rate_mean=0.16576; abstention_rate_mean=0.00083,paired_regression,latent_C_exactzero,0.2523±0.0178,-0.0629±0.0000,edge_retention_rate_mean=0.99952; abstention_rate_mean=0.00000,paired_regression,v18_full,0.2885±0.0398,-0.0267±0.0000,hard_open_rate_mean=0.22516; edge_retention_rate_mean=0.22516; abstention_rate_mean=0.02667,paired_neutral_or_small,NA,NA,NA,NA,NA,NA,NA,NA,NA,NA,NA,NA,NA,NA,NA
V18,V18/scmae_mainline_v2_2,twodiamonds,ahdpc_prepared__twodiamonds,v18_scmae_mainline_v2_2; nan_to_num_then_column_standard_scaler,active ARI; V18 also publishes all-row ARI and Leiden readout,completed,149-dataset x 3-seed matrix|auxiliary V18 variant,scmae_only,0.3915±0.5292,NA,0/no gate field,paired_delta_not_available,latent_GW_frozen,0.0206±0.0132,-0.3709±0.0000,hard_open_rate_mean=0.01902; edge_retention_rate_mean=0.01902; abstention_rate_mean=0.65458,paired_regression,v18_shuffled_E0,0.4770±0.0645,+0.0854±0.0000,hard_open_rate_mean=0.22830; edge_retention_rate_mean=0.22830; abstention_rate_mean=0.00000,paired_positive_scope_limited,latent_C_exactzero,0.2768±0.1668,-0.1148±0.0000,edge_retention_rate_mean=0.99893; abstention_rate_mean=0.00000,paired_regression,v18_full,0.2215±0.3836,-0.1700±0.0000,hard_open_rate_mean=0.28552; edge_retention_rate_mean=0.28552; abstention_rate_mean=0.01125,paired_regression,NA,NA,NA,NA,NA,NA,NA,NA,NA,NA,NA,NA,NA,NA,NA
V18,V18/scmae_mainline_v2_2,unbalance,ahdpc_prepared__unbalance,v18_scmae_mainline_v2_2; nan_to_num_then_column_standard_scaler,active ARI; V18 also publishes all-row ARI and Leiden readout,completed,149-dataset x 3-seed matrix|auxiliary V18 variant,scmae_only,0.8752±0.0002,NA,0/no gate field,paired_delta_not_available,latent_GW_frozen,0.0488±0.0032,-0.8264±0.0000,hard_open_rate_mean=0.02069; edge_retention_rate_mean=0.02069; abstention_rate_mean=0.66800,paired_regression,v18_shuffled_E0,0.2425±0.0230,-0.6326±0.0000,hard_open_rate_mean=0.53507; edge_retention_rate_mean=0.53503; abstention_rate_mean=0.00062,paired_regression,latent_C_exactzero,0.4737±0.0266,-0.4015±0.0000,edge_retention_rate_mean=0.99458; abstention_rate_mean=0.00000,paired_regression,v18_full,0.3546±0.0239,-0.5206±0.0000,hard_open_rate_mean=0.60498; edge_retention_rate_mean=0.60498; abstention_rate_mean=0.00174,paired_regression,NA,NA,NA,NA,NA,NA,NA,NA,NA,NA,NA,NA,NA,NA,NA
V18,V18/scmae_mainline_v2_2,user_knowledge_modeling,local__user_knowledge_modeling,v18_scmae_mainline_v2_2; nan_to_num_then_column_standard_scaler,active ARI; V18 also publishes all-row ARI and Leiden readout,completed,149-dataset x 3-seed matrix|auxiliary V18 variant,scmae_only,0.0999±0.0759,NA,0/no gate field,paired_delta_not_available,latent_GW_frozen,0.0893±0.0531,-0.0107±0.0000,hard_open_rate_mean=0.02426; edge_retention_rate_mean=0.02426; abstention_rate_mean=0.47158,paired_neutral_or_small,v18_shuffled_E0,0.0849±0.0411,-0.0150±0.0000,hard_open_rate_mean=0.20016; edge_retention_rate_mean=0.20016; abstention_rate_mean=0.00000,paired_neutral_or_small,latent_C_exactzero,0.0891±0.0560,-0.0108±0.0000,edge_retention_rate_mean=0.99952; abstention_rate_mean=0.00000,paired_neutral_or_small,v18_full,0.0515±0.0388,-0.0484±0.0000,hard_open_rate_mean=0.20743; edge_retention_rate_mean=0.20743; abstention_rate_mean=0.01550,paired_regression,NA,NA,NA,NA,NA,NA,NA,NA,NA,NA,NA,NA,NA,NA,NA
V18,V18/scmae_mainline_v2_2,vehicle,local__vehicle,v18_scmae_mainline_v2_2; nan_to_num_then_column_standard_scaler,active ARI; V18 also publishes all-row ARI and Leiden readout,completed,149-dataset x 3-seed matrix|auxiliary V18 variant,scmae_only,0.0705±0.0048,NA,0/no gate field,paired_delta_not_available,latent_GW_frozen,0.0277±0.0226,-0.0428±0.0000,hard_open_rate_mean=0.01912; edge_retention_rate_mean=0.01912; abstention_rate_mean=0.63712,paired_regression,v18_shuffled_E0,0.0789±0.0075,+0.0085±0.0000,hard_open_rate_mean=0.24664; edge_retention_rate_mean=0.24664; abstention_rate_mean=0.00000,paired_neutral_or_small,latent_C_exactzero,0.0791±0.0065,+0.0087±0.0000,edge_retention_rate_mean=0.99935; abstention_rate_mean=0.00000,paired_neutral_or_small,v18_full,0.0779±0.0067,+0.0075±0.0000,hard_open_rate_mean=0.30044; edge_retention_rate_mean=0.30044; abstention_rate_mean=0.02285,paired_neutral_or_small,NA,NA,NA,NA,NA,NA,NA,NA,NA,NA,NA,NA,NA,NA,NA
V18,V18/scmae_mainline_v2_2,vertebral_column,ahdpc_prepared__vertebral_column,v18_scmae_mainline_v2_2; nan_to_num_then_column_standard_scaler,active ARI; V18 also publishes all-row ARI and Leiden readout,completed,149-dataset x 3-seed matrix|auxiliary V18 variant,scmae_only,0.1022±0.0370,NA,0/no gate field,paired_delta_not_available,latent_GW_frozen,0.0079±0.0318,-0.0943±0.0000,hard_open_rate_mean=0.02070; edge_retention_rate_mean=0.02070; abstention_rate_mean=0.54516,paired_regression,v18_shuffled_E0,0.1174±0.0560,+0.0153±0.0000,hard_open_rate_mean=0.19137; edge_retention_rate_mean=0.19137; abstention_rate_mean=0.00000,paired_neutral_or_small,latent_C_exactzero,0.1087±0.0270,+0.0065±0.0000,edge_retention_rate_mean=0.99933; abstention_rate_mean=0.00000,paired_neutral_or_small,v18_full,0.0192±0.0364,-0.0830±0.0000,hard_open_rate_mean=0.20933; edge_retention_rate_mean=0.20933; abstention_rate_mean=0.03011,paired_regression,NA,NA,NA,NA,NA,NA,NA,NA,NA,NA,NA,NA,NA,NA,NA
V18,V18/scmae_mainline_v2_2,wall-robot-navigation,local__wall_robot_navigation,v18_scmae_mainline_v2_2; nan_to_num_then_column_standard_scaler,active ARI; V18 also publishes all-row ARI and Leiden readout,completed,149-dataset x 3-seed matrix|auxiliary V18 variant,scmae_only,0.0537±0.0095,NA,0/no gate field,paired_delta_not_available,latent_GW_frozen,0.0161±0.0178,-0.0376±0.0000,hard_open_rate_mean=0.02071; edge_retention_rate_mean=0.02071; abstention_rate_mean=0.63679,paired_regression,v18_shuffled_E0,0.0508±0.0017,-0.0030±0.0000,hard_open_rate_mean=0.45845; edge_retention_rate_mean=0.45843; abstention_rate_mean=0.00000,paired_neutral_or_small,latent_C_exactzero,0.0517±0.0007,-0.0020±0.0000,edge_retention_rate_mean=0.99947; abstention_rate_mean=0.00000,paired_neutral_or_small,v18_full,0.0522±0.0003,-0.0015±0.0000,hard_open_rate_mean=0.54724; edge_retention_rate_mean=0.54722; abstention_rate_mean=0.00000,paired_neutral_or_small,NA,NA,NA,NA,NA,NA,NA,NA,NA,NA,NA,NA,NA,NA,NA
V18,V18/scmae_mainline_v2_2,water_quality,local__water_quality,v18_scmae_mainline_v2_2; nan_to_num_then_column_standard_scaler,active ARI; V18 also publishes all-row ARI and Leiden readout,completed,149-dataset x 3-seed matrix|auxiliary V18 variant,scmae_only,0.0006±0.0018,NA,0/no gate field,paired_delta_not_available,latent_GW_frozen,-0.0002±0.0026,-0.0009±0.0000,hard_open_rate_mean=0.02247; edge_retention_rate_mean=0.02247; abstention_rate_mean=0.51301,paired_neutral_or_small,v18_shuffled_E0,0.0083±0.0031,+0.0076±0.0000,hard_open_rate_mean=0.35825; edge_retention_rate_mean=0.35825; abstention_rate_mean=0.00000,paired_neutral_or_small,latent_C_exactzero,0.0005±0.0019,-0.0001±0.0000,edge_retention_rate_mean=0.99959; abstention_rate_mean=0.00000,paired_neutral_or_small,v18_full,-0.0002±0.0020,-0.0008±0.0000,hard_open_rate_mean=0.40659; edge_retention_rate_mean=0.40658; abstention_rate_mean=0.00332,paired_neutral_or_small,NA,NA,NA,NA,NA,NA,NA,NA,NA,NA,NA,NA,NA,NA,NA
V18,V18/scmae_mainline_v2_2,weather,local__weather,v18_scmae_mainline_v2_2; nan_to_num_then_column_standard_scaler,active ARI; V18 also publishes all-row ARI and Leiden readout,completed,149-dataset x 3-seed matrix|auxiliary V18 variant,scmae_only,1.0000±0.0000,NA,0/no gate field,paired_delta_not_available,latent_GW_frozen,NA,NA,hard_open_rate_mean=0.00000; edge_retention_rate_mean=0.00000; abstention_rate_mean=1.00000,paired_delta_not_available,v18_shuffled_E0,0.9192±0.1399,-0.0808±0.0000,hard_open_rate_mean=0.14522; edge_retention_rate_mean=0.14522; abstention_rate_mean=0.00000,paired_regression,latent_C_exactzero,0.9315±0.1186,-0.0685±0.0000,edge_retention_rate_mean=0.99934; abstention_rate_mean=0.00000,paired_regression,v18_full,0.5302±0.1333,-0.4698±0.0000,hard_open_rate_mean=0.27449; edge_retention_rate_mean=0.27449; abstention_rate_mean=0.03470,paired_regression,NA,NA,NA,NA,NA,NA,NA,NA,NA,NA,NA,NA,NA,NA,NA
V18,V18/scmae_mainline_v2_2,website_phishing,local__website_phishing,v18_scmae_mainline_v2_2; nan_to_num_then_column_standard_scaler,active ARI; V18 also publishes all-row ARI and Leiden readout,completed,149-dataset x 3-seed matrix|auxiliary V18 variant,scmae_only,0.3230±0.0269,NA,0/no gate field,paired_delta_not_available,latent_GW_frozen,0.0357±0.0395,-0.2872±0.0000,hard_open_rate_mean=0.02122; edge_retention_rate_mean=0.02122; abstention_rate_mean=0.56960,paired_regression,v18_shuffled_E0,0.1858±0.0702,-0.1372±0.0000,hard_open_rate_mean=0.29917; edge_retention_rate_mean=0.29917; abstention_rate_mean=0.00074,paired_regression,latent_C_exactzero,0.2616±0.0437,-0.0614±0.0000,edge_retention_rate_mean=0.99953; abstention_rate_mean=0.00000,paired_regression,v18_full,0.2068±0.1852,-0.1161±0.0000,hard_open_rate_mean=0.36863; edge_retention_rate_mean=0.36863; abstention_rate_mean=0.01626,paired_regression,NA,NA,NA,NA,NA,NA,NA,NA,NA,NA,NA,NA,NA,NA,NA
V18,V18/scmae_mainline_v2_2,wine,local__wine,v18_scmae_mainline_v2_2; nan_to_num_then_column_standard_scaler,active ARI; V18 also publishes all-row ARI and Leiden readout,completed,149-dataset x 3-seed matrix|auxiliary V18 variant,scmae_only,0.8976±0.0165,NA,0/no gate field,paired_delta_not_available,latent_GW_frozen,0.4161±0.1144,-0.4816±0.0000,hard_open_rate_mean=0.02461; edge_retention_rate_mean=0.02461; abstention_rate_mean=0.63483,paired_regression,v18_shuffled_E0,0.7667±0.0481,-0.1310±0.0000,hard_open_rate_mean=0.16492; edge_retention_rate_mean=0.16492; abstention_rate_mean=0.00187,paired_regression,latent_C_exactzero,0.7572±0.0269,-0.1404±0.0000,edge_retention_rate_mean=0.99967; abstention_rate_mean=0.00000,paired_regression,v18_full,0.4835±0.4163,-0.4141±0.0000,hard_open_rate_mean=0.15876; edge_retention_rate_mean=0.15876; abstention_rate_mean=0.18165,paired_regression,NA,NA,NA,NA,NA,NA,NA,NA,NA,NA,NA,NA,NA,NA,NA
V18,V18/scmae_mainline_v2_2,wine_customer,local__wine_customer,v18_scmae_mainline_v2_2; nan_to_num_then_column_standard_scaler,active ARI; V18 also publishes all-row ARI and Leiden readout,completed,149-dataset x 3-seed matrix|auxiliary V18 variant,scmae_only,0.8976±0.0165,NA,0/no gate field,paired_delta_not_available,latent_GW_frozen,0.4161±0.1144,-0.4816±0.0000,hard_open_rate_mean=0.02461; edge_retention_rate_mean=0.02461; abstention_rate_mean=0.63483,paired_regression,v18_shuffled_E0,0.7667±0.0481,-0.1310±0.0000,hard_open_rate_mean=0.16492; edge_retention_rate_mean=0.16492; abstention_rate_mean=0.00187,paired_regression,latent_C_exactzero,0.7572±0.0269,-0.1404±0.0000,edge_retention_rate_mean=0.99967; abstention_rate_mean=0.00000,paired_regression,v18_full,0.4835±0.4163,-0.4141±0.0000,hard_open_rate_mean=0.15876; edge_retention_rate_mean=0.15876; abstention_rate_mean=0.18165,paired_regression,NA,NA,NA,NA,NA,NA,NA,NA,NA,NA,NA,NA,NA,NA,NA
V18,V18/scmae_mainline_v2_2,wine_quality,local__wine_quality,v18_scmae_mainline_v2_2; nan_to_num_then_column_standard_scaler,active ARI; V18 also publishes all-row ARI and Leiden readout,completed,149-dataset x 3-seed matrix|auxiliary V18 variant,scmae_only,0.0481±0.0076,NA,0/no gate field,paired_delta_not_available,latent_GW_frozen,-0.0074±0.0004,-0.0555±0.0000,hard_open_rate_mean=0.02040; edge_retention_rate_mean=0.02040; abstention_rate_mean=0.55688,paired_regression,v18_shuffled_E0,0.0246±0.0040,-0.0235±0.0000,hard_open_rate_mean=0.45633; edge_retention_rate_mean=0.45632; abstention_rate_mean=0.00000,paired_neutral_or_small,latent_C_exactzero,0.0387±0.0037,-0.0094±0.0000,edge_retention_rate_mean=0.99950; abstention_rate_mean=0.00000,paired_neutral_or_small,v18_full,0.0396±0.0029,-0.0085±0.0000,hard_open_rate_mean=0.54290; edge_retention_rate_mean=0.54288; abstention_rate_mean=0.00103,paired_neutral_or_small,NA,NA,NA,NA,NA,NA,NA,NA,NA,NA,NA,NA,NA,NA,NA
V18,V18/scmae_mainline_v2_2,wireless_indoor_localization,local__wireless_indoor_localization,v18_scmae_mainline_v2_2; nan_to_num_then_column_standard_scaler,active ARI; V18 also publishes all-row ARI and Leiden readout,completed,149-dataset x 3-seed matrix|auxiliary V18 variant,scmae_only,0.7529±0.0193,NA,0/no gate field,paired_delta_not_available,latent_GW_frozen,0.2332±0.0372,-0.5197±0.0000,hard_open_rate_mean=0.02111; edge_retention_rate_mean=0.02111; abstention_rate_mean=0.57583,paired_regression,v18_shuffled_E0,0.4384±0.0454,-0.3146±0.0000,hard_open_rate_mean=0.35605; edge_retention_rate_mean=0.35605; abstention_rate_mean=0.00033,paired_regression,latent_C_exactzero,0.7484±0.0189,-0.0045±0.0000,edge_retention_rate_mean=0.99949; abstention_rate_mean=0.00000,paired_neutral_or_small,v18_full,0.7219±0.0230,-0.0310±0.0000,hard_open_rate_mean=0.40481; edge_retention_rate_mean=0.40480; abstention_rate_mean=0.01200,paired_regression,NA,NA,NA,NA,NA,NA,NA,NA,NA,NA,NA,NA,NA,NA,NA
V18,V18/scmae_mainline_v2_2,world12d,local__world12d,v18_scmae_mainline_v2_2; nan_to_num_then_column_standard_scaler,active ARI; V18 also publishes all-row ARI and Leiden readout,completed,149-dataset x 3-seed matrix|auxiliary V18 variant,scmae_only,0.6786±0.0136,NA,0/no gate field,paired_delta_not_available,latent_GW_frozen,0.5836±0.0999,-0.0950±0.0000,hard_open_rate_mean=0.01849; edge_retention_rate_mean=0.01849; abstention_rate_mean=0.69778,paired_regression,v18_shuffled_E0,0.5724±0.0445,-0.1062±0.0000,hard_open_rate_mean=0.16491; edge_retention_rate_mean=0.16491; abstention_rate_mean=0.02444,paired_regression,latent_C_exactzero,0.5171±0.1068,-0.1615±0.0000,edge_retention_rate_mean=0.99966; abstention_rate_mean=0.00000,paired_regression,v18_full,0.6319±0.0292,-0.0466±0.0000,hard_open_rate_mean=0.14849; edge_retention_rate_mean=0.14849; abstention_rate_mean=0.17778,paired_regression,NA,NA,NA,NA,NA,NA,NA,NA,NA,NA,NA,NA,NA,NA,NA
V18,V18/scmae_mainline_v2_2,wos,local__wos,v18_scmae_mainline_v2_2; nan_to_num_then_column_standard_scaler,active ARI; V18 also publishes all-row ARI and Leiden readout,completed,149-dataset x 3-seed matrix|auxiliary V18 variant,scmae_only,0.2783±0.0064,NA,0/no gate field,paired_delta_not_available,latent_GW_frozen,0.0777±0.0189,-0.2006±0.0000,hard_open_rate_mean=0.02734; edge_retention_rate_mean=0.02734; abstention_rate_mean=0.66157,paired_regression,v18_shuffled_E0,0.1558±0.0090,-0.1224±0.0000,hard_open_rate_mean=0.59364; edge_retention_rate_mean=0.59357; abstention_rate_mean=0.00003,paired_regression,latent_C_exactzero,0.3418±0.0072,+0.0635±0.0000,edge_retention_rate_mean=0.99943; abstention_rate_mean=0.00000,paired_positive_scope_limited,v18_full,0.3099±0.0114,+0.0316±0.0000,hard_open_rate_mean=0.49425; edge_retention_rate_mean=0.49423; abstention_rate_mean=0.00000,paired_positive_scope_limited,NA,NA,NA,NA,NA,NA,NA,NA,NA,NA,NA,NA,NA,NA,NA
V18,V18/scmae_mainline_v2_2,yeast,local__yeast,v18_scmae_mainline_v2_2; nan_to_num_then_column_standard_scaler,active ARI; V18 also publishes all-row ARI and Leiden readout,completed,149-dataset x 3-seed matrix|auxiliary V18 variant,scmae_only,0.1127±0.0099,NA,0/no gate field,paired_delta_not_available,latent_GW_frozen,0.0356±0.0194,-0.0771±0.0000,hard_open_rate_mean=0.00934; edge_retention_rate_mean=0.00934; abstention_rate_mean=0.75851,paired_regression,v18_shuffled_E0,0.0660±0.0025,-0.0467±0.0000,hard_open_rate_mean=0.27798; edge_retention_rate_mean=0.27798; abstention_rate_mean=0.00343,paired_regression,latent_C_exactzero,0.0988±0.0037,-0.0140±0.0000,edge_retention_rate_mean=0.99947; abstention_rate_mean=0.00000,paired_neutral_or_small,v18_full,0.0807±0.0126,-0.0320±0.0000,hard_open_rate_mean=0.40335; edge_retention_rate_mean=0.40335; abstention_rate_mean=0.00754,paired_regression,NA,NA,NA,NA,NA,NA,NA,NA,NA,NA,NA,NA,NA,NA,NA
V18,V18/scmae_mainline_v2_2,zoo,local__zoo,v18_scmae_mainline_v2_2; nan_to_num_then_column_standard_scaler,active ARI; V18 also publishes all-row ARI and Leiden readout,completed,149-dataset x 3-seed matrix|auxiliary V18 variant,scmae_only,0.7585±0.1170,NA,0/no gate field,paired_delta_not_available,latent_GW_frozen,0.6084±0.1018,-0.1501±0.0000,hard_open_rate_mean=0.02765; edge_retention_rate_mean=0.02765; abstention_rate_mean=0.66337,paired_regression,v18_shuffled_E0,0.5651±0.1778,-0.1934±0.0000,hard_open_rate_mean=0.16791; edge_retention_rate_mean=0.16791; abstention_rate_mean=0.00330,paired_regression,latent_C_exactzero,0.3962±0.0351,-0.3623±0.0000,edge_retention_rate_mean=0.99920; abstention_rate_mean=0.00000,paired_regression,v18_full,0.7143±0.0330,-0.0442±0.0000,hard_open_rate_mean=0.17944; edge_retention_rate_mean=0.17944; abstention_rate_mean=0.10891,paired_regression,NA,NA,NA,NA,NA,NA,NA,NA,NA,NA,NA,NA,NA,NA,NA
V19,V19/extended_sparse,Quake_Smart-seq2_Lung,quake_smartseq2_lung__local_sparse_expression,clubench_bridge,mean ARI over three seeds,completed,13-dataset x 3-seed sparse extension,scmae_only,0.1791±0.0000,NA,,paired_delta_not_available,NA,NA,NA,NA,NA,NA,NA,NA,NA,NA,NA,NA,NA,NA,NA,rg_full,0.1696±0.0000,-0.0095±0.0000,,paired_neutral_or_small,NA,NA,NA,NA,NA,NA,NA,NA,NA,NA,NA,NA,NA,NA,NA
V19,V19/extended_sparse,arcene,arcene__uci_highdim,clubench_bridge,mean ARI over three seeds,completed,13-dataset x 3-seed sparse extension,scmae_only,0.0977±0.0000,NA,,paired_delta_not_available,NA,NA,NA,NA,NA,NA,NA,NA,NA,NA,NA,NA,NA,NA,NA,rg_full,0.0977±0.0000,+0.0000±0.0000,,paired_neutral_or_small,NA,NA,NA,NA,NA,NA,NA,NA,NA,NA,NA,NA,NA,NA,NA
V19,V19/extended_sparse,dexter,dexter__uci_sparse_highdim,clubench_bridge,mean ARI over three seeds,completed,13-dataset x 3-seed sparse extension,scmae_only,0.0009±0.0000,NA,,paired_delta_not_available,NA,NA,NA,NA,NA,NA,NA,NA,NA,NA,NA,NA,NA,NA,NA,rg_full,0.0050±0.0000,+0.0041±0.0000,,paired_neutral_or_small,NA,NA,NA,NA,NA,NA,NA,NA,NA,NA,NA,NA,NA,NA,NA
V19,V19/extended_sparse,dorothea,dorothea__uci_sparse_highdim,clubench_bridge,mean ARI over three seeds,completed,13-dataset x 3-seed sparse extension,scmae_only,-0.0844±0.0000,NA,,paired_delta_not_available,NA,NA,NA,NA,NA,NA,NA,NA,NA,NA,NA,NA,NA,NA,NA,rg_full,-0.0835±0.0000,+0.0009±0.0000,,paired_neutral_or_small,NA,NA,NA,NA,NA,NA,NA,NA,NA,NA,NA,NA,NA,NA,NA
V19,V19/extended_sparse,fabert,fabert__local_sparse_text,shared_text,mean ARI over three seeds,completed,13-dataset x 3-seed sparse extension,scmae_only,0.0788±0.0000,NA,,paired_delta_not_available,NA,NA,NA,NA,NA,NA,NA,NA,NA,NA,NA,NA,NA,NA,NA,rg_full,0.0328±0.0000,-0.0460±0.0000,,paired_regression,NA,NA,NA,NA,NA,NA,NA,NA,NA,NA,NA,NA,NA,NA,NA
V19,V19/extended_sparse,fbis.wc,fbis_wc__local_sparse_text,shared_text,mean ARI over three seeds,completed,13-dataset x 3-seed sparse extension,scmae_only,0.3093±0.0000,NA,,paired_delta_not_available,NA,NA,NA,NA,NA,NA,NA,NA,NA,NA,NA,NA,NA,NA,NA,rg_full,0.2906±0.0000,-0.0187±0.0000,,paired_neutral_or_small,NA,NA,NA,NA,NA,NA,NA,NA,NA,NA,NA,NA,NA,NA,NA
V19,V19/extended_sparse,gina_prior2,gina_prior2__local_sparse_highdim,clubench_bridge,mean ARI over three seeds,completed,13-dataset x 3-seed sparse extension,scmae_only,0.3547±0.0000,NA,,paired_delta_not_available,NA,NA,NA,NA,NA,NA,NA,NA,NA,NA,NA,NA,NA,NA,NA,rg_full,0.3620±0.0000,+0.0073±0.0000,,paired_neutral_or_small,NA,NA,NA,NA,NA,NA,NA,NA,NA,NA,NA,NA,NA,NA,NA
V19,V19/extended_sparse,gisette,gisette__uci_highdim_dense,clubench_bridge,mean ARI over three seeds,completed,13-dataset x 3-seed sparse extension,scmae_only,0.0968±0.0000,NA,,paired_delta_not_available,NA,NA,NA,NA,NA,NA,NA,NA,NA,NA,NA,NA,NA,NA,NA,rg_full,0.0723±0.0000,-0.0245±0.0000,,paired_neutral_or_small,NA,NA,NA,NA,NA,NA,NA,NA,NA,NA,NA,NA,NA,NA,NA
V19,V19/extended_sparse,internet_advertisements,internet_advertisements__uci_sparse,clubench_bridge,mean ARI over three seeds,completed,13-dataset x 3-seed sparse extension,scmae_only,-0.0725±0.0000,NA,,paired_delta_not_available,NA,NA,NA,NA,NA,NA,NA,NA,NA,NA,NA,NA,NA,NA,NA,rg_full,-0.0603±0.0000,+0.0123±0.0000,,paired_neutral_or_small,NA,NA,NA,NA,NA,NA,NA,NA,NA,NA,NA,NA,NA,NA,NA
V19,V19/extended_sparse,madelon,madelon__uci_highdim_control,clubench_bridge,mean ARI over three seeds,completed,13-dataset x 3-seed sparse extension,scmae_only,0.0258±0.0000,NA,,paired_delta_not_available,NA,NA,NA,NA,NA,NA,NA,NA,NA,NA,NA,NA,NA,NA,NA,rg_full,0.0283±0.0000,+0.0025±0.0000,,paired_neutral_or_small,NA,NA,NA,NA,NA,NA,NA,NA,NA,NA,NA,NA,NA,NA,NA
V19,V19/extended_sparse,micro-mass,micro_mass__local_sparse_highdim,clubench_bridge,mean ARI over three seeds,completed,13-dataset x 3-seed sparse extension,scmae_only,0.5017±0.0000,NA,,paired_delta_not_available,NA,NA,NA,NA,NA,NA,NA,NA,NA,NA,NA,NA,NA,NA,NA,rg_full,0.4944±0.0000,-0.0073±0.0000,,paired_neutral_or_small,NA,NA,NA,NA,NA,NA,NA,NA,NA,NA,NA,NA,NA,NA,NA
V19,V19/extended_sparse,sms_spam_collection_full_tfidf500,sms_spam_full__uci_sparse_text,shared_text,mean ARI over three seeds,completed,13-dataset x 3-seed sparse extension,scmae_only,0.8757±0.0000,NA,,paired_delta_not_available,NA,NA,NA,NA,NA,NA,NA,NA,NA,NA,NA,NA,NA,NA,NA,rg_full,0.8614±0.0000,-0.0142±0.0000,,paired_neutral_or_small,NA,NA,NA,NA,NA,NA,NA,NA,NA,NA,NA,NA,NA,NA,NA
V19,V19/extended_sparse,tr45.wc,tr45_wc__local_sparse_text,shared_text,mean ARI over three seeds,completed,13-dataset x 3-seed sparse extension,scmae_only,0.0045±0.0000,NA,,paired_delta_not_available,NA,NA,NA,NA,NA,NA,NA,NA,NA,NA,NA,NA,NA,NA,NA,rg_full,0.0092±0.0000,+0.0047±0.0000,,paired_neutral_or_small,NA,NA,NA,NA,NA,NA,NA,NA,NA,NA,NA,NA,NA,NA,NA
V19,V19/plantnet_transfer,baron_human__clubench_bridge,baron_human__clubench_bridge,clubench_bridge,ARI aggregate,completed,8-layer x 3-seed transfer aggregate,scmae_only,0.1689±0.0170,NA,,paired_delta_not_available,NA,NA,NA,NA,NA,NA,NA,NA,NA,NA,NA,NA,NA,NA,NA,rg_full,0.1790±0.0212,+0.0102±0.0000,,paired_neutral_or_small,NA,NA,NA,NA,NA,NA,NA,NA,NA,NA,NA,NA,NA,NA,NA
V19,V19/plantnet_transfer,campbell__clubench_bridge,campbell__clubench_bridge,clubench_bridge,ARI aggregate,completed,8-layer x 3-seed transfer aggregate,scmae_only,0.2860±0.0265,NA,,paired_delta_not_available,NA,NA,NA,NA,NA,NA,NA,NA,NA,NA,NA,NA,NA,NA,NA,rg_full,0.2917±0.1174,+0.0058±0.0000,,paired_neutral_or_small,NA,NA,NA,NA,NA,NA,NA,NA,NA,NA,NA,NA,NA,NA,NA
V19,V19/plantnet_transfer,cnae9__shared_text,cnae9__shared_text,shared_text,ARI aggregate,completed,8-layer x 3-seed transfer aggregate,scmae_only,0.3146±0.0452,NA,,paired_delta_not_available,NA,NA,NA,NA,NA,NA,NA,NA,NA,NA,NA,NA,NA,NA,NA,rg_full,0.3074±0.0089,-0.0071±0.0000,,paired_neutral_or_small,NA,NA,NA,NA,NA,NA,NA,NA,NA,NA,NA,NA,NA,NA,NA
V19,V19/plantnet_transfer,hate_speech__shared_text,hate_speech__shared_text,shared_text,ARI aggregate,completed,8-layer x 3-seed transfer aggregate,scmae_only,0.0226±0.0310,NA,,paired_delta_not_available,NA,NA,NA,NA,NA,NA,NA,NA,NA,NA,NA,NA,NA,NA,NA,rg_full,0.0195±0.0097,-0.0031±0.0000,,paired_neutral_or_small,NA,NA,NA,NA,NA,NA,NA,NA,NA,NA,NA,NA,NA,NA,NA
V19,V19/plantnet_transfer,imdb__shared_text,imdb__shared_text,shared_text,ARI aggregate,completed,8-layer x 3-seed transfer aggregate,scmae_only,0.0125±0.0086,NA,,paired_delta_not_available,NA,NA,NA,NA,NA,NA,NA,NA,NA,NA,NA,NA,NA,NA,NA,rg_full,0.0295±0.0201,+0.0171±0.0000,,paired_neutral_or_small,NA,NA,NA,NA,NA,NA,NA,NA,NA,NA,NA,NA,NA,NA,NA
V19,V19/plantnet_transfer,mouse_retina__clubench_bridge,mouse_retina__clubench_bridge,clubench_bridge,ARI aggregate,completed,8-layer x 3-seed transfer aggregate,scmae_only,0.9254±0.0110,NA,,paired_delta_not_available,NA,NA,NA,NA,NA,NA,NA,NA,NA,NA,NA,NA,NA,NA,NA,rg_full,0.9211±0.0043,-0.0043±0.0000,,paired_neutral_or_small,NA,NA,NA,NA,NA,NA,NA,NA,NA,NA,NA,NA,NA,NA,NA
V19,V19/plantnet_transfer,sentiment_labeld_sentences__shared_text,sentiment_labeld_sentences__shared_text,shared_text,ARI aggregate,completed,8-layer x 3-seed transfer aggregate,scmae_only,0.0028±0.0034,NA,,paired_delta_not_available,NA,NA,NA,NA,NA,NA,NA,NA,NA,NA,NA,NA,NA,NA,NA,rg_full,0.0056±0.0044,+0.0028±0.0000,,paired_neutral_or_small,NA,NA,NA,NA,NA,NA,NA,NA,NA,NA,NA,NA,NA,NA,NA
V19,V19/plantnet_transfer,sms_spam_collection__shared_text,sms_spam_collection__shared_text,shared_text,ARI aggregate,completed,8-layer x 3-seed transfer aggregate,scmae_only,0.8511±0.0141,NA,,paired_delta_not_available,NA,NA,NA,NA,NA,NA,NA,NA,NA,NA,NA,NA,NA,NA,NA,rg_full,0.8464±0.0196,-0.0047±0.0000,,paired_neutral_or_small,NA,NA,NA,NA,NA,NA,NA,NA,NA,NA,NA,NA,NA,NA,NA
V19,V19/postfreeze,baron_human__clubench_bridge,baron_human__clubench_bridge,clubench_bridge,V19 post-freeze ARI aggregate,completed,11-stratum x 6-variant x 3-seed post-freeze matrix,V19_scmae_only,0.2387±0.0633,NA,0/no gate,paired_delta_not_available,NA,NA,NA,NA,NA,NA,NA,NA,NA,NA,V19_rg_constant_gate,0.2207±0.0415,-0.0181±0.0000,NA (post-freeze aggregate does not publish realized gate usage),paired_neutral_or_small,V19_rg_default || V19_rg_full || V19_rg_nomix || V19_rg_reliability_off,0.2611±0.1113 || 0.2573±0.0449 || 0.2387±0.0633 || 0.2170±0.0319,+0.0223±0.0000 || +0.0185±0.0000 || +0.0000±0.0000 || -0.0217±0.0000,NA (post-freeze aggregate does not publish realized gate usage) || NA (post-freeze aggregate does not publish realized gate usage) || NA (post-freeze aggregate does not publish realized gate usage) || NA (post-freeze aggregate does not publish realized gate usage),paired_neutral_or_small || paired_neutral_or_small || paired_neutral_or_small || paired_neutral_or_small,NA,NA,NA,NA,NA,NA,NA,NA,NA,NA,NA,NA,NA,NA,NA
V19,V19/postfreeze,baron_human__rg_native,baron_human__rg_native,rg_native,V19 post-freeze ARI aggregate,completed,11-stratum x 6-variant x 3-seed post-freeze matrix,V19_scmae_only,0.9007±0.0062,NA,0/no gate,paired_delta_not_available,NA,NA,NA,NA,NA,NA,NA,NA,NA,NA,V19_rg_constant_gate,0.9009±0.0047,+0.0002±0.0000,NA (post-freeze aggregate does not publish realized gate usage),paired_neutral_or_small,V19_rg_default || V19_rg_full || V19_rg_nomix || V19_rg_reliability_off,0.9031±0.0045 || 0.9031±0.0050 || 0.9007±0.0062 || 0.8998±0.0051,+0.0024±0.0000 || +0.0024±0.0000 || +0.0000±0.0000 || -0.0009±0.0000,NA (post-freeze aggregate does not publish realized gate usage) || NA (post-freeze aggregate does not publish realized gate usage) || NA (post-freeze aggregate does not publish realized gate usage) || NA (post-freeze aggregate does not publish realized gate usage),paired_neutral_or_small || paired_neutral_or_small || paired_neutral_or_small || paired_neutral_or_small,NA,NA,NA,NA,NA,NA,NA,NA,NA,NA,NA,NA,NA,NA,NA
V19,V19/postfreeze,campbell__clubench_bridge,campbell__clubench_bridge,clubench_bridge,V19 post-freeze ARI aggregate,completed,11-stratum x 6-variant x 3-seed post-freeze matrix,V19_scmae_only,0.2093±0.0119,NA,0/no gate,paired_delta_not_available,NA,NA,NA,NA,NA,NA,NA,NA,NA,NA,V19_rg_constant_gate,0.2251±0.0365,+0.0158±0.0000,NA (post-freeze aggregate does not publish realized gate usage),paired_neutral_or_small,V19_rg_default || V19_rg_full || V19_rg_nomix || V19_rg_reliability_off,0.1932±0.0256 || 0.1958±0.0292 || 0.2093±0.0119 || 0.1846±0.0455,-0.0162±0.0000 || -0.0135±0.0000 || +0.0000±0.0000 || -0.0247±0.0000,NA (post-freeze aggregate does not publish realized gate usage) || NA (post-freeze aggregate does not publish realized gate usage) || NA (post-freeze aggregate does not publish realized gate usage) || NA (post-freeze aggregate does not publish realized gate usage),paired_neutral_or_small || paired_neutral_or_small || paired_neutral_or_small || paired_neutral_or_small,NA,NA,NA,NA,NA,NA,NA,NA,NA,NA,NA,NA,NA,NA,NA
V19,V19/postfreeze,campbell__rg_native,campbell__rg_native,rg_native,V19 post-freeze ARI aggregate,completed,11-stratum x 6-variant x 3-seed post-freeze matrix,V19_scmae_only,0.1755±0.0120,NA,0/no gate,paired_delta_not_available,NA,NA,NA,NA,NA,NA,NA,NA,NA,NA,V19_rg_constant_gate,0.1917±0.0042,+0.0162±0.0000,NA (post-freeze aggregate does not publish realized gate usage),paired_neutral_or_small,V19_rg_default || V19_rg_full || V19_rg_nomix || V19_rg_reliability_off,0.1676±0.0319 || 0.1687±0.0157 || 0.1755±0.0120 || 0.1588±0.0483,-0.0079±0.0000 || -0.0068±0.0000 || +0.0000±0.0000 || -0.0167±0.0000,NA (post-freeze aggregate does not publish realized gate usage) || NA (post-freeze aggregate does not publish realized gate usage) || NA (post-freeze aggregate does not publish realized gate usage) || NA (post-freeze aggregate does not publish realized gate usage),paired_neutral_or_small || paired_neutral_or_small || paired_neutral_or_small || paired_neutral_or_small,NA,NA,NA,NA,NA,NA,NA,NA,NA,NA,NA,NA,NA,NA,NA
V19,V19/postfreeze,cnae9__shared_text,cnae9__shared_text,shared_text,V19 post-freeze ARI aggregate,completed,11-stratum x 6-variant x 3-seed post-freeze matrix,V19_scmae_only,0.3648±0.0152,NA,0/no gate,paired_delta_not_available,NA,NA,NA,NA,NA,NA,NA,NA,NA,NA,V19_rg_constant_gate,0.4417±0.0557,+0.0769±0.0000,NA (post-freeze aggregate does not publish realized gate usage),paired_positive_scope_limited,V19_rg_default || V19_rg_full || V19_rg_nomix || V19_rg_reliability_off,0.3630±0.0193 || 0.3786±0.0216 || 0.3648±0.0152 || 0.3840±0.0338,-0.0018±0.0000 || +0.0138±0.0000 || +0.0000±0.0000 || +0.0192±0.0000,NA (post-freeze aggregate does not publish realized gate usage) || NA (post-freeze aggregate does not publish realized gate usage) || NA (post-freeze aggregate does not publish realized gate usage) || NA (post-freeze aggregate does not publish realized gate usage),paired_neutral_or_small || paired_neutral_or_small || paired_neutral_or_small || paired_neutral_or_small,NA,NA,NA,NA,NA,NA,NA,NA,NA,NA,NA,NA,NA,NA,NA
V19,V19/postfreeze,hate_speech__shared_text,hate_speech__shared_text,shared_text,V19 post-freeze ARI aggregate,completed,11-stratum x 6-variant x 3-seed post-freeze matrix,V19_scmae_only,-0.0126±0.0090,NA,0/no gate,paired_delta_not_available,NA,NA,NA,NA,NA,NA,NA,NA,NA,NA,V19_rg_constant_gate,-0.0142±0.0098,-0.0016±0.0000,NA (post-freeze aggregate does not publish realized gate usage),paired_neutral_or_small,V19_rg_default || V19_rg_full || V19_rg_nomix || V19_rg_reliability_off,0.0041±0.0073 || 0.0014±0.0085 || -0.0126±0.0090 || 0.0070±0.0116,+0.0167±0.0000 || +0.0141±0.0000 || +0.0000±0.0000 || +0.0197±0.0000,NA (post-freeze aggregate does not publish realized gate usage) || NA (post-freeze aggregate does not publish realized gate usage) || NA (post-freeze aggregate does not publish realized gate usage) || NA (post-freeze aggregate does not publish realized gate usage),paired_neutral_or_small || paired_neutral_or_small || paired_neutral_or_small || paired_neutral_or_small,NA,NA,NA,NA,NA,NA,NA,NA,NA,NA,NA,NA,NA,NA,NA
V19,V19/postfreeze,imdb__shared_text,imdb__shared_text,shared_text,V19 post-freeze ARI aggregate,completed,11-stratum x 6-variant x 3-seed post-freeze matrix,V19_scmae_only,0.0289±0.0129,NA,0/no gate,paired_delta_not_available,NA,NA,NA,NA,NA,NA,NA,NA,NA,NA,V19_rg_constant_gate,0.0057±0.0094,-0.0231±0.0000,NA (post-freeze aggregate does not publish realized gate usage),paired_neutral_or_small,V19_rg_default || V19_rg_full || V19_rg_nomix || V19_rg_reliability_off,0.0196±0.0190 || 0.0221±0.0148 || 0.0289±0.0129 || 0.0234±0.0165,-0.0092±0.0000 || -0.0068±0.0000 || +0.0000±0.0000 || -0.0054±0.0000,NA (post-freeze aggregate does not publish realized gate usage) || NA (post-freeze aggregate does not publish realized gate usage) || NA (post-freeze aggregate does not publish realized gate usage) || NA (post-freeze aggregate does not publish realized gate usage),paired_neutral_or_small || paired_neutral_or_small || paired_neutral_or_small || paired_neutral_or_small,NA,NA,NA,NA,NA,NA,NA,NA,NA,NA,NA,NA,NA,NA,NA
V19,V19/postfreeze,mouse_retina__clubench_bridge,mouse_retina__clubench_bridge,clubench_bridge,V19 post-freeze ARI aggregate,completed,11-stratum x 6-variant x 3-seed post-freeze matrix,V19_scmae_only,0.9310±0.0007,NA,0/no gate,paired_delta_not_available,NA,NA,NA,NA,NA,NA,NA,NA,NA,NA,V19_rg_constant_gate,0.9389±0.0058,+0.0079±0.0000,NA (post-freeze aggregate does not publish realized gate usage),paired_neutral_or_small,V19_rg_default || V19_rg_full || V19_rg_nomix || V19_rg_reliability_off,0.9356±0.0068 || 0.9322±0.0046 || 0.9310±0.0007 || 0.9239±0.0203,+0.0046±0.0000 || +0.0012±0.0000 || +0.0000±0.0000 || -0.0071±0.0000,NA (post-freeze aggregate does not publish realized gate usage) || NA (post-freeze aggregate does not publish realized gate usage) || NA (post-freeze aggregate does not publish realized gate usage) || NA (post-freeze aggregate does not publish realized gate usage),paired_neutral_or_small || paired_neutral_or_small || paired_neutral_or_small || paired_neutral_or_small,NA,NA,NA,NA,NA,NA,NA,NA,NA,NA,NA,NA,NA,NA,NA
V19,V19/postfreeze,mouse_retina__rg_native,mouse_retina__rg_native,rg_native,V19 post-freeze ARI aggregate,completed,11-stratum x 6-variant x 3-seed post-freeze matrix,V19_scmae_only,0.9552±0.0013,NA,0/no gate,paired_delta_not_available,NA,NA,NA,NA,NA,NA,NA,NA,NA,NA,V19_rg_constant_gate,0.9451±0.0117,-0.0101±0.0000,NA (post-freeze aggregate does not publish realized gate usage),paired_neutral_or_small,V19_rg_default || V19_rg_full || V19_rg_nomix || V19_rg_reliability_off,0.9405±0.0107 || 0.9420±0.0098 || 0.9552±0.0013 || 0.9420±0.0100,-0.0147±0.0000 || -0.0132±0.0000 || +0.0000±0.0000 || -0.0132±0.0000,NA (post-freeze aggregate does not publish realized gate usage) || NA (post-freeze aggregate does not publish realized gate usage) || NA (post-freeze aggregate does not publish realized gate usage) || NA (post-freeze aggregate does not publish realized gate usage),paired_neutral_or_small || paired_neutral_or_small || paired_neutral_or_small || paired_neutral_or_small,NA,NA,NA,NA,NA,NA,NA,NA,NA,NA,NA,NA,NA,NA,NA
V19,V19/postfreeze,sentiment_labeld_sentences__shared_text,sentiment_labeld_sentences__shared_text,shared_text,V19 post-freeze ARI aggregate,completed,11-stratum x 6-variant x 3-seed post-freeze matrix,V19_scmae_only,0.0091±0.0027,NA,0/no gate,paired_delta_not_available,NA,NA,NA,NA,NA,NA,NA,NA,NA,NA,V19_rg_constant_gate,0.0095±0.0064,+0.0004±0.0000,NA (post-freeze aggregate does not publish realized gate usage),paired_neutral_or_small,V19_rg_default || V19_rg_full || V19_rg_nomix || V19_rg_reliability_off,0.0015±0.0010 || 0.0020±0.0011 || 0.0091±0.0027 || 0.0018±0.0013,-0.0076±0.0000 || -0.0071±0.0000 || +0.0000±0.0000 || -0.0073±0.0000,NA (post-freeze aggregate does not publish realized gate usage) || NA (post-freeze aggregate does not publish realized gate usage) || NA (post-freeze aggregate does not publish realized gate usage) || NA (post-freeze aggregate does not publish realized gate usage),paired_neutral_or_small || paired_neutral_or_small || paired_neutral_or_small || paired_neutral_or_small,NA,NA,NA,NA,NA,NA,NA,NA,NA,NA,NA,NA,NA,NA,NA
V19,V19/postfreeze,sms_spam_collection__shared_text,sms_spam_collection__shared_text,shared_text,V19 post-freeze ARI aggregate,completed,11-stratum x 6-variant x 3-seed post-freeze matrix,V19_scmae_only,0.8342±0.0112,NA,0/no gate,paired_delta_not_available,NA,NA,NA,NA,NA,NA,NA,NA,NA,NA,V19_rg_constant_gate,0.8420±0.0240,+0.0077±0.0000,NA (post-freeze aggregate does not publish realized gate usage),paired_neutral_or_small,V19_rg_default || V19_rg_full || V19_rg_nomix || V19_rg_reliability_off,0.8266±0.0110 || 0.8343±0.0053 || 0.8342±0.0112 || 0.8329±0.0159,-0.0077±0.0000 || +0.0001±0.0000 || +0.0000±0.0000 || -0.0014±0.0000,NA (post-freeze aggregate does not publish realized gate usage) || NA (post-freeze aggregate does not publish realized gate usage) || NA (post-freeze aggregate does not publish realized gate usage) || NA (post-freeze aggregate does not publish realized gate usage),paired_neutral_or_small || paired_neutral_or_small || paired_neutral_or_small || paired_neutral_or_small,NA,NA,NA,NA,NA,NA,NA,NA,NA,NA,NA,NA,NA,NA,NA
V20,V20/full8_seed42,Baron Human,Baron Human,clubench_bridge,clean embedding KMeans,completed,single-seed coarse screen,NA,NA,NA,NA,NA,NA,NA,NA,NA,NA,NA,NA,NA,NA,NA,NA,NA,NA,NA,NA,topology_adversarial_full,0.2040±0.0000,NA,requested_mask=0.40000; effective_mask=0.08644; gate_updates=340; nonzero_update_rate=1.00000,paired_delta_not_available,NA,NA,NA,NA,NA,NA,NA,NA,NA,NA,NA,NA,NA,NA,NA
V20,V20/full8_seed42,Campbell,Campbell,clubench_bridge,clean embedding KMeans,completed,single-seed coarse screen,NA,NA,NA,NA,NA,NA,NA,NA,NA,NA,NA,NA,NA,NA,NA,NA,NA,NA,NA,NA,topology_adversarial_full,0.1000±0.0000,NA,requested_mask=0.40001; effective_mask=0.07317; gate_updates=400; nonzero_update_rate=1.00000,paired_delta_not_available,NA,NA,NA,NA,NA,NA,NA,NA,NA,NA,NA,NA,NA,NA,NA
V20,V20/full8_seed42,Mouse_retina,Mouse_retina,clubench_bridge,clean embedding KMeans,completed,single-seed coarse screen,NA,NA,NA,NA,NA,NA,NA,NA,NA,NA,NA,NA,NA,NA,NA,NA,NA,NA,NA,NA,topology_adversarial_full,0.3419±0.0000,NA,requested_mask=0.39997; effective_mask=0.05638; gate_updates=330; nonzero_update_rate=1.00000,paired_delta_not_available,NA,NA,NA,NA,NA,NA,NA,NA,NA,NA,NA,NA,NA,NA,NA
V20,V20/full8_seed42,cnae9,cnae9,shared_text,clean embedding KMeans,completed,single-seed coarse screen,NA,NA,NA,NA,NA,NA,NA,NA,NA,NA,NA,NA,NA,NA,NA,NA,NA,NA,NA,NA,topology_adversarial_full,0.1814±0.0000,NA,requested_mask=0.39953; effective_mask=0.00678; gate_updates=50; nonzero_update_rate=1.00000,paired_delta_not_available,NA,NA,NA,NA,NA,NA,NA,NA,NA,NA,NA,NA,NA,NA,NA
V20,V20/full8_seed42,hate_speech,hate_speech,shared_text,clean embedding KMeans,completed,single-seed coarse screen,NA,NA,NA,NA,NA,NA,NA,NA,NA,NA,NA,NA,NA,NA,NA,NA,NA,NA,NA,NA,topology_adversarial_full,-0.0292±0.0000,NA,requested_mask=0.40000; effective_mask=0.03648; gate_updates=130; nonzero_update_rate=1.00000,paired_delta_not_available,NA,NA,NA,NA,NA,NA,NA,NA,NA,NA,NA,NA,NA,NA,NA
V20,V20/full8_seed42,imdb,imdb,shared_text,clean embedding KMeans,completed,single-seed coarse screen,NA,NA,NA,NA,NA,NA,NA,NA,NA,NA,NA,NA,NA,NA,NA,NA,NA,NA,NA,NA,topology_adversarial_full,0.0009±0.0000,NA,requested_mask=0.40000; effective_mask=0.06879; gate_updates=130; nonzero_update_rate=1.00000,paired_delta_not_available,NA,NA,NA,NA,NA,NA,NA,NA,NA,NA,NA,NA,NA,NA,NA
V20,V20/full8_seed42,sentiment_labeld_sentences,sentiment_labeld_sentences,shared_text,clean embedding KMeans,completed,single-seed coarse screen,NA,NA,NA,NA,NA,NA,NA,NA,NA,NA,NA,NA,NA,NA,NA,NA,NA,NA,NA,NA,topology_adversarial_full,-0.0001±0.0000,NA,requested_mask=0.40000; effective_mask=0.01502; gate_updates=110; nonzero_update_rate=1.00000,paired_delta_not_available,NA,NA,NA,NA,NA,NA,NA,NA,NA,NA,NA,NA,NA,NA,NA
V20,V20/full8_seed42,sms_spam_collection,sms_spam_collection,shared_text,clean embedding KMeans,completed,single-seed coarse screen,NA,NA,NA,NA,NA,NA,NA,NA,NA,NA,NA,NA,NA,NA,NA,NA,NA,NA,NA,NA,topology_adversarial_full,0.1678±0.0000,NA,requested_mask=0.40000; effective_mask=0.01135; gate_updates=40; nonzero_update_rate=1.00000,paired_delta_not_available,NA,NA,NA,NA,NA,NA,NA,NA,NA,NA,NA,NA,NA,NA,NA
V21,V21/formal6_graphfix,Baron Human,Baron Human,clubench_bridge,v2 Student-t head ARI (formal graph-fix primary),completed,"36-run, six-dataset, three-seed formal matrix",scmae_only,0.2058±0.0336,NA,eligible_rate=0.00000; effective_rate=0.00000; gate_updates=0,paired_delta_not_available,NA,NA,NA,NA,NA,NA,NA,NA,NA,NA,NA,NA,NA,NA,NA,NA,NA,NA,NA,NA,NA,NA,NA,NA,NA,topology_assignment_adversarial,-0.0077±0.0133,-0.2135±0.0303,eligible_rate=0.14439; effective_rate=0.05778; gate_updates=1360|eligible_rate=0.14492; effective_rate=0.05799; gate_updates=1360|eligible_rate=0.14646; effective_rate=0.05860; gate_updates=1360,paired_regression,NA,NA,NA,NA,NA
V21,V21/formal6_graphfix,Campbell,Campbell,clubench_bridge,v2 Student-t head ARI (formal graph-fix primary),completed,"36-run, six-dataset, three-seed formal matrix",scmae_only,0.1994±0.0323,NA,eligible_rate=0.00000; effective_rate=0.00000; gate_updates=0,paired_delta_not_available,NA,NA,NA,NA,NA,NA,NA,NA,NA,NA,NA,NA,NA,NA,NA,NA,NA,NA,NA,NA,NA,NA,NA,NA,NA,topology_assignment_adversarial,0.0547±0.1055,-0.1447±0.1379,eligible_rate=0.10985; effective_rate=0.04396; gate_updates=1600|eligible_rate=0.10990; effective_rate=0.04397; gate_updates=1600|eligible_rate=0.11059; effective_rate=0.04425; gate_updates=1600,paired_neutral_or_small|paired_regression,NA,NA,NA,NA,NA
V21,V21/formal6_graphfix,Mouse_retina,Mouse_retina,clubench_bridge,v2 Student-t head ARI (formal graph-fix primary),completed,"36-run, six-dataset, three-seed formal matrix",scmae_only,0.9363±0.0093,NA,eligible_rate=0.00000; effective_rate=0.00000; gate_updates=0,paired_delta_not_available,NA,NA,NA,NA,NA,NA,NA,NA,NA,NA,NA,NA,NA,NA,NA,NA,NA,NA,NA,NA,NA,NA,NA,NA,NA,topology_assignment_adversarial,0.4416±0.2375,-0.4947±0.2358,eligible_rate=0.09125; effective_rate=0.03656; gate_updates=1320|eligible_rate=0.09136; effective_rate=0.03661; gate_updates=1320|eligible_rate=0.09146; effective_rate=0.03665; gate_updates=1320,paired_regression,NA,NA,NA,NA,NA
V21,V21/formal6_graphfix,cnae9,cnae9,shared_text,v2 Student-t head ARI (formal graph-fix primary),completed,"36-run, six-dataset, three-seed formal matrix",scmae_only,0.3600±0.0200,NA,eligible_rate=0.00000; effective_rate=0.00000; gate_updates=0,paired_delta_not_available,NA,NA,NA,NA,NA,NA,NA,NA,NA,NA,NA,NA,NA,NA,NA,NA,NA,NA,NA,NA,NA,NA,NA,NA,NA,topology_assignment_adversarial,0.5083±0.0685,+0.1483±0.0670,eligible_rate=0.01417; effective_rate=0.00611; gate_updates=200|eligible_rate=0.01435; effective_rate=0.00620; gate_updates=200|eligible_rate=0.01439; effective_rate=0.00624; gate_updates=200,paired_positive_scope_limited,NA,NA,NA,NA,NA
V21,V21/formal6_graphfix,hate_speech,hate_speech,shared_text,v2 Student-t head ARI (formal graph-fix primary),completed,"36-run, six-dataset, three-seed formal matrix",scmae_only,-0.0160±0.0106,NA,eligible_rate=0.00000; effective_rate=0.00000; gate_updates=0,paired_delta_not_available,NA,NA,NA,NA,NA,NA,NA,NA,NA,NA,NA,NA,NA,NA,NA,NA,NA,NA,NA,NA,NA,NA,NA,NA,NA,topology_assignment_adversarial,-0.0752±0.0157,-0.0592±0.0093,eligible_rate=0.05671; effective_rate=0.02673; gate_updates=520|eligible_rate=0.05687; effective_rate=0.02673; gate_updates=520|eligible_rate=0.05699; effective_rate=0.02682; gate_updates=520,paired_regression,NA,NA,NA,NA,NA
V21,V21/formal6_graphfix,sms_spam_collection,sms_spam_collection,shared_text,v2 Student-t head ARI (formal graph-fix primary),completed,"36-run, six-dataset, three-seed formal matrix",scmae_only,0.8258±0.0031,NA,eligible_rate=0.00000; effective_rate=0.00000; gate_updates=0,paired_delta_not_available,NA,NA,NA,NA,NA,NA,NA,NA,NA,NA,NA,NA,NA,NA,NA,NA,NA,NA,NA,NA,NA,NA,NA,NA,NA,topology_assignment_adversarial,0.3244±0.1533,-0.5014±0.1504,eligible_rate=0.01712; effective_rate=0.00763; gate_updates=160|eligible_rate=0.01713; effective_rate=0.00764; gate_updates=160|eligible_rate=0.01729; effective_rate=0.00769; gate_updates=160,paired_regression,NA,NA,NA,NA,NA
V22,V22/cooperative_full_single_seed,Baron Human,baron_human__clubench_bridge,clubench_bridge,clean embedding KMeans,completed,single-seed full-component audit,NA,NA,NA,NA,NA,NA,NA,NA,NA,NA,NA,NA,NA,NA,NA,NA,NA,NA,NA,NA,NA,NA,NA,NA,NA,NA,NA,NA,NA,NA,NA,NA,NA,NA,NA,v22_topology_discriminator_cooperative_keep_gate,0.3161±0.0000,NA,effective_mask_rate_last=0.14004; gate_nonzero_update_rate=1.00000; gate_updates=240; d_real_accuracy_last=0.69185; d_gate_fake_accuracy_last=0.56441; d_scmae_fake_accuracy_last=0.79002,paired_delta_not_available
V22,V22/cooperative_full_single_seed,Campbell,campbell__clubench_bridge,clubench_bridge,clean embedding KMeans,completed,single-seed full-component audit,NA,NA,NA,NA,NA,NA,NA,NA,NA,NA,NA,NA,NA,NA,NA,NA,NA,NA,NA,NA,NA,NA,NA,NA,NA,NA,NA,NA,NA,NA,NA,NA,NA,NA,NA,v22_topology_discriminator_cooperative_keep_gate,0.1355±0.0000,NA,effective_mask_rate_last=0.14529; gate_nonzero_update_rate=1.00000; gate_updates=240; d_real_accuracy_last=0.53097; d_gate_fake_accuracy_last=0.52824; d_scmae_fake_accuracy_last=0.74024,paired_delta_not_available
V22,V22/cooperative_full_single_seed,Mouse_retina,mouse_retina__clubench_bridge,clubench_bridge,clean embedding KMeans,completed,single-seed full-component audit,NA,NA,NA,NA,NA,NA,NA,NA,NA,NA,NA,NA,NA,NA,NA,NA,NA,NA,NA,NA,NA,NA,NA,NA,NA,NA,NA,NA,NA,NA,NA,NA,NA,NA,NA,v22_topology_discriminator_cooperative_keep_gate,0.3952±0.0000,NA,effective_mask_rate_last=0.05352; gate_nonzero_update_rate=1.00000; gate_updates=240; d_real_accuracy_last=0.63554; d_gate_fake_accuracy_last=0.64407; d_scmae_fake_accuracy_last=0.97648,paired_delta_not_available
V22,V22/cooperative_full_single_seed,PBMC3k,pbmc3k__10x_unlabelled_count,scRNA_count,clean embedding KMeans,completed,single-seed full-component audit,NA,NA,NA,NA,NA,NA,NA,NA,NA,NA,NA,NA,NA,NA,NA,NA,NA,NA,NA,NA,NA,NA,NA,NA,NA,NA,NA,NA,NA,NA,NA,NA,NA,NA,NA,v22_topology_discriminator_cooperative_keep_gate,NA,NA,effective_mask_rate_last=0.08809; gate_nonzero_update_rate=1.00000; gate_updates=80; d_real_accuracy_last=0.51341; d_gate_fake_accuracy_last=0.66513; d_scmae_fake_accuracy_last=0.84559,paired_delta_not_available
V22,V22/cooperative_full_single_seed,cnae9,cnae9__shared_text,shared_text,clean embedding KMeans,completed,single-seed full-component audit,NA,NA,NA,NA,NA,NA,NA,NA,NA,NA,NA,NA,NA,NA,NA,NA,NA,NA,NA,NA,NA,NA,NA,NA,NA,NA,NA,NA,NA,NA,NA,NA,NA,NA,NA,v22_topology_discriminator_cooperative_keep_gate,0.2042±0.0000,NA,effective_mask_rate_last=0.00314; gate_nonzero_update_rate=1.00000; gate_updates=80; d_real_accuracy_last=0.55961; d_gate_fake_accuracy_last=0.56272; d_scmae_fake_accuracy_last=0.79811,paired_delta_not_available
V22,V22/cooperative_full_single_seed,covtype__libsvm_dense_control,covtype__libsvm_dense_control,clubench_bridge,clean embedding KMeans,incomplete_compute,incomplete_compute,NA,NA,NA,NA,NA,NA,NA,NA,NA,NA,NA,NA,NA,NA,NA,NA,NA,NA,NA,NA,NA,NA,NA,NA,NA,NA,NA,NA,NA,NA,NA,NA,NA,NA,NA,v22_topology_discriminator_cooperative_keep_gate,NA,NA,,incomplete_compute; no performance conclusion
V22,V22/cooperative_full_single_seed,hate_speech,hate_speech__shared_text,shared_text,clean embedding KMeans,completed,single-seed full-component audit,NA,NA,NA,NA,NA,NA,NA,NA,NA,NA,NA,NA,NA,NA,NA,NA,NA,NA,NA,NA,NA,NA,NA,NA,NA,NA,NA,NA,NA,NA,NA,NA,NA,NA,NA,v22_topology_discriminator_cooperative_keep_gate,0.0520±0.0000,NA,effective_mask_rate_last=0.01042; gate_nonzero_update_rate=1.00000; gate_updates=80; d_real_accuracy_last=0.51385; d_gate_fake_accuracy_last=0.64254; d_scmae_fake_accuracy_last=0.43863,paired_delta_not_available
V22,V22/cooperative_full_single_seed,imdb,imdb__shared_text,shared_text,clean embedding KMeans,completed,single-seed full-component audit,NA,NA,NA,NA,NA,NA,NA,NA,NA,NA,NA,NA,NA,NA,NA,NA,NA,NA,NA,NA,NA,NA,NA,NA,NA,NA,NA,NA,NA,NA,NA,NA,NA,NA,NA,v22_topology_discriminator_cooperative_keep_gate,-0.0002±0.0000,NA,effective_mask_rate_last=0.02682; gate_nonzero_update_rate=1.00000; gate_updates=80; d_real_accuracy_last=0.70876; d_gate_fake_accuracy_last=0.69521; d_scmae_fake_accuracy_last=0.66724,paired_delta_not_available
V22,V22/cooperative_full_single_seed,mnist,mnist__libsvm_dense_control,shared_text,clean embedding KMeans,completed,single-seed full-component audit,NA,NA,NA,NA,NA,NA,NA,NA,NA,NA,NA,NA,NA,NA,NA,NA,NA,NA,NA,NA,NA,NA,NA,NA,NA,NA,NA,NA,NA,NA,NA,NA,NA,NA,NA,v22_topology_discriminator_cooperative_keep_gate,0.3148±0.0000,NA,effective_mask_rate_last=0.07171; gate_nonzero_update_rate=1.00000; gate_updates=1200; d_real_accuracy_last=0.75461; d_gate_fake_accuracy_last=0.66863; d_scmae_fake_accuracy_last=0.76228,paired_delta_not_available
V22,V22/cooperative_full_single_seed,news20,news20__libsvm_sparse_highdim,shared_text,clean embedding KMeans,completed,single-seed full-component audit,NA,NA,NA,NA,NA,NA,NA,NA,NA,NA,NA,NA,NA,NA,NA,NA,NA,NA,NA,NA,NA,NA,NA,NA,NA,NA,NA,NA,NA,NA,NA,NA,NA,NA,NA,v22_topology_discriminator_cooperative_keep_gate,0.0187±0.0000,NA,effective_mask_rate_last=0.01006; gate_nonzero_update_rate=1.00000; gate_updates=320; d_real_accuracy_last=0.55881; d_gate_fake_accuracy_last=0.57751; d_scmae_fake_accuracy_last=0.65095,paired_delta_not_available
V22,V22/cooperative_full_single_seed,pbmc_1k_v3,pbmc_1k_v3__10x_unlabelled_count,scRNA_count,clean embedding KMeans,completed,single-seed full-component audit,NA,NA,NA,NA,NA,NA,NA,NA,NA,NA,NA,NA,NA,NA,NA,NA,NA,NA,NA,NA,NA,NA,NA,NA,NA,NA,NA,NA,NA,NA,NA,NA,NA,NA,NA,v22_topology_discriminator_cooperative_keep_gate,NA,NA,effective_mask_rate_last=0.15236; gate_nonzero_update_rate=1.00000; gate_updates=80; d_real_accuracy_last=0.57269; d_gate_fake_accuracy_last=0.65386; d_scmae_fake_accuracy_last=0.94003,paired_delta_not_available
V22,V22/cooperative_full_single_seed,rcv1_train,rcv1_train__libsvm_sparse_highdim,shared_text,clean embedding KMeans,completed,single-seed full-component audit,NA,NA,NA,NA,NA,NA,NA,NA,NA,NA,NA,NA,NA,NA,NA,NA,NA,NA,NA,NA,NA,NA,NA,NA,NA,NA,NA,NA,NA,NA,NA,NA,NA,NA,NA,v22_topology_discriminator_cooperative_keep_gate,0.0013±0.0000,NA,effective_mask_rate_last=0.01305; gate_nonzero_update_rate=1.00000; gate_updates=400; d_real_accuracy_last=0.72631; d_gate_fake_accuracy_last=0.57768; d_scmae_fake_accuracy_last=0.79651,paired_delta_not_available
V22,V22/cooperative_full_single_seed,real_sim__libsvm_sparse_highdim,real_sim__libsvm_sparse_highdim,shared_text,clean embedding KMeans,incomplete_compute,incomplete_compute,NA,NA,NA,NA,NA,NA,NA,NA,NA,NA,NA,NA,NA,NA,NA,NA,NA,NA,NA,NA,NA,NA,NA,NA,NA,NA,NA,NA,NA,NA,NA,NA,NA,NA,NA,v22_topology_discriminator_cooperative_keep_gate,NA,NA,,incomplete_compute; no performance conclusion
V22,V22/cooperative_full_single_seed,sector,sector__libsvm_sparse_highdim,shared_text,clean embedding KMeans,completed,single-seed full-component audit,NA,NA,NA,NA,NA,NA,NA,NA,NA,NA,NA,NA,NA,NA,NA,NA,NA,NA,NA,NA,NA,NA,NA,NA,NA,NA,NA,NA,NA,NA,NA,NA,NA,NA,NA,v22_topology_discriminator_cooperative_keep_gate,0.0238±0.0000,NA,effective_mask_rate_last=0.01843; gate_nonzero_update_rate=1.00000; gate_updates=160; d_real_accuracy_last=0.52404; d_gate_fake_accuracy_last=0.64569; d_scmae_fake_accuracy_last=0.89147,paired_delta_not_available
V22,V22/cooperative_full_single_seed,sentiment_labeld_sentences,sentiment_labeld_sentences__shared_text,shared_text,clean embedding KMeans,completed,single-seed full-component audit,NA,NA,NA,NA,NA,NA,NA,NA,NA,NA,NA,NA,NA,NA,NA,NA,NA,NA,NA,NA,NA,NA,NA,NA,NA,NA,NA,NA,NA,NA,NA,NA,NA,NA,NA,v22_topology_discriminator_cooperative_keep_gate,0.0027±0.0000,NA,effective_mask_rate_last=0.00362; gate_nonzero_update_rate=1.00000; gate_updates=80; d_real_accuracy_last=0.49346; d_gate_fake_accuracy_last=0.67455; d_scmae_fake_accuracy_last=0.49643,paired_delta_not_available
V22,V22/cooperative_full_single_seed,sms_spam_collection,sms_spam_collection__shared_text,shared_text,clean embedding KMeans,completed,single-seed full-component audit,NA,NA,NA,NA,NA,NA,NA,NA,NA,NA,NA,NA,NA,NA,NA,NA,NA,NA,NA,NA,NA,NA,NA,NA,NA,NA,NA,NA,NA,NA,NA,NA,NA,NA,NA,v22_topology_discriminator_cooperative_keep_gate,-0.0509±0.0000,NA,effective_mask_rate_last=0.00351; gate_nonzero_update_rate=1.00000; gate_updates=80; d_real_accuracy_last=0.43891; d_gate_fake_accuracy_last=0.64573; d_scmae_fake_accuracy_last=0.49489,paired_delta_not_available
V22,V22/hard_gate_resource_recovery,Baron Human,baron_human__clubench_bridge,clubench_bridge,clean embedding KMeans,completed,single-seed full-component audit,NA,NA,NA,NA,NA,NA,NA,NA,NA,NA,NA,NA,NA,NA,NA,NA,NA,NA,NA,NA,NA,NA,NA,NA,NA,v22_topology_discriminator_hard_gate,0.3796±0.0000,NA,effective_mask_rate_last=0.09752; gate_nonzero_update_rate=1.00000; gate_updates=240; d_real_accuracy_last=0.54725; d_gate_fake_accuracy_last=0.65529; d_scmae_fake_accuracy_last=0.76648,paired_delta_not_available,NA,NA,NA,NA,NA,v22_topology_discriminator_hard_gate,0.3796±0.0000,NA,effective_mask_rate_last=0.09752; gate_nonzero_update_rate=1.00000; gate_updates=240; d_real_accuracy_last=0.54725; d_gate_fake_accuracy_last=0.65529; d_scmae_fake_accuracy_last=0.76648,paired_delta_not_available
V22,V22/hard_gate_resource_recovery,Campbell,campbell__clubench_bridge,clubench_bridge,clean embedding KMeans,completed,single-seed full-component audit,NA,NA,NA,NA,NA,NA,NA,NA,NA,NA,NA,NA,NA,NA,NA,NA,NA,NA,NA,NA,NA,NA,NA,NA,NA,v22_topology_discriminator_hard_gate,0.1576±0.0000,NA,effective_mask_rate_last=0.11117; gate_nonzero_update_rate=1.00000; gate_updates=240; d_real_accuracy_last=0.60503; d_gate_fake_accuracy_last=0.70706; d_scmae_fake_accuracy_last=0.79226,paired_delta_not_available,NA,NA,NA,NA,NA,v22_topology_discriminator_hard_gate,0.1576±0.0000,NA,effective_mask_rate_last=0.11117; gate_nonzero_update_rate=1.00000; gate_updates=240; d_real_accuracy_last=0.60503; d_gate_fake_accuracy_last=0.70706; d_scmae_fake_accuracy_last=0.79226,paired_delta_not_available
V22,V22/hard_gate_resource_recovery,Mouse_retina,mouse_retina__clubench_bridge,clubench_bridge,clean embedding KMeans,completed,single-seed full-component audit,NA,NA,NA,NA,NA,NA,NA,NA,NA,NA,NA,NA,NA,NA,NA,NA,NA,NA,NA,NA,NA,NA,NA,NA,NA,v22_topology_discriminator_hard_gate,0.2947±0.0000,NA,effective_mask_rate_last=0.04223; gate_nonzero_update_rate=1.00000; gate_updates=240; d_real_accuracy_last=0.65475; d_gate_fake_accuracy_last=0.55463; d_scmae_fake_accuracy_last=0.74095,paired_delta_not_available,NA,NA,NA,NA,NA,v22_topology_discriminator_hard_gate,0.2947±0.0000,NA,effective_mask_rate_last=0.04223; gate_nonzero_update_rate=1.00000; gate_updates=240; d_real_accuracy_last=0.65475; d_gate_fake_accuracy_last=0.55463; d_scmae_fake_accuracy_last=0.74095,paired_delta_not_available
V22,V22/hard_gate_resource_recovery,PBMC3k,pbmc3k__10x_unlabelled_count,scRNA_count,clean embedding KMeans,completed,single-seed full-component audit,NA,NA,NA,NA,NA,NA,NA,NA,NA,NA,NA,NA,NA,NA,NA,NA,NA,NA,NA,NA,NA,NA,NA,NA,NA,v22_topology_discriminator_hard_gate,NA,NA,effective_mask_rate_last=0.04647; gate_nonzero_update_rate=1.00000; gate_updates=80; d_real_accuracy_last=0.51496; d_gate_fake_accuracy_last=0.58013; d_scmae_fake_accuracy_last=0.88292,paired_delta_not_available,NA,NA,NA,NA,NA,v22_topology_discriminator_hard_gate,NA,NA,effective_mask_rate_last=0.04647; gate_nonzero_update_rate=1.00000; gate_updates=80; d_real_accuracy_last=0.51496; d_gate_fake_accuracy_last=0.58013; d_scmae_fake_accuracy_last=0.88292,paired_delta_not_available
V22,V22/hard_gate_resource_recovery,cnae9,cnae9__shared_text,shared_text,clean embedding KMeans,completed,single-seed full-component audit,NA,NA,NA,NA,NA,NA,NA,NA,NA,NA,NA,NA,NA,NA,NA,NA,NA,NA,NA,NA,NA,NA,NA,NA,NA,v22_topology_discriminator_hard_gate,0.2901±0.0000,NA,effective_mask_rate_last=0.00075; gate_nonzero_update_rate=1.00000; gate_updates=80; d_real_accuracy_last=0.47460; d_gate_fake_accuracy_last=0.52830; d_scmae_fake_accuracy_last=0.67292,paired_delta_not_available,NA,NA,NA,NA,NA,v22_topology_discriminator_hard_gate,0.2901±0.0000,NA,effective_mask_rate_last=0.00075; gate_nonzero_update_rate=1.00000; gate_updates=80; d_real_accuracy_last=0.47460; d_gate_fake_accuracy_last=0.52830; d_scmae_fake_accuracy_last=0.67292,paired_delta_not_available
V22,V22/hard_gate_resource_recovery,covtype,covtype__libsvm_dense_control,clubench_bridge,clean embedding KMeans,completed,single-seed full-component audit,NA,NA,NA,NA,NA,NA,NA,NA,NA,NA,NA,NA,NA,NA,NA,NA,NA,NA,NA,NA,NA,NA,NA,NA,NA,v22_topology_discriminator_hard_gate,0.0558±0.0000,NA,effective_mask_rate_last=0.05966; gate_nonzero_update_rate=1.00000; gate_updates=11360; d_real_accuracy_last=0.53202; d_gate_fake_accuracy_last=0.64050; d_scmae_fake_accuracy_last=0.71285,paired_delta_not_available,NA,NA,NA,NA,NA,v22_topology_discriminator_hard_gate,0.0558±0.0000,NA,effective_mask_rate_last=0.05966; gate_nonzero_update_rate=1.00000; gate_updates=11360; d_real_accuracy_last=0.53202; d_gate_fake_accuracy_last=0.64050; d_scmae_fake_accuracy_last=0.71285,paired_delta_not_available
V22,V22/hard_gate_resource_recovery,hate_speech,hate_speech__shared_text,shared_text,clean embedding KMeans,completed,single-seed full-component audit,NA,NA,NA,NA,NA,NA,NA,NA,NA,NA,NA,NA,NA,NA,NA,NA,NA,NA,NA,NA,NA,NA,NA,NA,NA,v22_topology_discriminator_hard_gate,0.0411±0.0000,NA,effective_mask_rate_last=0.00391; gate_nonzero_update_rate=1.00000; gate_updates=80; d_real_accuracy_last=0.54444; d_gate_fake_accuracy_last=0.54206; d_scmae_fake_accuracy_last=0.78327,paired_delta_not_available,NA,NA,NA,NA,NA,v22_topology_discriminator_hard_gate,0.0411±0.0000,NA,effective_mask_rate_last=0.00391; gate_nonzero_update_rate=1.00000; gate_updates=80; d_real_accuracy_last=0.54444; d_gate_fake_accuracy_last=0.54206; d_scmae_fake_accuracy_last=0.78327,paired_delta_not_available
V22,V22/hard_gate_resource_recovery,imdb,imdb__shared_text,shared_text,clean embedding KMeans,completed,single-seed full-component audit,NA,NA,NA,NA,NA,NA,NA,NA,NA,NA,NA,NA,NA,NA,NA,NA,NA,NA,NA,NA,NA,NA,NA,NA,NA,v22_topology_discriminator_hard_gate,0.0012±0.0000,NA,effective_mask_rate_last=0.00761; gate_nonzero_update_rate=1.00000; gate_updates=80; d_real_accuracy_last=0.45885; d_gate_fake_accuracy_last=0.60372; d_scmae_fake_accuracy_last=0.81495,paired_delta_not_available,NA,NA,NA,NA,NA,v22_topology_discriminator_hard_gate,0.0012±0.0000,NA,effective_mask_rate_last=0.00761; gate_nonzero_update_rate=1.00000; gate_updates=80; d_real_accuracy_last=0.45885; d_gate_fake_accuracy_last=0.60372; d_scmae_fake_accuracy_last=0.81495,paired_delta_not_available
V22,V22/hard_gate_resource_recovery,real-sim,real_sim__libsvm_sparse_highdim,shared_text,clean embedding KMeans,completed,single-seed full-component audit,NA,NA,NA,NA,NA,NA,NA,NA,NA,NA,NA,NA,NA,NA,NA,NA,NA,NA,NA,NA,NA,NA,NA,NA,NA,v22_topology_discriminator_hard_gate,-0.0042±0.0000,NA,effective_mask_rate_last=0.00557; gate_nonzero_update_rate=1.00000; gate_updates=1440; d_real_accuracy_last=0.67258; d_gate_fake_accuracy_last=0.64163; d_scmae_fake_accuracy_last=0.81708,paired_delta_not_available,NA,NA,NA,NA,NA,v22_topology_discriminator_hard_gate,-0.0042±0.0000,NA,effective_mask_rate_last=0.00557; gate_nonzero_update_rate=1.00000; gate_updates=1440; d_real_accuracy_last=0.67258; d_gate_fake_accuracy_last=0.64163; d_scmae_fake_accuracy_last=0.81708,paired_delta_not_available
V22,V22/hard_gate_resource_recovery,sector,sector__libsvm_sparse_highdim,shared_text,clean embedding KMeans,completed,single-seed full-component audit,NA,NA,NA,NA,NA,NA,NA,NA,NA,NA,NA,NA,NA,NA,NA,NA,NA,NA,NA,NA,NA,NA,NA,NA,NA,v22_topology_discriminator_hard_gate,0.0372±0.0000,NA,effective_mask_rate_last=0.00640; gate_nonzero_update_rate=1.00000; gate_updates=160; d_real_accuracy_last=0.52938; d_gate_fake_accuracy_last=0.62072; d_scmae_fake_accuracy_last=0.77715,paired_delta_not_available,NA,NA,NA,NA,NA,v22_topology_discriminator_hard_gate,0.0372±0.0000,NA,effective_mask_rate_last=0.00640; gate_nonzero_update_rate=1.00000; gate_updates=160; d_real_accuracy_last=0.52938; d_gate_fake_accuracy_last=0.62072; d_scmae_fake_accuracy_last=0.77715,paired_delta_not_available
V22,V22/hard_gate_resource_recovery,sentiment_labeld_sentences,sentiment_labeld_sentences__shared_text,shared_text,clean embedding KMeans,completed,single-seed full-component audit,NA,NA,NA,NA,NA,NA,NA,NA,NA,NA,NA,NA,NA,NA,NA,NA,NA,NA,NA,NA,NA,NA,NA,NA,NA,v22_topology_discriminator_hard_gate,0.0026±0.0000,NA,effective_mask_rate_last=0.00117; gate_nonzero_update_rate=1.00000; gate_updates=80; d_real_accuracy_last=0.46822; d_gate_fake_accuracy_last=0.70388; d_scmae_fake_accuracy_last=0.59274,paired_delta_not_available,NA,NA,NA,NA,NA,v22_topology_discriminator_hard_gate,0.0026±0.0000,NA,effective_mask_rate_last=0.00117; gate_nonzero_update_rate=1.00000; gate_updates=80; d_real_accuracy_last=0.46822; d_gate_fake_accuracy_last=0.70388; d_scmae_fake_accuracy_last=0.59274,paired_delta_not_available
V22,V22/hard_gate_resource_recovery,sms_spam_collection,sms_spam_collection__shared_text,shared_text,clean embedding KMeans,completed,single-seed full-component audit,NA,NA,NA,NA,NA,NA,NA,NA,NA,NA,NA,NA,NA,NA,NA,NA,NA,NA,NA,NA,NA,NA,NA,NA,NA,v22_topology_discriminator_hard_gate,-0.0401±0.0000,NA,effective_mask_rate_last=0.00058; gate_nonzero_update_rate=1.00000; gate_updates=80; d_real_accuracy_last=0.49174; d_gate_fake_accuracy_last=0.56612; d_scmae_fake_accuracy_last=0.59965,paired_delta_not_available,NA,NA,NA,NA,NA,v22_topology_discriminator_hard_gate,-0.0401±0.0000,NA,effective_mask_rate_last=0.00058; gate_nonzero_update_rate=1.00000; gate_updates=80; d_real_accuracy_last=0.49174; d_gate_fake_accuracy_last=0.56612; d_scmae_fake_accuracy_last=0.59965,paired_delta_not_available
