path,size_bytes
/data/luolie/ToPoGate/result/topogate_baseline_transductive_default_20260911_024913/FINAL_REPORT.md,691
/data/luolie/ToPoGate/result/topogate_baseline_transductive_default_20260911_024913/compute_costs.csv,199
/data/luolie/ToPoGate/result/topogate_baseline_transductive_default_20260911_024913/dataset_manifest.csv,39905
/data/luolie/ToPoGate/result/topogate_baseline_transductive_default_20260911_024913/default_three_seed_wide.csv,82294
/data/luolie/ToPoGate/result/topogate_baseline_transductive_default_20260911_024913/failures.csv,497
/data/luolie/ToPoGate/result/topogate_baseline_transductive_default_20260911_024913/job_plan.csv,215742
/data/luolie/ToPoGate/result/topogate_baseline_transductive_default_20260911_024913/manifest.json,165
/data/luolie/ToPoGate/result/topogate_baseline_transductive_default_20260911_024913/metrics_per_seed.csv,347192
/data/luolie/ToPoGate/result/topogate_baseline_transductive_default_20260911_024913/model_registry.json,296
/data/luolie/ToPoGate/result/topogate_baseline_transductive_default_20260911_024913/protocol.json,383
/data/luolie/ToPoGate/result/topogate_baseline_transductive_default_20260911_024913/reuse_audit.csv,76242
/data/luolie/ToPoGate/result/topogate_baseline_transductive_default_20260911_024913/run.log,159
/data/luolie/ToPoGate/result/topogate_baseline_transductive_default_20260911_024913/run_ledger.csv,347192
/data/luolie/ToPoGate/result/topogate_baseline_transductive_default_20260911_024913/runs/KMeans/20newsgroups/seed123/predictions.npy,40092
/data/luolie/ToPoGate/result/topogate_baseline_transductive_default_20260911_024913/runs/KMeans/20newsgroups/seed123/run.json,804
/data/luolie/ToPoGate/result/topogate_baseline_transductive_default_20260911_024913/runs/KMeans/20newsgroups/seed42/predictions.npy,40092
/data/luolie/ToPoGate/result/topogate_baseline_transductive_default_20260911_024913/runs/KMeans/20newsgroups/seed42/run.json,804
/data/luolie/ToPoGate/result/topogate_baseline_transductive_default_20260911_024913/runs/KMeans/20newsgroups/seed7/predictions.npy,40092
/data/luolie/ToPoGate/result/topogate_baseline_transductive_default_20260911_024913/runs/KMeans/20newsgroups/seed7/run.json,799
/data/luolie/ToPoGate/result/topogate_baseline_transductive_default_20260911_024913/runs/KMeans/Baron_Human/seed123/predictions.npy,33932
/data/luolie/ToPoGate/result/topogate_baseline_transductive_default_20260911_024913/runs/KMeans/Baron_Human/seed123/run.json,800
/data/luolie/ToPoGate/result/topogate_baseline_transductive_default_20260911_024913/runs/KMeans/Baron_Human/seed42/predictions.npy,33932
/data/luolie/ToPoGate/result/topogate_baseline_transductive_default_20260911_024913/runs/KMeans/Baron_Human/seed42/run.json,797
/data/luolie/ToPoGate/result/topogate_baseline_transductive_default_20260911_024913/runs/KMeans/Baron_Human/seed7/predictions.npy,33932
/data/luolie/ToPoGate/result/topogate_baseline_transductive_default_20260911_024913/runs/KMeans/Baron_Human/seed7/run.json,797
/data/luolie/ToPoGate/result/topogate_baseline_transductive_default_20260911_024913/runs/KMeans/CIFAR10_CLIP/seed123/predictions.npy,40128
/data/luolie/ToPoGate/result/topogate_baseline_transductive_default_20260911_024913/runs/KMeans/CIFAR10_CLIP/seed123/run.json,789
/data/luolie/ToPoGate/result/topogate_baseline_transductive_default_20260911_024913/runs/KMeans/CIFAR10_CLIP/seed42/predictions.npy,40128
/data/luolie/ToPoGate/result/topogate_baseline_transductive_default_20260911_024913/runs/KMeans/CIFAR10_CLIP/seed42/run.json,787
/data/luolie/ToPoGate/result/topogate_baseline_transductive_default_20260911_024913/runs/KMeans/CIFAR10_CLIP/seed7/predictions.npy,40128
/data/luolie/ToPoGate/result/topogate_baseline_transductive_default_20260911_024913/runs/KMeans/CIFAR10_CLIP/seed7/run.json,784
/data/luolie/ToPoGate/result/topogate_baseline_transductive_default_20260911_024913/runs/KMeans/COIL20_CLIP/seed123/predictions.npy,5888
/data/luolie/ToPoGate/result/topogate_baseline_transductive_default_20260911_024913/runs/KMeans/COIL20_CLIP/seed123/run.json,797
/data/luolie/ToPoGate/result/topogate_baseline_transductive_default_20260911_024913/runs/KMeans/COIL20_CLIP/seed42/predictions.npy,5888
/data/luolie/ToPoGate/result/topogate_baseline_transductive_default_20260911_024913/runs/KMeans/COIL20_CLIP/seed42/run.json,796
/data/luolie/ToPoGate/result/topogate_baseline_transductive_default_20260911_024913/runs/KMeans/COIL20_CLIP/seed7/predictions.npy,5888
/data/luolie/ToPoGate/result/topogate_baseline_transductive_default_20260911_024913/runs/KMeans/COIL20_CLIP/seed7/run.json,793
/data/luolie/ToPoGate/result/topogate_baseline_transductive_default_20260911_024913/runs/KMeans/Campbell/seed123/predictions.npy,40100
/data/luolie/ToPoGate/result/topogate_baseline_transductive_default_20260911_024913/runs/KMeans/Campbell/seed123/run.json,799
/data/luolie/ToPoGate/result/topogate_baseline_transductive_default_20260911_024913/runs/KMeans/Campbell/seed42/predictions.npy,40100
/data/luolie/ToPoGate/result/topogate_baseline_transductive_default_20260911_024913/runs/KMeans/Campbell/seed42/run.json,794
/data/luolie/ToPoGate/result/topogate_baseline_transductive_default_20260911_024913/runs/KMeans/Campbell/seed7/predictions.npy,40100
/data/luolie/ToPoGate/result/topogate_baseline_transductive_default_20260911_024913/runs/KMeans/Campbell/seed7/run.json,794
/data/luolie/ToPoGate/result/topogate_baseline_transductive_default_20260911_024913/runs/KMeans/Drug_Consumption/seed123/predictions.npy,7124
/data/luolie/ToPoGate/result/topogate_baseline_transductive_default_20260911_024913/runs/KMeans/Drug_Consumption/seed123/run.json,814
/data/luolie/ToPoGate/result/topogate_baseline_transductive_default_20260911_024913/runs/KMeans/Drug_Consumption/seed42/predictions.npy,7124
/data/luolie/ToPoGate/result/topogate_baseline_transductive_default_20260911_024913/runs/KMeans/Drug_Consumption/seed42/run.json,813
/data/luolie/ToPoGate/result/topogate_baseline_transductive_default_20260911_024913/runs/KMeans/Drug_Consumption/seed7/predictions.npy,7124
/data/luolie/ToPoGate/result/topogate_baseline_transductive_default_20260911_024913/runs/KMeans/Drug_Consumption/seed7/run.json,809
/data/luolie/ToPoGate/result/topogate_baseline_transductive_default_20260911_024913/runs/KMeans/FashionMNIST_CLIP/seed123/predictions.npy,40128
/data/luolie/ToPoGate/result/topogate_baseline_transductive_default_20260911_024913/runs/KMeans/FashionMNIST_CLIP/seed123/run.json,799
/data/luolie/ToPoGate/result/topogate_baseline_transductive_default_20260911_024913/runs/KMeans/FashionMNIST_CLIP/seed42/predictions.npy,40128
/data/luolie/ToPoGate/result/topogate_baseline_transductive_default_20260911_024913/runs/KMeans/FashionMNIST_CLIP/seed42/run.json,798
/data/luolie/ToPoGate/result/topogate_baseline_transductive_default_20260911_024913/runs/KMeans/FashionMNIST_CLIP/seed7/predictions.npy,40128
/data/luolie/ToPoGate/result/topogate_baseline_transductive_default_20260911_024913/runs/KMeans/FashionMNIST_CLIP/seed7/run.json,796
/data/luolie/ToPoGate/result/topogate_baseline_transductive_default_20260911_024913/runs/KMeans/ISOLET/seed123/predictions.npy,31316
/data/luolie/ToPoGate/result/topogate_baseline_transductive_default_20260911_024913/runs/KMeans/ISOLET/seed123/run.json,788
/data/luolie/ToPoGate/result/topogate_baseline_transductive_default_20260911_024913/runs/KMeans/ISOLET/seed42/predictions.npy,31316
/data/luolie/ToPoGate/result/topogate_baseline_transductive_default_20260911_024913/runs/KMeans/ISOLET/seed42/run.json,788
/data/luolie/ToPoGate/result/topogate_baseline_transductive_default_20260911_024913/runs/KMeans/ISOLET/seed7/predictions.npy,31316
/data/luolie/ToPoGate/result/topogate_baseline_transductive_default_20260911_024913/runs/KMeans/ISOLET/seed7/run.json,783
/data/luolie/ToPoGate/result/topogate_baseline_transductive_default_20260911_024913/runs/KMeans/Indian_pines/seed123/predictions.npy,35560
/data/luolie/ToPoGate/result/topogate_baseline_transductive_default_20260911_024913/runs/KMeans/Indian_pines/seed123/run.json,802
/data/luolie/ToPoGate/result/topogate_baseline_transductive_default_20260911_024913/runs/KMeans/Indian_pines/seed42/predictions.npy,35560
/data/luolie/ToPoGate/result/topogate_baseline_transductive_default_20260911_024913/runs/KMeans/Indian_pines/seed42/run.json,801
/data/luolie/ToPoGate/result/topogate_baseline_transductive_default_20260911_024913/runs/KMeans/Indian_pines/seed7/predictions.npy,35560
/data/luolie/ToPoGate/result/topogate_baseline_transductive_default_20260911_024913/runs/KMeans/Indian_pines/seed7/run.json,798
/data/luolie/ToPoGate/result/topogate_baseline_transductive_default_20260911_024913/runs/KMeans/JapaneseVowels/seed123/predictions.npy,39972
/data/luolie/ToPoGate/result/topogate_baseline_transductive_default_20260911_024913/runs/KMeans/JapaneseVowels/seed123/run.json,806
/data/luolie/ToPoGate/result/topogate_baseline_transductive_default_20260911_024913/runs/KMeans/JapaneseVowels/seed42/predictions.npy,39972
/data/luolie/ToPoGate/result/topogate_baseline_transductive_default_20260911_024913/runs/KMeans/JapaneseVowels/seed42/run.json,807
/data/luolie/ToPoGate/result/topogate_baseline_transductive_default_20260911_024913/runs/KMeans/JapaneseVowels/seed7/predictions.npy,39972
/data/luolie/ToPoGate/result/topogate_baseline_transductive_default_20260911_024913/runs/KMeans/JapaneseVowels/seed7/run.json,802
/data/luolie/ToPoGate/result/topogate_baseline_transductive_default_20260911_024913/runs/KMeans/MNIST_CLIP/seed123/predictions.npy,40112
/data/luolie/ToPoGate/result/topogate_baseline_transductive_default_20260911_024913/runs/KMeans/MNIST_CLIP/seed123/run.json,798
/data/luolie/ToPoGate/result/topogate_baseline_transductive_default_20260911_024913/runs/KMeans/MNIST_CLIP/seed42/predictions.npy,40112
/data/luolie/ToPoGate/result/topogate_baseline_transductive_default_20260911_024913/runs/KMeans/MNIST_CLIP/seed42/run.json,796
/data/luolie/ToPoGate/result/topogate_baseline_transductive_default_20260911_024913/runs/KMeans/MNIST_CLIP/seed7/predictions.npy,40112
/data/luolie/ToPoGate/result/topogate_baseline_transductive_default_20260911_024913/runs/KMeans/MNIST_CLIP/seed7/run.json,790
/data/luolie/ToPoGate/result/topogate_baseline_transductive_default_20260911_024913/runs/KMeans/Mouse_retina/seed123/predictions.npy,33536
/data/luolie/ToPoGate/result/topogate_baseline_transductive_default_20260911_024913/runs/KMeans/Mouse_retina/seed123/run.json,802
/data/luolie/ToPoGate/result/topogate_baseline_transductive_default_20260911_024913/runs/KMeans/Mouse_retina/seed42/predictions.npy,33536
/data/luolie/ToPoGate/result/topogate_baseline_transductive_default_20260911_024913/runs/KMeans/Mouse_retina/seed42/run.json,798
/data/luolie/ToPoGate/result/topogate_baseline_transductive_default_20260911_024913/runs/KMeans/Mouse_retina/seed7/predictions.npy,33536
/data/luolie/ToPoGate/result/topogate_baseline_transductive_default_20260911_024913/runs/KMeans/Mouse_retina/seed7/run.json,798
/data/luolie/ToPoGate/result/topogate_baseline_transductive_default_20260911_024913/runs/KMeans/PCam/seed123/predictions.npy,16128
/data/luolie/ToPoGate/result/topogate_baseline_transductive_default_20260911_024913/runs/KMeans/PCam/seed123/run.json,778
/data/luolie/ToPoGate/result/topogate_baseline_transductive_default_20260911_024913/runs/KMeans/PCam/seed42/predictions.npy,16128
/data/luolie/ToPoGate/result/topogate_baseline_transductive_default_20260911_024913/runs/KMeans/PCam/seed42/run.json,776
/data/luolie/ToPoGate/result/topogate_baseline_transductive_default_20260911_024913/runs/KMeans/PCam/seed7/predictions.npy,16128
/data/luolie/ToPoGate/result/topogate_baseline_transductive_default_20260911_024913/runs/KMeans/PCam/seed7/run.json,775
/data/luolie/ToPoGate/result/topogate_baseline_transductive_default_20260911_024913/runs/KMeans/Waveform/seed123/predictions.npy,20128
/data/luolie/ToPoGate/result/topogate_baseline_transductive_default_20260911_024913/runs/KMeans/Waveform/seed123/run.json,780
/data/luolie/ToPoGate/result/topogate_baseline_transductive_default_20260911_024913/runs/KMeans/Waveform/seed42/predictions.npy,20128
/data/luolie/ToPoGate/result/topogate_baseline_transductive_default_20260911_024913/runs/KMeans/Waveform/seed42/run.json,781
/data/luolie/ToPoGate/result/topogate_baseline_transductive_default_20260911_024913/runs/KMeans/Waveform/seed7/predictions.npy,20128
/data/luolie/ToPoGate/result/topogate_baseline_transductive_default_20260911_024913/runs/KMeans/Waveform/seed7/run.json,778
/data/luolie/ToPoGate/result/topogate_baseline_transductive_default_20260911_024913/runs/KMeans/banknote_authentication/seed123/predictions.npy,5616
/data/luolie/ToPoGate/result/topogate_baseline_transductive_default_20260911_024913/runs/KMeans/banknote_authentication/seed123/run.json,826
/data/luolie/ToPoGate/result/topogate_baseline_transductive_default_20260911_024913/runs/KMeans/banknote_authentication/seed42/predictions.npy,5616
/data/luolie/ToPoGate/result/topogate_baseline_transductive_default_20260911_024913/runs/KMeans/banknote_authentication/seed42/run.json,824
/data/luolie/ToPoGate/result/topogate_baseline_transductive_default_20260911_024913/runs/KMeans/banknote_authentication/seed7/predictions.npy,5616
/data/luolie/ToPoGate/result/topogate_baseline_transductive_default_20260911_024913/runs/KMeans/banknote_authentication/seed7/run.json,822
/data/luolie/ToPoGate/result/topogate_baseline_transductive_default_20260911_024913/runs/KMeans/birds_bones_and_living_habits/seed123/predictions.npy,1780
/data/luolie/ToPoGate/result/topogate_baseline_transductive_default_20260911_024913/runs/KMeans/birds_bones_and_living_habits/seed123/run.json,835
/data/luolie/ToPoGate/result/topogate_baseline_transductive_default_20260911_024913/runs/KMeans/birds_bones_and_living_habits/seed42/predictions.npy,1780
/data/luolie/ToPoGate/result/topogate_baseline_transductive_default_20260911_024913/runs/KMeans/birds_bones_and_living_habits/seed42/run.json,835
/data/luolie/ToPoGate/result/topogate_baseline_transductive_default_20260911_024913/runs/KMeans/birds_bones_and_living_habits/seed7/predictions.npy,1780
/data/luolie/ToPoGate/result/topogate_baseline_transductive_default_20260911_024913/runs/KMeans/birds_bones_and_living_habits/seed7/run.json,832
/data/luolie/ToPoGate/result/topogate_baseline_transductive_default_20260911_024913/runs/KMeans/blood_transfusion_service_center/seed123/predictions.npy,3120
/data/luolie/ToPoGate/result/topogate_baseline_transductive_default_20260911_024913/runs/KMeans/blood_transfusion_service_center/seed123/run.json,843
/data/luolie/ToPoGate/result/topogate_baseline_transductive_default_20260911_024913/runs/KMeans/blood_transfusion_service_center/seed42/predictions.npy,3120
/data/luolie/ToPoGate/result/topogate_baseline_transductive_default_20260911_024913/runs/KMeans/blood_transfusion_service_center/seed42/run.json,841
/data/luolie/ToPoGate/result/topogate_baseline_transductive_default_20260911_024913/runs/KMeans/blood_transfusion_service_center/seed7/predictions.npy,3120
/data/luolie/ToPoGate/result/topogate_baseline_transductive_default_20260911_024913/runs/KMeans/blood_transfusion_service_center/seed7/run.json,839
/data/luolie/ToPoGate/result/topogate_baseline_transductive_default_20260911_024913/runs/KMeans/boston/seed123/predictions.npy,744
/data/luolie/ToPoGate/result/topogate_baseline_transductive_default_20260911_024913/runs/KMeans/boston/seed123/run.json,790
/data/luolie/ToPoGate/result/topogate_baseline_transductive_default_20260911_024913/runs/KMeans/boston/seed42/predictions.npy,744
/data/luolie/ToPoGate/result/topogate_baseline_transductive_default_20260911_024913/runs/KMeans/boston/seed42/run.json,789
/data/luolie/ToPoGate/result/topogate_baseline_transductive_default_20260911_024913/runs/KMeans/boston/seed7/predictions.npy,744
/data/luolie/ToPoGate/result/topogate_baseline_transductive_default_20260911_024913/runs/KMeans/boston/seed7/run.json,786
/data/luolie/ToPoGate/result/topogate_baseline_transductive_default_20260911_024913/runs/KMeans/breast_cancer_coimbra/seed123/predictions.npy,592
/data/luolie/ToPoGate/result/topogate_baseline_transductive_default_20260911_024913/runs/KMeans/breast_cancer_coimbra/seed123/run.json,824
/data/luolie/ToPoGate/result/topogate_baseline_transductive_default_20260911_024913/runs/KMeans/breast_cancer_coimbra/seed42/predictions.npy,592
/data/luolie/ToPoGate/result/topogate_baseline_transductive_default_20260911_024913/runs/KMeans/breast_cancer_coimbra/seed42/run.json,823
/data/luolie/ToPoGate/result/topogate_baseline_transductive_default_20260911_024913/runs/KMeans/breast_cancer_coimbra/seed7/predictions.npy,592
/data/luolie/ToPoGate/result/topogate_baseline_transductive_default_20260911_024913/runs/KMeans/breast_cancer_coimbra/seed7/run.json,820
/data/luolie/ToPoGate/result/topogate_baseline_transductive_default_20260911_024913/runs/KMeans/breast_cancer_wisconsin_original/seed123/predictions.npy,2860
/data/luolie/ToPoGate/result/topogate_baseline_transductive_default_20260911_024913/runs/KMeans/breast_cancer_wisconsin_original/seed123/run.json,840
/data/luolie/ToPoGate/result/topogate_baseline_transductive_default_20260911_024913/runs/KMeans/breast_cancer_wisconsin_original/seed42/predictions.npy,2860
/data/luolie/ToPoGate/result/topogate_baseline_transductive_default_20260911_024913/runs/KMeans/breast_cancer_wisconsin_original/seed42/run.json,838
/data/luolie/ToPoGate/result/topogate_baseline_transductive_default_20260911_024913/runs/KMeans/breast_cancer_wisconsin_original/seed7/predictions.npy,2860
/data/luolie/ToPoGate/result/topogate_baseline_transductive_default_20260911_024913/runs/KMeans/breast_cancer_wisconsin_original/seed7/run.json,836
/data/luolie/ToPoGate/result/topogate_baseline_transductive_default_20260911_024913/runs/KMeans/breast_cancer_wisconsin_prognostic/seed123/predictions.npy,2404
/data/luolie/ToPoGate/result/topogate_baseline_transductive_default_20260911_024913/runs/KMeans/breast_cancer_wisconsin_prognostic/seed123/run.json,843
/data/luolie/ToPoGate/result/topogate_baseline_transductive_default_20260911_024913/runs/KMeans/breast_cancer_wisconsin_prognostic/seed42/predictions.npy,2404
/data/luolie/ToPoGate/result/topogate_baseline_transductive_default_20260911_024913/runs/KMeans/breast_cancer_wisconsin_prognostic/seed42/run.json,841
/data/luolie/ToPoGate/result/topogate_baseline_transductive_default_20260911_024913/runs/KMeans/breast_cancer_wisconsin_prognostic/seed7/predictions.npy,2404
/data/luolie/ToPoGate/result/topogate_baseline_transductive_default_20260911_024913/runs/KMeans/breast_cancer_wisconsin_prognostic/seed7/run.json,839
/data/luolie/ToPoGate/result/topogate_baseline_transductive_default_20260911_024913/runs/KMeans/breast_tissue/seed123/predictions.npy,552
/data/luolie/ToPoGate/result/topogate_baseline_transductive_default_20260911_024913/runs/KMeans/breast_tissue/seed123/run.json,802
/data/luolie/ToPoGate/result/topogate_baseline_transductive_default_20260911_024913/runs/KMeans/breast_tissue/seed42/predictions.npy,552
/data/luolie/ToPoGate/result/topogate_baseline_transductive_default_20260911_024913/runs/KMeans/breast_tissue/seed42/run.json,800
/data/luolie/ToPoGate/result/topogate_baseline_transductive_default_20260911_024913/runs/KMeans/breast_tissue/seed7/predictions.npy,552
/data/luolie/ToPoGate/result/topogate_baseline_transductive_default_20260911_024913/runs/KMeans/breast_tissue/seed7/run.json,799
/data/luolie/ToPoGate/result/topogate_baseline_transductive_default_20260911_024913/runs/KMeans/cardiovascular_study/seed123/predictions.npy,11836
/data/luolie/ToPoGate/result/topogate_baseline_transductive_default_20260911_024913/runs/KMeans/cardiovascular_study/seed123/run.json,821
/data/luolie/ToPoGate/result/topogate_baseline_transductive_default_20260911_024913/runs/KMeans/cardiovascular_study/seed42/predictions.npy,11836
/data/luolie/ToPoGate/result/topogate_baseline_transductive_default_20260911_024913/runs/KMeans/cardiovascular_study/seed42/run.json,818
/data/luolie/ToPoGate/result/topogate_baseline_transductive_default_20260911_024913/runs/KMeans/cardiovascular_study/seed7/predictions.npy,11836
/data/luolie/ToPoGate/result/topogate_baseline_transductive_default_20260911_024913/runs/KMeans/cardiovascular_study/seed7/run.json,816
/data/luolie/ToPoGate/result/topogate_baseline_transductive_default_20260911_024913/runs/KMeans/cifar10/seed123/predictions.npy,13128
/data/luolie/ToPoGate/result/topogate_baseline_transductive_default_20260911_024913/runs/KMeans/cifar10/seed123/run.json,796
/data/luolie/ToPoGate/result/topogate_baseline_transductive_default_20260911_024913/runs/KMeans/cifar10/seed42/predictions.npy,13128
/data/luolie/ToPoGate/result/topogate_baseline_transductive_default_20260911_024913/runs/KMeans/cifar10/seed42/run.json,793
/data/luolie/ToPoGate/result/topogate_baseline_transductive_default_20260911_024913/runs/KMeans/cifar10/seed7/predictions.npy,13128
/data/luolie/ToPoGate/result/topogate_baseline_transductive_default_20260911_024913/runs/KMeans/cifar10/seed7/run.json,790
/data/luolie/ToPoGate/result/topogate_baseline_transductive_default_20260911_024913/runs/KMeans/classification_in_asteroseismology/seed123/predictions.npy,4132
/data/luolie/ToPoGate/result/topogate_baseline_transductive_default_20260911_024913/runs/KMeans/classification_in_asteroseismology/seed123/run.json,845
/data/luolie/ToPoGate/result/topogate_baseline_transductive_default_20260911_024913/runs/KMeans/classification_in_asteroseismology/seed42/predictions.npy,4132
/data/luolie/ToPoGate/result/topogate_baseline_transductive_default_20260911_024913/runs/KMeans/classification_in_asteroseismology/seed42/run.json,842
/data/luolie/ToPoGate/result/topogate_baseline_transductive_default_20260911_024913/runs/KMeans/classification_in_asteroseismology/seed7/predictions.npy,4132
/data/luolie/ToPoGate/result/topogate_baseline_transductive_default_20260911_024913/runs/KMeans/classification_in_asteroseismology/seed7/run.json,840
/data/luolie/ToPoGate/result/topogate_baseline_transductive_default_20260911_024913/runs/KMeans/cnae9/seed123/predictions.npy,4448
/data/luolie/ToPoGate/result/topogate_baseline_transductive_default_20260911_024913/runs/KMeans/cnae9/seed123/run.json,795
/data/luolie/ToPoGate/result/topogate_baseline_transductive_default_20260911_024913/runs/KMeans/cnae9/seed42/predictions.npy,4448
/data/luolie/ToPoGate/result/topogate_baseline_transductive_default_20260911_024913/runs/KMeans/cnae9/seed42/run.json,791
/data/luolie/ToPoGate/result/topogate_baseline_transductive_default_20260911_024913/runs/KMeans/cnae9/seed7/predictions.npy,4448
/data/luolie/ToPoGate/result/topogate_baseline_transductive_default_20260911_024913/runs/KMeans/cnae9/seed7/run.json,788
/data/luolie/ToPoGate/result/topogate_baseline_transductive_default_20260911_024913/runs/KMeans/coil20/seed123/predictions.npy,5888
/data/luolie/ToPoGate/result/topogate_baseline_transductive_default_20260911_024913/runs/KMeans/coil20/seed123/run.json,789
/data/luolie/ToPoGate/result/topogate_baseline_transductive_default_20260911_024913/runs/KMeans/coil20/seed42/predictions.npy,5888
/data/luolie/ToPoGate/result/topogate_baseline_transductive_default_20260911_024913/runs/KMeans/coil20/seed42/run.json,787
/data/luolie/ToPoGate/result/topogate_baseline_transductive_default_20260911_024913/runs/KMeans/coil20/seed7/predictions.npy,5888
/data/luolie/ToPoGate/result/topogate_baseline_transductive_default_20260911_024913/runs/KMeans/coil20/seed7/run.json,785
/data/luolie/ToPoGate/result/topogate_baseline_transductive_default_20260911_024913/runs/KMeans/credit_risk_classification/seed123/predictions.npy,4032
/data/luolie/ToPoGate/result/topogate_baseline_transductive_default_20260911_024913/runs/KMeans/credit_risk_classification/seed123/run.json,835
/data/luolie/ToPoGate/result/topogate_baseline_transductive_default_20260911_024913/runs/KMeans/credit_risk_classification/seed42/predictions.npy,4032
/data/luolie/ToPoGate/result/topogate_baseline_transductive_default_20260911_024913/runs/KMeans/credit_risk_classification/seed42/run.json,833
/data/luolie/ToPoGate/result/topogate_baseline_transductive_default_20260911_024913/runs/KMeans/credit_risk_classification/seed7/predictions.npy,4032
/data/luolie/ToPoGate/result/topogate_baseline_transductive_default_20260911_024913/runs/KMeans/credit_risk_classification/seed7/run.json,831
/data/luolie/ToPoGate/result/topogate_baseline_transductive_default_20260911_024913/runs/KMeans/crowdsourced_mapping/seed123/predictions.npy,40116
/data/luolie/ToPoGate/result/topogate_baseline_transductive_default_20260911_024913/runs/KMeans/crowdsourced_mapping/seed123/run.json,815
/data/luolie/ToPoGate/result/topogate_baseline_transductive_default_20260911_024913/runs/KMeans/crowdsourced_mapping/seed42/predictions.npy,40116
/data/luolie/ToPoGate/result/topogate_baseline_transductive_default_20260911_024913/runs/KMeans/crowdsourced_mapping/seed42/run.json,816
/data/luolie/ToPoGate/result/topogate_baseline_transductive_default_20260911_024913/runs/KMeans/crowdsourced_mapping/seed7/predictions.npy,40116
/data/luolie/ToPoGate/result/topogate_baseline_transductive_default_20260911_024913/runs/KMeans/crowdsourced_mapping/seed7/run.json,812
/data/luolie/ToPoGate/result/topogate_baseline_transductive_default_20260911_024913/runs/KMeans/customer_classification/seed123/predictions.npy,4128
/data/luolie/ToPoGate/result/topogate_baseline_transductive_default_20260911_024913/runs/KMeans/customer_classification/seed123/run.json,816
/data/luolie/ToPoGate/result/topogate_baseline_transductive_default_20260911_024913/runs/KMeans/customer_classification/seed42/predictions.npy,4128
/data/luolie/ToPoGate/result/topogate_baseline_transductive_default_20260911_024913/runs/KMeans/customer_classification/seed42/run.json,814
/data/luolie/ToPoGate/result/topogate_baseline_transductive_default_20260911_024913/runs/KMeans/customer_classification/seed7/predictions.npy,4128
/data/luolie/ToPoGate/result/topogate_baseline_transductive_default_20260911_024913/runs/KMeans/customer_classification/seed7/run.json,811
/data/luolie/ToPoGate/result/topogate_baseline_transductive_default_20260911_024913/runs/KMeans/date_fruit/seed123/predictions.npy,3720
/data/luolie/ToPoGate/result/topogate_baseline_transductive_default_20260911_024913/runs/KMeans/date_fruit/seed123/run.json,798
/data/luolie/ToPoGate/result/topogate_baseline_transductive_default_20260911_024913/runs/KMeans/date_fruit/seed42/predictions.npy,3720
/data/luolie/ToPoGate/result/topogate_baseline_transductive_default_20260911_024913/runs/KMeans/date_fruit/seed42/run.json,796
/data/luolie/ToPoGate/result/topogate_baseline_transductive_default_20260911_024913/runs/KMeans/date_fruit/seed7/predictions.npy,3720
/data/luolie/ToPoGate/result/topogate_baseline_transductive_default_20260911_024913/runs/KMeans/date_fruit/seed7/run.json,794
/data/luolie/ToPoGate/result/topogate_baseline_transductive_default_20260911_024913/runs/KMeans/dermatology/seed123/predictions.npy,1560
/data/luolie/ToPoGate/result/topogate_baseline_transductive_default_20260911_024913/runs/KMeans/dermatology/seed123/run.json,800
/data/luolie/ToPoGate/result/topogate_baseline_transductive_default_20260911_024913/runs/KMeans/dermatology/seed42/predictions.npy,1560
/data/luolie/ToPoGate/result/topogate_baseline_transductive_default_20260911_024913/runs/KMeans/dermatology/seed42/run.json,798
/data/luolie/ToPoGate/result/topogate_baseline_transductive_default_20260911_024913/runs/KMeans/dermatology/seed7/predictions.npy,1560
/data/luolie/ToPoGate/result/topogate_baseline_transductive_default_20260911_024913/runs/KMeans/dermatology/seed7/run.json,796
/data/luolie/ToPoGate/result/topogate_baseline_transductive_default_20260911_024913/runs/KMeans/diabetic_retinopathy_debrecen/seed123/predictions.npy,4732
/data/luolie/ToPoGate/result/topogate_baseline_transductive_default_20260911_024913/runs/KMeans/diabetic_retinopathy_debrecen/seed123/run.json,838
/data/luolie/ToPoGate/result/topogate_baseline_transductive_default_20260911_024913/runs/KMeans/diabetic_retinopathy_debrecen/seed42/predictions.npy,4732
/data/luolie/ToPoGate/result/topogate_baseline_transductive_default_20260911_024913/runs/KMeans/diabetic_retinopathy_debrecen/seed42/run.json,839
/data/luolie/ToPoGate/result/topogate_baseline_transductive_default_20260911_024913/runs/KMeans/diabetic_retinopathy_debrecen/seed7/predictions.npy,4732
/data/luolie/ToPoGate/result/topogate_baseline_transductive_default_20260911_024913/runs/KMeans/diabetic_retinopathy_debrecen/seed7/run.json,838
/data/luolie/ToPoGate/result/topogate_baseline_transductive_default_20260911_024913/runs/KMeans/dilbert/seed123/predictions.npy,40128
/data/luolie/ToPoGate/result/topogate_baseline_transductive_default_20260911_024913/runs/KMeans/dilbert/seed123/run.json,781
/data/luolie/ToPoGate/result/topogate_baseline_transductive_default_20260911_024913/runs/KMeans/dilbert/seed42/predictions.npy,40128
/data/luolie/ToPoGate/result/topogate_baseline_transductive_default_20260911_024913/runs/KMeans/dilbert/seed42/run.json,778
/data/luolie/ToPoGate/result/topogate_baseline_transductive_default_20260911_024913/runs/KMeans/dilbert/seed7/predictions.npy,40128
/data/luolie/ToPoGate/result/topogate_baseline_transductive_default_20260911_024913/runs/KMeans/dilbert/seed7/run.json,777
/data/luolie/ToPoGate/result/topogate_baseline_transductive_default_20260911_024913/runs/KMeans/dry_bean/seed123/predictions.npy,40116
/data/luolie/ToPoGate/result/topogate_baseline_transductive_default_20260911_024913/runs/KMeans/dry_bean/seed123/run.json,793
/data/luolie/ToPoGate/result/topogate_baseline_transductive_default_20260911_024913/runs/KMeans/dry_bean/seed42/predictions.npy,40116
/data/luolie/ToPoGate/result/topogate_baseline_transductive_default_20260911_024913/runs/KMeans/dry_bean/seed42/run.json,791
/data/luolie/ToPoGate/result/topogate_baseline_transductive_default_20260911_024913/runs/KMeans/dry_bean/seed7/predictions.npy,40116
/data/luolie/ToPoGate/result/topogate_baseline_transductive_default_20260911_024913/runs/KMeans/dry_bean/seed7/run.json,789
/data/luolie/ToPoGate/result/topogate_baseline_transductive_default_20260911_024913/runs/KMeans/durum_wheat_features/seed123/predictions.npy,36128
/data/luolie/ToPoGate/result/topogate_baseline_transductive_default_20260911_024913/runs/KMeans/durum_wheat_features/seed123/run.json,817
/data/luolie/ToPoGate/result/topogate_baseline_transductive_default_20260911_024913/runs/KMeans/durum_wheat_features/seed42/predictions.npy,36128
/data/luolie/ToPoGate/result/topogate_baseline_transductive_default_20260911_024913/runs/KMeans/durum_wheat_features/seed42/run.json,817
/data/luolie/ToPoGate/result/topogate_baseline_transductive_default_20260911_024913/runs/KMeans/durum_wheat_features/seed7/predictions.npy,36128
/data/luolie/ToPoGate/result/topogate_baseline_transductive_default_20260911_024913/runs/KMeans/durum_wheat_features/seed7/run.json,815
/data/luolie/ToPoGate/result/topogate_baseline_transductive_default_20260911_024913/runs/KMeans/echocardiogram/seed123/predictions.npy,372
/data/luolie/ToPoGate/result/topogate_baseline_transductive_default_20260911_024913/runs/KMeans/echocardiogram/seed123/run.json,806
/data/luolie/ToPoGate/result/topogate_baseline_transductive_default_20260911_024913/runs/KMeans/echocardiogram/seed42/predictions.npy,372
/data/luolie/ToPoGate/result/topogate_baseline_transductive_default_20260911_024913/runs/KMeans/echocardiogram/seed42/run.json,803
/data/luolie/ToPoGate/result/topogate_baseline_transductive_default_20260911_024913/runs/KMeans/echocardiogram/seed7/predictions.npy,372
/data/luolie/ToPoGate/result/topogate_baseline_transductive_default_20260911_024913/runs/KMeans/echocardiogram/seed7/run.json,801
/data/luolie/ToPoGate/result/topogate_baseline_transductive_default_20260911_024913/runs/KMeans/ecoli/seed123/predictions.npy,1436
/data/luolie/ToPoGate/result/topogate_baseline_transductive_default_20260911_024913/runs/KMeans/ecoli/seed123/run.json,788
/data/luolie/ToPoGate/result/topogate_baseline_transductive_default_20260911_024913/runs/KMeans/ecoli/seed42/predictions.npy,1436
/data/luolie/ToPoGate/result/topogate_baseline_transductive_default_20260911_024913/runs/KMeans/ecoli/seed42/run.json,783
/data/luolie/ToPoGate/result/topogate_baseline_transductive_default_20260911_024913/runs/KMeans/ecoli/seed7/predictions.npy,1436
/data/luolie/ToPoGate/result/topogate_baseline_transductive_default_20260911_024913/runs/KMeans/ecoli/seed7/run.json,783
/data/luolie/ToPoGate/result/topogate_baseline_transductive_default_20260911_024913/runs/KMeans/enron/seed123/predictions.npy,40124
/data/luolie/ToPoGate/result/topogate_baseline_transductive_default_20260911_024913/runs/KMeans/enron/seed123/run.json,785
/data/luolie/ToPoGate/result/topogate_baseline_transductive_default_20260911_024913/runs/KMeans/enron/seed42/predictions.npy,40124
/data/luolie/ToPoGate/result/topogate_baseline_transductive_default_20260911_024913/runs/KMeans/enron/seed42/run.json,785
/data/luolie/ToPoGate/result/topogate_baseline_transductive_default_20260911_024913/runs/KMeans/enron/seed7/predictions.npy,40124
/data/luolie/ToPoGate/result/topogate_baseline_transductive_default_20260911_024913/runs/KMeans/enron/seed7/run.json,783
/data/luolie/ToPoGate/result/topogate_baseline_transductive_default_20260911_024913/runs/KMeans/epileptic_seizure_recognition/seed123/predictions.npy,23128
/data/luolie/ToPoGate/result/topogate_baseline_transductive_default_20260911_024913/runs/KMeans/epileptic_seizure_recognition/seed123/run.json,838
/data/luolie/ToPoGate/result/topogate_baseline_transductive_default_20260911_024913/runs/KMeans/epileptic_seizure_recognition/seed42/predictions.npy,23128
/data/luolie/ToPoGate/result/topogate_baseline_transductive_default_20260911_024913/runs/KMeans/epileptic_seizure_recognition/seed42/run.json,837
/data/luolie/ToPoGate/result/topogate_baseline_transductive_default_20260911_024913/runs/KMeans/epileptic_seizure_recognition/seed7/predictions.npy,23128
/data/luolie/ToPoGate/result/topogate_baseline_transductive_default_20260911_024913/runs/KMeans/epileptic_seizure_recognition/seed7/run.json,836
/data/luolie/ToPoGate/result/topogate_baseline_transductive_default_20260911_024913/runs/KMeans/extyaleb/seed123/predictions.npy,1404
/data/luolie/ToPoGate/result/topogate_baseline_transductive_default_20260911_024913/runs/KMeans/extyaleb/seed123/run.json,794
/data/luolie/ToPoGate/result/topogate_baseline_transductive_default_20260911_024913/runs/KMeans/extyaleb/seed42/predictions.npy,1404
/data/luolie/ToPoGate/result/topogate_baseline_transductive_default_20260911_024913/runs/KMeans/extyaleb/seed42/run.json,793
/data/luolie/ToPoGate/result/topogate_baseline_transductive_default_20260911_024913/runs/KMeans/extyaleb/seed7/predictions.npy,1404
/data/luolie/ToPoGate/result/topogate_baseline_transductive_default_20260911_024913/runs/KMeans/extyaleb/seed7/run.json,792
/data/luolie/ToPoGate/result/topogate_baseline_transductive_default_20260911_024913/runs/KMeans/fabert/seed123/predictions.npy,33076
/data/luolie/ToPoGate/result/topogate_baseline_transductive_default_20260911_024913/runs/KMeans/fabert/seed123/run.json,796
/data/luolie/ToPoGate/result/topogate_baseline_transductive_default_20260911_024913/runs/KMeans/fabert/seed42/predictions.npy,33076
/data/luolie/ToPoGate/result/topogate_baseline_transductive_default_20260911_024913/runs/KMeans/fabert/seed42/run.json,791
/data/luolie/ToPoGate/result/topogate_baseline_transductive_default_20260911_024913/runs/KMeans/fabert/seed7/predictions.npy,33076
/data/luolie/ToPoGate/result/topogate_baseline_transductive_default_20260911_024913/runs/KMeans/fabert/seed7/run.json,787
/data/luolie/ToPoGate/result/topogate_baseline_transductive_default_20260911_024913/runs/KMeans/fashion_mnist/seed123/predictions.npy,12128
/data/luolie/ToPoGate/result/topogate_baseline_transductive_default_20260911_024913/runs/KMeans/fashion_mnist/seed123/run.json,805
/data/luolie/ToPoGate/result/topogate_baseline_transductive_default_20260911_024913/runs/KMeans/fashion_mnist/seed42/predictions.npy,12128
/data/luolie/ToPoGate/result/topogate_baseline_transductive_default_20260911_024913/runs/KMeans/fashion_mnist/seed42/run.json,803
/data/luolie/ToPoGate/result/topogate_baseline_transductive_default_20260911_024913/runs/KMeans/fashion_mnist/seed7/predictions.npy,12128
/data/luolie/ToPoGate/result/topogate_baseline_transductive_default_20260911_024913/runs/KMeans/fashion_mnist/seed7/run.json,801
/data/luolie/ToPoGate/result/topogate_baseline_transductive_default_20260911_024913/runs/KMeans/fbis.wc/seed123/predictions.npy,8912
/data/luolie/ToPoGate/result/topogate_baseline_transductive_default_20260911_024913/runs/KMeans/fbis.wc/seed123/run.json,798
/data/luolie/ToPoGate/result/topogate_baseline_transductive_default_20260911_024913/runs/KMeans/fbis.wc/seed42/predictions.npy,8912
/data/luolie/ToPoGate/result/topogate_baseline_transductive_default_20260911_024913/runs/KMeans/fbis.wc/seed42/run.json,796
/data/luolie/ToPoGate/result/topogate_baseline_transductive_default_20260911_024913/runs/KMeans/fbis.wc/seed7/predictions.npy,8912
/data/luolie/ToPoGate/result/topogate_baseline_transductive_default_20260911_024913/runs/KMeans/fbis.wc/seed7/run.json,794
/data/luolie/ToPoGate/result/topogate_baseline_transductive_default_20260911_024913/runs/KMeans/fetal_health_classification/seed123/predictions.npy,8632
/data/luolie/ToPoGate/result/topogate_baseline_transductive_default_20260911_024913/runs/KMeans/fetal_health_classification/seed123/run.json,833
/data/luolie/ToPoGate/result/topogate_baseline_transductive_default_20260911_024913/runs/KMeans/fetal_health_classification/seed42/predictions.npy,8632
/data/luolie/ToPoGate/result/topogate_baseline_transductive_default_20260911_024913/runs/KMeans/fetal_health_classification/seed42/run.json,830
/data/luolie/ToPoGate/result/topogate_baseline_transductive_default_20260911_024913/runs/KMeans/fetal_health_classification/seed7/predictions.npy,8632
/data/luolie/ToPoGate/result/topogate_baseline_transductive_default_20260911_024913/runs/KMeans/fetal_health_classification/seed7/run.json,823
/data/luolie/ToPoGate/result/topogate_baseline_transductive_default_20260911_024913/runs/KMeans/first-order-theorem-proving/seed123/predictions.npy,24600
/data/luolie/ToPoGate/result/topogate_baseline_transductive_default_20260911_024913/runs/KMeans/first-order-theorem-proving/seed123/run.json,834
/data/luolie/ToPoGate/result/topogate_baseline_transductive_default_20260911_024913/runs/KMeans/first-order-theorem-proving/seed42/predictions.npy,24600
/data/luolie/ToPoGate/result/topogate_baseline_transductive_default_20260911_024913/runs/KMeans/first-order-theorem-proving/seed42/run.json,833
/data/luolie/ToPoGate/result/topogate_baseline_transductive_default_20260911_024913/runs/KMeans/first-order-theorem-proving/seed7/predictions.npy,24600
/data/luolie/ToPoGate/result/topogate_baseline_transductive_default_20260911_024913/runs/KMeans/first-order-theorem-proving/seed7/run.json,831
/data/luolie/ToPoGate/result/topogate_baseline_transductive_default_20260911_024913/runs/KMeans/flickr_material_database/seed123/predictions.npy,4116
/data/luolie/ToPoGate/result/topogate_baseline_transductive_default_20260911_024913/runs/KMeans/flickr_material_database/seed123/run.json,828
/data/luolie/ToPoGate/result/topogate_baseline_transductive_default_20260911_024913/runs/KMeans/flickr_material_database/seed42/predictions.npy,4116
/data/luolie/ToPoGate/result/topogate_baseline_transductive_default_20260911_024913/runs/KMeans/flickr_material_database/seed42/run.json,826
/data/luolie/ToPoGate/result/topogate_baseline_transductive_default_20260911_024913/runs/KMeans/flickr_material_database/seed7/predictions.npy,4116
/data/luolie/ToPoGate/result/topogate_baseline_transductive_default_20260911_024913/runs/KMeans/flickr_material_database/seed7/run.json,825
/data/luolie/ToPoGate/result/topogate_baseline_transductive_default_20260911_024913/runs/KMeans/fraud_detection_bank/seed123/predictions.npy,40124
/data/luolie/ToPoGate/result/topogate_baseline_transductive_default_20260911_024913/runs/KMeans/fraud_detection_bank/seed123/run.json,826
/data/luolie/ToPoGate/result/topogate_baseline_transductive_default_20260911_024913/runs/KMeans/fraud_detection_bank/seed42/predictions.npy,40124
/data/luolie/ToPoGate/result/topogate_baseline_transductive_default_20260911_024913/runs/KMeans/fraud_detection_bank/seed42/run.json,824
/data/luolie/ToPoGate/result/topogate_baseline_transductive_default_20260911_024913/runs/KMeans/fraud_detection_bank/seed7/predictions.npy,40124
/data/luolie/ToPoGate/result/topogate_baseline_transductive_default_20260911_024913/runs/KMeans/fraud_detection_bank/seed7/run.json,822
/data/luolie/ToPoGate/result/topogate_baseline_transductive_default_20260911_024913/runs/KMeans/gas-drift/seed123/predictions.npy,40128
/data/luolie/ToPoGate/result/topogate_baseline_transductive_default_20260911_024913/runs/KMeans/gas-drift/seed123/run.json,788
/data/luolie/ToPoGate/result/topogate_baseline_transductive_default_20260911_024913/runs/KMeans/gas-drift/seed42/predictions.npy,40128
/data/luolie/ToPoGate/result/topogate_baseline_transductive_default_20260911_024913/runs/KMeans/gas-drift/seed42/run.json,783
/data/luolie/ToPoGate/result/topogate_baseline_transductive_default_20260911_024913/runs/KMeans/gas-drift/seed7/predictions.npy,40128
/data/luolie/ToPoGate/result/topogate_baseline_transductive_default_20260911_024913/runs/KMeans/gas-drift/seed7/run.json,784
/data/luolie/ToPoGate/result/topogate_baseline_transductive_default_20260911_024913/runs/KMeans/gina_prior2/seed123/predictions.npy,14000
/data/luolie/ToPoGate/result/topogate_baseline_transductive_default_20260911_024913/runs/KMeans/gina_prior2/seed123/run.json,798
/data/luolie/ToPoGate/result/topogate_baseline_transductive_default_20260911_024913/runs/KMeans/gina_prior2/seed42/predictions.npy,14000
/data/luolie/ToPoGate/result/topogate_baseline_transductive_default_20260911_024913/runs/KMeans/gina_prior2/seed42/run.json,799
/data/luolie/ToPoGate/result/topogate_baseline_transductive_default_20260911_024913/runs/KMeans/gina_prior2/seed7/predictions.npy,14000
/data/luolie/ToPoGate/result/topogate_baseline_transductive_default_20260911_024913/runs/KMeans/gina_prior2/seed7/run.json,796
/data/luolie/ToPoGate/result/topogate_baseline_transductive_default_20260911_024913/runs/KMeans/glass_identification/seed123/predictions.npy,984
/data/luolie/ToPoGate/result/topogate_baseline_transductive_default_20260911_024913/runs/KMeans/glass_identification/seed123/run.json,818
/data/luolie/ToPoGate/result/topogate_baseline_transductive_default_20260911_024913/runs/KMeans/glass_identification/seed42/predictions.npy,984
/data/luolie/ToPoGate/result/topogate_baseline_transductive_default_20260911_024913/runs/KMeans/glass_identification/seed42/run.json,816
/data/luolie/ToPoGate/result/topogate_baseline_transductive_default_20260911_024913/runs/KMeans/glass_identification/seed7/predictions.npy,984
/data/luolie/ToPoGate/result/topogate_baseline_transductive_default_20260911_024913/runs/KMeans/glass_identification/seed7/run.json,815
/data/luolie/ToPoGate/result/topogate_baseline_transductive_default_20260911_024913/runs/KMeans/har/seed123/predictions.npy,3068
/data/luolie/ToPoGate/result/topogate_baseline_transductive_default_20260911_024913/runs/KMeans/har/seed123/run.json,785
/data/luolie/ToPoGate/result/topogate_baseline_transductive_default_20260911_024913/runs/KMeans/har/seed42/predictions.npy,3068
/data/luolie/ToPoGate/result/topogate_baseline_transductive_default_20260911_024913/runs/KMeans/har/seed42/run.json,768
/data/luolie/ToPoGate/result/topogate_baseline_transductive_default_20260911_024913/runs/KMeans/har/seed7/predictions.npy,3068
/data/luolie/ToPoGate/result/topogate_baseline_transductive_default_20260911_024913/runs/KMeans/har/seed7/run.json,780
/data/luolie/ToPoGate/result/topogate_baseline_transductive_default_20260911_024913/runs/KMeans/harbermans_survival/seed123/predictions.npy,1352
/data/luolie/ToPoGate/result/topogate_baseline_transductive_default_20260911_024913/runs/KMeans/harbermans_survival/seed123/run.json,822
/data/luolie/ToPoGate/result/topogate_baseline_transductive_default_20260911_024913/runs/KMeans/harbermans_survival/seed42/predictions.npy,1352
/data/luolie/ToPoGate/result/topogate_baseline_transductive_default_20260911_024913/runs/KMeans/harbermans_survival/seed42/run.json,820
/data/luolie/ToPoGate/result/topogate_baseline_transductive_default_20260911_024913/runs/KMeans/harbermans_survival/seed7/predictions.npy,1352
/data/luolie/ToPoGate/result/topogate_baseline_transductive_default_20260911_024913/runs/KMeans/harbermans_survival/seed7/run.json,817
/data/luolie/ToPoGate/result/topogate_baseline_transductive_default_20260911_024913/runs/KMeans/hate_speech/seed123/predictions.npy,13012
/data/luolie/ToPoGate/result/topogate_baseline_transductive_default_20260911_024913/runs/KMeans/hate_speech/seed123/run.json,802
/data/luolie/ToPoGate/result/topogate_baseline_transductive_default_20260911_024913/runs/KMeans/hate_speech/seed42/predictions.npy,13012
/data/luolie/ToPoGate/result/topogate_baseline_transductive_default_20260911_024913/runs/KMeans/hate_speech/seed42/run.json,799
/data/luolie/ToPoGate/result/topogate_baseline_transductive_default_20260911_024913/runs/KMeans/hate_speech/seed7/predictions.npy,13012
/data/luolie/ToPoGate/result/topogate_baseline_transductive_default_20260911_024913/runs/KMeans/hate_speech/seed7/run.json,800
/data/luolie/ToPoGate/result/topogate_baseline_transductive_default_20260911_024913/runs/KMeans/heart_attack_analysis_prediction_dataset/seed123/predictions.npy,1340
/data/luolie/ToPoGate/result/topogate_baseline_transductive_default_20260911_024913/runs/KMeans/heart_attack_analysis_prediction_dataset/seed123/run.json,859
/data/luolie/ToPoGate/result/topogate_baseline_transductive_default_20260911_024913/runs/KMeans/heart_attack_analysis_prediction_dataset/seed42/predictions.npy,1340
/data/luolie/ToPoGate/result/topogate_baseline_transductive_default_20260911_024913/runs/KMeans/heart_attack_analysis_prediction_dataset/seed42/run.json,857
/data/luolie/ToPoGate/result/topogate_baseline_transductive_default_20260911_024913/runs/KMeans/heart_attack_analysis_prediction_dataset/seed7/predictions.npy,1340
/data/luolie/ToPoGate/result/topogate_baseline_transductive_default_20260911_024913/runs/KMeans/heart_attack_analysis_prediction_dataset/seed7/run.json,854
/data/luolie/ToPoGate/result/topogate_baseline_transductive_default_20260911_024913/runs/KMeans/heart_disease/seed123/predictions.npy,1316
/data/luolie/ToPoGate/result/topogate_baseline_transductive_default_20260911_024913/runs/KMeans/heart_disease/seed123/run.json,807
/data/luolie/ToPoGate/result/topogate_baseline_transductive_default_20260911_024913/runs/KMeans/heart_disease/seed42/predictions.npy,1316
/data/luolie/ToPoGate/result/topogate_baseline_transductive_default_20260911_024913/runs/KMeans/heart_disease/seed42/run.json,804
/data/luolie/ToPoGate/result/topogate_baseline_transductive_default_20260911_024913/runs/KMeans/heart_disease/seed7/predictions.npy,1316
/data/luolie/ToPoGate/result/topogate_baseline_transductive_default_20260911_024913/runs/KMeans/heart_disease/seed7/run.json,803
/data/luolie/ToPoGate/result/topogate_baseline_transductive_default_20260911_024913/runs/KMeans/hepatitis/seed123/predictions.npy,448
/data/luolie/ToPoGate/result/topogate_baseline_transductive_default_20260911_024913/runs/KMeans/hepatitis/seed123/run.json,785
/data/luolie/ToPoGate/result/topogate_baseline_transductive_default_20260911_024913/runs/KMeans/hepatitis/seed42/predictions.npy,448
/data/luolie/ToPoGate/result/topogate_baseline_transductive_default_20260911_024913/runs/KMeans/hepatitis/seed42/run.json,781
/data/luolie/ToPoGate/result/topogate_baseline_transductive_default_20260911_024913/runs/KMeans/hepatitis/seed7/predictions.npy,448
/data/luolie/ToPoGate/result/topogate_baseline_transductive_default_20260911_024913/runs/KMeans/hepatitis/seed7/run.json,779
/data/luolie/ToPoGate/result/topogate_baseline_transductive_default_20260911_024913/runs/KMeans/htru2/seed123/predictions.npy,40124
/data/luolie/ToPoGate/result/topogate_baseline_transductive_default_20260911_024913/runs/KMeans/htru2/seed123/run.json,785
/data/luolie/ToPoGate/result/topogate_baseline_transductive_default_20260911_024913/runs/KMeans/htru2/seed42/predictions.npy,40124
/data/luolie/ToPoGate/result/topogate_baseline_transductive_default_20260911_024913/runs/KMeans/htru2/seed42/run.json,785
/data/luolie/ToPoGate/result/topogate_baseline_transductive_default_20260911_024913/runs/KMeans/htru2/seed7/predictions.npy,40124
/data/luolie/ToPoGate/result/topogate_baseline_transductive_default_20260911_024913/runs/KMeans/htru2/seed7/run.json,784
/data/luolie/ToPoGate/result/topogate_baseline_transductive_default_20260911_024913/runs/KMeans/human_stress_detection/seed123/predictions.npy,8132
/data/luolie/ToPoGate/result/topogate_baseline_transductive_default_20260911_024913/runs/KMeans/human_stress_detection/seed123/run.json,822
/data/luolie/ToPoGate/result/topogate_baseline_transductive_default_20260911_024913/runs/KMeans/human_stress_detection/seed42/predictions.npy,8132
/data/luolie/ToPoGate/result/topogate_baseline_transductive_default_20260911_024913/runs/KMeans/human_stress_detection/seed42/run.json,820
/data/luolie/ToPoGate/result/topogate_baseline_transductive_default_20260911_024913/runs/KMeans/human_stress_detection/seed7/predictions.npy,8132
/data/luolie/ToPoGate/result/topogate_baseline_transductive_default_20260911_024913/runs/KMeans/human_stress_detection/seed7/run.json,816
/data/luolie/ToPoGate/result/topogate_baseline_transductive_default_20260911_024913/runs/KMeans/image_segmentation/seed123/predictions.npy,968
/data/luolie/ToPoGate/result/topogate_baseline_transductive_default_20260911_024913/runs/KMeans/image_segmentation/seed123/run.json,812
/data/luolie/ToPoGate/result/topogate_baseline_transductive_default_20260911_024913/runs/KMeans/image_segmentation/seed42/predictions.npy,968
/data/luolie/ToPoGate/result/topogate_baseline_transductive_default_20260911_024913/runs/KMeans/image_segmentation/seed42/run.json,811
/data/luolie/ToPoGate/result/topogate_baseline_transductive_default_20260911_024913/runs/KMeans/image_segmentation/seed7/predictions.npy,968
/data/luolie/ToPoGate/result/topogate_baseline_transductive_default_20260911_024913/runs/KMeans/image_segmentation/seed7/run.json,811
/data/luolie/ToPoGate/result/topogate_baseline_transductive_default_20260911_024913/runs/KMeans/imdb/seed123/predictions.npy,13128
/data/luolie/ToPoGate/result/topogate_baseline_transductive_default_20260911_024913/runs/KMeans/imdb/seed123/run.json,789
/data/luolie/ToPoGate/result/topogate_baseline_transductive_default_20260911_024913/runs/KMeans/imdb/seed42/predictions.npy,13128
/data/luolie/ToPoGate/result/topogate_baseline_transductive_default_20260911_024913/runs/KMeans/imdb/seed42/run.json,788
/data/luolie/ToPoGate/result/topogate_baseline_transductive_default_20260911_024913/runs/KMeans/imdb/seed7/predictions.npy,13128
/data/luolie/ToPoGate/result/topogate_baseline_transductive_default_20260911_024913/runs/KMeans/imdb/seed7/run.json,786
/data/luolie/ToPoGate/result/topogate_baseline_transductive_default_20260911_024913/runs/KMeans/insurance_company_benchmark/seed123/predictions.npy,23416
/data/luolie/ToPoGate/result/topogate_baseline_transductive_default_20260911_024913/runs/KMeans/insurance_company_benchmark/seed123/run.json,833
/data/luolie/ToPoGate/result/topogate_baseline_transductive_default_20260911_024913/runs/KMeans/insurance_company_benchmark/seed42/predictions.npy,23416
/data/luolie/ToPoGate/result/topogate_baseline_transductive_default_20260911_024913/runs/KMeans/insurance_company_benchmark/seed42/run.json,834
/data/luolie/ToPoGate/result/topogate_baseline_transductive_default_20260911_024913/runs/KMeans/insurance_company_benchmark/seed7/predictions.npy,23416
/data/luolie/ToPoGate/result/topogate_baseline_transductive_default_20260911_024913/runs/KMeans/insurance_company_benchmark/seed7/run.json,831
/data/luolie/ToPoGate/result/topogate_baseline_transductive_default_20260911_024913/runs/KMeans/ionosphere/seed123/predictions.npy,1532
/data/luolie/ToPoGate/result/topogate_baseline_transductive_default_20260911_024913/runs/KMeans/ionosphere/seed123/run.json,800
/data/luolie/ToPoGate/result/topogate_baseline_transductive_default_20260911_024913/runs/KMeans/ionosphere/seed42/predictions.npy,1532
/data/luolie/ToPoGate/result/topogate_baseline_transductive_default_20260911_024913/runs/KMeans/ionosphere/seed42/run.json,798
/data/luolie/ToPoGate/result/topogate_baseline_transductive_default_20260911_024913/runs/KMeans/ionosphere/seed7/predictions.npy,1532
/data/luolie/ToPoGate/result/topogate_baseline_transductive_default_20260911_024913/runs/KMeans/ionosphere/seed7/run.json,795
/data/luolie/ToPoGate/result/topogate_baseline_transductive_default_20260911_024913/runs/KMeans/iris/seed123/predictions.npy,728
/data/luolie/ToPoGate/result/topogate_baseline_transductive_default_20260911_024913/runs/KMeans/iris/seed123/run.json,786
/data/luolie/ToPoGate/result/topogate_baseline_transductive_default_20260911_024913/runs/KMeans/iris/seed42/predictions.npy,728
/data/luolie/ToPoGate/result/topogate_baseline_transductive_default_20260911_024913/runs/KMeans/iris/seed42/run.json,784
/data/luolie/ToPoGate/result/topogate_baseline_transductive_default_20260911_024913/runs/KMeans/iris/seed7/predictions.npy,728
/data/luolie/ToPoGate/result/topogate_baseline_transductive_default_20260911_024913/runs/KMeans/iris/seed7/run.json,781
/data/luolie/ToPoGate/result/topogate_baseline_transductive_default_20260911_024913/runs/KMeans/labeled_faces_in_the_wild/seed123/predictions.npy,8928
/data/luolie/ToPoGate/result/topogate_baseline_transductive_default_20260911_024913/runs/KMeans/labeled_faces_in_the_wild/seed123/run.json,834
/data/luolie/ToPoGate/result/topogate_baseline_transductive_default_20260911_024913/runs/KMeans/labeled_faces_in_the_wild/seed42/predictions.npy,8928
/data/luolie/ToPoGate/result/topogate_baseline_transductive_default_20260911_024913/runs/KMeans/labeled_faces_in_the_wild/seed42/run.json,831
/data/luolie/ToPoGate/result/topogate_baseline_transductive_default_20260911_024913/runs/KMeans/labeled_faces_in_the_wild/seed7/predictions.npy,8928
/data/luolie/ToPoGate/result/topogate_baseline_transductive_default_20260911_024913/runs/KMeans/labeled_faces_in_the_wild/seed7/run.json,830
/data/luolie/ToPoGate/result/topogate_baseline_transductive_default_20260911_024913/runs/KMeans/letter_recognition/seed123/predictions.npy,40096
/data/luolie/ToPoGate/result/topogate_baseline_transductive_default_20260911_024913/runs/KMeans/letter_recognition/seed123/run.json,814
/data/luolie/ToPoGate/result/topogate_baseline_transductive_default_20260911_024913/runs/KMeans/letter_recognition/seed42/predictions.npy,40096
/data/luolie/ToPoGate/result/topogate_baseline_transductive_default_20260911_024913/runs/KMeans/letter_recognition/seed42/run.json,812
/data/luolie/ToPoGate/result/topogate_baseline_transductive_default_20260911_024913/runs/KMeans/letter_recognition/seed7/predictions.npy,40096
/data/luolie/ToPoGate/result/topogate_baseline_transductive_default_20260911_024913/runs/KMeans/letter_recognition/seed7/run.json,811
/data/luolie/ToPoGate/result/topogate_baseline_transductive_default_20260911_024913/runs/KMeans/magic_gamma_telescope/seed123/predictions.npy,40124
/data/luolie/ToPoGate/result/topogate_baseline_transductive_default_20260911_024913/runs/KMeans/magic_gamma_telescope/seed123/run.json,823
/data/luolie/ToPoGate/result/topogate_baseline_transductive_default_20260911_024913/runs/KMeans/magic_gamma_telescope/seed42/predictions.npy,40124
/data/luolie/ToPoGate/result/topogate_baseline_transductive_default_20260911_024913/runs/KMeans/magic_gamma_telescope/seed42/run.json,821
/data/luolie/ToPoGate/result/topogate_baseline_transductive_default_20260911_024913/runs/KMeans/magic_gamma_telescope/seed7/predictions.npy,40124
/data/luolie/ToPoGate/result/topogate_baseline_transductive_default_20260911_024913/runs/KMeans/magic_gamma_telescope/seed7/run.json,819
/data/luolie/ToPoGate/result/topogate_baseline_transductive_default_20260911_024913/runs/KMeans/mammographic_mass/seed123/predictions.npy,3448
/data/luolie/ToPoGate/result/topogate_baseline_transductive_default_20260911_024913/runs/KMeans/mammographic_mass/seed123/run.json,813
/data/luolie/ToPoGate/result/topogate_baseline_transductive_default_20260911_024913/runs/KMeans/mammographic_mass/seed42/predictions.npy,3448
/data/luolie/ToPoGate/result/topogate_baseline_transductive_default_20260911_024913/runs/KMeans/mammographic_mass/seed42/run.json,811
/data/luolie/ToPoGate/result/topogate_baseline_transductive_default_20260911_024913/runs/KMeans/mammographic_mass/seed7/predictions.npy,3448
/data/luolie/ToPoGate/result/topogate_baseline_transductive_default_20260911_024913/runs/KMeans/mammographic_mass/seed7/run.json,808
/data/luolie/ToPoGate/result/topogate_baseline_transductive_default_20260911_024913/runs/KMeans/mfeat-factors/seed123/predictions.npy,8128
/data/luolie/ToPoGate/result/topogate_baseline_transductive_default_20260911_024913/runs/KMeans/mfeat-factors/seed123/run.json,792
/data/luolie/ToPoGate/result/topogate_baseline_transductive_default_20260911_024913/runs/KMeans/mfeat-factors/seed42/predictions.npy,8128
/data/luolie/ToPoGate/result/topogate_baseline_transductive_default_20260911_024913/runs/KMeans/mfeat-factors/seed42/run.json,791
/data/luolie/ToPoGate/result/topogate_baseline_transductive_default_20260911_024913/runs/KMeans/mfeat-factors/seed7/predictions.npy,8128
/data/luolie/ToPoGate/result/topogate_baseline_transductive_default_20260911_024913/runs/KMeans/mfeat-factors/seed7/run.json,789
/data/luolie/ToPoGate/result/topogate_baseline_transductive_default_20260911_024913/runs/KMeans/mfeat-fourier/seed123/predictions.npy,8128
/data/luolie/ToPoGate/result/topogate_baseline_transductive_default_20260911_024913/runs/KMeans/mfeat-fourier/seed123/run.json,789
/data/luolie/ToPoGate/result/topogate_baseline_transductive_default_20260911_024913/runs/KMeans/mfeat-fourier/seed42/predictions.npy,8128
/data/luolie/ToPoGate/result/topogate_baseline_transductive_default_20260911_024913/runs/KMeans/mfeat-fourier/seed42/run.json,790
/data/luolie/ToPoGate/result/topogate_baseline_transductive_default_20260911_024913/runs/KMeans/mfeat-fourier/seed7/predictions.npy,8128
/data/luolie/ToPoGate/result/topogate_baseline_transductive_default_20260911_024913/runs/KMeans/mfeat-fourier/seed7/run.json,788
/data/luolie/ToPoGate/result/topogate_baseline_transductive_default_20260911_024913/runs/KMeans/mfeat-karhunen/seed123/predictions.npy,8128
/data/luolie/ToPoGate/result/topogate_baseline_transductive_default_20260911_024913/runs/KMeans/mfeat-karhunen/seed123/run.json,794
/data/luolie/ToPoGate/result/topogate_baseline_transductive_default_20260911_024913/runs/KMeans/mfeat-karhunen/seed42/predictions.npy,8128
/data/luolie/ToPoGate/result/topogate_baseline_transductive_default_20260911_024913/runs/KMeans/mfeat-karhunen/seed42/run.json,792
/data/luolie/ToPoGate/result/topogate_baseline_transductive_default_20260911_024913/runs/KMeans/mfeat-karhunen/seed7/predictions.npy,8128
/data/luolie/ToPoGate/result/topogate_baseline_transductive_default_20260911_024913/runs/KMeans/mfeat-karhunen/seed7/run.json,791
/data/luolie/ToPoGate/result/topogate_baseline_transductive_default_20260911_024913/runs/KMeans/mfeat-morphological/seed123/predictions.npy,8128
/data/luolie/ToPoGate/result/topogate_baseline_transductive_default_20260911_024913/runs/KMeans/mfeat-morphological/seed123/run.json,804
/data/luolie/ToPoGate/result/topogate_baseline_transductive_default_20260911_024913/runs/KMeans/mfeat-morphological/seed42/predictions.npy,8128
/data/luolie/ToPoGate/result/topogate_baseline_transductive_default_20260911_024913/runs/KMeans/mfeat-morphological/seed42/run.json,801
/data/luolie/ToPoGate/result/topogate_baseline_transductive_default_20260911_024913/runs/KMeans/mfeat-morphological/seed7/predictions.npy,8128
/data/luolie/ToPoGate/result/topogate_baseline_transductive_default_20260911_024913/runs/KMeans/mfeat-morphological/seed7/run.json,800
/data/luolie/ToPoGate/result/topogate_baseline_transductive_default_20260911_024913/runs/KMeans/micro-mass/seed123/predictions.npy,1568
/data/luolie/ToPoGate/result/topogate_baseline_transductive_default_20260911_024913/runs/KMeans/micro-mass/seed123/run.json,800
/data/luolie/ToPoGate/result/topogate_baseline_transductive_default_20260911_024913/runs/KMeans/micro-mass/seed42/predictions.npy,1568
/data/luolie/ToPoGate/result/topogate_baseline_transductive_default_20260911_024913/runs/KMeans/micro-mass/seed42/run.json,799
/data/luolie/ToPoGate/result/topogate_baseline_transductive_default_20260911_024913/runs/KMeans/micro-mass/seed7/predictions.npy,1568
/data/luolie/ToPoGate/result/topogate_baseline_transductive_default_20260911_024913/runs/KMeans/micro-mass/seed7/run.json,797
/data/luolie/ToPoGate/result/topogate_baseline_transductive_default_20260911_024913/runs/KMeans/microbes/seed123/predictions.npy,40108
/data/luolie/ToPoGate/result/topogate_baseline_transductive_default_20260911_024913/runs/KMeans/microbes/seed123/run.json,797
/data/luolie/ToPoGate/result/topogate_baseline_transductive_default_20260911_024913/runs/KMeans/microbes/seed42/predictions.npy,40108
/data/luolie/ToPoGate/result/topogate_baseline_transductive_default_20260911_024913/runs/KMeans/microbes/seed42/run.json,795
/data/luolie/ToPoGate/result/topogate_baseline_transductive_default_20260911_024913/runs/KMeans/microbes/seed7/predictions.npy,40108
/data/luolie/ToPoGate/result/topogate_baseline_transductive_default_20260911_024913/runs/KMeans/microbes/seed7/run.json,792
/data/luolie/ToPoGate/result/topogate_baseline_transductive_default_20260911_024913/runs/KMeans/mnist64/seed123/predictions.npy,4456
/data/luolie/ToPoGate/result/topogate_baseline_transductive_default_20260911_024913/runs/KMeans/mnist64/seed123/run.json,793
/data/luolie/ToPoGate/result/topogate_baseline_transductive_default_20260911_024913/runs/KMeans/mnist64/seed42/predictions.npy,4456
/data/luolie/ToPoGate/result/topogate_baseline_transductive_default_20260911_024913/runs/KMeans/mnist64/seed42/run.json,789
/data/luolie/ToPoGate/result/topogate_baseline_transductive_default_20260911_024913/runs/KMeans/mnist64/seed7/predictions.npy,4456
/data/luolie/ToPoGate/result/topogate_baseline_transductive_default_20260911_024913/runs/KMeans/mnist64/seed7/run.json,788
/data/luolie/ToPoGate/result/topogate_baseline_transductive_default_20260911_024913/runs/KMeans/mobile_price_classification/seed123/predictions.npy,8128
/data/luolie/ToPoGate/result/topogate_baseline_transductive_default_20260911_024913/runs/KMeans/mobile_price_classification/seed123/run.json,824
/data/luolie/ToPoGate/result/topogate_baseline_transductive_default_20260911_024913/runs/KMeans/mobile_price_classification/seed42/predictions.npy,8128
/data/luolie/ToPoGate/result/topogate_baseline_transductive_default_20260911_024913/runs/KMeans/mobile_price_classification/seed42/run.json,821
/data/luolie/ToPoGate/result/topogate_baseline_transductive_default_20260911_024913/runs/KMeans/mobile_price_classification/seed7/predictions.npy,8128
/data/luolie/ToPoGate/result/topogate_baseline_transductive_default_20260911_024913/runs/KMeans/mobile_price_classification/seed7/run.json,818
/data/luolie/ToPoGate/result/topogate_baseline_transductive_default_20260911_024913/runs/KMeans/music_genre_classification/seed123/predictions.npy,4128
/data/luolie/ToPoGate/result/topogate_baseline_transductive_default_20260911_024913/runs/KMeans/music_genre_classification/seed123/run.json,818
/data/luolie/ToPoGate/result/topogate_baseline_transductive_default_20260911_024913/runs/KMeans/music_genre_classification/seed42/predictions.npy,4128
/data/luolie/ToPoGate/result/topogate_baseline_transductive_default_20260911_024913/runs/KMeans/music_genre_classification/seed42/run.json,817
/data/luolie/ToPoGate/result/topogate_baseline_transductive_default_20260911_024913/runs/KMeans/music_genre_classification/seed7/predictions.npy,4128
/data/luolie/ToPoGate/result/topogate_baseline_transductive_default_20260911_024913/runs/KMeans/music_genre_classification/seed7/run.json,816
/data/luolie/ToPoGate/result/topogate_baseline_transductive_default_20260911_024913/runs/KMeans/olivetti_faces/seed123/predictions.npy,1728
/data/luolie/ToPoGate/result/topogate_baseline_transductive_default_20260911_024913/runs/KMeans/olivetti_faces/seed123/run.json,793
/data/luolie/ToPoGate/result/topogate_baseline_transductive_default_20260911_024913/runs/KMeans/olivetti_faces/seed42/predictions.npy,1728
/data/luolie/ToPoGate/result/topogate_baseline_transductive_default_20260911_024913/runs/KMeans/olivetti_faces/seed42/run.json,789
/data/luolie/ToPoGate/result/topogate_baseline_transductive_default_20260911_024913/runs/KMeans/olivetti_faces/seed7/predictions.npy,1728
/data/luolie/ToPoGate/result/topogate_baseline_transductive_default_20260911_024913/runs/KMeans/olivetti_faces/seed7/run.json,788
/data/luolie/ToPoGate/result/topogate_baseline_transductive_default_20260911_024913/runs/KMeans/optical_recognition_of_handwritten_digits/seed123/predictions.npy,15420
/data/luolie/ToPoGate/result/topogate_baseline_transductive_default_20260911_024913/runs/KMeans/optical_recognition_of_handwritten_digits/seed123/run.json,860
/data/luolie/ToPoGate/result/topogate_baseline_transductive_default_20260911_024913/runs/KMeans/optical_recognition_of_handwritten_digits/seed42/predictions.npy,15420
/data/luolie/ToPoGate/result/topogate_baseline_transductive_default_20260911_024913/runs/KMeans/optical_recognition_of_handwritten_digits/seed42/run.json,860
/data/luolie/ToPoGate/result/topogate_baseline_transductive_default_20260911_024913/runs/KMeans/optical_recognition_of_handwritten_digits/seed7/predictions.npy,15420
/data/luolie/ToPoGate/result/topogate_baseline_transductive_default_20260911_024913/runs/KMeans/optical_recognition_of_handwritten_digits/seed7/run.json,855
/data/luolie/ToPoGate/result/topogate_baseline_transductive_default_20260911_024913/runs/KMeans/orbit_classification_for_prediction_nasa/seed123/predictions.npy,7016
/data/luolie/ToPoGate/result/topogate_baseline_transductive_default_20260911_024913/runs/KMeans/orbit_classification_for_prediction_nasa/seed123/run.json,859
/data/luolie/ToPoGate/result/topogate_baseline_transductive_default_20260911_024913/runs/KMeans/orbit_classification_for_prediction_nasa/seed42/predictions.npy,7016
/data/luolie/ToPoGate/result/topogate_baseline_transductive_default_20260911_024913/runs/KMeans/orbit_classification_for_prediction_nasa/seed42/run.json,859
/data/luolie/ToPoGate/result/topogate_baseline_transductive_default_20260911_024913/runs/KMeans/orbit_classification_for_prediction_nasa/seed7/predictions.npy,7016
/data/luolie/ToPoGate/result/topogate_baseline_transductive_default_20260911_024913/runs/KMeans/orbit_classification_for_prediction_nasa/seed7/run.json,857
/data/luolie/ToPoGate/result/topogate_baseline_transductive_default_20260911_024913/runs/KMeans/paris_housing_classification/seed123/predictions.npy,40128
/data/luolie/ToPoGate/result/topogate_baseline_transductive_default_20260911_024913/runs/KMeans/paris_housing_classification/seed123/run.json,829
/data/luolie/ToPoGate/result/topogate_baseline_transductive_default_20260911_024913/runs/KMeans/paris_housing_classification/seed42/predictions.npy,40128
/data/luolie/ToPoGate/result/topogate_baseline_transductive_default_20260911_024913/runs/KMeans/paris_housing_classification/seed42/run.json,830
/data/luolie/ToPoGate/result/topogate_baseline_transductive_default_20260911_024913/runs/KMeans/paris_housing_classification/seed7/predictions.npy,40128
/data/luolie/ToPoGate/result/topogate_baseline_transductive_default_20260911_024913/runs/KMeans/paris_housing_classification/seed7/run.json,826
/data/luolie/ToPoGate/result/topogate_baseline_transductive_default_20260911_024913/runs/KMeans/parkinsons/seed123/predictions.npy,908
/data/luolie/ToPoGate/result/topogate_baseline_transductive_default_20260911_024913/runs/KMeans/parkinsons/seed123/run.json,787
/data/luolie/ToPoGate/result/topogate_baseline_transductive_default_20260911_024913/runs/KMeans/parkinsons/seed42/predictions.npy,908
/data/luolie/ToPoGate/result/topogate_baseline_transductive_default_20260911_024913/runs/KMeans/parkinsons/seed42/run.json,785
/data/luolie/ToPoGate/result/topogate_baseline_transductive_default_20260911_024913/runs/KMeans/parkinsons/seed7/predictions.npy,908
/data/luolie/ToPoGate/result/topogate_baseline_transductive_default_20260911_024913/runs/KMeans/parkinsons/seed7/run.json,783
/data/luolie/ToPoGate/result/topogate_baseline_transductive_default_20260911_024913/runs/KMeans/patient_treatment_classification/seed123/predictions.npy,17776
/data/luolie/ToPoGate/result/topogate_baseline_transductive_default_20260911_024913/runs/KMeans/patient_treatment_classification/seed123/run.json,844
/data/luolie/ToPoGate/result/topogate_baseline_transductive_default_20260911_024913/runs/KMeans/patient_treatment_classification/seed42/predictions.npy,17776
/data/luolie/ToPoGate/result/topogate_baseline_transductive_default_20260911_024913/runs/KMeans/patient_treatment_classification/seed42/run.json,844
/data/luolie/ToPoGate/result/topogate_baseline_transductive_default_20260911_024913/runs/KMeans/patient_treatment_classification/seed7/predictions.npy,17776
/data/luolie/ToPoGate/result/topogate_baseline_transductive_default_20260911_024913/runs/KMeans/patient_treatment_classification/seed7/run.json,837
/data/luolie/ToPoGate/result/topogate_baseline_transductive_default_20260911_024913/runs/KMeans/pen_based_recognition_of_handwritten_digits/seed123/predictions.npy,30104
/data/luolie/ToPoGate/result/topogate_baseline_transductive_default_20260911_024913/runs/KMeans/pen_based_recognition_of_handwritten_digits/seed123/run.json,865
/data/luolie/ToPoGate/result/topogate_baseline_transductive_default_20260911_024913/runs/KMeans/pen_based_recognition_of_handwritten_digits/seed42/predictions.npy,30104
/data/luolie/ToPoGate/result/topogate_baseline_transductive_default_20260911_024913/runs/KMeans/pen_based_recognition_of_handwritten_digits/seed42/run.json,863
/data/luolie/ToPoGate/result/topogate_baseline_transductive_default_20260911_024913/runs/KMeans/pen_based_recognition_of_handwritten_digits/seed7/predictions.npy,30104
/data/luolie/ToPoGate/result/topogate_baseline_transductive_default_20260911_024913/runs/KMeans/pen_based_recognition_of_handwritten_digits/seed7/run.json,860
/data/luolie/ToPoGate/result/topogate_baseline_transductive_default_20260911_024913/runs/KMeans/ph_recognition/seed123/predictions.npy,2740
/data/luolie/ToPoGate/result/topogate_baseline_transductive_default_20260911_024913/runs/KMeans/ph_recognition/seed123/run.json,807
/data/luolie/ToPoGate/result/topogate_baseline_transductive_default_20260911_024913/runs/KMeans/ph_recognition/seed42/predictions.npy,2740
/data/luolie/ToPoGate/result/topogate_baseline_transductive_default_20260911_024913/runs/KMeans/ph_recognition/seed42/run.json,803
/data/luolie/ToPoGate/result/topogate_baseline_transductive_default_20260911_024913/runs/KMeans/ph_recognition/seed7/predictions.npy,2740
/data/luolie/ToPoGate/result/topogate_baseline_transductive_default_20260911_024913/runs/KMeans/ph_recognition/seed7/run.json,802
/data/luolie/ToPoGate/result/topogate_baseline_transductive_default_20260911_024913/runs/KMeans/pima_indians_diabetes_database/seed123/predictions.npy,3200
/data/luolie/ToPoGate/result/topogate_baseline_transductive_default_20260911_024913/runs/KMeans/pima_indians_diabetes_database/seed123/run.json,840
/data/luolie/ToPoGate/result/topogate_baseline_transductive_default_20260911_024913/runs/KMeans/pima_indians_diabetes_database/seed42/predictions.npy,3200
/data/luolie/ToPoGate/result/topogate_baseline_transductive_default_20260911_024913/runs/KMeans/pima_indians_diabetes_database/seed42/run.json,839
/data/luolie/ToPoGate/result/topogate_baseline_transductive_default_20260911_024913/runs/KMeans/pima_indians_diabetes_database/seed7/predictions.npy,3200
/data/luolie/ToPoGate/result/topogate_baseline_transductive_default_20260911_024913/runs/KMeans/pima_indians_diabetes_database/seed7/run.json,835
/data/luolie/ToPoGate/result/topogate_baseline_transductive_default_20260911_024913/runs/KMeans/pistachio/seed123/predictions.npy,8720
/data/luolie/ToPoGate/result/topogate_baseline_transductive_default_20260911_024913/runs/KMeans/pistachio/seed123/run.json,798
/data/luolie/ToPoGate/result/topogate_baseline_transductive_default_20260911_024913/runs/KMeans/pistachio/seed42/predictions.npy,8720
/data/luolie/ToPoGate/result/topogate_baseline_transductive_default_20260911_024913/runs/KMeans/pistachio/seed42/run.json,795
/data/luolie/ToPoGate/result/topogate_baseline_transductive_default_20260911_024913/runs/KMeans/pistachio/seed7/predictions.npy,8720
/data/luolie/ToPoGate/result/topogate_baseline_transductive_default_20260911_024913/runs/KMeans/pistachio/seed7/run.json,793
/data/luolie/ToPoGate/result/topogate_baseline_transductive_default_20260911_024913/runs/KMeans/planning_relax/seed123/predictions.npy,856
/data/luolie/ToPoGate/result/topogate_baseline_transductive_default_20260911_024913/runs/KMeans/planning_relax/seed123/run.json,811
/data/luolie/ToPoGate/result/topogate_baseline_transductive_default_20260911_024913/runs/KMeans/planning_relax/seed42/predictions.npy,856
/data/luolie/ToPoGate/result/topogate_baseline_transductive_default_20260911_024913/runs/KMeans/planning_relax/seed42/run.json,809
/data/luolie/ToPoGate/result/topogate_baseline_transductive_default_20260911_024913/runs/KMeans/planning_relax/seed7/predictions.npy,856
/data/luolie/ToPoGate/result/topogate_baseline_transductive_default_20260911_024913/runs/KMeans/planning_relax/seed7/run.json,808
/data/luolie/ToPoGate/result/topogate_baseline_transductive_default_20260911_024913/runs/KMeans/poker-hand/seed123/predictions.npy,40128
/data/luolie/ToPoGate/result/topogate_baseline_transductive_default_20260911_024913/runs/KMeans/poker-hand/seed123/run.json,795
/data/luolie/ToPoGate/result/topogate_baseline_transductive_default_20260911_024913/runs/KMeans/poker-hand/seed42/predictions.npy,40128
/data/luolie/ToPoGate/result/topogate_baseline_transductive_default_20260911_024913/runs/KMeans/poker-hand/seed42/run.json,793
/data/luolie/ToPoGate/result/topogate_baseline_transductive_default_20260911_024913/runs/KMeans/poker-hand/seed7/predictions.npy,40128
/data/luolie/ToPoGate/result/topogate_baseline_transductive_default_20260911_024913/runs/KMeans/poker-hand/seed7/run.json,791
/data/luolie/ToPoGate/result/topogate_baseline_transductive_default_20260911_024913/runs/KMeans/predicting_pulsar_star/seed123/predictions.npy,37220
/data/luolie/ToPoGate/result/topogate_baseline_transductive_default_20260911_024913/runs/KMeans/predicting_pulsar_star/seed123/run.json,822
/data/luolie/ToPoGate/result/topogate_baseline_transductive_default_20260911_024913/runs/KMeans/predicting_pulsar_star/seed42/predictions.npy,37220
/data/luolie/ToPoGate/result/topogate_baseline_transductive_default_20260911_024913/runs/KMeans/predicting_pulsar_star/seed42/run.json,820
/data/luolie/ToPoGate/result/topogate_baseline_transductive_default_20260911_024913/runs/KMeans/predicting_pulsar_star/seed7/predictions.npy,37220
/data/luolie/ToPoGate/result/topogate_baseline_transductive_default_20260911_024913/runs/KMeans/predicting_pulsar_star/seed7/run.json,818
/data/luolie/ToPoGate/result/topogate_baseline_transductive_default_20260911_024913/runs/KMeans/pumpkin_seeds/seed123/predictions.npy,10128
/data/luolie/ToPoGate/result/topogate_baseline_transductive_default_20260911_024913/runs/KMeans/pumpkin_seeds/seed123/run.json,792
/data/luolie/ToPoGate/result/topogate_baseline_transductive_default_20260911_024913/runs/KMeans/pumpkin_seeds/seed42/predictions.npy,10128
/data/luolie/ToPoGate/result/topogate_baseline_transductive_default_20260911_024913/runs/KMeans/pumpkin_seeds/seed42/run.json,793
/data/luolie/ToPoGate/result/topogate_baseline_transductive_default_20260911_024913/runs/KMeans/pumpkin_seeds/seed7/predictions.npy,10128
/data/luolie/ToPoGate/result/topogate_baseline_transductive_default_20260911_024913/runs/KMeans/pumpkin_seeds/seed7/run.json,790
/data/luolie/ToPoGate/result/topogate_baseline_transductive_default_20260911_024913/runs/KMeans/raisin/seed123/predictions.npy,3728
/data/luolie/ToPoGate/result/topogate_baseline_transductive_default_20260911_024913/runs/KMeans/raisin/seed123/run.json,789
/data/luolie/ToPoGate/result/topogate_baseline_transductive_default_20260911_024913/runs/KMeans/raisin/seed42/predictions.npy,3728
/data/luolie/ToPoGate/result/topogate_baseline_transductive_default_20260911_024913/runs/KMeans/raisin/seed42/run.json,788
/data/luolie/ToPoGate/result/topogate_baseline_transductive_default_20260911_024913/runs/KMeans/raisin/seed7/predictions.npy,3728
/data/luolie/ToPoGate/result/topogate_baseline_transductive_default_20260911_024913/runs/KMeans/raisin/seed7/run.json,785
/data/luolie/ToPoGate/result/topogate_baseline_transductive_default_20260911_024913/runs/KMeans/reuters/seed123/predictions.npy,26432
/data/luolie/ToPoGate/result/topogate_baseline_transductive_default_20260911_024913/runs/KMeans/reuters/seed123/run.json,792
/data/luolie/ToPoGate/result/topogate_baseline_transductive_default_20260911_024913/runs/KMeans/reuters/seed42/predictions.npy,26432
/data/luolie/ToPoGate/result/topogate_baseline_transductive_default_20260911_024913/runs/KMeans/reuters/seed42/run.json,789
/data/luolie/ToPoGate/result/topogate_baseline_transductive_default_20260911_024913/runs/KMeans/reuters/seed7/predictions.npy,26432
/data/luolie/ToPoGate/result/topogate_baseline_transductive_default_20260911_024913/runs/KMeans/reuters/seed7/run.json,786
/data/luolie/ToPoGate/result/topogate_baseline_transductive_default_20260911_024913/runs/KMeans/rice_dataset_cammeo_and_osmancik/seed123/predictions.npy,15368
/data/luolie/ToPoGate/result/topogate_baseline_transductive_default_20260911_024913/runs/KMeans/rice_dataset_cammeo_and_osmancik/seed123/run.json,842
/data/luolie/ToPoGate/result/topogate_baseline_transductive_default_20260911_024913/runs/KMeans/rice_dataset_cammeo_and_osmancik/seed42/predictions.npy,15368
/data/luolie/ToPoGate/result/topogate_baseline_transductive_default_20260911_024913/runs/KMeans/rice_dataset_cammeo_and_osmancik/seed42/run.json,840
/data/luolie/ToPoGate/result/topogate_baseline_transductive_default_20260911_024913/runs/KMeans/rice_dataset_cammeo_and_osmancik/seed7/predictions.npy,15368
/data/luolie/ToPoGate/result/topogate_baseline_transductive_default_20260911_024913/runs/KMeans/rice_dataset_cammeo_and_osmancik/seed7/run.json,837
/data/luolie/ToPoGate/result/topogate_baseline_transductive_default_20260911_024913/runs/KMeans/rice_seed_gonen_jasmine/seed123/predictions.npy,40124
/data/luolie/ToPoGate/result/topogate_baseline_transductive_default_20260911_024913/runs/KMeans/rice_seed_gonen_jasmine/seed123/run.json,822
/data/luolie/ToPoGate/result/topogate_baseline_transductive_default_20260911_024913/runs/KMeans/rice_seed_gonen_jasmine/seed42/predictions.npy,40124
/data/luolie/ToPoGate/result/topogate_baseline_transductive_default_20260911_024913/runs/KMeans/rice_seed_gonen_jasmine/seed42/run.json,821
/data/luolie/ToPoGate/result/topogate_baseline_transductive_default_20260911_024913/runs/KMeans/rice_seed_gonen_jasmine/seed7/predictions.npy,40124
/data/luolie/ToPoGate/result/topogate_baseline_transductive_default_20260911_024913/runs/KMeans/rice_seed_gonen_jasmine/seed7/run.json,818
/data/luolie/ToPoGate/result/topogate_baseline_transductive_default_20260911_024913/runs/KMeans/rmftsa_sleepdata/seed123/predictions.npy,4224
/data/luolie/ToPoGate/result/topogate_baseline_transductive_default_20260911_024913/runs/KMeans/rmftsa_sleepdata/seed123/run.json,801
/data/luolie/ToPoGate/result/topogate_baseline_transductive_default_20260911_024913/runs/KMeans/rmftsa_sleepdata/seed42/predictions.npy,4224
/data/luolie/ToPoGate/result/topogate_baseline_transductive_default_20260911_024913/runs/KMeans/rmftsa_sleepdata/seed42/run.json,804
/data/luolie/ToPoGate/result/topogate_baseline_transductive_default_20260911_024913/runs/KMeans/rmftsa_sleepdata/seed7/predictions.npy,4224
/data/luolie/ToPoGate/result/topogate_baseline_transductive_default_20260911_024913/runs/KMeans/rmftsa_sleepdata/seed7/run.json,802
/data/luolie/ToPoGate/result/topogate_baseline_transductive_default_20260911_024913/runs/KMeans/satellite_image/seed123/predictions.npy,25868
/data/luolie/ToPoGate/result/topogate_baseline_transductive_default_20260911_024913/runs/KMeans/satellite_image/seed123/run.json,808
/data/luolie/ToPoGate/result/topogate_baseline_transductive_default_20260911_024913/runs/KMeans/satellite_image/seed42/predictions.npy,25868
/data/luolie/ToPoGate/result/topogate_baseline_transductive_default_20260911_024913/runs/KMeans/satellite_image/seed42/run.json,806
/data/luolie/ToPoGate/result/topogate_baseline_transductive_default_20260911_024913/runs/KMeans/satellite_image/seed7/predictions.npy,25868
/data/luolie/ToPoGate/result/topogate_baseline_transductive_default_20260911_024913/runs/KMeans/satellite_image/seed7/run.json,804
/data/luolie/ToPoGate/result/topogate_baseline_transductive_default_20260911_024913/runs/KMeans/secom/seed123/predictions.npy,6396
/data/luolie/ToPoGate/result/topogate_baseline_transductive_default_20260911_024913/runs/KMeans/secom/seed123/run.json,794
/data/luolie/ToPoGate/result/topogate_baseline_transductive_default_20260911_024913/runs/KMeans/secom/seed42/predictions.npy,6396
/data/luolie/ToPoGate/result/topogate_baseline_transductive_default_20260911_024913/runs/KMeans/secom/seed42/run.json,791
/data/luolie/ToPoGate/result/topogate_baseline_transductive_default_20260911_024913/runs/KMeans/secom/seed7/predictions.npy,6396
/data/luolie/ToPoGate/result/topogate_baseline_transductive_default_20260911_024913/runs/KMeans/secom/seed7/run.json,790
/data/luolie/ToPoGate/result/topogate_baseline_transductive_default_20260911_024913/runs/KMeans/seeds/seed123/predictions.npy,968
/data/luolie/ToPoGate/result/topogate_baseline_transductive_default_20260911_024913/runs/KMeans/seeds/seed123/run.json,787
/data/luolie/ToPoGate/result/topogate_baseline_transductive_default_20260911_024913/runs/KMeans/seeds/seed42/predictions.npy,968
/data/luolie/ToPoGate/result/topogate_baseline_transductive_default_20260911_024913/runs/KMeans/seeds/seed42/run.json,784
/data/luolie/ToPoGate/result/topogate_baseline_transductive_default_20260911_024913/runs/KMeans/seeds/seed7/predictions.npy,968
/data/luolie/ToPoGate/result/topogate_baseline_transductive_default_20260911_024913/runs/KMeans/seeds/seed7/run.json,783
/data/luolie/ToPoGate/result/topogate_baseline_transductive_default_20260911_024913/runs/KMeans/seismic_bumps/seed123/predictions.npy,2712
/data/luolie/ToPoGate/result/topogate_baseline_transductive_default_20260911_024913/runs/KMeans/seismic_bumps/seed123/run.json,810
/data/luolie/ToPoGate/result/topogate_baseline_transductive_default_20260911_024913/runs/KMeans/seismic_bumps/seed42/predictions.npy,2712
/data/luolie/ToPoGate/result/topogate_baseline_transductive_default_20260911_024913/runs/KMeans/seismic_bumps/seed42/run.json,808
/data/luolie/ToPoGate/result/topogate_baseline_transductive_default_20260911_024913/runs/KMeans/seismic_bumps/seed7/predictions.npy,2712
/data/luolie/ToPoGate/result/topogate_baseline_transductive_default_20260911_024913/runs/KMeans/seismic_bumps/seed7/run.json,806
/data/luolie/ToPoGate/result/topogate_baseline_transductive_default_20260911_024913/runs/KMeans/sentiment_labeld_sentences/seed123/predictions.npy,11120
/data/luolie/ToPoGate/result/topogate_baseline_transductive_default_20260911_024913/runs/KMeans/sentiment_labeld_sentences/seed123/run.json,835
/data/luolie/ToPoGate/result/topogate_baseline_transductive_default_20260911_024913/runs/KMeans/sentiment_labeld_sentences/seed42/predictions.npy,11120
/data/luolie/ToPoGate/result/topogate_baseline_transductive_default_20260911_024913/runs/KMeans/sentiment_labeld_sentences/seed42/run.json,835
/data/luolie/ToPoGate/result/topogate_baseline_transductive_default_20260911_024913/runs/KMeans/sentiment_labeld_sentences/seed7/predictions.npy,11120
/data/luolie/ToPoGate/result/topogate_baseline_transductive_default_20260911_024913/runs/KMeans/sentiment_labeld_sentences/seed7/run.json,834
/data/luolie/ToPoGate/result/topogate_baseline_transductive_default_20260911_024913/runs/KMeans/shuttle/seed123/predictions.npy,40128
/data/luolie/ToPoGate/result/topogate_baseline_transductive_default_20260911_024913/runs/KMeans/shuttle/seed123/run.json,781
/data/luolie/ToPoGate/result/topogate_baseline_transductive_default_20260911_024913/runs/KMeans/shuttle/seed42/predictions.npy,40128
/data/luolie/ToPoGate/result/topogate_baseline_transductive_default_20260911_024913/runs/KMeans/shuttle/seed42/run.json,779
/data/luolie/ToPoGate/result/topogate_baseline_transductive_default_20260911_024913/runs/KMeans/shuttle/seed7/predictions.npy,40128
/data/luolie/ToPoGate/result/topogate_baseline_transductive_default_20260911_024913/runs/KMeans/shuttle/seed7/run.json,778
/data/luolie/ToPoGate/result/topogate_baseline_transductive_default_20260911_024913/runs/KMeans/siberian_weather_stats/seed123/predictions.npy,5756
/data/luolie/ToPoGate/result/topogate_baseline_transductive_default_20260911_024913/runs/KMeans/siberian_weather_stats/seed123/run.json,826
/data/luolie/ToPoGate/result/topogate_baseline_transductive_default_20260911_024913/runs/KMeans/siberian_weather_stats/seed42/predictions.npy,5756
/data/luolie/ToPoGate/result/topogate_baseline_transductive_default_20260911_024913/runs/KMeans/siberian_weather_stats/seed42/run.json,823
/data/luolie/ToPoGate/result/topogate_baseline_transductive_default_20260911_024913/runs/KMeans/siberian_weather_stats/seed7/predictions.npy,5756
/data/luolie/ToPoGate/result/topogate_baseline_transductive_default_20260911_024913/runs/KMeans/siberian_weather_stats/seed7/run.json,820
/data/luolie/ToPoGate/result/topogate_baseline_transductive_default_20260911_024913/runs/KMeans/skillcraft1_master_table_dataset/seed123/predictions.npy,13340
/data/luolie/ToPoGate/result/topogate_baseline_transductive_default_20260911_024913/runs/KMeans/skillcraft1_master_table_dataset/seed123/run.json,844
/data/luolie/ToPoGate/result/topogate_baseline_transductive_default_20260911_024913/runs/KMeans/skillcraft1_master_table_dataset/seed42/predictions.npy,13340
/data/luolie/ToPoGate/result/topogate_baseline_transductive_default_20260911_024913/runs/KMeans/skillcraft1_master_table_dataset/seed42/run.json,840
/data/luolie/ToPoGate/result/topogate_baseline_transductive_default_20260911_024913/runs/KMeans/skillcraft1_master_table_dataset/seed7/predictions.npy,13340
/data/luolie/ToPoGate/result/topogate_baseline_transductive_default_20260911_024913/runs/KMeans/skillcraft1_master_table_dataset/seed7/run.json,840
/data/luolie/ToPoGate/result/topogate_baseline_transductive_default_20260911_024913/runs/KMeans/smoker_condition/seed123/predictions.npy,4176
/data/luolie/ToPoGate/result/topogate_baseline_transductive_default_20260911_024913/runs/KMeans/smoker_condition/seed123/run.json,808
/data/luolie/ToPoGate/result/topogate_baseline_transductive_default_20260911_024913/runs/KMeans/smoker_condition/seed42/predictions.npy,4176
/data/luolie/ToPoGate/result/topogate_baseline_transductive_default_20260911_024913/runs/KMeans/smoker_condition/seed42/run.json,808
/data/luolie/ToPoGate/result/topogate_baseline_transductive_default_20260911_024913/runs/KMeans/smoker_condition/seed7/predictions.npy,4176
/data/luolie/ToPoGate/result/topogate_baseline_transductive_default_20260911_024913/runs/KMeans/smoker_condition/seed7/run.json,804
/data/luolie/ToPoGate/result/topogate_baseline_transductive_default_20260911_024913/runs/KMeans/sms_spam_collection/seed123/predictions.npy,3468
/data/luolie/ToPoGate/result/topogate_baseline_transductive_default_20260911_024913/runs/KMeans/sms_spam_collection/seed123/run.json,818
/data/luolie/ToPoGate/result/topogate_baseline_transductive_default_20260911_024913/runs/KMeans/sms_spam_collection/seed42/predictions.npy,3468
/data/luolie/ToPoGate/result/topogate_baseline_transductive_default_20260911_024913/runs/KMeans/sms_spam_collection/seed42/run.json,818
/data/luolie/ToPoGate/result/topogate_baseline_transductive_default_20260911_024913/runs/KMeans/sms_spam_collection/seed7/predictions.npy,3468
/data/luolie/ToPoGate/result/topogate_baseline_transductive_default_20260911_024913/runs/KMeans/sms_spam_collection/seed7/run.json,814
/data/luolie/ToPoGate/result/topogate_baseline_transductive_default_20260911_024913/runs/KMeans/spambase/seed123/predictions.npy,18532
/data/luolie/ToPoGate/result/topogate_baseline_transductive_default_20260911_024913/runs/KMeans/spambase/seed123/run.json,798
/data/luolie/ToPoGate/result/topogate_baseline_transductive_default_20260911_024913/runs/KMeans/spambase/seed42/predictions.npy,18532
/data/luolie/ToPoGate/result/topogate_baseline_transductive_default_20260911_024913/runs/KMeans/spambase/seed42/run.json,794
/data/luolie/ToPoGate/result/topogate_baseline_transductive_default_20260911_024913/runs/KMeans/spambase/seed7/predictions.npy,18532
/data/luolie/ToPoGate/result/topogate_baseline_transductive_default_20260911_024913/runs/KMeans/spambase/seed7/run.json,792
/data/luolie/ToPoGate/result/topogate_baseline_transductive_default_20260911_024913/runs/KMeans/spectf_heart/seed123/predictions.npy,448
/data/luolie/ToPoGate/result/topogate_baseline_transductive_default_20260911_024913/runs/KMeans/spectf_heart/seed123/run.json,791
/data/luolie/ToPoGate/result/topogate_baseline_transductive_default_20260911_024913/runs/KMeans/spectf_heart/seed42/predictions.npy,448
/data/luolie/ToPoGate/result/topogate_baseline_transductive_default_20260911_024913/runs/KMeans/spectf_heart/seed42/run.json,789
/data/luolie/ToPoGate/result/topogate_baseline_transductive_default_20260911_024913/runs/KMeans/spectf_heart/seed7/predictions.npy,448
/data/luolie/ToPoGate/result/topogate_baseline_transductive_default_20260911_024913/runs/KMeans/spectf_heart/seed7/run.json,787
/data/luolie/ToPoGate/result/topogate_baseline_transductive_default_20260911_024913/runs/KMeans/statlog_german_credit/seed123/predictions.npy,4128
/data/luolie/ToPoGate/result/topogate_baseline_transductive_default_20260911_024913/runs/KMeans/statlog_german_credit/seed123/run.json,811
/data/luolie/ToPoGate/result/topogate_baseline_transductive_default_20260911_024913/runs/KMeans/statlog_german_credit/seed42/predictions.npy,4128
/data/luolie/ToPoGate/result/topogate_baseline_transductive_default_20260911_024913/runs/KMeans/statlog_german_credit/seed42/run.json,809
/data/luolie/ToPoGate/result/topogate_baseline_transductive_default_20260911_024913/runs/KMeans/statlog_german_credit/seed7/predictions.npy,4128
/data/luolie/ToPoGate/result/topogate_baseline_transductive_default_20260911_024913/runs/KMeans/statlog_german_credit/seed7/run.json,805
/data/luolie/ToPoGate/result/topogate_baseline_transductive_default_20260911_024913/runs/KMeans/statlog_image_segmentation/seed123/predictions.npy,9368
/data/luolie/ToPoGate/result/topogate_baseline_transductive_default_20260911_024913/runs/KMeans/statlog_image_segmentation/seed123/run.json,831
/data/luolie/ToPoGate/result/topogate_baseline_transductive_default_20260911_024913/runs/KMeans/statlog_image_segmentation/seed42/predictions.npy,9368
/data/luolie/ToPoGate/result/topogate_baseline_transductive_default_20260911_024913/runs/KMeans/statlog_image_segmentation/seed42/run.json,829
/data/luolie/ToPoGate/result/topogate_baseline_transductive_default_20260911_024913/runs/KMeans/statlog_image_segmentation/seed7/predictions.npy,9368
/data/luolie/ToPoGate/result/topogate_baseline_transductive_default_20260911_024913/runs/KMeans/statlog_image_segmentation/seed7/run.json,825
/data/luolie/ToPoGate/result/topogate_baseline_transductive_default_20260911_024913/runs/KMeans/steel-plates-fault/seed123/predictions.npy,7892
/data/luolie/ToPoGate/result/topogate_baseline_transductive_default_20260911_024913/runs/KMeans/steel-plates-fault/seed123/run.json,818
/data/luolie/ToPoGate/result/topogate_baseline_transductive_default_20260911_024913/runs/KMeans/steel-plates-fault/seed42/predictions.npy,7892
/data/luolie/ToPoGate/result/topogate_baseline_transductive_default_20260911_024913/runs/KMeans/steel-plates-fault/seed42/run.json,815
/data/luolie/ToPoGate/result/topogate_baseline_transductive_default_20260911_024913/runs/KMeans/steel-plates-fault/seed7/predictions.npy,7892
/data/luolie/ToPoGate/result/topogate_baseline_transductive_default_20260911_024913/runs/KMeans/steel-plates-fault/seed7/run.json,814
/data/luolie/ToPoGate/result/topogate_baseline_transductive_default_20260911_024913/runs/KMeans/street_view_house_numbers/seed123/predictions.npy,3056
/data/luolie/ToPoGate/result/topogate_baseline_transductive_default_20260911_024913/runs/KMeans/street_view_house_numbers/seed123/run.json,835
/data/luolie/ToPoGate/result/topogate_baseline_transductive_default_20260911_024913/runs/KMeans/street_view_house_numbers/seed42/predictions.npy,3056
/data/luolie/ToPoGate/result/topogate_baseline_transductive_default_20260911_024913/runs/KMeans/street_view_house_numbers/seed42/run.json,832
/data/luolie/ToPoGate/result/topogate_baseline_transductive_default_20260911_024913/runs/KMeans/street_view_house_numbers/seed7/predictions.npy,3056
/data/luolie/ToPoGate/result/topogate_baseline_transductive_default_20260911_024913/runs/KMeans/street_view_house_numbers/seed7/run.json,830
/data/luolie/ToPoGate/result/topogate_baseline_transductive_default_20260911_024913/runs/KMeans/student_grade/seed123/predictions.npy,1708
/data/luolie/ToPoGate/result/topogate_baseline_transductive_default_20260911_024913/runs/KMeans/student_grade/seed123/run.json,805
/data/luolie/ToPoGate/result/topogate_baseline_transductive_default_20260911_024913/runs/KMeans/student_grade/seed42/predictions.npy,1708
/data/luolie/ToPoGate/result/topogate_baseline_transductive_default_20260911_024913/runs/KMeans/student_grade/seed42/run.json,804
/data/luolie/ToPoGate/result/topogate_baseline_transductive_default_20260911_024913/runs/KMeans/student_grade/seed7/predictions.npy,1708
/data/luolie/ToPoGate/result/topogate_baseline_transductive_default_20260911_024913/runs/KMeans/student_grade/seed7/run.json,800
/data/luolie/ToPoGate/result/topogate_baseline_transductive_default_20260911_024913/runs/KMeans/synthetic_control/seed123/predictions.npy,2528
/data/luolie/ToPoGate/result/topogate_baseline_transductive_default_20260911_024913/runs/KMeans/synthetic_control/seed123/run.json,812
/data/luolie/ToPoGate/result/topogate_baseline_transductive_default_20260911_024913/runs/KMeans/synthetic_control/seed42/predictions.npy,2528
/data/luolie/ToPoGate/result/topogate_baseline_transductive_default_20260911_024913/runs/KMeans/synthetic_control/seed42/run.json,808
/data/luolie/ToPoGate/result/topogate_baseline_transductive_default_20260911_024913/runs/KMeans/synthetic_control/seed7/predictions.npy,2528
/data/luolie/ToPoGate/result/topogate_baseline_transductive_default_20260911_024913/runs/KMeans/synthetic_control/seed7/run.json,806
/data/luolie/ToPoGate/result/topogate_baseline_transductive_default_20260911_024913/runs/KMeans/tamilnadu-electricity/seed123/predictions.npy,40128
/data/luolie/ToPoGate/result/topogate_baseline_transductive_default_20260911_024913/runs/KMeans/tamilnadu-electricity/seed123/run.json,813
/data/luolie/ToPoGate/result/topogate_baseline_transductive_default_20260911_024913/runs/KMeans/tamilnadu-electricity/seed42/predictions.npy,40128
/data/luolie/ToPoGate/result/topogate_baseline_transductive_default_20260911_024913/runs/KMeans/tamilnadu-electricity/seed42/run.json,812
/data/luolie/ToPoGate/result/topogate_baseline_transductive_default_20260911_024913/runs/KMeans/tamilnadu-electricity/seed7/predictions.npy,40128
/data/luolie/ToPoGate/result/topogate_baseline_transductive_default_20260911_024913/runs/KMeans/tamilnadu-electricity/seed7/run.json,811
/data/luolie/ToPoGate/result/topogate_baseline_transductive_default_20260911_024913/runs/KMeans/tr45.wc/seed123/predictions.npy,2832
/data/luolie/ToPoGate/result/topogate_baseline_transductive_default_20260911_024913/runs/KMeans/tr45.wc/seed123/run.json,796
/data/luolie/ToPoGate/result/topogate_baseline_transductive_default_20260911_024913/runs/KMeans/tr45.wc/seed42/predictions.npy,2832
/data/luolie/ToPoGate/result/topogate_baseline_transductive_default_20260911_024913/runs/KMeans/tr45.wc/seed42/run.json,794
/data/luolie/ToPoGate/result/topogate_baseline_transductive_default_20260911_024913/runs/KMeans/tr45.wc/seed7/predictions.npy,2832
/data/luolie/ToPoGate/result/topogate_baseline_transductive_default_20260911_024913/runs/KMeans/tr45.wc/seed7/run.json,790
/data/luolie/ToPoGate/result/topogate_baseline_transductive_default_20260911_024913/runs/KMeans/turkish_music_emotion/seed123/predictions.npy,1728
/data/luolie/ToPoGate/result/topogate_baseline_transductive_default_20260911_024913/runs/KMeans/turkish_music_emotion/seed123/run.json,802
/data/luolie/ToPoGate/result/topogate_baseline_transductive_default_20260911_024913/runs/KMeans/turkish_music_emotion/seed42/predictions.npy,1728
/data/luolie/ToPoGate/result/topogate_baseline_transductive_default_20260911_024913/runs/KMeans/turkish_music_emotion/seed42/run.json,806
/data/luolie/ToPoGate/result/topogate_baseline_transductive_default_20260911_024913/runs/KMeans/turkish_music_emotion/seed7/predictions.npy,1728
/data/luolie/ToPoGate/result/topogate_baseline_transductive_default_20260911_024913/runs/KMeans/turkish_music_emotion/seed7/run.json,804
/data/luolie/ToPoGate/result/topogate_baseline_transductive_default_20260911_024913/runs/KMeans/user_knowledge_modeling/seed123/predictions.npy,1160
/data/luolie/ToPoGate/result/topogate_baseline_transductive_default_20260911_024913/runs/KMeans/user_knowledge_modeling/seed123/run.json,823
/data/luolie/ToPoGate/result/topogate_baseline_transductive_default_20260911_024913/runs/KMeans/user_knowledge_modeling/seed42/predictions.npy,1160
/data/luolie/ToPoGate/result/topogate_baseline_transductive_default_20260911_024913/runs/KMeans/user_knowledge_modeling/seed42/run.json,824
/data/luolie/ToPoGate/result/topogate_baseline_transductive_default_20260911_024913/runs/KMeans/user_knowledge_modeling/seed7/predictions.npy,1160
/data/luolie/ToPoGate/result/topogate_baseline_transductive_default_20260911_024913/runs/KMeans/user_knowledge_modeling/seed7/run.json,820
/data/luolie/ToPoGate/result/topogate_baseline_transductive_default_20260911_024913/runs/KMeans/vehicle/seed123/predictions.npy,3512
/data/luolie/ToPoGate/result/topogate_baseline_transductive_default_20260911_024913/runs/KMeans/vehicle/seed123/run.json,794
/data/luolie/ToPoGate/result/topogate_baseline_transductive_default_20260911_024913/runs/KMeans/vehicle/seed42/predictions.npy,3512
/data/luolie/ToPoGate/result/topogate_baseline_transductive_default_20260911_024913/runs/KMeans/vehicle/seed42/run.json,792
/data/luolie/ToPoGate/result/topogate_baseline_transductive_default_20260911_024913/runs/KMeans/vehicle/seed7/predictions.npy,3512
/data/luolie/ToPoGate/result/topogate_baseline_transductive_default_20260911_024913/runs/KMeans/vehicle/seed7/run.json,790
/data/luolie/ToPoGate/result/topogate_baseline_transductive_default_20260911_024913/runs/KMeans/wall-robot-navigation/seed123/predictions.npy,21952
/data/luolie/ToPoGate/result/topogate_baseline_transductive_default_20260911_024913/runs/KMeans/wall-robot-navigation/seed123/run.json,821
/data/luolie/ToPoGate/result/topogate_baseline_transductive_default_20260911_024913/runs/KMeans/wall-robot-navigation/seed42/predictions.npy,21952
/data/luolie/ToPoGate/result/topogate_baseline_transductive_default_20260911_024913/runs/KMeans/wall-robot-navigation/seed42/run.json,820
/data/luolie/ToPoGate/result/topogate_baseline_transductive_default_20260911_024913/runs/KMeans/wall-robot-navigation/seed7/predictions.npy,21952
/data/luolie/ToPoGate/result/topogate_baseline_transductive_default_20260911_024913/runs/KMeans/wall-robot-navigation/seed7/run.json,818
/data/luolie/ToPoGate/result/topogate_baseline_transductive_default_20260911_024913/runs/KMeans/water_quality/seed123/predictions.npy,8172
/data/luolie/ToPoGate/result/topogate_baseline_transductive_default_20260911_024913/runs/KMeans/water_quality/seed123/run.json,809
/data/luolie/ToPoGate/result/topogate_baseline_transductive_default_20260911_024913/runs/KMeans/water_quality/seed42/predictions.npy,8172
/data/luolie/ToPoGate/result/topogate_baseline_transductive_default_20260911_024913/runs/KMeans/water_quality/seed42/run.json,807
/data/luolie/ToPoGate/result/topogate_baseline_transductive_default_20260911_024913/runs/KMeans/water_quality/seed7/predictions.npy,8172
/data/luolie/ToPoGate/result/topogate_baseline_transductive_default_20260911_024913/runs/KMeans/water_quality/seed7/run.json,804
/data/luolie/ToPoGate/result/topogate_baseline_transductive_default_20260911_024913/runs/KMeans/weather/seed123/predictions.npy,1588
/data/luolie/ToPoGate/result/topogate_baseline_transductive_default_20260911_024913/runs/KMeans/weather/seed123/run.json,748
/data/luolie/ToPoGate/result/topogate_baseline_transductive_default_20260911_024913/runs/KMeans/weather/seed42/predictions.npy,1588
/data/luolie/ToPoGate/result/topogate_baseline_transductive_default_20260911_024913/runs/KMeans/weather/seed42/run.json,746
/data/luolie/ToPoGate/result/topogate_baseline_transductive_default_20260911_024913/runs/KMeans/weather/seed7/predictions.npy,1588
/data/luolie/ToPoGate/result/topogate_baseline_transductive_default_20260911_024913/runs/KMeans/weather/seed7/run.json,743
/data/luolie/ToPoGate/result/topogate_baseline_transductive_default_20260911_024913/runs/KMeans/website_phishing/seed123/predictions.npy,5540
/data/luolie/ToPoGate/result/topogate_baseline_transductive_default_20260911_024913/runs/KMeans/website_phishing/seed123/run.json,812
/data/luolie/ToPoGate/result/topogate_baseline_transductive_default_20260911_024913/runs/KMeans/website_phishing/seed42/predictions.npy,5540
/data/luolie/ToPoGate/result/topogate_baseline_transductive_default_20260911_024913/runs/KMeans/website_phishing/seed42/run.json,809
/data/luolie/ToPoGate/result/topogate_baseline_transductive_default_20260911_024913/runs/KMeans/website_phishing/seed7/predictions.npy,5540
/data/luolie/ToPoGate/result/topogate_baseline_transductive_default_20260911_024913/runs/KMeans/website_phishing/seed7/run.json,807
/data/luolie/ToPoGate/result/topogate_baseline_transductive_default_20260911_024913/runs/KMeans/wine/seed123/predictions.npy,840
/data/luolie/ToPoGate/result/topogate_baseline_transductive_default_20260911_024913/runs/KMeans/wine/seed123/run.json,786
/data/luolie/ToPoGate/result/topogate_baseline_transductive_default_20260911_024913/runs/KMeans/wine/seed42/predictions.npy,840
/data/luolie/ToPoGate/result/topogate_baseline_transductive_default_20260911_024913/runs/KMeans/wine/seed42/run.json,784
/data/luolie/ToPoGate/result/topogate_baseline_transductive_default_20260911_024913/runs/KMeans/wine/seed7/predictions.npy,840
/data/luolie/ToPoGate/result/topogate_baseline_transductive_default_20260911_024913/runs/KMeans/wine/seed7/run.json,782
/data/luolie/ToPoGate/result/topogate_baseline_transductive_default_20260911_024913/runs/KMeans/wine_customer/seed123/predictions.npy,840
/data/luolie/ToPoGate/result/topogate_baseline_transductive_default_20260911_024913/runs/KMeans/wine_customer/seed123/run.json,804
/data/luolie/ToPoGate/result/topogate_baseline_transductive_default_20260911_024913/runs/KMeans/wine_customer/seed42/predictions.npy,840
/data/luolie/ToPoGate/result/topogate_baseline_transductive_default_20260911_024913/runs/KMeans/wine_customer/seed42/run.json,803
/data/luolie/ToPoGate/result/topogate_baseline_transductive_default_20260911_024913/runs/KMeans/wine_customer/seed7/predictions.npy,840
/data/luolie/ToPoGate/result/topogate_baseline_transductive_default_20260911_024913/runs/KMeans/wine_customer/seed7/run.json,800
/data/luolie/ToPoGate/result/topogate_baseline_transductive_default_20260911_024913/runs/KMeans/wine_quality/seed123/predictions.npy,19620
/data/luolie/ToPoGate/result/topogate_baseline_transductive_default_20260911_024913/runs/KMeans/wine_quality/seed123/run.json,803
/data/luolie/ToPoGate/result/topogate_baseline_transductive_default_20260911_024913/runs/KMeans/wine_quality/seed42/predictions.npy,19620
/data/luolie/ToPoGate/result/topogate_baseline_transductive_default_20260911_024913/runs/KMeans/wine_quality/seed42/run.json,800
/data/luolie/ToPoGate/result/topogate_baseline_transductive_default_20260911_024913/runs/KMeans/wine_quality/seed7/predictions.npy,19620
/data/luolie/ToPoGate/result/topogate_baseline_transductive_default_20260911_024913/runs/KMeans/wine_quality/seed7/run.json,799
/data/luolie/ToPoGate/result/topogate_baseline_transductive_default_20260911_024913/runs/KMeans/wireless_indoor_localization/seed123/predictions.npy,8128
/data/luolie/ToPoGate/result/topogate_baseline_transductive_default_20260911_024913/runs/KMeans/wireless_indoor_localization/seed123/run.json,821
/data/luolie/ToPoGate/result/topogate_baseline_transductive_default_20260911_024913/runs/KMeans/wireless_indoor_localization/seed42/predictions.npy,8128
/data/luolie/ToPoGate/result/topogate_baseline_transductive_default_20260911_024913/runs/KMeans/wireless_indoor_localization/seed42/run.json,819
/data/luolie/ToPoGate/result/topogate_baseline_transductive_default_20260911_024913/runs/KMeans/wireless_indoor_localization/seed7/predictions.npy,8128
/data/luolie/ToPoGate/result/topogate_baseline_transductive_default_20260911_024913/runs/KMeans/wireless_indoor_localization/seed7/run.json,818
/data/luolie/ToPoGate/result/topogate_baseline_transductive_default_20260911_024913/runs/KMeans/world12d/seed123/predictions.npy,728
/data/luolie/ToPoGate/result/topogate_baseline_transductive_default_20260911_024913/runs/KMeans/world12d/seed123/run.json,792
/data/luolie/ToPoGate/result/topogate_baseline_transductive_default_20260911_024913/runs/KMeans/world12d/seed42/predictions.npy,728
/data/luolie/ToPoGate/result/topogate_baseline_transductive_default_20260911_024913/runs/KMeans/world12d/seed42/run.json,793
/data/luolie/ToPoGate/result/topogate_baseline_transductive_default_20260911_024913/runs/KMeans/world12d/seed7/predictions.npy,728
/data/luolie/ToPoGate/result/topogate_baseline_transductive_default_20260911_024913/runs/KMeans/world12d/seed7/run.json,789
/data/luolie/ToPoGate/result/topogate_baseline_transductive_default_20260911_024913/runs/KMeans/wos/seed123/predictions.npy,40116
/data/luolie/ToPoGate/result/topogate_baseline_transductive_default_20260911_024913/runs/KMeans/wos/seed123/run.json,787
/data/luolie/ToPoGate/result/topogate_baseline_transductive_default_20260911_024913/runs/KMeans/wos/seed42/predictions.npy,40116
/data/luolie/ToPoGate/result/topogate_baseline_transductive_default_20260911_024913/runs/KMeans/wos/seed42/run.json,784
/data/luolie/ToPoGate/result/topogate_baseline_transductive_default_20260911_024913/runs/KMeans/wos/seed7/predictions.npy,40116
/data/luolie/ToPoGate/result/topogate_baseline_transductive_default_20260911_024913/runs/KMeans/wos/seed7/run.json,782
/data/luolie/ToPoGate/result/topogate_baseline_transductive_default_20260911_024913/runs/KMeans/yeast/seed123/predictions.npy,5964
/data/luolie/ToPoGate/result/topogate_baseline_transductive_default_20260911_024913/runs/KMeans/yeast/seed123/run.json,788
/data/luolie/ToPoGate/result/topogate_baseline_transductive_default_20260911_024913/runs/KMeans/yeast/seed42/predictions.npy,5964
/data/luolie/ToPoGate/result/topogate_baseline_transductive_default_20260911_024913/runs/KMeans/yeast/seed42/run.json,786
/data/luolie/ToPoGate/result/topogate_baseline_transductive_default_20260911_024913/runs/KMeans/yeast/seed7/predictions.npy,5964
/data/luolie/ToPoGate/result/topogate_baseline_transductive_default_20260911_024913/runs/KMeans/yeast/seed7/run.json,786
/data/luolie/ToPoGate/result/topogate_baseline_transductive_default_20260911_024913/runs/KMeans/zoo/seed123/predictions.npy,532
/data/luolie/ToPoGate/result/topogate_baseline_transductive_default_20260911_024913/runs/KMeans/zoo/seed123/run.json,785
/data/luolie/ToPoGate/result/topogate_baseline_transductive_default_20260911_024913/runs/KMeans/zoo/seed42/predictions.npy,532
/data/luolie/ToPoGate/result/topogate_baseline_transductive_default_20260911_024913/runs/KMeans/zoo/seed42/run.json,782
/data/luolie/ToPoGate/result/topogate_baseline_transductive_default_20260911_024913/runs/KMeans/zoo/seed7/predictions.npy,532
/data/luolie/ToPoGate/result/topogate_baseline_transductive_default_20260911_024913/runs/KMeans/zoo/seed7/run.json,780
/data/luolie/ToPoGate/result/topogate_baseline_transductive_default_20260911_024913/runs/PCA+KMeans/20newsgroups/seed123/predictions.npy,40092
/data/luolie/ToPoGate/result/topogate_baseline_transductive_default_20260911_024913/runs/PCA+KMeans/20newsgroups/seed123/run.json,812
/data/luolie/ToPoGate/result/topogate_baseline_transductive_default_20260911_024913/runs/PCA+KMeans/20newsgroups/seed42/predictions.npy,40092
/data/luolie/ToPoGate/result/topogate_baseline_transductive_default_20260911_024913/runs/PCA+KMeans/20newsgroups/seed42/run.json,809
/data/luolie/ToPoGate/result/topogate_baseline_transductive_default_20260911_024913/runs/PCA+KMeans/20newsgroups/seed7/predictions.npy,40092
/data/luolie/ToPoGate/result/topogate_baseline_transductive_default_20260911_024913/runs/PCA+KMeans/20newsgroups/seed7/run.json,809
/data/luolie/ToPoGate/result/topogate_baseline_transductive_default_20260911_024913/runs/PCA+KMeans/Baron_Human/seed123/predictions.npy,33932
/data/luolie/ToPoGate/result/topogate_baseline_transductive_default_20260911_024913/runs/PCA+KMeans/Baron_Human/seed123/run.json,808
/data/luolie/ToPoGate/result/topogate_baseline_transductive_default_20260911_024913/runs/PCA+KMeans/Baron_Human/seed42/predictions.npy,33932
/data/luolie/ToPoGate/result/topogate_baseline_transductive_default_20260911_024913/runs/PCA+KMeans/Baron_Human/seed42/run.json,805
/data/luolie/ToPoGate/result/topogate_baseline_transductive_default_20260911_024913/runs/PCA+KMeans/Baron_Human/seed7/predictions.npy,33932
/data/luolie/ToPoGate/result/topogate_baseline_transductive_default_20260911_024913/runs/PCA+KMeans/Baron_Human/seed7/run.json,802
/data/luolie/ToPoGate/result/topogate_baseline_transductive_default_20260911_024913/runs/PCA+KMeans/CIFAR10_CLIP/seed123/predictions.npy,40128
/data/luolie/ToPoGate/result/topogate_baseline_transductive_default_20260911_024913/runs/PCA+KMeans/CIFAR10_CLIP/seed123/run.json,798
/data/luolie/ToPoGate/result/topogate_baseline_transductive_default_20260911_024913/runs/PCA+KMeans/CIFAR10_CLIP/seed42/predictions.npy,40128
/data/luolie/ToPoGate/result/topogate_baseline_transductive_default_20260911_024913/runs/PCA+KMeans/CIFAR10_CLIP/seed42/run.json,797
/data/luolie/ToPoGate/result/topogate_baseline_transductive_default_20260911_024913/runs/PCA+KMeans/CIFAR10_CLIP/seed7/predictions.npy,40128
/data/luolie/ToPoGate/result/topogate_baseline_transductive_default_20260911_024913/runs/PCA+KMeans/CIFAR10_CLIP/seed7/run.json,794
/data/luolie/ToPoGate/result/topogate_baseline_transductive_default_20260911_024913/runs/PCA+KMeans/COIL20_CLIP/seed123/predictions.npy,5888
/data/luolie/ToPoGate/result/topogate_baseline_transductive_default_20260911_024913/runs/PCA+KMeans/COIL20_CLIP/seed123/run.json,809
/data/luolie/ToPoGate/result/topogate_baseline_transductive_default_20260911_024913/runs/PCA+KMeans/COIL20_CLIP/seed42/predictions.npy,5888
/data/luolie/ToPoGate/result/topogate_baseline_transductive_default_20260911_024913/runs/PCA+KMeans/COIL20_CLIP/seed42/run.json,808
/data/luolie/ToPoGate/result/topogate_baseline_transductive_default_20260911_024913/runs/PCA+KMeans/COIL20_CLIP/seed7/predictions.npy,5888
/data/luolie/ToPoGate/result/topogate_baseline_transductive_default_20260911_024913/runs/PCA+KMeans/COIL20_CLIP/seed7/run.json,806
/data/luolie/ToPoGate/result/topogate_baseline_transductive_default_20260911_024913/runs/PCA+KMeans/Campbell/seed123/predictions.npy,40100
/data/luolie/ToPoGate/result/topogate_baseline_transductive_default_20260911_024913/runs/PCA+KMeans/Campbell/seed123/run.json,803
/data/luolie/ToPoGate/result/topogate_baseline_transductive_default_20260911_024913/runs/PCA+KMeans/Campbell/seed42/predictions.npy,40100
/data/luolie/ToPoGate/result/topogate_baseline_transductive_default_20260911_024913/runs/PCA+KMeans/Campbell/seed42/run.json,801
/data/luolie/ToPoGate/result/topogate_baseline_transductive_default_20260911_024913/runs/PCA+KMeans/Campbell/seed7/predictions.npy,40100
/data/luolie/ToPoGate/result/topogate_baseline_transductive_default_20260911_024913/runs/PCA+KMeans/Campbell/seed7/run.json,800
/data/luolie/ToPoGate/result/topogate_baseline_transductive_default_20260911_024913/runs/PCA+KMeans/Drug_Consumption/seed123/predictions.npy,7124
/data/luolie/ToPoGate/result/topogate_baseline_transductive_default_20260911_024913/runs/PCA+KMeans/Drug_Consumption/seed123/run.json,821
/data/luolie/ToPoGate/result/topogate_baseline_transductive_default_20260911_024913/runs/PCA+KMeans/Drug_Consumption/seed42/predictions.npy,7124
/data/luolie/ToPoGate/result/topogate_baseline_transductive_default_20260911_024913/runs/PCA+KMeans/Drug_Consumption/seed42/run.json,821
/data/luolie/ToPoGate/result/topogate_baseline_transductive_default_20260911_024913/runs/PCA+KMeans/Drug_Consumption/seed7/predictions.npy,7124
/data/luolie/ToPoGate/result/topogate_baseline_transductive_default_20260911_024913/runs/PCA+KMeans/Drug_Consumption/seed7/run.json,817
/data/luolie/ToPoGate/result/topogate_baseline_transductive_default_20260911_024913/runs/PCA+KMeans/FashionMNIST_CLIP/seed123/predictions.npy,40128
/data/luolie/ToPoGate/result/topogate_baseline_transductive_default_20260911_024913/runs/PCA+KMeans/FashionMNIST_CLIP/seed123/run.json,811
/data/luolie/ToPoGate/result/topogate_baseline_transductive_default_20260911_024913/runs/PCA+KMeans/FashionMNIST_CLIP/seed42/predictions.npy,40128
/data/luolie/ToPoGate/result/topogate_baseline_transductive_default_20260911_024913/runs/PCA+KMeans/FashionMNIST_CLIP/seed42/run.json,807
/data/luolie/ToPoGate/result/topogate_baseline_transductive_default_20260911_024913/runs/PCA+KMeans/FashionMNIST_CLIP/seed7/predictions.npy,40128
/data/luolie/ToPoGate/result/topogate_baseline_transductive_default_20260911_024913/runs/PCA+KMeans/FashionMNIST_CLIP/seed7/run.json,805
/data/luolie/ToPoGate/result/topogate_baseline_transductive_default_20260911_024913/runs/PCA+KMeans/ISOLET/seed123/predictions.npy,31316
/data/luolie/ToPoGate/result/topogate_baseline_transductive_default_20260911_024913/runs/PCA+KMeans/ISOLET/seed123/run.json,798
/data/luolie/ToPoGate/result/topogate_baseline_transductive_default_20260911_024913/runs/PCA+KMeans/ISOLET/seed42/predictions.npy,31316
/data/luolie/ToPoGate/result/topogate_baseline_transductive_default_20260911_024913/runs/PCA+KMeans/ISOLET/seed42/run.json,797
/data/luolie/ToPoGate/result/topogate_baseline_transductive_default_20260911_024913/runs/PCA+KMeans/ISOLET/seed7/predictions.npy,31316
/data/luolie/ToPoGate/result/topogate_baseline_transductive_default_20260911_024913/runs/PCA+KMeans/ISOLET/seed7/run.json,794
/data/luolie/ToPoGate/result/topogate_baseline_transductive_default_20260911_024913/runs/PCA+KMeans/Indian_pines/seed123/predictions.npy,35560
/data/luolie/ToPoGate/result/topogate_baseline_transductive_default_20260911_024913/runs/PCA+KMeans/Indian_pines/seed123/run.json,811
/data/luolie/ToPoGate/result/topogate_baseline_transductive_default_20260911_024913/runs/PCA+KMeans/Indian_pines/seed42/predictions.npy,35560
/data/luolie/ToPoGate/result/topogate_baseline_transductive_default_20260911_024913/runs/PCA+KMeans/Indian_pines/seed42/run.json,809
/data/luolie/ToPoGate/result/topogate_baseline_transductive_default_20260911_024913/runs/PCA+KMeans/Indian_pines/seed7/predictions.npy,35560
/data/luolie/ToPoGate/result/topogate_baseline_transductive_default_20260911_024913/runs/PCA+KMeans/Indian_pines/seed7/run.json,809
/data/luolie/ToPoGate/result/topogate_baseline_transductive_default_20260911_024913/runs/PCA+KMeans/JapaneseVowels/seed123/predictions.npy,39972
/data/luolie/ToPoGate/result/topogate_baseline_transductive_default_20260911_024913/runs/PCA+KMeans/JapaneseVowels/seed123/run.json,813
/data/luolie/ToPoGate/result/topogate_baseline_transductive_default_20260911_024913/runs/PCA+KMeans/JapaneseVowels/seed42/predictions.npy,39972
/data/luolie/ToPoGate/result/topogate_baseline_transductive_default_20260911_024913/runs/PCA+KMeans/JapaneseVowels/seed42/run.json,815
/data/luolie/ToPoGate/result/topogate_baseline_transductive_default_20260911_024913/runs/PCA+KMeans/JapaneseVowels/seed7/predictions.npy,39972
/data/luolie/ToPoGate/result/topogate_baseline_transductive_default_20260911_024913/runs/PCA+KMeans/JapaneseVowels/seed7/run.json,812
/data/luolie/ToPoGate/result/topogate_baseline_transductive_default_20260911_024913/runs/PCA+KMeans/MNIST_CLIP/seed123/predictions.npy,40112
/data/luolie/ToPoGate/result/topogate_baseline_transductive_default_20260911_024913/runs/PCA+KMeans/MNIST_CLIP/seed123/run.json,807
/data/luolie/ToPoGate/result/topogate_baseline_transductive_default_20260911_024913/runs/PCA+KMeans/MNIST_CLIP/seed42/predictions.npy,40112
/data/luolie/ToPoGate/result/topogate_baseline_transductive_default_20260911_024913/runs/PCA+KMeans/MNIST_CLIP/seed42/run.json,802
/data/luolie/ToPoGate/result/topogate_baseline_transductive_default_20260911_024913/runs/PCA+KMeans/MNIST_CLIP/seed7/predictions.npy,40112
/data/luolie/ToPoGate/result/topogate_baseline_transductive_default_20260911_024913/runs/PCA+KMeans/MNIST_CLIP/seed7/run.json,801
/data/luolie/ToPoGate/result/topogate_baseline_transductive_default_20260911_024913/runs/PCA+KMeans/Mouse_retina/seed123/predictions.npy,33536
/data/luolie/ToPoGate/result/topogate_baseline_transductive_default_20260911_024913/runs/PCA+KMeans/Mouse_retina/seed123/run.json,809
/data/luolie/ToPoGate/result/topogate_baseline_transductive_default_20260911_024913/runs/PCA+KMeans/Mouse_retina/seed42/predictions.npy,33536
/data/luolie/ToPoGate/result/topogate_baseline_transductive_default_20260911_024913/runs/PCA+KMeans/Mouse_retina/seed42/run.json,807
/data/luolie/ToPoGate/result/topogate_baseline_transductive_default_20260911_024913/runs/PCA+KMeans/Mouse_retina/seed7/predictions.npy,33536
/data/luolie/ToPoGate/result/topogate_baseline_transductive_default_20260911_024913/runs/PCA+KMeans/Mouse_retina/seed7/run.json,805
/data/luolie/ToPoGate/result/topogate_baseline_transductive_default_20260911_024913/runs/PCA+KMeans/PCam/seed123/predictions.npy,16128
/data/luolie/ToPoGate/result/topogate_baseline_transductive_default_20260911_024913/runs/PCA+KMeans/PCam/seed123/run.json,785
/data/luolie/ToPoGate/result/topogate_baseline_transductive_default_20260911_024913/runs/PCA+KMeans/PCam/seed42/predictions.npy,16128
/data/luolie/ToPoGate/result/topogate_baseline_transductive_default_20260911_024913/runs/PCA+KMeans/PCam/seed42/run.json,785
/data/luolie/ToPoGate/result/topogate_baseline_transductive_default_20260911_024913/runs/PCA+KMeans/PCam/seed7/predictions.npy,16128
/data/luolie/ToPoGate/result/topogate_baseline_transductive_default_20260911_024913/runs/PCA+KMeans/PCam/seed7/run.json,783
/data/luolie/ToPoGate/result/topogate_baseline_transductive_default_20260911_024913/runs/PCA+KMeans/Waveform/seed123/predictions.npy,20128
/data/luolie/ToPoGate/result/topogate_baseline_transductive_default_20260911_024913/runs/PCA+KMeans/Waveform/seed123/run.json,791
/data/luolie/ToPoGate/result/topogate_baseline_transductive_default_20260911_024913/runs/PCA+KMeans/Waveform/seed42/predictions.npy,20128
/data/luolie/ToPoGate/result/topogate_baseline_transductive_default_20260911_024913/runs/PCA+KMeans/Waveform/seed42/run.json,788
/data/luolie/ToPoGate/result/topogate_baseline_transductive_default_20260911_024913/runs/PCA+KMeans/Waveform/seed7/predictions.npy,20128
/data/luolie/ToPoGate/result/topogate_baseline_transductive_default_20260911_024913/runs/PCA+KMeans/Waveform/seed7/run.json,788
/data/luolie/ToPoGate/result/topogate_baseline_transductive_default_20260911_024913/runs/PCA+KMeans/banknote_authentication/seed123/predictions.npy,5616
/data/luolie/ToPoGate/result/topogate_baseline_transductive_default_20260911_024913/runs/PCA+KMeans/banknote_authentication/seed123/run.json,835
/data/luolie/ToPoGate/result/topogate_baseline_transductive_default_20260911_024913/runs/PCA+KMeans/banknote_authentication/seed42/predictions.npy,5616
/data/luolie/ToPoGate/result/topogate_baseline_transductive_default_20260911_024913/runs/PCA+KMeans/banknote_authentication/seed42/run.json,830
/data/luolie/ToPoGate/result/topogate_baseline_transductive_default_20260911_024913/runs/PCA+KMeans/banknote_authentication/seed7/predictions.npy,5616
/data/luolie/ToPoGate/result/topogate_baseline_transductive_default_20260911_024913/runs/PCA+KMeans/banknote_authentication/seed7/run.json,830
/data/luolie/ToPoGate/result/topogate_baseline_transductive_default_20260911_024913/runs/PCA+KMeans/birds_bones_and_living_habits/seed123/predictions.npy,1780
/data/luolie/ToPoGate/result/topogate_baseline_transductive_default_20260911_024913/runs/PCA+KMeans/birds_bones_and_living_habits/seed123/run.json,844
/data/luolie/ToPoGate/result/topogate_baseline_transductive_default_20260911_024913/runs/PCA+KMeans/birds_bones_and_living_habits/seed42/predictions.npy,1780
/data/luolie/ToPoGate/result/topogate_baseline_transductive_default_20260911_024913/runs/PCA+KMeans/birds_bones_and_living_habits/seed42/run.json,842
/data/luolie/ToPoGate/result/topogate_baseline_transductive_default_20260911_024913/runs/PCA+KMeans/birds_bones_and_living_habits/seed7/predictions.npy,1780
/data/luolie/ToPoGate/result/topogate_baseline_transductive_default_20260911_024913/runs/PCA+KMeans/birds_bones_and_living_habits/seed7/run.json,838
/data/luolie/ToPoGate/result/topogate_baseline_transductive_default_20260911_024913/runs/PCA+KMeans/blood_transfusion_service_center/seed123/predictions.npy,3120
/data/luolie/ToPoGate/result/topogate_baseline_transductive_default_20260911_024913/runs/PCA+KMeans/blood_transfusion_service_center/seed123/run.json,851
/data/luolie/ToPoGate/result/topogate_baseline_transductive_default_20260911_024913/runs/PCA+KMeans/blood_transfusion_service_center/seed42/predictions.npy,3120
/data/luolie/ToPoGate/result/topogate_baseline_transductive_default_20260911_024913/runs/PCA+KMeans/blood_transfusion_service_center/seed42/run.json,849
/data/luolie/ToPoGate/result/topogate_baseline_transductive_default_20260911_024913/runs/PCA+KMeans/blood_transfusion_service_center/seed7/predictions.npy,3120
/data/luolie/ToPoGate/result/topogate_baseline_transductive_default_20260911_024913/runs/PCA+KMeans/blood_transfusion_service_center/seed7/run.json,847
/data/luolie/ToPoGate/result/topogate_baseline_transductive_default_20260911_024913/runs/PCA+KMeans/boston/seed123/predictions.npy,744
/data/luolie/ToPoGate/result/topogate_baseline_transductive_default_20260911_024913/runs/PCA+KMeans/boston/seed123/run.json,798
/data/luolie/ToPoGate/result/topogate_baseline_transductive_default_20260911_024913/runs/PCA+KMeans/boston/seed42/predictions.npy,744
/data/luolie/ToPoGate/result/topogate_baseline_transductive_default_20260911_024913/runs/PCA+KMeans/boston/seed42/run.json,799
/data/luolie/ToPoGate/result/topogate_baseline_transductive_default_20260911_024913/runs/PCA+KMeans/boston/seed7/predictions.npy,744
/data/luolie/ToPoGate/result/topogate_baseline_transductive_default_20260911_024913/runs/PCA+KMeans/boston/seed7/run.json,794
/data/luolie/ToPoGate/result/topogate_baseline_transductive_default_20260911_024913/runs/PCA+KMeans/breast_cancer_coimbra/seed123/predictions.npy,592
/data/luolie/ToPoGate/result/topogate_baseline_transductive_default_20260911_024913/runs/PCA+KMeans/breast_cancer_coimbra/seed123/run.json,832
/data/luolie/ToPoGate/result/topogate_baseline_transductive_default_20260911_024913/runs/PCA+KMeans/breast_cancer_coimbra/seed42/predictions.npy,592
/data/luolie/ToPoGate/result/topogate_baseline_transductive_default_20260911_024913/runs/PCA+KMeans/breast_cancer_coimbra/seed42/run.json,830
/data/luolie/ToPoGate/result/topogate_baseline_transductive_default_20260911_024913/runs/PCA+KMeans/breast_cancer_coimbra/seed7/predictions.npy,592
/data/luolie/ToPoGate/result/topogate_baseline_transductive_default_20260911_024913/runs/PCA+KMeans/breast_cancer_coimbra/seed7/run.json,829
/data/luolie/ToPoGate/result/topogate_baseline_transductive_default_20260911_024913/runs/PCA+KMeans/breast_cancer_wisconsin_original/seed123/predictions.npy,2860
/data/luolie/ToPoGate/result/topogate_baseline_transductive_default_20260911_024913/runs/PCA+KMeans/breast_cancer_wisconsin_original/seed123/run.json,848
/data/luolie/ToPoGate/result/topogate_baseline_transductive_default_20260911_024913/runs/PCA+KMeans/breast_cancer_wisconsin_original/seed42/predictions.npy,2860
/data/luolie/ToPoGate/result/topogate_baseline_transductive_default_20260911_024913/runs/PCA+KMeans/breast_cancer_wisconsin_original/seed42/run.json,846
/data/luolie/ToPoGate/result/topogate_baseline_transductive_default_20260911_024913/runs/PCA+KMeans/breast_cancer_wisconsin_original/seed7/predictions.npy,2860
/data/luolie/ToPoGate/result/topogate_baseline_transductive_default_20260911_024913/runs/PCA+KMeans/breast_cancer_wisconsin_original/seed7/run.json,844
/data/luolie/ToPoGate/result/topogate_baseline_transductive_default_20260911_024913/runs/PCA+KMeans/breast_cancer_wisconsin_prognostic/seed123/predictions.npy,2404
/data/luolie/ToPoGate/result/topogate_baseline_transductive_default_20260911_024913/runs/PCA+KMeans/breast_cancer_wisconsin_prognostic/seed123/run.json,853
/data/luolie/ToPoGate/result/topogate_baseline_transductive_default_20260911_024913/runs/PCA+KMeans/breast_cancer_wisconsin_prognostic/seed42/predictions.npy,2404
/data/luolie/ToPoGate/result/topogate_baseline_transductive_default_20260911_024913/runs/PCA+KMeans/breast_cancer_wisconsin_prognostic/seed42/run.json,851
/data/luolie/ToPoGate/result/topogate_baseline_transductive_default_20260911_024913/runs/PCA+KMeans/breast_cancer_wisconsin_prognostic/seed7/predictions.npy,2404
/data/luolie/ToPoGate/result/topogate_baseline_transductive_default_20260911_024913/runs/PCA+KMeans/breast_cancer_wisconsin_prognostic/seed7/run.json,847
/data/luolie/ToPoGate/result/topogate_baseline_transductive_default_20260911_024913/runs/PCA+KMeans/breast_tissue/seed123/predictions.npy,552
/data/luolie/ToPoGate/result/topogate_baseline_transductive_default_20260911_024913/runs/PCA+KMeans/breast_tissue/seed123/run.json,811
/data/luolie/ToPoGate/result/topogate_baseline_transductive_default_20260911_024913/runs/PCA+KMeans/breast_tissue/seed42/predictions.npy,552
/data/luolie/ToPoGate/result/topogate_baseline_transductive_default_20260911_024913/runs/PCA+KMeans/breast_tissue/seed42/run.json,810
/data/luolie/ToPoGate/result/topogate_baseline_transductive_default_20260911_024913/runs/PCA+KMeans/breast_tissue/seed7/predictions.npy,552
/data/luolie/ToPoGate/result/topogate_baseline_transductive_default_20260911_024913/runs/PCA+KMeans/breast_tissue/seed7/run.json,807
/data/luolie/ToPoGate/result/topogate_baseline_transductive_default_20260911_024913/runs/PCA+KMeans/cardiovascular_study/seed123/predictions.npy,11836
/data/luolie/ToPoGate/result/topogate_baseline_transductive_default_20260911_024913/runs/PCA+KMeans/cardiovascular_study/seed123/run.json,828
/data/luolie/ToPoGate/result/topogate_baseline_transductive_default_20260911_024913/runs/PCA+KMeans/cardiovascular_study/seed42/predictions.npy,11836
/data/luolie/ToPoGate/result/topogate_baseline_transductive_default_20260911_024913/runs/PCA+KMeans/cardiovascular_study/seed42/run.json,826
/data/luolie/ToPoGate/result/topogate_baseline_transductive_default_20260911_024913/runs/PCA+KMeans/cardiovascular_study/seed7/predictions.npy,11836
/data/luolie/ToPoGate/result/topogate_baseline_transductive_default_20260911_024913/runs/PCA+KMeans/cardiovascular_study/seed7/run.json,824
/data/luolie/ToPoGate/result/topogate_baseline_transductive_default_20260911_024913/runs/PCA+KMeans/cifar10/seed123/predictions.npy,13128
/data/luolie/ToPoGate/result/topogate_baseline_transductive_default_20260911_024913/runs/PCA+KMeans/cifar10/seed123/run.json,803
/data/luolie/ToPoGate/result/topogate_baseline_transductive_default_20260911_024913/runs/PCA+KMeans/cifar10/seed42/predictions.npy,13128
/data/luolie/ToPoGate/result/topogate_baseline_transductive_default_20260911_024913/runs/PCA+KMeans/cifar10/seed42/run.json,786
/data/luolie/ToPoGate/result/topogate_baseline_transductive_default_20260911_024913/runs/PCA+KMeans/cifar10/seed7/predictions.npy,13128
/data/luolie/ToPoGate/result/topogate_baseline_transductive_default_20260911_024913/runs/PCA+KMeans/cifar10/seed7/run.json,801
/data/luolie/ToPoGate/result/topogate_baseline_transductive_default_20260911_024913/runs/PCA+KMeans/classification_in_asteroseismology/seed123/predictions.npy,4132
/data/luolie/ToPoGate/result/topogate_baseline_transductive_default_20260911_024913/runs/PCA+KMeans/classification_in_asteroseismology/seed123/run.json,852
/data/luolie/ToPoGate/result/topogate_baseline_transductive_default_20260911_024913/runs/PCA+KMeans/classification_in_asteroseismology/seed42/predictions.npy,4132
/data/luolie/ToPoGate/result/topogate_baseline_transductive_default_20260911_024913/runs/PCA+KMeans/classification_in_asteroseismology/seed42/run.json,849
/data/luolie/ToPoGate/result/topogate_baseline_transductive_default_20260911_024913/runs/PCA+KMeans/classification_in_asteroseismology/seed7/predictions.npy,4132
/data/luolie/ToPoGate/result/topogate_baseline_transductive_default_20260911_024913/runs/PCA+KMeans/classification_in_asteroseismology/seed7/run.json,848
/data/luolie/ToPoGate/result/topogate_baseline_transductive_default_20260911_024913/runs/PCA+KMeans/cnae9/seed123/predictions.npy,4448
/data/luolie/ToPoGate/result/topogate_baseline_transductive_default_20260911_024913/runs/PCA+KMeans/cnae9/seed123/run.json,804
/data/luolie/ToPoGate/result/topogate_baseline_transductive_default_20260911_024913/runs/PCA+KMeans/cnae9/seed42/predictions.npy,4448
/data/luolie/ToPoGate/result/topogate_baseline_transductive_default_20260911_024913/runs/PCA+KMeans/cnae9/seed42/run.json,801
/data/luolie/ToPoGate/result/topogate_baseline_transductive_default_20260911_024913/runs/PCA+KMeans/cnae9/seed7/predictions.npy,4448
/data/luolie/ToPoGate/result/topogate_baseline_transductive_default_20260911_024913/runs/PCA+KMeans/cnae9/seed7/run.json,799
/data/luolie/ToPoGate/result/topogate_baseline_transductive_default_20260911_024913/runs/PCA+KMeans/coil20/seed123/predictions.npy,5888
/data/luolie/ToPoGate/result/topogate_baseline_transductive_default_20260911_024913/runs/PCA+KMeans/coil20/seed123/run.json,800
/data/luolie/ToPoGate/result/topogate_baseline_transductive_default_20260911_024913/runs/PCA+KMeans/coil20/seed42/predictions.npy,5888
/data/luolie/ToPoGate/result/topogate_baseline_transductive_default_20260911_024913/runs/PCA+KMeans/coil20/seed42/run.json,786
/data/luolie/ToPoGate/result/topogate_baseline_transductive_default_20260911_024913/runs/PCA+KMeans/coil20/seed7/predictions.npy,5888
/data/luolie/ToPoGate/result/topogate_baseline_transductive_default_20260911_024913/runs/PCA+KMeans/coil20/seed7/run.json,796
/data/luolie/ToPoGate/result/topogate_baseline_transductive_default_20260911_024913/runs/PCA+KMeans/credit_risk_classification/seed123/predictions.npy,4032
/data/luolie/ToPoGate/result/topogate_baseline_transductive_default_20260911_024913/runs/PCA+KMeans/credit_risk_classification/seed123/run.json,841
/data/luolie/ToPoGate/result/topogate_baseline_transductive_default_20260911_024913/runs/PCA+KMeans/credit_risk_classification/seed42/predictions.npy,4032
/data/luolie/ToPoGate/result/topogate_baseline_transductive_default_20260911_024913/runs/PCA+KMeans/credit_risk_classification/seed42/run.json,840
/data/luolie/ToPoGate/result/topogate_baseline_transductive_default_20260911_024913/runs/PCA+KMeans/credit_risk_classification/seed7/predictions.npy,4032
/data/luolie/ToPoGate/result/topogate_baseline_transductive_default_20260911_024913/runs/PCA+KMeans/credit_risk_classification/seed7/run.json,838
/data/luolie/ToPoGate/result/topogate_baseline_transductive_default_20260911_024913/runs/PCA+KMeans/crowdsourced_mapping/seed123/predictions.npy,40116
/data/luolie/ToPoGate/result/topogate_baseline_transductive_default_20260911_024913/runs/PCA+KMeans/crowdsourced_mapping/seed123/run.json,826
/data/luolie/ToPoGate/result/topogate_baseline_transductive_default_20260911_024913/runs/PCA+KMeans/crowdsourced_mapping/seed42/predictions.npy,40116
/data/luolie/ToPoGate/result/topogate_baseline_transductive_default_20260911_024913/runs/PCA+KMeans/crowdsourced_mapping/seed42/run.json,826
/data/luolie/ToPoGate/result/topogate_baseline_transductive_default_20260911_024913/runs/PCA+KMeans/crowdsourced_mapping/seed7/predictions.npy,40116
/data/luolie/ToPoGate/result/topogate_baseline_transductive_default_20260911_024913/runs/PCA+KMeans/crowdsourced_mapping/seed7/run.json,824
/data/luolie/ToPoGate/result/topogate_baseline_transductive_default_20260911_024913/runs/PCA+KMeans/customer_classification/seed123/predictions.npy,4128
/data/luolie/ToPoGate/result/topogate_baseline_transductive_default_20260911_024913/runs/PCA+KMeans/customer_classification/seed123/run.json,823
/data/luolie/ToPoGate/result/topogate_baseline_transductive_default_20260911_024913/runs/PCA+KMeans/customer_classification/seed42/predictions.npy,4128
/data/luolie/ToPoGate/result/topogate_baseline_transductive_default_20260911_024913/runs/PCA+KMeans/customer_classification/seed42/run.json,822
/data/luolie/ToPoGate/result/topogate_baseline_transductive_default_20260911_024913/runs/PCA+KMeans/customer_classification/seed7/predictions.npy,4128
/data/luolie/ToPoGate/result/topogate_baseline_transductive_default_20260911_024913/runs/PCA+KMeans/customer_classification/seed7/run.json,817
/data/luolie/ToPoGate/result/topogate_baseline_transductive_default_20260911_024913/runs/PCA+KMeans/date_fruit/seed123/predictions.npy,3720
/data/luolie/ToPoGate/result/topogate_baseline_transductive_default_20260911_024913/runs/PCA+KMeans/date_fruit/seed123/run.json,807
/data/luolie/ToPoGate/result/topogate_baseline_transductive_default_20260911_024913/runs/PCA+KMeans/date_fruit/seed42/predictions.npy,3720
/data/luolie/ToPoGate/result/topogate_baseline_transductive_default_20260911_024913/runs/PCA+KMeans/date_fruit/seed42/run.json,803
/data/luolie/ToPoGate/result/topogate_baseline_transductive_default_20260911_024913/runs/PCA+KMeans/date_fruit/seed7/predictions.npy,3720
/data/luolie/ToPoGate/result/topogate_baseline_transductive_default_20260911_024913/runs/PCA+KMeans/date_fruit/seed7/run.json,802
/data/luolie/ToPoGate/result/topogate_baseline_transductive_default_20260911_024913/runs/PCA+KMeans/dermatology/seed123/predictions.npy,1560
/data/luolie/ToPoGate/result/topogate_baseline_transductive_default_20260911_024913/runs/PCA+KMeans/dermatology/seed123/run.json,807
/data/luolie/ToPoGate/result/topogate_baseline_transductive_default_20260911_024913/runs/PCA+KMeans/dermatology/seed42/predictions.npy,1560
/data/luolie/ToPoGate/result/topogate_baseline_transductive_default_20260911_024913/runs/PCA+KMeans/dermatology/seed42/run.json,806
/data/luolie/ToPoGate/result/topogate_baseline_transductive_default_20260911_024913/runs/PCA+KMeans/dermatology/seed7/predictions.npy,1560
/data/luolie/ToPoGate/result/topogate_baseline_transductive_default_20260911_024913/runs/PCA+KMeans/dermatology/seed7/run.json,803
/data/luolie/ToPoGate/result/topogate_baseline_transductive_default_20260911_024913/runs/PCA+KMeans/diabetic_retinopathy_debrecen/seed123/predictions.npy,4732
/data/luolie/ToPoGate/result/topogate_baseline_transductive_default_20260911_024913/runs/PCA+KMeans/diabetic_retinopathy_debrecen/seed123/run.json,850
/data/luolie/ToPoGate/result/topogate_baseline_transductive_default_20260911_024913/runs/PCA+KMeans/diabetic_retinopathy_debrecen/seed42/predictions.npy,4732
/data/luolie/ToPoGate/result/topogate_baseline_transductive_default_20260911_024913/runs/PCA+KMeans/diabetic_retinopathy_debrecen/seed42/run.json,848
/data/luolie/ToPoGate/result/topogate_baseline_transductive_default_20260911_024913/runs/PCA+KMeans/diabetic_retinopathy_debrecen/seed7/predictions.npy,4732
/data/luolie/ToPoGate/result/topogate_baseline_transductive_default_20260911_024913/runs/PCA+KMeans/diabetic_retinopathy_debrecen/seed7/run.json,845
/data/luolie/ToPoGate/result/topogate_baseline_transductive_default_20260911_024913/runs/PCA+KMeans/dilbert/seed123/predictions.npy,40128
/data/luolie/ToPoGate/result/topogate_baseline_transductive_default_20260911_024913/runs/PCA+KMeans/dilbert/seed123/run.json,791
/data/luolie/ToPoGate/result/topogate_baseline_transductive_default_20260911_024913/runs/PCA+KMeans/dilbert/seed42/predictions.npy,40128
/data/luolie/ToPoGate/result/topogate_baseline_transductive_default_20260911_024913/runs/PCA+KMeans/dilbert/seed42/run.json,790
/data/luolie/ToPoGate/result/topogate_baseline_transductive_default_20260911_024913/runs/PCA+KMeans/dilbert/seed7/predictions.npy,40128
/data/luolie/ToPoGate/result/topogate_baseline_transductive_default_20260911_024913/runs/PCA+KMeans/dilbert/seed7/run.json,786
/data/luolie/ToPoGate/result/topogate_baseline_transductive_default_20260911_024913/runs/PCA+KMeans/dry_bean/seed123/predictions.npy,40116
/data/luolie/ToPoGate/result/topogate_baseline_transductive_default_20260911_024913/runs/PCA+KMeans/dry_bean/seed123/run.json,801
/data/luolie/ToPoGate/result/topogate_baseline_transductive_default_20260911_024913/runs/PCA+KMeans/dry_bean/seed42/predictions.npy,40116
/data/luolie/ToPoGate/result/topogate_baseline_transductive_default_20260911_024913/runs/PCA+KMeans/dry_bean/seed42/run.json,799
/data/luolie/ToPoGate/result/topogate_baseline_transductive_default_20260911_024913/runs/PCA+KMeans/dry_bean/seed7/predictions.npy,40116
/data/luolie/ToPoGate/result/topogate_baseline_transductive_default_20260911_024913/runs/PCA+KMeans/dry_bean/seed7/run.json,794
/data/luolie/ToPoGate/result/topogate_baseline_transductive_default_20260911_024913/runs/PCA+KMeans/durum_wheat_features/seed123/predictions.npy,36128
/data/luolie/ToPoGate/result/topogate_baseline_transductive_default_20260911_024913/runs/PCA+KMeans/durum_wheat_features/seed123/run.json,827
/data/luolie/ToPoGate/result/topogate_baseline_transductive_default_20260911_024913/runs/PCA+KMeans/durum_wheat_features/seed42/predictions.npy,36128
/data/luolie/ToPoGate/result/topogate_baseline_transductive_default_20260911_024913/runs/PCA+KMeans/durum_wheat_features/seed42/run.json,825
/data/luolie/ToPoGate/result/topogate_baseline_transductive_default_20260911_024913/runs/PCA+KMeans/durum_wheat_features/seed7/predictions.npy,36128
/data/luolie/ToPoGate/result/topogate_baseline_transductive_default_20260911_024913/runs/PCA+KMeans/durum_wheat_features/seed7/run.json,823
/data/luolie/ToPoGate/result/topogate_baseline_transductive_default_20260911_024913/runs/PCA+KMeans/echocardiogram/seed123/predictions.npy,372
/data/luolie/ToPoGate/result/topogate_baseline_transductive_default_20260911_024913/runs/PCA+KMeans/echocardiogram/seed123/run.json,814
/data/luolie/ToPoGate/result/topogate_baseline_transductive_default_20260911_024913/runs/PCA+KMeans/echocardiogram/seed42/predictions.npy,372
/data/luolie/ToPoGate/result/topogate_baseline_transductive_default_20260911_024913/runs/PCA+KMeans/echocardiogram/seed42/run.json,811
/data/luolie/ToPoGate/result/topogate_baseline_transductive_default_20260911_024913/runs/PCA+KMeans/echocardiogram/seed7/predictions.npy,372
/data/luolie/ToPoGate/result/topogate_baseline_transductive_default_20260911_024913/runs/PCA+KMeans/echocardiogram/seed7/run.json,810
/data/luolie/ToPoGate/result/topogate_baseline_transductive_default_20260911_024913/runs/PCA+KMeans/ecoli/seed123/predictions.npy,1436
/data/luolie/ToPoGate/result/topogate_baseline_transductive_default_20260911_024913/runs/PCA+KMeans/ecoli/seed123/run.json,796
/data/luolie/ToPoGate/result/topogate_baseline_transductive_default_20260911_024913/runs/PCA+KMeans/ecoli/seed42/predictions.npy,1436
/data/luolie/ToPoGate/result/topogate_baseline_transductive_default_20260911_024913/runs/PCA+KMeans/ecoli/seed42/run.json,792
/data/luolie/ToPoGate/result/topogate_baseline_transductive_default_20260911_024913/runs/PCA+KMeans/ecoli/seed7/predictions.npy,1436
/data/luolie/ToPoGate/result/topogate_baseline_transductive_default_20260911_024913/runs/PCA+KMeans/ecoli/seed7/run.json,791
/data/luolie/ToPoGate/result/topogate_baseline_transductive_default_20260911_024913/runs/PCA+KMeans/enron/seed123/predictions.npy,40124
/data/luolie/ToPoGate/result/topogate_baseline_transductive_default_20260911_024913/runs/PCA+KMeans/enron/seed123/run.json,796
/data/luolie/ToPoGate/result/topogate_baseline_transductive_default_20260911_024913/runs/PCA+KMeans/enron/seed42/predictions.npy,40124
/data/luolie/ToPoGate/result/topogate_baseline_transductive_default_20260911_024913/runs/PCA+KMeans/enron/seed42/run.json,793
/data/luolie/ToPoGate/result/topogate_baseline_transductive_default_20260911_024913/runs/PCA+KMeans/enron/seed7/predictions.npy,40124
/data/luolie/ToPoGate/result/topogate_baseline_transductive_default_20260911_024913/runs/PCA+KMeans/enron/seed7/run.json,792
/data/luolie/ToPoGate/result/topogate_baseline_transductive_default_20260911_024913/runs/PCA+KMeans/epileptic_seizure_recognition/seed123/predictions.npy,23128
/data/luolie/ToPoGate/result/topogate_baseline_transductive_default_20260911_024913/runs/PCA+KMeans/epileptic_seizure_recognition/seed123/run.json,846
/data/luolie/ToPoGate/result/topogate_baseline_transductive_default_20260911_024913/runs/PCA+KMeans/epileptic_seizure_recognition/seed42/predictions.npy,23128
/data/luolie/ToPoGate/result/topogate_baseline_transductive_default_20260911_024913/runs/PCA+KMeans/epileptic_seizure_recognition/seed42/run.json,846
/data/luolie/ToPoGate/result/topogate_baseline_transductive_default_20260911_024913/runs/PCA+KMeans/epileptic_seizure_recognition/seed7/predictions.npy,23128
/data/luolie/ToPoGate/result/topogate_baseline_transductive_default_20260911_024913/runs/PCA+KMeans/epileptic_seizure_recognition/seed7/run.json,845
/data/luolie/ToPoGate/result/topogate_baseline_transductive_default_20260911_024913/runs/PCA+KMeans/extyaleb/seed123/predictions.npy,1404
/data/luolie/ToPoGate/result/topogate_baseline_transductive_default_20260911_024913/runs/PCA+KMeans/extyaleb/seed123/run.json,804
/data/luolie/ToPoGate/result/topogate_baseline_transductive_default_20260911_024913/runs/PCA+KMeans/extyaleb/seed42/predictions.npy,1404
/data/luolie/ToPoGate/result/topogate_baseline_transductive_default_20260911_024913/runs/PCA+KMeans/extyaleb/seed42/run.json,801
/data/luolie/ToPoGate/result/topogate_baseline_transductive_default_20260911_024913/runs/PCA+KMeans/extyaleb/seed7/predictions.npy,1404
/data/luolie/ToPoGate/result/topogate_baseline_transductive_default_20260911_024913/runs/PCA+KMeans/extyaleb/seed7/run.json,800
/data/luolie/ToPoGate/result/topogate_baseline_transductive_default_20260911_024913/runs/PCA+KMeans/fabert/seed123/predictions.npy,33076
/data/luolie/ToPoGate/result/topogate_baseline_transductive_default_20260911_024913/runs/PCA+KMeans/fabert/seed123/run.json,803
/data/luolie/ToPoGate/result/topogate_baseline_transductive_default_20260911_024913/runs/PCA+KMeans/fabert/seed42/predictions.npy,33076
/data/luolie/ToPoGate/result/topogate_baseline_transductive_default_20260911_024913/runs/PCA+KMeans/fabert/seed42/run.json,800
/data/luolie/ToPoGate/result/topogate_baseline_transductive_default_20260911_024913/runs/PCA+KMeans/fabert/seed7/predictions.npy,33076
/data/luolie/ToPoGate/result/topogate_baseline_transductive_default_20260911_024913/runs/PCA+KMeans/fabert/seed7/run.json,799
/data/luolie/ToPoGate/result/topogate_baseline_transductive_default_20260911_024913/runs/PCA+KMeans/fashion_mnist/seed123/predictions.npy,12128
/data/luolie/ToPoGate/result/topogate_baseline_transductive_default_20260911_024913/runs/PCA+KMeans/fashion_mnist/seed123/run.json,811
/data/luolie/ToPoGate/result/topogate_baseline_transductive_default_20260911_024913/runs/PCA+KMeans/fashion_mnist/seed42/predictions.npy,12128
/data/luolie/ToPoGate/result/topogate_baseline_transductive_default_20260911_024913/runs/PCA+KMeans/fashion_mnist/seed42/run.json,810
/data/luolie/ToPoGate/result/topogate_baseline_transductive_default_20260911_024913/runs/PCA+KMeans/fashion_mnist/seed7/predictions.npy,12128
/data/luolie/ToPoGate/result/topogate_baseline_transductive_default_20260911_024913/runs/PCA+KMeans/fashion_mnist/seed7/run.json,796
/data/luolie/ToPoGate/result/topogate_baseline_transductive_default_20260911_024913/runs/PCA+KMeans/fbis.wc/seed123/predictions.npy,8912
/data/luolie/ToPoGate/result/topogate_baseline_transductive_default_20260911_024913/runs/PCA+KMeans/fbis.wc/seed123/run.json,805
/data/luolie/ToPoGate/result/topogate_baseline_transductive_default_20260911_024913/runs/PCA+KMeans/fbis.wc/seed42/predictions.npy,8912
/data/luolie/ToPoGate/result/topogate_baseline_transductive_default_20260911_024913/runs/PCA+KMeans/fbis.wc/seed42/run.json,807
/data/luolie/ToPoGate/result/topogate_baseline_transductive_default_20260911_024913/runs/PCA+KMeans/fbis.wc/seed7/predictions.npy,8912
/data/luolie/ToPoGate/result/topogate_baseline_transductive_default_20260911_024913/runs/PCA+KMeans/fbis.wc/seed7/run.json,803
/data/luolie/ToPoGate/result/topogate_baseline_transductive_default_20260911_024913/runs/PCA+KMeans/fetal_health_classification/seed123/predictions.npy,8632
/data/luolie/ToPoGate/result/topogate_baseline_transductive_default_20260911_024913/runs/PCA+KMeans/fetal_health_classification/seed123/run.json,841
/data/luolie/ToPoGate/result/topogate_baseline_transductive_default_20260911_024913/runs/PCA+KMeans/fetal_health_classification/seed42/predictions.npy,8632
/data/luolie/ToPoGate/result/topogate_baseline_transductive_default_20260911_024913/runs/PCA+KMeans/fetal_health_classification/seed42/run.json,839
/data/luolie/ToPoGate/result/topogate_baseline_transductive_default_20260911_024913/runs/PCA+KMeans/fetal_health_classification/seed7/predictions.npy,8632
/data/luolie/ToPoGate/result/topogate_baseline_transductive_default_20260911_024913/runs/PCA+KMeans/fetal_health_classification/seed7/run.json,837
/data/luolie/ToPoGate/result/topogate_baseline_transductive_default_20260911_024913/runs/PCA+KMeans/first-order-theorem-proving/seed123/predictions.npy,24600
/data/luolie/ToPoGate/result/topogate_baseline_transductive_default_20260911_024913/runs/PCA+KMeans/first-order-theorem-proving/seed123/run.json,844
/data/luolie/ToPoGate/result/topogate_baseline_transductive_default_20260911_024913/runs/PCA+KMeans/first-order-theorem-proving/seed42/predictions.npy,24600
/data/luolie/ToPoGate/result/topogate_baseline_transductive_default_20260911_024913/runs/PCA+KMeans/first-order-theorem-proving/seed42/run.json,841
/data/luolie/ToPoGate/result/topogate_baseline_transductive_default_20260911_024913/runs/PCA+KMeans/first-order-theorem-proving/seed7/predictions.npy,24600
/data/luolie/ToPoGate/result/topogate_baseline_transductive_default_20260911_024913/runs/PCA+KMeans/first-order-theorem-proving/seed7/run.json,839
/data/luolie/ToPoGate/result/topogate_baseline_transductive_default_20260911_024913/runs/PCA+KMeans/flickr_material_database/seed123/predictions.npy,4116
/data/luolie/ToPoGate/result/topogate_baseline_transductive_default_20260911_024913/runs/PCA+KMeans/flickr_material_database/seed123/run.json,837
/data/luolie/ToPoGate/result/topogate_baseline_transductive_default_20260911_024913/runs/PCA+KMeans/flickr_material_database/seed42/predictions.npy,4116
/data/luolie/ToPoGate/result/topogate_baseline_transductive_default_20260911_024913/runs/PCA+KMeans/flickr_material_database/seed42/run.json,832
/data/luolie/ToPoGate/result/topogate_baseline_transductive_default_20260911_024913/runs/PCA+KMeans/flickr_material_database/seed7/predictions.npy,4116
/data/luolie/ToPoGate/result/topogate_baseline_transductive_default_20260911_024913/runs/PCA+KMeans/flickr_material_database/seed7/run.json,833
/data/luolie/ToPoGate/result/topogate_baseline_transductive_default_20260911_024913/runs/PCA+KMeans/fraud_detection_bank/seed123/predictions.npy,40124
/data/luolie/ToPoGate/result/topogate_baseline_transductive_default_20260911_024913/runs/PCA+KMeans/fraud_detection_bank/seed123/run.json,834
/data/luolie/ToPoGate/result/topogate_baseline_transductive_default_20260911_024913/runs/PCA+KMeans/fraud_detection_bank/seed42/predictions.npy,40124
/data/luolie/ToPoGate/result/topogate_baseline_transductive_default_20260911_024913/runs/PCA+KMeans/fraud_detection_bank/seed42/run.json,831
/data/luolie/ToPoGate/result/topogate_baseline_transductive_default_20260911_024913/runs/PCA+KMeans/fraud_detection_bank/seed7/predictions.npy,40124
/data/luolie/ToPoGate/result/topogate_baseline_transductive_default_20260911_024913/runs/PCA+KMeans/fraud_detection_bank/seed7/run.json,830
/data/luolie/ToPoGate/result/topogate_baseline_transductive_default_20260911_024913/runs/PCA+KMeans/gas-drift/seed123/predictions.npy,40128
/data/luolie/ToPoGate/result/topogate_baseline_transductive_default_20260911_024913/runs/PCA+KMeans/gas-drift/seed123/run.json,795
/data/luolie/ToPoGate/result/topogate_baseline_transductive_default_20260911_024913/runs/PCA+KMeans/gas-drift/seed42/predictions.npy,40128
/data/luolie/ToPoGate/result/topogate_baseline_transductive_default_20260911_024913/runs/PCA+KMeans/gas-drift/seed42/run.json,791
/data/luolie/ToPoGate/result/topogate_baseline_transductive_default_20260911_024913/runs/PCA+KMeans/gas-drift/seed7/predictions.npy,40128
/data/luolie/ToPoGate/result/topogate_baseline_transductive_default_20260911_024913/runs/PCA+KMeans/gas-drift/seed7/run.json,790
/data/luolie/ToPoGate/result/topogate_baseline_transductive_default_20260911_024913/runs/PCA+KMeans/gina_prior2/seed123/predictions.npy,14000
/data/luolie/ToPoGate/result/topogate_baseline_transductive_default_20260911_024913/runs/PCA+KMeans/gina_prior2/seed123/run.json,808
/data/luolie/ToPoGate/result/topogate_baseline_transductive_default_20260911_024913/runs/PCA+KMeans/gina_prior2/seed42/predictions.npy,14000
/data/luolie/ToPoGate/result/topogate_baseline_transductive_default_20260911_024913/runs/PCA+KMeans/gina_prior2/seed42/run.json,810
/data/luolie/ToPoGate/result/topogate_baseline_transductive_default_20260911_024913/runs/PCA+KMeans/gina_prior2/seed7/predictions.npy,14000
/data/luolie/ToPoGate/result/topogate_baseline_transductive_default_20260911_024913/runs/PCA+KMeans/gina_prior2/seed7/run.json,806
/data/luolie/ToPoGate/result/topogate_baseline_transductive_default_20260911_024913/runs/PCA+KMeans/glass_identification/seed123/predictions.npy,984
/data/luolie/ToPoGate/result/topogate_baseline_transductive_default_20260911_024913/runs/PCA+KMeans/glass_identification/seed123/run.json,826
/data/luolie/ToPoGate/result/topogate_baseline_transductive_default_20260911_024913/runs/PCA+KMeans/glass_identification/seed42/predictions.npy,984
/data/luolie/ToPoGate/result/topogate_baseline_transductive_default_20260911_024913/runs/PCA+KMeans/glass_identification/seed42/run.json,823
/data/luolie/ToPoGate/result/topogate_baseline_transductive_default_20260911_024913/runs/PCA+KMeans/glass_identification/seed7/predictions.npy,984
/data/luolie/ToPoGate/result/topogate_baseline_transductive_default_20260911_024913/runs/PCA+KMeans/glass_identification/seed7/run.json,824
/data/luolie/ToPoGate/result/topogate_baseline_transductive_default_20260911_024913/runs/PCA+KMeans/har/seed123/predictions.npy,3068
/data/luolie/ToPoGate/result/topogate_baseline_transductive_default_20260911_024913/runs/PCA+KMeans/har/seed123/run.json,792
/data/luolie/ToPoGate/result/topogate_baseline_transductive_default_20260911_024913/runs/PCA+KMeans/har/seed42/predictions.npy,3068
/data/luolie/ToPoGate/result/topogate_baseline_transductive_default_20260911_024913/runs/PCA+KMeans/har/seed42/run.json,791
/data/luolie/ToPoGate/result/topogate_baseline_transductive_default_20260911_024913/runs/PCA+KMeans/har/seed7/predictions.npy,3068
/data/luolie/ToPoGate/result/topogate_baseline_transductive_default_20260911_024913/runs/PCA+KMeans/har/seed7/run.json,791
/data/luolie/ToPoGate/result/topogate_baseline_transductive_default_20260911_024913/runs/PCA+KMeans/harbermans_survival/seed123/predictions.npy,1352
/data/luolie/ToPoGate/result/topogate_baseline_transductive_default_20260911_024913/runs/PCA+KMeans/harbermans_survival/seed123/run.json,830
/data/luolie/ToPoGate/result/topogate_baseline_transductive_default_20260911_024913/runs/PCA+KMeans/harbermans_survival/seed42/predictions.npy,1352
/data/luolie/ToPoGate/result/topogate_baseline_transductive_default_20260911_024913/runs/PCA+KMeans/harbermans_survival/seed42/run.json,828
/data/luolie/ToPoGate/result/topogate_baseline_transductive_default_20260911_024913/runs/PCA+KMeans/harbermans_survival/seed7/predictions.npy,1352
/data/luolie/ToPoGate/result/topogate_baseline_transductive_default_20260911_024913/runs/PCA+KMeans/harbermans_survival/seed7/run.json,826
/data/luolie/ToPoGate/result/topogate_baseline_transductive_default_20260911_024913/runs/PCA+KMeans/hate_speech/seed123/predictions.npy,13012
/data/luolie/ToPoGate/result/topogate_baseline_transductive_default_20260911_024913/runs/PCA+KMeans/hate_speech/seed123/run.json,814
/data/luolie/ToPoGate/result/topogate_baseline_transductive_default_20260911_024913/runs/PCA+KMeans/hate_speech/seed42/predictions.npy,13012
/data/luolie/ToPoGate/result/topogate_baseline_transductive_default_20260911_024913/runs/PCA+KMeans/hate_speech/seed42/run.json,806
/data/luolie/ToPoGate/result/topogate_baseline_transductive_default_20260911_024913/runs/PCA+KMeans/hate_speech/seed7/predictions.npy,13012
/data/luolie/ToPoGate/result/topogate_baseline_transductive_default_20260911_024913/runs/PCA+KMeans/hate_speech/seed7/run.json,807
/data/luolie/ToPoGate/result/topogate_baseline_transductive_default_20260911_024913/runs/PCA+KMeans/heart_attack_analysis_prediction_dataset/seed123/predictions.npy,1340
/data/luolie/ToPoGate/result/topogate_baseline_transductive_default_20260911_024913/runs/PCA+KMeans/heart_attack_analysis_prediction_dataset/seed123/run.json,866
/data/luolie/ToPoGate/result/topogate_baseline_transductive_default_20260911_024913/runs/PCA+KMeans/heart_attack_analysis_prediction_dataset/seed42/predictions.npy,1340
/data/luolie/ToPoGate/result/topogate_baseline_transductive_default_20260911_024913/runs/PCA+KMeans/heart_attack_analysis_prediction_dataset/seed42/run.json,864
/data/luolie/ToPoGate/result/topogate_baseline_transductive_default_20260911_024913/runs/PCA+KMeans/heart_attack_analysis_prediction_dataset/seed7/predictions.npy,1340
/data/luolie/ToPoGate/result/topogate_baseline_transductive_default_20260911_024913/runs/PCA+KMeans/heart_attack_analysis_prediction_dataset/seed7/run.json,864
/data/luolie/ToPoGate/result/topogate_baseline_transductive_default_20260911_024913/runs/PCA+KMeans/heart_disease/seed123/predictions.npy,1316
/data/luolie/ToPoGate/result/topogate_baseline_transductive_default_20260911_024913/runs/PCA+KMeans/heart_disease/seed123/run.json,815
/data/luolie/ToPoGate/result/topogate_baseline_transductive_default_20260911_024913/runs/PCA+KMeans/heart_disease/seed42/predictions.npy,1316
/data/luolie/ToPoGate/result/topogate_baseline_transductive_default_20260911_024913/runs/PCA+KMeans/heart_disease/seed42/run.json,812
/data/luolie/ToPoGate/result/topogate_baseline_transductive_default_20260911_024913/runs/PCA+KMeans/heart_disease/seed7/predictions.npy,1316
/data/luolie/ToPoGate/result/topogate_baseline_transductive_default_20260911_024913/runs/PCA+KMeans/heart_disease/seed7/run.json,809
/data/luolie/ToPoGate/result/topogate_baseline_transductive_default_20260911_024913/runs/PCA+KMeans/hepatitis/seed123/predictions.npy,448
/data/luolie/ToPoGate/result/topogate_baseline_transductive_default_20260911_024913/runs/PCA+KMeans/hepatitis/seed123/run.json,793
/data/luolie/ToPoGate/result/topogate_baseline_transductive_default_20260911_024913/runs/PCA+KMeans/hepatitis/seed42/predictions.npy,448
/data/luolie/ToPoGate/result/topogate_baseline_transductive_default_20260911_024913/runs/PCA+KMeans/hepatitis/seed42/run.json,790
/data/luolie/ToPoGate/result/topogate_baseline_transductive_default_20260911_024913/runs/PCA+KMeans/hepatitis/seed7/predictions.npy,448
/data/luolie/ToPoGate/result/topogate_baseline_transductive_default_20260911_024913/runs/PCA+KMeans/hepatitis/seed7/run.json,788
/data/luolie/ToPoGate/result/topogate_baseline_transductive_default_20260911_024913/runs/PCA+KMeans/htru2/seed123/predictions.npy,40124
/data/luolie/ToPoGate/result/topogate_baseline_transductive_default_20260911_024913/runs/PCA+KMeans/htru2/seed123/run.json,793
/data/luolie/ToPoGate/result/topogate_baseline_transductive_default_20260911_024913/runs/PCA+KMeans/htru2/seed42/predictions.npy,40124
/data/luolie/ToPoGate/result/topogate_baseline_transductive_default_20260911_024913/runs/PCA+KMeans/htru2/seed42/run.json,794
/data/luolie/ToPoGate/result/topogate_baseline_transductive_default_20260911_024913/runs/PCA+KMeans/htru2/seed7/predictions.npy,40124
/data/luolie/ToPoGate/result/topogate_baseline_transductive_default_20260911_024913/runs/PCA+KMeans/htru2/seed7/run.json,792
/data/luolie/ToPoGate/result/topogate_baseline_transductive_default_20260911_024913/runs/PCA+KMeans/human_stress_detection/seed123/predictions.npy,8132
/data/luolie/ToPoGate/result/topogate_baseline_transductive_default_20260911_024913/runs/PCA+KMeans/human_stress_detection/seed123/run.json,830
/data/luolie/ToPoGate/result/topogate_baseline_transductive_default_20260911_024913/runs/PCA+KMeans/human_stress_detection/seed42/predictions.npy,8132
/data/luolie/ToPoGate/result/topogate_baseline_transductive_default_20260911_024913/runs/PCA+KMeans/human_stress_detection/seed42/run.json,826
/data/luolie/ToPoGate/result/topogate_baseline_transductive_default_20260911_024913/runs/PCA+KMeans/human_stress_detection/seed7/predictions.npy,8132
/data/luolie/ToPoGate/result/topogate_baseline_transductive_default_20260911_024913/runs/PCA+KMeans/human_stress_detection/seed7/run.json,823
/data/luolie/ToPoGate/result/topogate_baseline_transductive_default_20260911_024913/runs/PCA+KMeans/image_segmentation/seed123/predictions.npy,968
/data/luolie/ToPoGate/result/topogate_baseline_transductive_default_20260911_024913/runs/PCA+KMeans/image_segmentation/seed123/run.json,821
/data/luolie/ToPoGate/result/topogate_baseline_transductive_default_20260911_024913/runs/PCA+KMeans/image_segmentation/seed42/predictions.npy,968
/data/luolie/ToPoGate/result/topogate_baseline_transductive_default_20260911_024913/runs/PCA+KMeans/image_segmentation/seed42/run.json,819
/data/luolie/ToPoGate/result/topogate_baseline_transductive_default_20260911_024913/runs/PCA+KMeans/image_segmentation/seed7/predictions.npy,968
/data/luolie/ToPoGate/result/topogate_baseline_transductive_default_20260911_024913/runs/PCA+KMeans/image_segmentation/seed7/run.json,820
/data/luolie/ToPoGate/result/topogate_baseline_transductive_default_20260911_024913/runs/PCA+KMeans/imdb/seed123/predictions.npy,13128
/data/luolie/ToPoGate/result/topogate_baseline_transductive_default_20260911_024913/runs/PCA+KMeans/imdb/seed123/run.json,782
/data/luolie/ToPoGate/result/topogate_baseline_transductive_default_20260911_024913/runs/PCA+KMeans/imdb/seed42/predictions.npy,13128
/data/luolie/ToPoGate/result/topogate_baseline_transductive_default_20260911_024913/runs/PCA+KMeans/imdb/seed42/run.json,795
/data/luolie/ToPoGate/result/topogate_baseline_transductive_default_20260911_024913/runs/PCA+KMeans/imdb/seed7/predictions.npy,13128
/data/luolie/ToPoGate/result/topogate_baseline_transductive_default_20260911_024913/runs/PCA+KMeans/imdb/seed7/run.json,793
/data/luolie/ToPoGate/result/topogate_baseline_transductive_default_20260911_024913/runs/PCA+KMeans/insurance_company_benchmark/seed123/predictions.npy,23416
/data/luolie/ToPoGate/result/topogate_baseline_transductive_default_20260911_024913/runs/PCA+KMeans/insurance_company_benchmark/seed123/run.json,843
/data/luolie/ToPoGate/result/topogate_baseline_transductive_default_20260911_024913/runs/PCA+KMeans/insurance_company_benchmark/seed42/predictions.npy,23416
/data/luolie/ToPoGate/result/topogate_baseline_transductive_default_20260911_024913/runs/PCA+KMeans/insurance_company_benchmark/seed42/run.json,842
/data/luolie/ToPoGate/result/topogate_baseline_transductive_default_20260911_024913/runs/PCA+KMeans/insurance_company_benchmark/seed7/predictions.npy,23416
/data/luolie/ToPoGate/result/topogate_baseline_transductive_default_20260911_024913/runs/PCA+KMeans/insurance_company_benchmark/seed7/run.json,839
/data/luolie/ToPoGate/result/topogate_baseline_transductive_default_20260911_024913/runs/PCA+KMeans/ionosphere/seed123/predictions.npy,1532
/data/luolie/ToPoGate/result/topogate_baseline_transductive_default_20260911_024913/runs/PCA+KMeans/ionosphere/seed123/run.json,807
/data/luolie/ToPoGate/result/topogate_baseline_transductive_default_20260911_024913/runs/PCA+KMeans/ionosphere/seed42/predictions.npy,1532
/data/luolie/ToPoGate/result/topogate_baseline_transductive_default_20260911_024913/runs/PCA+KMeans/ionosphere/seed42/run.json,805
/data/luolie/ToPoGate/result/topogate_baseline_transductive_default_20260911_024913/runs/PCA+KMeans/ionosphere/seed7/predictions.npy,1532
/data/luolie/ToPoGate/result/topogate_baseline_transductive_default_20260911_024913/runs/PCA+KMeans/ionosphere/seed7/run.json,804
/data/luolie/ToPoGate/result/topogate_baseline_transductive_default_20260911_024913/runs/PCA+KMeans/iris/seed123/predictions.npy,728
/data/luolie/ToPoGate/result/topogate_baseline_transductive_default_20260911_024913/runs/PCA+KMeans/iris/seed123/run.json,793
/data/luolie/ToPoGate/result/topogate_baseline_transductive_default_20260911_024913/runs/PCA+KMeans/iris/seed42/predictions.npy,728
/data/luolie/ToPoGate/result/topogate_baseline_transductive_default_20260911_024913/runs/PCA+KMeans/iris/seed42/run.json,792
/data/luolie/ToPoGate/result/topogate_baseline_transductive_default_20260911_024913/runs/PCA+KMeans/iris/seed7/predictions.npy,728
/data/luolie/ToPoGate/result/topogate_baseline_transductive_default_20260911_024913/runs/PCA+KMeans/iris/seed7/run.json,790
/data/luolie/ToPoGate/result/topogate_baseline_transductive_default_20260911_024913/runs/PCA+KMeans/labeled_faces_in_the_wild/seed123/predictions.npy,8928
/data/luolie/ToPoGate/result/topogate_baseline_transductive_default_20260911_024913/runs/PCA+KMeans/labeled_faces_in_the_wild/seed123/run.json,842
/data/luolie/ToPoGate/result/topogate_baseline_transductive_default_20260911_024913/runs/PCA+KMeans/labeled_faces_in_the_wild/seed42/predictions.npy,8928
/data/luolie/ToPoGate/result/topogate_baseline_transductive_default_20260911_024913/runs/PCA+KMeans/labeled_faces_in_the_wild/seed42/run.json,840
/data/luolie/ToPoGate/result/topogate_baseline_transductive_default_20260911_024913/runs/PCA+KMeans/labeled_faces_in_the_wild/seed7/predictions.npy,8928
/data/luolie/ToPoGate/result/topogate_baseline_transductive_default_20260911_024913/runs/PCA+KMeans/labeled_faces_in_the_wild/seed7/run.json,836
/data/luolie/ToPoGate/result/topogate_baseline_transductive_default_20260911_024913/runs/PCA+KMeans/letter_recognition/seed123/predictions.npy,40096
/data/luolie/ToPoGate/result/topogate_baseline_transductive_default_20260911_024913/runs/PCA+KMeans/letter_recognition/seed123/run.json,822
/data/luolie/ToPoGate/result/topogate_baseline_transductive_default_20260911_024913/runs/PCA+KMeans/letter_recognition/seed42/predictions.npy,40096
/data/luolie/ToPoGate/result/topogate_baseline_transductive_default_20260911_024913/runs/PCA+KMeans/letter_recognition/seed42/run.json,818
/data/luolie/ToPoGate/result/topogate_baseline_transductive_default_20260911_024913/runs/PCA+KMeans/letter_recognition/seed7/predictions.npy,40096
/data/luolie/ToPoGate/result/topogate_baseline_transductive_default_20260911_024913/runs/PCA+KMeans/letter_recognition/seed7/run.json,819
/data/luolie/ToPoGate/result/topogate_baseline_transductive_default_20260911_024913/runs/PCA+KMeans/magic_gamma_telescope/seed123/predictions.npy,40124
/data/luolie/ToPoGate/result/topogate_baseline_transductive_default_20260911_024913/runs/PCA+KMeans/magic_gamma_telescope/seed123/run.json,831
/data/luolie/ToPoGate/result/topogate_baseline_transductive_default_20260911_024913/runs/PCA+KMeans/magic_gamma_telescope/seed42/predictions.npy,40124
/data/luolie/ToPoGate/result/topogate_baseline_transductive_default_20260911_024913/runs/PCA+KMeans/magic_gamma_telescope/seed42/run.json,829
/data/luolie/ToPoGate/result/topogate_baseline_transductive_default_20260911_024913/runs/PCA+KMeans/magic_gamma_telescope/seed7/predictions.npy,40124
/data/luolie/ToPoGate/result/topogate_baseline_transductive_default_20260911_024913/runs/PCA+KMeans/magic_gamma_telescope/seed7/run.json,829
/data/luolie/ToPoGate/result/topogate_baseline_transductive_default_20260911_024913/runs/PCA+KMeans/mammographic_mass/seed123/predictions.npy,3448
/data/luolie/ToPoGate/result/topogate_baseline_transductive_default_20260911_024913/runs/PCA+KMeans/mammographic_mass/seed123/run.json,820
/data/luolie/ToPoGate/result/topogate_baseline_transductive_default_20260911_024913/runs/PCA+KMeans/mammographic_mass/seed42/predictions.npy,3448
/data/luolie/ToPoGate/result/topogate_baseline_transductive_default_20260911_024913/runs/PCA+KMeans/mammographic_mass/seed42/run.json,819
/data/luolie/ToPoGate/result/topogate_baseline_transductive_default_20260911_024913/runs/PCA+KMeans/mammographic_mass/seed7/predictions.npy,3448
/data/luolie/ToPoGate/result/topogate_baseline_transductive_default_20260911_024913/runs/PCA+KMeans/mammographic_mass/seed7/run.json,816
/data/luolie/ToPoGate/result/topogate_baseline_transductive_default_20260911_024913/runs/PCA+KMeans/mfeat-factors/seed123/predictions.npy,8128
/data/luolie/ToPoGate/result/topogate_baseline_transductive_default_20260911_024913/runs/PCA+KMeans/mfeat-factors/seed123/run.json,800
/data/luolie/ToPoGate/result/topogate_baseline_transductive_default_20260911_024913/runs/PCA+KMeans/mfeat-factors/seed42/predictions.npy,8128
/data/luolie/ToPoGate/result/topogate_baseline_transductive_default_20260911_024913/runs/PCA+KMeans/mfeat-factors/seed42/run.json,799
/data/luolie/ToPoGate/result/topogate_baseline_transductive_default_20260911_024913/runs/PCA+KMeans/mfeat-factors/seed7/predictions.npy,8128
/data/luolie/ToPoGate/result/topogate_baseline_transductive_default_20260911_024913/runs/PCA+KMeans/mfeat-factors/seed7/run.json,793
/data/luolie/ToPoGate/result/topogate_baseline_transductive_default_20260911_024913/runs/PCA+KMeans/mfeat-fourier/seed123/predictions.npy,8128
/data/luolie/ToPoGate/result/topogate_baseline_transductive_default_20260911_024913/runs/PCA+KMeans/mfeat-fourier/seed123/run.json,801
/data/luolie/ToPoGate/result/topogate_baseline_transductive_default_20260911_024913/runs/PCA+KMeans/mfeat-fourier/seed42/predictions.npy,8128
/data/luolie/ToPoGate/result/topogate_baseline_transductive_default_20260911_024913/runs/PCA+KMeans/mfeat-fourier/seed42/run.json,799
/data/luolie/ToPoGate/result/topogate_baseline_transductive_default_20260911_024913/runs/PCA+KMeans/mfeat-fourier/seed7/predictions.npy,8128
/data/luolie/ToPoGate/result/topogate_baseline_transductive_default_20260911_024913/runs/PCA+KMeans/mfeat-fourier/seed7/run.json,795
/data/luolie/ToPoGate/result/topogate_baseline_transductive_default_20260911_024913/runs/PCA+KMeans/mfeat-karhunen/seed123/predictions.npy,8128
/data/luolie/ToPoGate/result/topogate_baseline_transductive_default_20260911_024913/runs/PCA+KMeans/mfeat-karhunen/seed123/run.json,801
/data/luolie/ToPoGate/result/topogate_baseline_transductive_default_20260911_024913/runs/PCA+KMeans/mfeat-karhunen/seed42/predictions.npy,8128
/data/luolie/ToPoGate/result/topogate_baseline_transductive_default_20260911_024913/runs/PCA+KMeans/mfeat-karhunen/seed42/run.json,799
/data/luolie/ToPoGate/result/topogate_baseline_transductive_default_20260911_024913/runs/PCA+KMeans/mfeat-karhunen/seed7/predictions.npy,8128
/data/luolie/ToPoGate/result/topogate_baseline_transductive_default_20260911_024913/runs/PCA+KMeans/mfeat-karhunen/seed7/run.json,797
/data/luolie/ToPoGate/result/topogate_baseline_transductive_default_20260911_024913/runs/PCA+KMeans/mfeat-morphological/seed123/predictions.npy,8128
/data/luolie/ToPoGate/result/topogate_baseline_transductive_default_20260911_024913/runs/PCA+KMeans/mfeat-morphological/seed123/run.json,812
/data/luolie/ToPoGate/result/topogate_baseline_transductive_default_20260911_024913/runs/PCA+KMeans/mfeat-morphological/seed42/predictions.npy,8128
/data/luolie/ToPoGate/result/topogate_baseline_transductive_default_20260911_024913/runs/PCA+KMeans/mfeat-morphological/seed42/run.json,809
/data/luolie/ToPoGate/result/topogate_baseline_transductive_default_20260911_024913/runs/PCA+KMeans/mfeat-morphological/seed7/predictions.npy,8128
/data/luolie/ToPoGate/result/topogate_baseline_transductive_default_20260911_024913/runs/PCA+KMeans/mfeat-morphological/seed7/run.json,807
/data/luolie/ToPoGate/result/topogate_baseline_transductive_default_20260911_024913/runs/PCA+KMeans/micro-mass/seed123/predictions.npy,1568
/data/luolie/ToPoGate/result/topogate_baseline_transductive_default_20260911_024913/runs/PCA+KMeans/micro-mass/seed123/run.json,804
/data/luolie/ToPoGate/result/topogate_baseline_transductive_default_20260911_024913/runs/PCA+KMeans/micro-mass/seed42/predictions.npy,1568
/data/luolie/ToPoGate/result/topogate_baseline_transductive_default_20260911_024913/runs/PCA+KMeans/micro-mass/seed42/run.json,806
/data/luolie/ToPoGate/result/topogate_baseline_transductive_default_20260911_024913/runs/PCA+KMeans/micro-mass/seed7/predictions.npy,1568
/data/luolie/ToPoGate/result/topogate_baseline_transductive_default_20260911_024913/runs/PCA+KMeans/micro-mass/seed7/run.json,804
/data/luolie/ToPoGate/result/topogate_baseline_transductive_default_20260911_024913/runs/PCA+KMeans/microbes/seed123/predictions.npy,40108
/data/luolie/ToPoGate/result/topogate_baseline_transductive_default_20260911_024913/runs/PCA+KMeans/microbes/seed123/run.json,805
/data/luolie/ToPoGate/result/topogate_baseline_transductive_default_20260911_024913/runs/PCA+KMeans/microbes/seed42/predictions.npy,40108
/data/luolie/ToPoGate/result/topogate_baseline_transductive_default_20260911_024913/runs/PCA+KMeans/microbes/seed42/run.json,796
/data/luolie/ToPoGate/result/topogate_baseline_transductive_default_20260911_024913/runs/PCA+KMeans/microbes/seed7/predictions.npy,40108
/data/luolie/ToPoGate/result/topogate_baseline_transductive_default_20260911_024913/runs/PCA+KMeans/microbes/seed7/run.json,800
/data/luolie/ToPoGate/result/topogate_baseline_transductive_default_20260911_024913/runs/PCA+KMeans/mnist64/seed123/predictions.npy,4456
/data/luolie/ToPoGate/result/topogate_baseline_transductive_default_20260911_024913/runs/PCA+KMeans/mnist64/seed123/run.json,800
/data/luolie/ToPoGate/result/topogate_baseline_transductive_default_20260911_024913/runs/PCA+KMeans/mnist64/seed42/predictions.npy,4456
/data/luolie/ToPoGate/result/topogate_baseline_transductive_default_20260911_024913/runs/PCA+KMeans/mnist64/seed42/run.json,798
/data/luolie/ToPoGate/result/topogate_baseline_transductive_default_20260911_024913/runs/PCA+KMeans/mnist64/seed7/predictions.npy,4456
/data/luolie/ToPoGate/result/topogate_baseline_transductive_default_20260911_024913/runs/PCA+KMeans/mnist64/seed7/run.json,795
/data/luolie/ToPoGate/result/topogate_baseline_transductive_default_20260911_024913/runs/PCA+KMeans/mobile_price_classification/seed123/predictions.npy,8128
/data/luolie/ToPoGate/result/topogate_baseline_transductive_default_20260911_024913/runs/PCA+KMeans/mobile_price_classification/seed123/run.json,832
/data/luolie/ToPoGate/result/topogate_baseline_transductive_default_20260911_024913/runs/PCA+KMeans/mobile_price_classification/seed42/predictions.npy,8128
/data/luolie/ToPoGate/result/topogate_baseline_transductive_default_20260911_024913/runs/PCA+KMeans/mobile_price_classification/seed42/run.json,830
/data/luolie/ToPoGate/result/topogate_baseline_transductive_default_20260911_024913/runs/PCA+KMeans/mobile_price_classification/seed7/predictions.npy,8128
/data/luolie/ToPoGate/result/topogate_baseline_transductive_default_20260911_024913/runs/PCA+KMeans/mobile_price_classification/seed7/run.json,826
/data/luolie/ToPoGate/result/topogate_baseline_transductive_default_20260911_024913/runs/PCA+KMeans/music_genre_classification/seed123/predictions.npy,4128
/data/luolie/ToPoGate/result/topogate_baseline_transductive_default_20260911_024913/runs/PCA+KMeans/music_genre_classification/seed123/run.json,827
/data/luolie/ToPoGate/result/topogate_baseline_transductive_default_20260911_024913/runs/PCA+KMeans/music_genre_classification/seed42/predictions.npy,4128
/data/luolie/ToPoGate/result/topogate_baseline_transductive_default_20260911_024913/runs/PCA+KMeans/music_genre_classification/seed42/run.json,825
/data/luolie/ToPoGate/result/topogate_baseline_transductive_default_20260911_024913/runs/PCA+KMeans/music_genre_classification/seed7/predictions.npy,4128
/data/luolie/ToPoGate/result/topogate_baseline_transductive_default_20260911_024913/runs/PCA+KMeans/music_genre_classification/seed7/run.json,824
/data/luolie/ToPoGate/result/topogate_baseline_transductive_default_20260911_024913/runs/PCA+KMeans/olivetti_faces/seed123/predictions.npy,1728
/data/luolie/ToPoGate/result/topogate_baseline_transductive_default_20260911_024913/runs/PCA+KMeans/olivetti_faces/seed123/run.json,802
/data/luolie/ToPoGate/result/topogate_baseline_transductive_default_20260911_024913/runs/PCA+KMeans/olivetti_faces/seed42/predictions.npy,1728
/data/luolie/ToPoGate/result/topogate_baseline_transductive_default_20260911_024913/runs/PCA+KMeans/olivetti_faces/seed42/run.json,801
/data/luolie/ToPoGate/result/topogate_baseline_transductive_default_20260911_024913/runs/PCA+KMeans/olivetti_faces/seed7/predictions.npy,1728
/data/luolie/ToPoGate/result/topogate_baseline_transductive_default_20260911_024913/runs/PCA+KMeans/olivetti_faces/seed7/run.json,798
/data/luolie/ToPoGate/result/topogate_baseline_transductive_default_20260911_024913/runs/PCA+KMeans/optical_recognition_of_handwritten_digits/seed123/predictions.npy,15420
/data/luolie/ToPoGate/result/topogate_baseline_transductive_default_20260911_024913/runs/PCA+KMeans/optical_recognition_of_handwritten_digits/seed123/run.json,868
/data/luolie/ToPoGate/result/topogate_baseline_transductive_default_20260911_024913/runs/PCA+KMeans/optical_recognition_of_handwritten_digits/seed42/predictions.npy,15420
/data/luolie/ToPoGate/result/topogate_baseline_transductive_default_20260911_024913/runs/PCA+KMeans/optical_recognition_of_handwritten_digits/seed42/run.json,866
/data/luolie/ToPoGate/result/topogate_baseline_transductive_default_20260911_024913/runs/PCA+KMeans/optical_recognition_of_handwritten_digits/seed7/predictions.npy,15420
/data/luolie/ToPoGate/result/topogate_baseline_transductive_default_20260911_024913/runs/PCA+KMeans/optical_recognition_of_handwritten_digits/seed7/run.json,864
/data/luolie/ToPoGate/result/topogate_baseline_transductive_default_20260911_024913/runs/PCA+KMeans/orbit_classification_for_prediction_nasa/seed123/predictions.npy,7016
/data/luolie/ToPoGate/result/topogate_baseline_transductive_default_20260911_024913/runs/PCA+KMeans/orbit_classification_for_prediction_nasa/seed123/run.json,867
/data/luolie/ToPoGate/result/topogate_baseline_transductive_default_20260911_024913/runs/PCA+KMeans/orbit_classification_for_prediction_nasa/seed42/predictions.npy,7016
/data/luolie/ToPoGate/result/topogate_baseline_transductive_default_20260911_024913/runs/PCA+KMeans/orbit_classification_for_prediction_nasa/seed42/run.json,867
/data/luolie/ToPoGate/result/topogate_baseline_transductive_default_20260911_024913/runs/PCA+KMeans/orbit_classification_for_prediction_nasa/seed7/predictions.npy,7016
/data/luolie/ToPoGate/result/topogate_baseline_transductive_default_20260911_024913/runs/PCA+KMeans/orbit_classification_for_prediction_nasa/seed7/run.json,865
/data/luolie/ToPoGate/result/topogate_baseline_transductive_default_20260911_024913/runs/PCA+KMeans/paris_housing_classification/seed123/predictions.npy,40128
/data/luolie/ToPoGate/result/topogate_baseline_transductive_default_20260911_024913/runs/PCA+KMeans/paris_housing_classification/seed123/run.json,839
/data/luolie/ToPoGate/result/topogate_baseline_transductive_default_20260911_024913/runs/PCA+KMeans/paris_housing_classification/seed42/predictions.npy,40128
/data/luolie/ToPoGate/result/topogate_baseline_transductive_default_20260911_024913/runs/PCA+KMeans/paris_housing_classification/seed42/run.json,836
/data/luolie/ToPoGate/result/topogate_baseline_transductive_default_20260911_024913/runs/PCA+KMeans/paris_housing_classification/seed7/predictions.npy,40128
/data/luolie/ToPoGate/result/topogate_baseline_transductive_default_20260911_024913/runs/PCA+KMeans/paris_housing_classification/seed7/run.json,835
/data/luolie/ToPoGate/result/topogate_baseline_transductive_default_20260911_024913/runs/PCA+KMeans/parkinsons/seed123/predictions.npy,908
/data/luolie/ToPoGate/result/topogate_baseline_transductive_default_20260911_024913/runs/PCA+KMeans/parkinsons/seed123/run.json,795
/data/luolie/ToPoGate/result/topogate_baseline_transductive_default_20260911_024913/runs/PCA+KMeans/parkinsons/seed42/predictions.npy,908
/data/luolie/ToPoGate/result/topogate_baseline_transductive_default_20260911_024913/runs/PCA+KMeans/parkinsons/seed42/run.json,792
/data/luolie/ToPoGate/result/topogate_baseline_transductive_default_20260911_024913/runs/PCA+KMeans/parkinsons/seed7/predictions.npy,908
/data/luolie/ToPoGate/result/topogate_baseline_transductive_default_20260911_024913/runs/PCA+KMeans/parkinsons/seed7/run.json,790
/data/luolie/ToPoGate/result/topogate_baseline_transductive_default_20260911_024913/runs/PCA+KMeans/patient_treatment_classification/seed123/predictions.npy,17776
/data/luolie/ToPoGate/result/topogate_baseline_transductive_default_20260911_024913/runs/PCA+KMeans/patient_treatment_classification/seed123/run.json,851
/data/luolie/ToPoGate/result/topogate_baseline_transductive_default_20260911_024913/runs/PCA+KMeans/patient_treatment_classification/seed42/predictions.npy,17776
/data/luolie/ToPoGate/result/topogate_baseline_transductive_default_20260911_024913/runs/PCA+KMeans/patient_treatment_classification/seed42/run.json,852
/data/luolie/ToPoGate/result/topogate_baseline_transductive_default_20260911_024913/runs/PCA+KMeans/patient_treatment_classification/seed7/predictions.npy,17776
/data/luolie/ToPoGate/result/topogate_baseline_transductive_default_20260911_024913/runs/PCA+KMeans/patient_treatment_classification/seed7/run.json,847
/data/luolie/ToPoGate/result/topogate_baseline_transductive_default_20260911_024913/runs/PCA+KMeans/pen_based_recognition_of_handwritten_digits/seed123/predictions.npy,30104
/data/luolie/ToPoGate/result/topogate_baseline_transductive_default_20260911_024913/runs/PCA+KMeans/pen_based_recognition_of_handwritten_digits/seed123/run.json,873
/data/luolie/ToPoGate/result/topogate_baseline_transductive_default_20260911_024913/runs/PCA+KMeans/pen_based_recognition_of_handwritten_digits/seed42/predictions.npy,30104
/data/luolie/ToPoGate/result/topogate_baseline_transductive_default_20260911_024913/runs/PCA+KMeans/pen_based_recognition_of_handwritten_digits/seed42/run.json,871
/data/luolie/ToPoGate/result/topogate_baseline_transductive_default_20260911_024913/runs/PCA+KMeans/pen_based_recognition_of_handwritten_digits/seed7/predictions.npy,30104
/data/luolie/ToPoGate/result/topogate_baseline_transductive_default_20260911_024913/runs/PCA+KMeans/pen_based_recognition_of_handwritten_digits/seed7/run.json,866
/data/luolie/ToPoGate/result/topogate_baseline_transductive_default_20260911_024913/runs/PCA+KMeans/ph_recognition/seed123/predictions.npy,2740
/data/luolie/ToPoGate/result/topogate_baseline_transductive_default_20260911_024913/runs/PCA+KMeans/ph_recognition/seed123/run.json,814
/data/luolie/ToPoGate/result/topogate_baseline_transductive_default_20260911_024913/runs/PCA+KMeans/ph_recognition/seed42/predictions.npy,2740
/data/luolie/ToPoGate/result/topogate_baseline_transductive_default_20260911_024913/runs/PCA+KMeans/ph_recognition/seed42/run.json,810
/data/luolie/ToPoGate/result/topogate_baseline_transductive_default_20260911_024913/runs/PCA+KMeans/ph_recognition/seed7/predictions.npy,2740
/data/luolie/ToPoGate/result/topogate_baseline_transductive_default_20260911_024913/runs/PCA+KMeans/ph_recognition/seed7/run.json,810
/data/luolie/ToPoGate/result/topogate_baseline_transductive_default_20260911_024913/runs/PCA+KMeans/pima_indians_diabetes_database/seed123/predictions.npy,3200
/data/luolie/ToPoGate/result/topogate_baseline_transductive_default_20260911_024913/runs/PCA+KMeans/pima_indians_diabetes_database/seed123/run.json,848
/data/luolie/ToPoGate/result/topogate_baseline_transductive_default_20260911_024913/runs/PCA+KMeans/pima_indians_diabetes_database/seed42/predictions.npy,3200
/data/luolie/ToPoGate/result/topogate_baseline_transductive_default_20260911_024913/runs/PCA+KMeans/pima_indians_diabetes_database/seed42/run.json,845
/data/luolie/ToPoGate/result/topogate_baseline_transductive_default_20260911_024913/runs/PCA+KMeans/pima_indians_diabetes_database/seed7/predictions.npy,3200
/data/luolie/ToPoGate/result/topogate_baseline_transductive_default_20260911_024913/runs/PCA+KMeans/pima_indians_diabetes_database/seed7/run.json,844
/data/luolie/ToPoGate/result/topogate_baseline_transductive_default_20260911_024913/runs/PCA+KMeans/pistachio/seed123/predictions.npy,8720
/data/luolie/ToPoGate/result/topogate_baseline_transductive_default_20260911_024913/runs/PCA+KMeans/pistachio/seed123/run.json,805
/data/luolie/ToPoGate/result/topogate_baseline_transductive_default_20260911_024913/runs/PCA+KMeans/pistachio/seed42/predictions.npy,8720
/data/luolie/ToPoGate/result/topogate_baseline_transductive_default_20260911_024913/runs/PCA+KMeans/pistachio/seed42/run.json,804
/data/luolie/ToPoGate/result/topogate_baseline_transductive_default_20260911_024913/runs/PCA+KMeans/pistachio/seed7/predictions.npy,8720
/data/luolie/ToPoGate/result/topogate_baseline_transductive_default_20260911_024913/runs/PCA+KMeans/pistachio/seed7/run.json,802
/data/luolie/ToPoGate/result/topogate_baseline_transductive_default_20260911_024913/runs/PCA+KMeans/planning_relax/seed123/predictions.npy,856
/data/luolie/ToPoGate/result/topogate_baseline_transductive_default_20260911_024913/runs/PCA+KMeans/planning_relax/seed123/run.json,818
/data/luolie/ToPoGate/result/topogate_baseline_transductive_default_20260911_024913/runs/PCA+KMeans/planning_relax/seed42/predictions.npy,856
/data/luolie/ToPoGate/result/topogate_baseline_transductive_default_20260911_024913/runs/PCA+KMeans/planning_relax/seed42/run.json,819
/data/luolie/ToPoGate/result/topogate_baseline_transductive_default_20260911_024913/runs/PCA+KMeans/planning_relax/seed7/predictions.npy,856
/data/luolie/ToPoGate/result/topogate_baseline_transductive_default_20260911_024913/runs/PCA+KMeans/planning_relax/seed7/run.json,815
/data/luolie/ToPoGate/result/topogate_baseline_transductive_default_20260911_024913/runs/PCA+KMeans/poker-hand/seed123/predictions.npy,40128
/data/luolie/ToPoGate/result/topogate_baseline_transductive_default_20260911_024913/runs/PCA+KMeans/poker-hand/seed123/run.json,803
/data/luolie/ToPoGate/result/topogate_baseline_transductive_default_20260911_024913/runs/PCA+KMeans/poker-hand/seed42/predictions.npy,40128
/data/luolie/ToPoGate/result/topogate_baseline_transductive_default_20260911_024913/runs/PCA+KMeans/poker-hand/seed42/run.json,801
/data/luolie/ToPoGate/result/topogate_baseline_transductive_default_20260911_024913/runs/PCA+KMeans/poker-hand/seed7/predictions.npy,40128
/data/luolie/ToPoGate/result/topogate_baseline_transductive_default_20260911_024913/runs/PCA+KMeans/poker-hand/seed7/run.json,799
/data/luolie/ToPoGate/result/topogate_baseline_transductive_default_20260911_024913/runs/PCA+KMeans/predicting_pulsar_star/seed123/predictions.npy,37220
/data/luolie/ToPoGate/result/topogate_baseline_transductive_default_20260911_024913/runs/PCA+KMeans/predicting_pulsar_star/seed123/run.json,830
/data/luolie/ToPoGate/result/topogate_baseline_transductive_default_20260911_024913/runs/PCA+KMeans/predicting_pulsar_star/seed42/predictions.npy,37220
/data/luolie/ToPoGate/result/topogate_baseline_transductive_default_20260911_024913/runs/PCA+KMeans/predicting_pulsar_star/seed42/run.json,828
/data/luolie/ToPoGate/result/topogate_baseline_transductive_default_20260911_024913/runs/PCA+KMeans/predicting_pulsar_star/seed7/predictions.npy,37220
/data/luolie/ToPoGate/result/topogate_baseline_transductive_default_20260911_024913/runs/PCA+KMeans/predicting_pulsar_star/seed7/run.json,826
/data/luolie/ToPoGate/result/topogate_baseline_transductive_default_20260911_024913/runs/PCA+KMeans/pumpkin_seeds/seed123/predictions.npy,10128
/data/luolie/ToPoGate/result/topogate_baseline_transductive_default_20260911_024913/runs/PCA+KMeans/pumpkin_seeds/seed123/run.json,803
/data/luolie/ToPoGate/result/topogate_baseline_transductive_default_20260911_024913/runs/PCA+KMeans/pumpkin_seeds/seed42/predictions.npy,10128
/data/luolie/ToPoGate/result/topogate_baseline_transductive_default_20260911_024913/runs/PCA+KMeans/pumpkin_seeds/seed42/run.json,801
/data/luolie/ToPoGate/result/topogate_baseline_transductive_default_20260911_024913/runs/PCA+KMeans/pumpkin_seeds/seed7/predictions.npy,10128
/data/luolie/ToPoGate/result/topogate_baseline_transductive_default_20260911_024913/runs/PCA+KMeans/pumpkin_seeds/seed7/run.json,798
/data/luolie/ToPoGate/result/topogate_baseline_transductive_default_20260911_024913/runs/PCA+KMeans/raisin/seed123/predictions.npy,3728
/data/luolie/ToPoGate/result/topogate_baseline_transductive_default_20260911_024913/runs/PCA+KMeans/raisin/seed123/run.json,797
/data/luolie/ToPoGate/result/topogate_baseline_transductive_default_20260911_024913/runs/PCA+KMeans/raisin/seed42/predictions.npy,3728
/data/luolie/ToPoGate/result/topogate_baseline_transductive_default_20260911_024913/runs/PCA+KMeans/raisin/seed42/run.json,796
/data/luolie/ToPoGate/result/topogate_baseline_transductive_default_20260911_024913/runs/PCA+KMeans/raisin/seed7/predictions.npy,3728
/data/luolie/ToPoGate/result/topogate_baseline_transductive_default_20260911_024913/runs/PCA+KMeans/raisin/seed7/run.json,793
/data/luolie/ToPoGate/result/topogate_baseline_transductive_default_20260911_024913/runs/PCA+KMeans/reuters/seed123/predictions.npy,26432
/data/luolie/ToPoGate/result/topogate_baseline_transductive_default_20260911_024913/runs/PCA+KMeans/reuters/seed123/run.json,801
/data/luolie/ToPoGate/result/topogate_baseline_transductive_default_20260911_024913/runs/PCA+KMeans/reuters/seed42/predictions.npy,26432
/data/luolie/ToPoGate/result/topogate_baseline_transductive_default_20260911_024913/runs/PCA+KMeans/reuters/seed42/run.json,797
/data/luolie/ToPoGate/result/topogate_baseline_transductive_default_20260911_024913/runs/PCA+KMeans/reuters/seed7/predictions.npy,26432
/data/luolie/ToPoGate/result/topogate_baseline_transductive_default_20260911_024913/runs/PCA+KMeans/reuters/seed7/run.json,796
/data/luolie/ToPoGate/result/topogate_baseline_transductive_default_20260911_024913/runs/PCA+KMeans/rice_dataset_cammeo_and_osmancik/seed123/predictions.npy,15368
/data/luolie/ToPoGate/result/topogate_baseline_transductive_default_20260911_024913/runs/PCA+KMeans/rice_dataset_cammeo_and_osmancik/seed123/run.json,850
/data/luolie/ToPoGate/result/topogate_baseline_transductive_default_20260911_024913/runs/PCA+KMeans/rice_dataset_cammeo_and_osmancik/seed42/predictions.npy,15368
/data/luolie/ToPoGate/result/topogate_baseline_transductive_default_20260911_024913/runs/PCA+KMeans/rice_dataset_cammeo_and_osmancik/seed42/run.json,848
/data/luolie/ToPoGate/result/topogate_baseline_transductive_default_20260911_024913/runs/PCA+KMeans/rice_dataset_cammeo_and_osmancik/seed7/predictions.npy,15368
/data/luolie/ToPoGate/result/topogate_baseline_transductive_default_20260911_024913/runs/PCA+KMeans/rice_dataset_cammeo_and_osmancik/seed7/run.json,847
/data/luolie/ToPoGate/result/topogate_baseline_transductive_default_20260911_024913/runs/PCA+KMeans/rice_seed_gonen_jasmine/seed123/predictions.npy,40124
/data/luolie/ToPoGate/result/topogate_baseline_transductive_default_20260911_024913/runs/PCA+KMeans/rice_seed_gonen_jasmine/seed123/run.json,830
/data/luolie/ToPoGate/result/topogate_baseline_transductive_default_20260911_024913/runs/PCA+KMeans/rice_seed_gonen_jasmine/seed42/predictions.npy,40124
/data/luolie/ToPoGate/result/topogate_baseline_transductive_default_20260911_024913/runs/PCA+KMeans/rice_seed_gonen_jasmine/seed42/run.json,829
/data/luolie/ToPoGate/result/topogate_baseline_transductive_default_20260911_024913/runs/PCA+KMeans/rice_seed_gonen_jasmine/seed7/predictions.npy,40124
/data/luolie/ToPoGate/result/topogate_baseline_transductive_default_20260911_024913/runs/PCA+KMeans/rice_seed_gonen_jasmine/seed7/run.json,826
/data/luolie/ToPoGate/result/topogate_baseline_transductive_default_20260911_024913/runs/PCA+KMeans/rmftsa_sleepdata/seed123/predictions.npy,4224
/data/luolie/ToPoGate/result/topogate_baseline_transductive_default_20260911_024913/runs/PCA+KMeans/rmftsa_sleepdata/seed123/run.json,814
/data/luolie/ToPoGate/result/topogate_baseline_transductive_default_20260911_024913/runs/PCA+KMeans/rmftsa_sleepdata/seed42/predictions.npy,4224
/data/luolie/ToPoGate/result/topogate_baseline_transductive_default_20260911_024913/runs/PCA+KMeans/rmftsa_sleepdata/seed42/run.json,812
/data/luolie/ToPoGate/result/topogate_baseline_transductive_default_20260911_024913/runs/PCA+KMeans/rmftsa_sleepdata/seed7/predictions.npy,4224
/data/luolie/ToPoGate/result/topogate_baseline_transductive_default_20260911_024913/runs/PCA+KMeans/rmftsa_sleepdata/seed7/run.json,811
/data/luolie/ToPoGate/result/topogate_baseline_transductive_default_20260911_024913/runs/PCA+KMeans/satellite_image/seed123/predictions.npy,25868
/data/luolie/ToPoGate/result/topogate_baseline_transductive_default_20260911_024913/runs/PCA+KMeans/satellite_image/seed123/run.json,816
/data/luolie/ToPoGate/result/topogate_baseline_transductive_default_20260911_024913/runs/PCA+KMeans/satellite_image/seed42/predictions.npy,25868
/data/luolie/ToPoGate/result/topogate_baseline_transductive_default_20260911_024913/runs/PCA+KMeans/satellite_image/seed42/run.json,814
/data/luolie/ToPoGate/result/topogate_baseline_transductive_default_20260911_024913/runs/PCA+KMeans/satellite_image/seed7/predictions.npy,25868
/data/luolie/ToPoGate/result/topogate_baseline_transductive_default_20260911_024913/runs/PCA+KMeans/satellite_image/seed7/run.json,812
/data/luolie/ToPoGate/result/topogate_baseline_transductive_default_20260911_024913/runs/PCA+KMeans/secom/seed123/predictions.npy,6396
/data/luolie/ToPoGate/result/topogate_baseline_transductive_default_20260911_024913/runs/PCA+KMeans/secom/seed123/run.json,802
/data/luolie/ToPoGate/result/topogate_baseline_transductive_default_20260911_024913/runs/PCA+KMeans/secom/seed42/predictions.npy,6396
/data/luolie/ToPoGate/result/topogate_baseline_transductive_default_20260911_024913/runs/PCA+KMeans/secom/seed42/run.json,798
/data/luolie/ToPoGate/result/topogate_baseline_transductive_default_20260911_024913/runs/PCA+KMeans/secom/seed7/predictions.npy,6396
/data/luolie/ToPoGate/result/topogate_baseline_transductive_default_20260911_024913/runs/PCA+KMeans/secom/seed7/run.json,798
/data/luolie/ToPoGate/result/topogate_baseline_transductive_default_20260911_024913/runs/PCA+KMeans/seeds/seed123/predictions.npy,968
/data/luolie/ToPoGate/result/topogate_baseline_transductive_default_20260911_024913/runs/PCA+KMeans/seeds/seed123/run.json,795
/data/luolie/ToPoGate/result/topogate_baseline_transductive_default_20260911_024913/runs/PCA+KMeans/seeds/seed42/predictions.npy,968
/data/luolie/ToPoGate/result/topogate_baseline_transductive_default_20260911_024913/runs/PCA+KMeans/seeds/seed42/run.json,791
/data/luolie/ToPoGate/result/topogate_baseline_transductive_default_20260911_024913/runs/PCA+KMeans/seeds/seed7/predictions.npy,968
/data/luolie/ToPoGate/result/topogate_baseline_transductive_default_20260911_024913/runs/PCA+KMeans/seeds/seed7/run.json,790
/data/luolie/ToPoGate/result/topogate_baseline_transductive_default_20260911_024913/runs/PCA+KMeans/seismic_bumps/seed123/predictions.npy,2712
/data/luolie/ToPoGate/result/topogate_baseline_transductive_default_20260911_024913/runs/PCA+KMeans/seismic_bumps/seed123/run.json,818
/data/luolie/ToPoGate/result/topogate_baseline_transductive_default_20260911_024913/runs/PCA+KMeans/seismic_bumps/seed42/predictions.npy,2712
/data/luolie/ToPoGate/result/topogate_baseline_transductive_default_20260911_024913/runs/PCA+KMeans/seismic_bumps/seed42/run.json,815
/data/luolie/ToPoGate/result/topogate_baseline_transductive_default_20260911_024913/runs/PCA+KMeans/seismic_bumps/seed7/predictions.npy,2712
/data/luolie/ToPoGate/result/topogate_baseline_transductive_default_20260911_024913/runs/PCA+KMeans/seismic_bumps/seed7/run.json,814
/data/luolie/ToPoGate/result/topogate_baseline_transductive_default_20260911_024913/runs/PCA+KMeans/sentiment_labeld_sentences/seed123/predictions.npy,11120
/data/luolie/ToPoGate/result/topogate_baseline_transductive_default_20260911_024913/runs/PCA+KMeans/sentiment_labeld_sentences/seed123/run.json,843
/data/luolie/ToPoGate/result/topogate_baseline_transductive_default_20260911_024913/runs/PCA+KMeans/sentiment_labeld_sentences/seed42/predictions.npy,11120
/data/luolie/ToPoGate/result/topogate_baseline_transductive_default_20260911_024913/runs/PCA+KMeans/sentiment_labeld_sentences/seed42/run.json,842
/data/luolie/ToPoGate/result/topogate_baseline_transductive_default_20260911_024913/runs/PCA+KMeans/sentiment_labeld_sentences/seed7/predictions.npy,11120
/data/luolie/ToPoGate/result/topogate_baseline_transductive_default_20260911_024913/runs/PCA+KMeans/sentiment_labeld_sentences/seed7/run.json,842
/data/luolie/ToPoGate/result/topogate_baseline_transductive_default_20260911_024913/runs/PCA+KMeans/shuttle/seed123/predictions.npy,40128
/data/luolie/ToPoGate/result/topogate_baseline_transductive_default_20260911_024913/runs/PCA+KMeans/shuttle/seed123/run.json,789
/data/luolie/ToPoGate/result/topogate_baseline_transductive_default_20260911_024913/runs/PCA+KMeans/shuttle/seed42/predictions.npy,40128
/data/luolie/ToPoGate/result/topogate_baseline_transductive_default_20260911_024913/runs/PCA+KMeans/shuttle/seed42/run.json,787
/data/luolie/ToPoGate/result/topogate_baseline_transductive_default_20260911_024913/runs/PCA+KMeans/shuttle/seed7/predictions.npy,40128
/data/luolie/ToPoGate/result/topogate_baseline_transductive_default_20260911_024913/runs/PCA+KMeans/shuttle/seed7/run.json,785
/data/luolie/ToPoGate/result/topogate_baseline_transductive_default_20260911_024913/runs/PCA+KMeans/siberian_weather_stats/seed123/predictions.npy,5756
/data/luolie/ToPoGate/result/topogate_baseline_transductive_default_20260911_024913/runs/PCA+KMeans/siberian_weather_stats/seed123/run.json,834
/data/luolie/ToPoGate/result/topogate_baseline_transductive_default_20260911_024913/runs/PCA+KMeans/siberian_weather_stats/seed42/predictions.npy,5756
/data/luolie/ToPoGate/result/topogate_baseline_transductive_default_20260911_024913/runs/PCA+KMeans/siberian_weather_stats/seed42/run.json,831
/data/luolie/ToPoGate/result/topogate_baseline_transductive_default_20260911_024913/runs/PCA+KMeans/siberian_weather_stats/seed7/predictions.npy,5756
/data/luolie/ToPoGate/result/topogate_baseline_transductive_default_20260911_024913/runs/PCA+KMeans/siberian_weather_stats/seed7/run.json,828
/data/luolie/ToPoGate/result/topogate_baseline_transductive_default_20260911_024913/runs/PCA+KMeans/skillcraft1_master_table_dataset/seed123/predictions.npy,13340
/data/luolie/ToPoGate/result/topogate_baseline_transductive_default_20260911_024913/runs/PCA+KMeans/skillcraft1_master_table_dataset/seed123/run.json,852
/data/luolie/ToPoGate/result/topogate_baseline_transductive_default_20260911_024913/runs/PCA+KMeans/skillcraft1_master_table_dataset/seed42/predictions.npy,13340
/data/luolie/ToPoGate/result/topogate_baseline_transductive_default_20260911_024913/runs/PCA+KMeans/skillcraft1_master_table_dataset/seed42/run.json,850
/data/luolie/ToPoGate/result/topogate_baseline_transductive_default_20260911_024913/runs/PCA+KMeans/skillcraft1_master_table_dataset/seed7/predictions.npy,13340
/data/luolie/ToPoGate/result/topogate_baseline_transductive_default_20260911_024913/runs/PCA+KMeans/skillcraft1_master_table_dataset/seed7/run.json,846
/data/luolie/ToPoGate/result/topogate_baseline_transductive_default_20260911_024913/runs/PCA+KMeans/smoker_condition/seed123/predictions.npy,4176
/data/luolie/ToPoGate/result/topogate_baseline_transductive_default_20260911_024913/runs/PCA+KMeans/smoker_condition/seed123/run.json,818
/data/luolie/ToPoGate/result/topogate_baseline_transductive_default_20260911_024913/runs/PCA+KMeans/smoker_condition/seed42/predictions.npy,4176
/data/luolie/ToPoGate/result/topogate_baseline_transductive_default_20260911_024913/runs/PCA+KMeans/smoker_condition/seed42/run.json,815
/data/luolie/ToPoGate/result/topogate_baseline_transductive_default_20260911_024913/runs/PCA+KMeans/smoker_condition/seed7/predictions.npy,4176
/data/luolie/ToPoGate/result/topogate_baseline_transductive_default_20260911_024913/runs/PCA+KMeans/smoker_condition/seed7/run.json,813
/data/luolie/ToPoGate/result/topogate_baseline_transductive_default_20260911_024913/runs/PCA+KMeans/sms_spam_collection/seed123/predictions.npy,3468
/data/luolie/ToPoGate/result/topogate_baseline_transductive_default_20260911_024913/runs/PCA+KMeans/sms_spam_collection/seed123/run.json,827
/data/luolie/ToPoGate/result/topogate_baseline_transductive_default_20260911_024913/runs/PCA+KMeans/sms_spam_collection/seed42/predictions.npy,3468
/data/luolie/ToPoGate/result/topogate_baseline_transductive_default_20260911_024913/runs/PCA+KMeans/sms_spam_collection/seed42/run.json,823
/data/luolie/ToPoGate/result/topogate_baseline_transductive_default_20260911_024913/runs/PCA+KMeans/sms_spam_collection/seed7/predictions.npy,3468
/data/luolie/ToPoGate/result/topogate_baseline_transductive_default_20260911_024913/runs/PCA+KMeans/sms_spam_collection/seed7/run.json,822
/data/luolie/ToPoGate/result/topogate_baseline_transductive_default_20260911_024913/runs/PCA+KMeans/spambase/seed123/predictions.npy,18532
/data/luolie/ToPoGate/result/topogate_baseline_transductive_default_20260911_024913/runs/PCA+KMeans/spambase/seed123/run.json,806
/data/luolie/ToPoGate/result/topogate_baseline_transductive_default_20260911_024913/runs/PCA+KMeans/spambase/seed42/predictions.npy,18532
/data/luolie/ToPoGate/result/topogate_baseline_transductive_default_20260911_024913/runs/PCA+KMeans/spambase/seed42/run.json,804
/data/luolie/ToPoGate/result/topogate_baseline_transductive_default_20260911_024913/runs/PCA+KMeans/spambase/seed7/predictions.npy,18532
/data/luolie/ToPoGate/result/topogate_baseline_transductive_default_20260911_024913/runs/PCA+KMeans/spambase/seed7/run.json,802
/data/luolie/ToPoGate/result/topogate_baseline_transductive_default_20260911_024913/runs/PCA+KMeans/spectf_heart/seed123/predictions.npy,448
/data/luolie/ToPoGate/result/topogate_baseline_transductive_default_20260911_024913/runs/PCA+KMeans/spectf_heart/seed123/run.json,796
/data/luolie/ToPoGate/result/topogate_baseline_transductive_default_20260911_024913/runs/PCA+KMeans/spectf_heart/seed42/predictions.npy,448
/data/luolie/ToPoGate/result/topogate_baseline_transductive_default_20260911_024913/runs/PCA+KMeans/spectf_heart/seed42/run.json,797
/data/luolie/ToPoGate/result/topogate_baseline_transductive_default_20260911_024913/runs/PCA+KMeans/spectf_heart/seed7/predictions.npy,448
/data/luolie/ToPoGate/result/topogate_baseline_transductive_default_20260911_024913/runs/PCA+KMeans/spectf_heart/seed7/run.json,795
/data/luolie/ToPoGate/result/topogate_baseline_transductive_default_20260911_024913/runs/PCA+KMeans/statlog_german_credit/seed123/predictions.npy,4128
/data/luolie/ToPoGate/result/topogate_baseline_transductive_default_20260911_024913/runs/PCA+KMeans/statlog_german_credit/seed123/run.json,819
/data/luolie/ToPoGate/result/topogate_baseline_transductive_default_20260911_024913/runs/PCA+KMeans/statlog_german_credit/seed42/predictions.npy,4128
/data/luolie/ToPoGate/result/topogate_baseline_transductive_default_20260911_024913/runs/PCA+KMeans/statlog_german_credit/seed42/run.json,817
/data/luolie/ToPoGate/result/topogate_baseline_transductive_default_20260911_024913/runs/PCA+KMeans/statlog_german_credit/seed7/predictions.npy,4128
/data/luolie/ToPoGate/result/topogate_baseline_transductive_default_20260911_024913/runs/PCA+KMeans/statlog_german_credit/seed7/run.json,813
/data/luolie/ToPoGate/result/topogate_baseline_transductive_default_20260911_024913/runs/PCA+KMeans/statlog_image_segmentation/seed123/predictions.npy,9368
/data/luolie/ToPoGate/result/topogate_baseline_transductive_default_20260911_024913/runs/PCA+KMeans/statlog_image_segmentation/seed123/run.json,839
/data/luolie/ToPoGate/result/topogate_baseline_transductive_default_20260911_024913/runs/PCA+KMeans/statlog_image_segmentation/seed42/predictions.npy,9368
/data/luolie/ToPoGate/result/topogate_baseline_transductive_default_20260911_024913/runs/PCA+KMeans/statlog_image_segmentation/seed42/run.json,837
/data/luolie/ToPoGate/result/topogate_baseline_transductive_default_20260911_024913/runs/PCA+KMeans/statlog_image_segmentation/seed7/predictions.npy,9368
/data/luolie/ToPoGate/result/topogate_baseline_transductive_default_20260911_024913/runs/PCA+KMeans/statlog_image_segmentation/seed7/run.json,833
/data/luolie/ToPoGate/result/topogate_baseline_transductive_default_20260911_024913/runs/PCA+KMeans/steel-plates-fault/seed123/predictions.npy,7892
/data/luolie/ToPoGate/result/topogate_baseline_transductive_default_20260911_024913/runs/PCA+KMeans/steel-plates-fault/seed123/run.json,827
/data/luolie/ToPoGate/result/topogate_baseline_transductive_default_20260911_024913/runs/PCA+KMeans/steel-plates-fault/seed42/predictions.npy,7892
/data/luolie/ToPoGate/result/topogate_baseline_transductive_default_20260911_024913/runs/PCA+KMeans/steel-plates-fault/seed42/run.json,823
/data/luolie/ToPoGate/result/topogate_baseline_transductive_default_20260911_024913/runs/PCA+KMeans/steel-plates-fault/seed7/predictions.npy,7892
/data/luolie/ToPoGate/result/topogate_baseline_transductive_default_20260911_024913/runs/PCA+KMeans/steel-plates-fault/seed7/run.json,821
/data/luolie/ToPoGate/result/topogate_baseline_transductive_default_20260911_024913/runs/PCA+KMeans/street_view_house_numbers/seed123/predictions.npy,3056
/data/luolie/ToPoGate/result/topogate_baseline_transductive_default_20260911_024913/runs/PCA+KMeans/street_view_house_numbers/seed123/run.json,843
/data/luolie/ToPoGate/result/topogate_baseline_transductive_default_20260911_024913/runs/PCA+KMeans/street_view_house_numbers/seed42/predictions.npy,3056
/data/luolie/ToPoGate/result/topogate_baseline_transductive_default_20260911_024913/runs/PCA+KMeans/street_view_house_numbers/seed42/run.json,842
/data/luolie/ToPoGate/result/topogate_baseline_transductive_default_20260911_024913/runs/PCA+KMeans/street_view_house_numbers/seed7/predictions.npy,3056
/data/luolie/ToPoGate/result/topogate_baseline_transductive_default_20260911_024913/runs/PCA+KMeans/street_view_house_numbers/seed7/run.json,838
/data/luolie/ToPoGate/result/topogate_baseline_transductive_default_20260911_024913/runs/PCA+KMeans/student_grade/seed123/predictions.npy,1708
/data/luolie/ToPoGate/result/topogate_baseline_transductive_default_20260911_024913/runs/PCA+KMeans/student_grade/seed123/run.json,812
/data/luolie/ToPoGate/result/topogate_baseline_transductive_default_20260911_024913/runs/PCA+KMeans/student_grade/seed42/predictions.npy,1708
/data/luolie/ToPoGate/result/topogate_baseline_transductive_default_20260911_024913/runs/PCA+KMeans/student_grade/seed42/run.json,811
/data/luolie/ToPoGate/result/topogate_baseline_transductive_default_20260911_024913/runs/PCA+KMeans/student_grade/seed7/predictions.npy,1708
/data/luolie/ToPoGate/result/topogate_baseline_transductive_default_20260911_024913/runs/PCA+KMeans/student_grade/seed7/run.json,808
/data/luolie/ToPoGate/result/topogate_baseline_transductive_default_20260911_024913/runs/PCA+KMeans/synthetic_control/seed123/predictions.npy,2528
/data/luolie/ToPoGate/result/topogate_baseline_transductive_default_20260911_024913/runs/PCA+KMeans/synthetic_control/seed123/run.json,819
/data/luolie/ToPoGate/result/topogate_baseline_transductive_default_20260911_024913/runs/PCA+KMeans/synthetic_control/seed42/predictions.npy,2528
/data/luolie/ToPoGate/result/topogate_baseline_transductive_default_20260911_024913/runs/PCA+KMeans/synthetic_control/seed42/run.json,818
/data/luolie/ToPoGate/result/topogate_baseline_transductive_default_20260911_024913/runs/PCA+KMeans/synthetic_control/seed7/predictions.npy,2528
/data/luolie/ToPoGate/result/topogate_baseline_transductive_default_20260911_024913/runs/PCA+KMeans/synthetic_control/seed7/run.json,811
/data/luolie/ToPoGate/result/topogate_baseline_transductive_default_20260911_024913/runs/PCA+KMeans/tamilnadu-electricity/seed123/predictions.npy,40128
/data/luolie/ToPoGate/result/topogate_baseline_transductive_default_20260911_024913/runs/PCA+KMeans/tamilnadu-electricity/seed123/run.json,819
/data/luolie/ToPoGate/result/topogate_baseline_transductive_default_20260911_024913/runs/PCA+KMeans/tamilnadu-electricity/seed42/predictions.npy,40128
/data/luolie/ToPoGate/result/topogate_baseline_transductive_default_20260911_024913/runs/PCA+KMeans/tamilnadu-electricity/seed42/run.json,817
/data/luolie/ToPoGate/result/topogate_baseline_transductive_default_20260911_024913/runs/PCA+KMeans/tamilnadu-electricity/seed7/predictions.npy,40128
/data/luolie/ToPoGate/result/topogate_baseline_transductive_default_20260911_024913/runs/PCA+KMeans/tamilnadu-electricity/seed7/run.json,819
/data/luolie/ToPoGate/result/topogate_baseline_transductive_default_20260911_024913/runs/PCA+KMeans/tr45.wc/seed123/predictions.npy,2832
/data/luolie/ToPoGate/result/topogate_baseline_transductive_default_20260911_024913/runs/PCA+KMeans/tr45.wc/seed123/run.json,805
/data/luolie/ToPoGate/result/topogate_baseline_transductive_default_20260911_024913/runs/PCA+KMeans/tr45.wc/seed42/predictions.npy,2832
/data/luolie/ToPoGate/result/topogate_baseline_transductive_default_20260911_024913/runs/PCA+KMeans/tr45.wc/seed42/run.json,797
/data/luolie/ToPoGate/result/topogate_baseline_transductive_default_20260911_024913/runs/PCA+KMeans/tr45.wc/seed7/predictions.npy,2832
/data/luolie/ToPoGate/result/topogate_baseline_transductive_default_20260911_024913/runs/PCA+KMeans/tr45.wc/seed7/run.json,803
/data/luolie/ToPoGate/result/topogate_baseline_transductive_default_20260911_024913/runs/PCA+KMeans/turkish_music_emotion/seed123/predictions.npy,1728
/data/luolie/ToPoGate/result/topogate_baseline_transductive_default_20260911_024913/runs/PCA+KMeans/turkish_music_emotion/seed123/run.json,815
/data/luolie/ToPoGate/result/topogate_baseline_transductive_default_20260911_024913/runs/PCA+KMeans/turkish_music_emotion/seed42/predictions.npy,1728
/data/luolie/ToPoGate/result/topogate_baseline_transductive_default_20260911_024913/runs/PCA+KMeans/turkish_music_emotion/seed42/run.json,813
/data/luolie/ToPoGate/result/topogate_baseline_transductive_default_20260911_024913/runs/PCA+KMeans/turkish_music_emotion/seed7/predictions.npy,1728
/data/luolie/ToPoGate/result/topogate_baseline_transductive_default_20260911_024913/runs/PCA+KMeans/turkish_music_emotion/seed7/run.json,813
/data/luolie/ToPoGate/result/topogate_baseline_transductive_default_20260911_024913/runs/PCA+KMeans/user_knowledge_modeling/seed123/predictions.npy,1160
/data/luolie/ToPoGate/result/topogate_baseline_transductive_default_20260911_024913/runs/PCA+KMeans/user_knowledge_modeling/seed123/run.json,832
/data/luolie/ToPoGate/result/topogate_baseline_transductive_default_20260911_024913/runs/PCA+KMeans/user_knowledge_modeling/seed42/predictions.npy,1160
/data/luolie/ToPoGate/result/topogate_baseline_transductive_default_20260911_024913/runs/PCA+KMeans/user_knowledge_modeling/seed42/run.json,831
/data/luolie/ToPoGate/result/topogate_baseline_transductive_default_20260911_024913/runs/PCA+KMeans/user_knowledge_modeling/seed7/predictions.npy,1160
/data/luolie/ToPoGate/result/topogate_baseline_transductive_default_20260911_024913/runs/PCA+KMeans/user_knowledge_modeling/seed7/run.json,828
/data/luolie/ToPoGate/result/topogate_baseline_transductive_default_20260911_024913/runs/PCA+KMeans/vehicle/seed123/predictions.npy,3512
/data/luolie/ToPoGate/result/topogate_baseline_transductive_default_20260911_024913/runs/PCA+KMeans/vehicle/seed123/run.json,802
/data/luolie/ToPoGate/result/topogate_baseline_transductive_default_20260911_024913/runs/PCA+KMeans/vehicle/seed42/predictions.npy,3512
/data/luolie/ToPoGate/result/topogate_baseline_transductive_default_20260911_024913/runs/PCA+KMeans/vehicle/seed42/run.json,800
/data/luolie/ToPoGate/result/topogate_baseline_transductive_default_20260911_024913/runs/PCA+KMeans/vehicle/seed7/predictions.npy,3512
/data/luolie/ToPoGate/result/topogate_baseline_transductive_default_20260911_024913/runs/PCA+KMeans/vehicle/seed7/run.json,798
/data/luolie/ToPoGate/result/topogate_baseline_transductive_default_20260911_024913/runs/PCA+KMeans/wall-robot-navigation/seed123/predictions.npy,21952
/data/luolie/ToPoGate/result/topogate_baseline_transductive_default_20260911_024913/runs/PCA+KMeans/wall-robot-navigation/seed123/run.json,830
/data/luolie/ToPoGate/result/topogate_baseline_transductive_default_20260911_024913/runs/PCA+KMeans/wall-robot-navigation/seed42/predictions.npy,21952
/data/luolie/ToPoGate/result/topogate_baseline_transductive_default_20260911_024913/runs/PCA+KMeans/wall-robot-navigation/seed42/run.json,828
/data/luolie/ToPoGate/result/topogate_baseline_transductive_default_20260911_024913/runs/PCA+KMeans/wall-robot-navigation/seed7/predictions.npy,21952
/data/luolie/ToPoGate/result/topogate_baseline_transductive_default_20260911_024913/runs/PCA+KMeans/wall-robot-navigation/seed7/run.json,826
/data/luolie/ToPoGate/result/topogate_baseline_transductive_default_20260911_024913/runs/PCA+KMeans/water_quality/seed123/predictions.npy,8172
/data/luolie/ToPoGate/result/topogate_baseline_transductive_default_20260911_024913/runs/PCA+KMeans/water_quality/seed123/run.json,817
/data/luolie/ToPoGate/result/topogate_baseline_transductive_default_20260911_024913/runs/PCA+KMeans/water_quality/seed42/predictions.npy,8172
/data/luolie/ToPoGate/result/topogate_baseline_transductive_default_20260911_024913/runs/PCA+KMeans/water_quality/seed42/run.json,814
/data/luolie/ToPoGate/result/topogate_baseline_transductive_default_20260911_024913/runs/PCA+KMeans/water_quality/seed7/predictions.npy,8172
/data/luolie/ToPoGate/result/topogate_baseline_transductive_default_20260911_024913/runs/PCA+KMeans/water_quality/seed7/run.json,812
/data/luolie/ToPoGate/result/topogate_baseline_transductive_default_20260911_024913/runs/PCA+KMeans/weather/seed123/predictions.npy,1588
/data/luolie/ToPoGate/result/topogate_baseline_transductive_default_20260911_024913/runs/PCA+KMeans/weather/seed123/run.json,756
/data/luolie/ToPoGate/result/topogate_baseline_transductive_default_20260911_024913/runs/PCA+KMeans/weather/seed42/predictions.npy,1588
/data/luolie/ToPoGate/result/topogate_baseline_transductive_default_20260911_024913/runs/PCA+KMeans/weather/seed42/run.json,754
/data/luolie/ToPoGate/result/topogate_baseline_transductive_default_20260911_024913/runs/PCA+KMeans/weather/seed7/predictions.npy,1588
/data/luolie/ToPoGate/result/topogate_baseline_transductive_default_20260911_024913/runs/PCA+KMeans/weather/seed7/run.json,752
/data/luolie/ToPoGate/result/topogate_baseline_transductive_default_20260911_024913/runs/PCA+KMeans/website_phishing/seed123/predictions.npy,5540
/data/luolie/ToPoGate/result/topogate_baseline_transductive_default_20260911_024913/runs/PCA+KMeans/website_phishing/seed123/run.json,820
/data/luolie/ToPoGate/result/topogate_baseline_transductive_default_20260911_024913/runs/PCA+KMeans/website_phishing/seed42/predictions.npy,5540
/data/luolie/ToPoGate/result/topogate_baseline_transductive_default_20260911_024913/runs/PCA+KMeans/website_phishing/seed42/run.json,816
/data/luolie/ToPoGate/result/topogate_baseline_transductive_default_20260911_024913/runs/PCA+KMeans/website_phishing/seed7/predictions.npy,5540
/data/luolie/ToPoGate/result/topogate_baseline_transductive_default_20260911_024913/runs/PCA+KMeans/website_phishing/seed7/run.json,815
/data/luolie/ToPoGate/result/topogate_baseline_transductive_default_20260911_024913/runs/PCA+KMeans/wine/seed123/predictions.npy,840
/data/luolie/ToPoGate/result/topogate_baseline_transductive_default_20260911_024913/runs/PCA+KMeans/wine/seed123/run.json,795
/data/luolie/ToPoGate/result/topogate_baseline_transductive_default_20260911_024913/runs/PCA+KMeans/wine/seed42/predictions.npy,840
/data/luolie/ToPoGate/result/topogate_baseline_transductive_default_20260911_024913/runs/PCA+KMeans/wine/seed42/run.json,792
/data/luolie/ToPoGate/result/topogate_baseline_transductive_default_20260911_024913/runs/PCA+KMeans/wine/seed7/predictions.npy,840
/data/luolie/ToPoGate/result/topogate_baseline_transductive_default_20260911_024913/runs/PCA+KMeans/wine/seed7/run.json,790
/data/luolie/ToPoGate/result/topogate_baseline_transductive_default_20260911_024913/runs/PCA+KMeans/wine_customer/seed123/predictions.npy,840
/data/luolie/ToPoGate/result/topogate_baseline_transductive_default_20260911_024913/runs/PCA+KMeans/wine_customer/seed123/run.json,812
/data/luolie/ToPoGate/result/topogate_baseline_transductive_default_20260911_024913/runs/PCA+KMeans/wine_customer/seed42/predictions.npy,840
/data/luolie/ToPoGate/result/topogate_baseline_transductive_default_20260911_024913/runs/PCA+KMeans/wine_customer/seed42/run.json,810
/data/luolie/ToPoGate/result/topogate_baseline_transductive_default_20260911_024913/runs/PCA+KMeans/wine_customer/seed7/predictions.npy,840
/data/luolie/ToPoGate/result/topogate_baseline_transductive_default_20260911_024913/runs/PCA+KMeans/wine_customer/seed7/run.json,809
/data/luolie/ToPoGate/result/topogate_baseline_transductive_default_20260911_024913/runs/PCA+KMeans/wine_quality/seed123/predictions.npy,19620
/data/luolie/ToPoGate/result/topogate_baseline_transductive_default_20260911_024913/runs/PCA+KMeans/wine_quality/seed123/run.json,810
/data/luolie/ToPoGate/result/topogate_baseline_transductive_default_20260911_024913/runs/PCA+KMeans/wine_quality/seed42/predictions.npy,19620
/data/luolie/ToPoGate/result/topogate_baseline_transductive_default_20260911_024913/runs/PCA+KMeans/wine_quality/seed42/run.json,809
/data/luolie/ToPoGate/result/topogate_baseline_transductive_default_20260911_024913/runs/PCA+KMeans/wine_quality/seed7/predictions.npy,19620
/data/luolie/ToPoGate/result/topogate_baseline_transductive_default_20260911_024913/runs/PCA+KMeans/wine_quality/seed7/run.json,809
/data/luolie/ToPoGate/result/topogate_baseline_transductive_default_20260911_024913/runs/PCA+KMeans/wireless_indoor_localization/seed123/predictions.npy,8128
/data/luolie/ToPoGate/result/topogate_baseline_transductive_default_20260911_024913/runs/PCA+KMeans/wireless_indoor_localization/seed123/run.json,829
/data/luolie/ToPoGate/result/topogate_baseline_transductive_default_20260911_024913/runs/PCA+KMeans/wireless_indoor_localization/seed42/predictions.npy,8128
/data/luolie/ToPoGate/result/topogate_baseline_transductive_default_20260911_024913/runs/PCA+KMeans/wireless_indoor_localization/seed42/run.json,828
/data/luolie/ToPoGate/result/topogate_baseline_transductive_default_20260911_024913/runs/PCA+KMeans/wireless_indoor_localization/seed7/predictions.npy,8128
/data/luolie/ToPoGate/result/topogate_baseline_transductive_default_20260911_024913/runs/PCA+KMeans/wireless_indoor_localization/seed7/run.json,826
/data/luolie/ToPoGate/result/topogate_baseline_transductive_default_20260911_024913/runs/PCA+KMeans/world12d/seed123/predictions.npy,728
/data/luolie/ToPoGate/result/topogate_baseline_transductive_default_20260911_024913/runs/PCA+KMeans/world12d/seed123/run.json,801
/data/luolie/ToPoGate/result/topogate_baseline_transductive_default_20260911_024913/runs/PCA+KMeans/world12d/seed42/predictions.npy,728
/data/luolie/ToPoGate/result/topogate_baseline_transductive_default_20260911_024913/runs/PCA+KMeans/world12d/seed42/run.json,799
/data/luolie/ToPoGate/result/topogate_baseline_transductive_default_20260911_024913/runs/PCA+KMeans/world12d/seed7/predictions.npy,728
/data/luolie/ToPoGate/result/topogate_baseline_transductive_default_20260911_024913/runs/PCA+KMeans/world12d/seed7/run.json,798
/data/luolie/ToPoGate/result/topogate_baseline_transductive_default_20260911_024913/runs/PCA+KMeans/wos/seed123/predictions.npy,40116
/data/luolie/ToPoGate/result/topogate_baseline_transductive_default_20260911_024913/runs/PCA+KMeans/wos/seed123/run.json,793
/data/luolie/ToPoGate/result/topogate_baseline_transductive_default_20260911_024913/runs/PCA+KMeans/wos/seed42/predictions.npy,40116
/data/luolie/ToPoGate/result/topogate_baseline_transductive_default_20260911_024913/runs/PCA+KMeans/wos/seed42/run.json,789
/data/luolie/ToPoGate/result/topogate_baseline_transductive_default_20260911_024913/runs/PCA+KMeans/wos/seed7/predictions.npy,40116
/data/luolie/ToPoGate/result/topogate_baseline_transductive_default_20260911_024913/runs/PCA+KMeans/wos/seed7/run.json,788
/data/luolie/ToPoGate/result/topogate_baseline_transductive_default_20260911_024913/runs/PCA+KMeans/yeast/seed123/predictions.npy,5964
/data/luolie/ToPoGate/result/topogate_baseline_transductive_default_20260911_024913/runs/PCA+KMeans/yeast/seed123/run.json,798
/data/luolie/ToPoGate/result/topogate_baseline_transductive_default_20260911_024913/runs/PCA+KMeans/yeast/seed42/predictions.npy,5964
/data/luolie/ToPoGate/result/topogate_baseline_transductive_default_20260911_024913/runs/PCA+KMeans/yeast/seed42/run.json,794
/data/luolie/ToPoGate/result/topogate_baseline_transductive_default_20260911_024913/runs/PCA+KMeans/yeast/seed7/predictions.npy,5964
/data/luolie/ToPoGate/result/topogate_baseline_transductive_default_20260911_024913/runs/PCA+KMeans/yeast/seed7/run.json,794
/data/luolie/ToPoGate/result/topogate_baseline_transductive_default_20260911_024913/runs/PCA+KMeans/zoo/seed123/predictions.npy,532
/data/luolie/ToPoGate/result/topogate_baseline_transductive_default_20260911_024913/runs/PCA+KMeans/zoo/seed123/run.json,792
/data/luolie/ToPoGate/result/topogate_baseline_transductive_default_20260911_024913/runs/PCA+KMeans/zoo/seed42/predictions.npy,532
/data/luolie/ToPoGate/result/topogate_baseline_transductive_default_20260911_024913/runs/PCA+KMeans/zoo/seed42/run.json,790
/data/luolie/ToPoGate/result/topogate_baseline_transductive_default_20260911_024913/runs/PCA+KMeans/zoo/seed7/predictions.npy,532
/data/luolie/ToPoGate/result/topogate_baseline_transductive_default_20260911_024913/runs/PCA+KMeans/zoo/seed7/run.json,789
/data/luolie/ToPoGate/result/topogate_baseline_transductive_default_20260911_024913/xlsx_error.txt,49
