model,dataset,reason,error_type,error_message
ToPoGate_strict8,20newsgroups,no verified transductive three-seed default evidence,missing_or_inapplicable,No complete finite target-seed transductive record
ToPoGate_strict8,banknote_authentication,no verified transductive three-seed default evidence,missing_or_inapplicable,No complete finite target-seed transductive record
ToPoGate_strict8,Baron_Human,no verified transductive three-seed default evidence,missing_or_inapplicable,No complete finite target-seed transductive record
ToPoGate_strict8,birds_bones_and_living_habits,no verified transductive three-seed default evidence,missing_or_inapplicable,No complete finite target-seed transductive record
ToPoGate_strict8,blood_transfusion_service_center,no verified transductive three-seed default evidence,missing_or_inapplicable,No complete finite target-seed transductive record
ToPoGate_strict8,boston,no verified transductive three-seed default evidence,missing_or_inapplicable,No complete finite target-seed transductive record
ToPoGate_strict8,breast_cancer_coimbra,no verified transductive three-seed default evidence,missing_or_inapplicable,No complete finite target-seed transductive record
ToPoGate_strict8,breast_cancer_wisconsin_original,no verified transductive three-seed default evidence,missing_or_inapplicable,No complete finite target-seed transductive record
ToPoGate_strict8,breast_cancer_wisconsin_prognostic,no verified transductive three-seed default evidence,missing_or_inapplicable,No complete finite target-seed transductive record
ToPoGate_strict8,breast_tissue,no verified transductive three-seed default evidence,missing_or_inapplicable,No complete finite target-seed transductive record
ToPoGate_strict8,Campbell,no verified transductive three-seed default evidence,missing_or_inapplicable,No complete finite target-seed transductive record
ToPoGate_strict8,cardiovascular_study,no verified transductive three-seed default evidence,missing_or_inapplicable,No complete finite target-seed transductive record
ToPoGate_strict8,cifar10,no verified transductive three-seed default evidence,missing_or_inapplicable,No complete finite target-seed transductive record
ToPoGate_strict8,CIFAR10_CLIP,no verified transductive three-seed default evidence,missing_or_inapplicable,No complete finite target-seed transductive record
ToPoGate_strict8,classification_in_asteroseismology,no verified transductive three-seed default evidence,missing_or_inapplicable,No complete finite target-seed transductive record
ToPoGate_strict8,cnae9,no verified transductive three-seed default evidence,missing_or_inapplicable,No complete finite target-seed transductive record
ToPoGate_strict8,coil20,no verified transductive three-seed default evidence,missing_or_inapplicable,No complete finite target-seed transductive record
ToPoGate_strict8,COIL20_CLIP,no verified transductive three-seed default evidence,missing_or_inapplicable,No complete finite target-seed transductive record
ToPoGate_strict8,credit_risk_classification,no verified transductive three-seed default evidence,missing_or_inapplicable,No complete finite target-seed transductive record
ToPoGate_strict8,crowdsourced_mapping,no verified transductive three-seed default evidence,missing_or_inapplicable,No complete finite target-seed transductive record
ToPoGate_strict8,customer_classification,no verified transductive three-seed default evidence,missing_or_inapplicable,No complete finite target-seed transductive record
ToPoGate_strict8,date_fruit,no verified transductive three-seed default evidence,missing_or_inapplicable,No complete finite target-seed transductive record
ToPoGate_strict8,dermatology,no verified transductive three-seed default evidence,missing_or_inapplicable,No complete finite target-seed transductive record
ToPoGate_strict8,diabetic_retinopathy_debrecen,no verified transductive three-seed default evidence,missing_or_inapplicable,No complete finite target-seed transductive record
ToPoGate_strict8,dilbert,no verified transductive three-seed default evidence,missing_or_inapplicable,No complete finite target-seed transductive record
ToPoGate_strict8,Drug_Consumption,no verified transductive three-seed default evidence,missing_or_inapplicable,No complete finite target-seed transductive record
ToPoGate_strict8,dry_bean,no verified transductive three-seed default evidence,missing_or_inapplicable,No complete finite target-seed transductive record
ToPoGate_strict8,durum_wheat_features,no verified transductive three-seed default evidence,missing_or_inapplicable,No complete finite target-seed transductive record
ToPoGate_strict8,echocardiogram,no verified transductive three-seed default evidence,missing_or_inapplicable,No complete finite target-seed transductive record
ToPoGate_strict8,ecoli,no verified transductive three-seed default evidence,missing_or_inapplicable,No complete finite target-seed transductive record
ToPoGate_strict8,enron,no verified transductive three-seed default evidence,missing_or_inapplicable,No complete finite target-seed transductive record
ToPoGate_strict8,epileptic_seizure_recognition,no verified transductive three-seed default evidence,missing_or_inapplicable,No complete finite target-seed transductive record
ToPoGate_strict8,extyaleb,no verified transductive three-seed default evidence,missing_or_inapplicable,No complete finite target-seed transductive record
ToPoGate_strict8,fabert,no verified transductive three-seed default evidence,missing_or_inapplicable,No complete finite target-seed transductive record
ToPoGate_strict8,fashion_mnist,no verified transductive three-seed default evidence,missing_or_inapplicable,No complete finite target-seed transductive record
ToPoGate_strict8,FashionMNIST_CLIP,no verified transductive three-seed default evidence,missing_or_inapplicable,No complete finite target-seed transductive record
ToPoGate_strict8,fbis.wc,no verified transductive three-seed default evidence,missing_or_inapplicable,No complete finite target-seed transductive record
ToPoGate_strict8,fetal_health_classification,no verified transductive three-seed default evidence,missing_or_inapplicable,No complete finite target-seed transductive record
ToPoGate_strict8,first-order-theorem-proving,no verified transductive three-seed default evidence,missing_or_inapplicable,No complete finite target-seed transductive record
ToPoGate_strict8,flickr_material_database,no verified transductive three-seed default evidence,missing_or_inapplicable,No complete finite target-seed transductive record
ToPoGate_strict8,fraud_detection_bank,no verified transductive three-seed default evidence,missing_or_inapplicable,No complete finite target-seed transductive record
ToPoGate_strict8,gas-drift,no verified transductive three-seed default evidence,missing_or_inapplicable,No complete finite target-seed transductive record
ToPoGate_strict8,gina_prior2,no verified transductive three-seed default evidence,missing_or_inapplicable,No complete finite target-seed transductive record
ToPoGate_strict8,glass_identification,no verified transductive three-seed default evidence,missing_or_inapplicable,No complete finite target-seed transductive record
ToPoGate_strict8,har,no verified transductive three-seed default evidence,missing_or_inapplicable,No complete finite target-seed transductive record
ToPoGate_strict8,harbermans_survival,no verified transductive three-seed default evidence,missing_or_inapplicable,No complete finite target-seed transductive record
ToPoGate_strict8,hate_speech,no verified transductive three-seed default evidence,missing_or_inapplicable,No complete finite target-seed transductive record
ToPoGate_strict8,heart_attack_analysis_prediction_dataset,no verified transductive three-seed default evidence,missing_or_inapplicable,No complete finite target-seed transductive record
ToPoGate_strict8,heart_disease,no verified transductive three-seed default evidence,missing_or_inapplicable,No complete finite target-seed transductive record
ToPoGate_strict8,hepatitis,no verified transductive three-seed default evidence,missing_or_inapplicable,No complete finite target-seed transductive record
ToPoGate_strict8,htru2,no verified transductive three-seed default evidence,missing_or_inapplicable,No complete finite target-seed transductive record
ToPoGate_strict8,human_stress_detection,no verified transductive three-seed default evidence,missing_or_inapplicable,No complete finite target-seed transductive record
ToPoGate_strict8,image_segmentation,no verified transductive three-seed default evidence,missing_or_inapplicable,No complete finite target-seed transductive record
ToPoGate_strict8,imdb,no verified transductive three-seed default evidence,missing_or_inapplicable,No complete finite target-seed transductive record
ToPoGate_strict8,Indian_pines,no verified transductive three-seed default evidence,missing_or_inapplicable,No complete finite target-seed transductive record
ToPoGate_strict8,insurance_company_benchmark,no verified transductive three-seed default evidence,missing_or_inapplicable,No complete finite target-seed transductive record
ToPoGate_strict8,ionosphere,no verified transductive three-seed default evidence,missing_or_inapplicable,No complete finite target-seed transductive record
ToPoGate_strict8,iris,no verified transductive three-seed default evidence,missing_or_inapplicable,No complete finite target-seed transductive record
ToPoGate_strict8,ISOLET,no verified transductive three-seed default evidence,missing_or_inapplicable,No complete finite target-seed transductive record
ToPoGate_strict8,JapaneseVowels,no verified transductive three-seed default evidence,missing_or_inapplicable,No complete finite target-seed transductive record
ToPoGate_strict8,labeled_faces_in_the_wild,no verified transductive three-seed default evidence,missing_or_inapplicable,No complete finite target-seed transductive record
ToPoGate_strict8,letter_recognition,no verified transductive three-seed default evidence,missing_or_inapplicable,No complete finite target-seed transductive record
ToPoGate_strict8,magic_gamma_telescope,no verified transductive three-seed default evidence,missing_or_inapplicable,No complete finite target-seed transductive record
ToPoGate_strict8,mammographic_mass,no verified transductive three-seed default evidence,missing_or_inapplicable,No complete finite target-seed transductive record
ToPoGate_strict8,mfeat-factors,no verified transductive three-seed default evidence,missing_or_inapplicable,No complete finite target-seed transductive record
ToPoGate_strict8,mfeat-fourier,no verified transductive three-seed default evidence,missing_or_inapplicable,No complete finite target-seed transductive record
ToPoGate_strict8,mfeat-karhunen,no verified transductive three-seed default evidence,missing_or_inapplicable,No complete finite target-seed transductive record
ToPoGate_strict8,mfeat-morphological,no verified transductive three-seed default evidence,missing_or_inapplicable,No complete finite target-seed transductive record
ToPoGate_strict8,micro-mass,no verified transductive three-seed default evidence,missing_or_inapplicable,No complete finite target-seed transductive record
ToPoGate_strict8,microbes,no verified transductive three-seed default evidence,missing_or_inapplicable,No complete finite target-seed transductive record
ToPoGate_strict8,mnist64,no verified transductive three-seed default evidence,missing_or_inapplicable,No complete finite target-seed transductive record
ToPoGate_strict8,MNIST_CLIP,no verified transductive three-seed default evidence,missing_or_inapplicable,No complete finite target-seed transductive record
ToPoGate_strict8,mobile_price_classification,no verified transductive three-seed default evidence,missing_or_inapplicable,No complete finite target-seed transductive record
ToPoGate_strict8,Mouse_retina,no verified transductive three-seed default evidence,missing_or_inapplicable,No complete finite target-seed transductive record
ToPoGate_strict8,music_genre_classification,no verified transductive three-seed default evidence,missing_or_inapplicable,No complete finite target-seed transductive record
ToPoGate_strict8,olivetti_faces,no verified transductive three-seed default evidence,missing_or_inapplicable,No complete finite target-seed transductive record
ToPoGate_strict8,optical_recognition_of_handwritten_digits,no verified transductive three-seed default evidence,missing_or_inapplicable,No complete finite target-seed transductive record
ToPoGate_strict8,orbit_classification_for_prediction_nasa,no verified transductive three-seed default evidence,missing_or_inapplicable,No complete finite target-seed transductive record
ToPoGate_strict8,paris_housing_classification,no verified transductive three-seed default evidence,missing_or_inapplicable,No complete finite target-seed transductive record
ToPoGate_strict8,parkinsons,no verified transductive three-seed default evidence,missing_or_inapplicable,No complete finite target-seed transductive record
ToPoGate_strict8,patient_treatment_classification,no verified transductive three-seed default evidence,missing_or_inapplicable,No complete finite target-seed transductive record
ToPoGate_strict8,PCam,no verified transductive three-seed default evidence,missing_or_inapplicable,No complete finite target-seed transductive record
ToPoGate_strict8,pen_based_recognition_of_handwritten_digits,no verified transductive three-seed default evidence,missing_or_inapplicable,No complete finite target-seed transductive record
ToPoGate_strict8,ph_recognition,no verified transductive three-seed default evidence,missing_or_inapplicable,No complete finite target-seed transductive record
ToPoGate_strict8,pima_indians_diabetes_database,no verified transductive three-seed default evidence,missing_or_inapplicable,No complete finite target-seed transductive record
ToPoGate_strict8,pistachio,no verified transductive three-seed default evidence,missing_or_inapplicable,No complete finite target-seed transductive record
ToPoGate_strict8,planning_relax,no verified transductive three-seed default evidence,missing_or_inapplicable,No complete finite target-seed transductive record
ToPoGate_strict8,poker-hand,no verified transductive three-seed default evidence,missing_or_inapplicable,No complete finite target-seed transductive record
ToPoGate_strict8,predicting_pulsar_star,no verified transductive three-seed default evidence,missing_or_inapplicable,No complete finite target-seed transductive record
ToPoGate_strict8,pumpkin_seeds,no verified transductive three-seed default evidence,missing_or_inapplicable,No complete finite target-seed transductive record
ToPoGate_strict8,raisin,no verified transductive three-seed default evidence,missing_or_inapplicable,No complete finite target-seed transductive record
ToPoGate_strict8,reuters,no verified transductive three-seed default evidence,missing_or_inapplicable,No complete finite target-seed transductive record
ToPoGate_strict8,rice_dataset_cammeo_and_osmancik,no verified transductive three-seed default evidence,missing_or_inapplicable,No complete finite target-seed transductive record
ToPoGate_strict8,rice_seed_gonen_jasmine,no verified transductive three-seed default evidence,missing_or_inapplicable,No complete finite target-seed transductive record
ToPoGate_strict8,rmftsa_sleepdata,no verified transductive three-seed default evidence,missing_or_inapplicable,No complete finite target-seed transductive record
ToPoGate_strict8,satellite_image,no verified transductive three-seed default evidence,missing_or_inapplicable,No complete finite target-seed transductive record
ToPoGate_strict8,secom,no verified transductive three-seed default evidence,missing_or_inapplicable,No complete finite target-seed transductive record
ToPoGate_strict8,seeds,no verified transductive three-seed default evidence,missing_or_inapplicable,No complete finite target-seed transductive record
ToPoGate_strict8,seismic_bumps,no verified transductive three-seed default evidence,missing_or_inapplicable,No complete finite target-seed transductive record
ToPoGate_strict8,sentiment_labeld_sentences,no verified transductive three-seed default evidence,missing_or_inapplicable,No complete finite target-seed transductive record
ToPoGate_strict8,shuttle,no verified transductive three-seed default evidence,missing_or_inapplicable,No complete finite target-seed transductive record
ToPoGate_strict8,siberian_weather_stats,no verified transductive three-seed default evidence,missing_or_inapplicable,No complete finite target-seed transductive record
ToPoGate_strict8,skillcraft1_master_table_dataset,no verified transductive three-seed default evidence,missing_or_inapplicable,No complete finite target-seed transductive record
ToPoGate_strict8,smoker_condition,no verified transductive three-seed default evidence,missing_or_inapplicable,No complete finite target-seed transductive record
ToPoGate_strict8,sms_spam_collection,no verified transductive three-seed default evidence,missing_or_inapplicable,No complete finite target-seed transductive record
ToPoGate_strict8,spambase,no verified transductive three-seed default evidence,missing_or_inapplicable,No complete finite target-seed transductive record
ToPoGate_strict8,spectf_heart,no verified transductive three-seed default evidence,missing_or_inapplicable,No complete finite target-seed transductive record
ToPoGate_strict8,statlog_german_credit,no verified transductive three-seed default evidence,missing_or_inapplicable,No complete finite target-seed transductive record
ToPoGate_strict8,statlog_image_segmentation,no verified transductive three-seed default evidence,missing_or_inapplicable,No complete finite target-seed transductive record
ToPoGate_strict8,steel-plates-fault,no verified transductive three-seed default evidence,missing_or_inapplicable,No complete finite target-seed transductive record
ToPoGate_strict8,street_view_house_numbers,no verified transductive three-seed default evidence,missing_or_inapplicable,No complete finite target-seed transductive record
ToPoGate_strict8,student_grade,no verified transductive three-seed default evidence,missing_or_inapplicable,No complete finite target-seed transductive record
ToPoGate_strict8,synthetic_control,no verified transductive three-seed default evidence,missing_or_inapplicable,No complete finite target-seed transductive record
ToPoGate_strict8,tamilnadu-electricity,no verified transductive three-seed default evidence,missing_or_inapplicable,No complete finite target-seed transductive record
ToPoGate_strict8,tr45.wc,no verified transductive three-seed default evidence,missing_or_inapplicable,No complete finite target-seed transductive record
ToPoGate_strict8,turkish_music_emotion,no verified transductive three-seed default evidence,missing_or_inapplicable,No complete finite target-seed transductive record
ToPoGate_strict8,user_knowledge_modeling,no verified transductive three-seed default evidence,missing_or_inapplicable,No complete finite target-seed transductive record
ToPoGate_strict8,vehicle,no verified transductive three-seed default evidence,missing_or_inapplicable,No complete finite target-seed transductive record
ToPoGate_strict8,wall-robot-navigation,no verified transductive three-seed default evidence,missing_or_inapplicable,No complete finite target-seed transductive record
ToPoGate_strict8,water_quality,no verified transductive three-seed default evidence,missing_or_inapplicable,No complete finite target-seed transductive record
ToPoGate_strict8,Waveform,no verified transductive three-seed default evidence,missing_or_inapplicable,No complete finite target-seed transductive record
ToPoGate_strict8,weather,no verified transductive three-seed default evidence,missing_or_inapplicable,No complete finite target-seed transductive record
ToPoGate_strict8,website_phishing,no verified transductive three-seed default evidence,missing_or_inapplicable,No complete finite target-seed transductive record
ToPoGate_strict8,wine,no verified transductive three-seed default evidence,missing_or_inapplicable,No complete finite target-seed transductive record
ToPoGate_strict8,wine_customer,no verified transductive three-seed default evidence,missing_or_inapplicable,No complete finite target-seed transductive record
ToPoGate_strict8,wine_quality,no verified transductive three-seed default evidence,missing_or_inapplicable,No complete finite target-seed transductive record
ToPoGate_strict8,wireless_indoor_localization,no verified transductive three-seed default evidence,missing_or_inapplicable,No complete finite target-seed transductive record
ToPoGate_strict8,world12d,no verified transductive three-seed default evidence,missing_or_inapplicable,No complete finite target-seed transductive record
ToPoGate_strict8,wos,no verified transductive three-seed default evidence,missing_or_inapplicable,No complete finite target-seed transductive record
ToPoGate_strict8,yeast,no verified transductive three-seed default evidence,missing_or_inapplicable,No complete finite target-seed transductive record
ToPoGate_strict8,zoo,no verified transductive three-seed default evidence,missing_or_inapplicable,No complete finite target-seed transductive record
ToPoGate_strict8,Blood_BoneMarrow,no verified transductive three-seed default evidence,missing_or_inapplicable,No complete finite target-seed transductive record
ToPoGate_strict8,Human_Pancreas_1,no verified transductive three-seed default evidence,missing_or_inapplicable,No complete finite target-seed transductive record
ToPoGate_strict8,Human_Pancreas_3,no verified transductive three-seed default evidence,missing_or_inapplicable,No complete finite target-seed transductive record
ToPoGate_strict8,Mouse_Pancreas_1,no verified transductive three-seed default evidence,missing_or_inapplicable,No complete finite target-seed transductive record
ToPoGate_strict8,PRJNA895163,no verified transductive three-seed default evidence,missing_or_inapplicable,No complete finite target-seed transductive record
ToPoGate_strict8,TabulaSapiens_Pancreas,no verified transductive three-seed default evidence,missing_or_inapplicable,No complete finite target-seed transductive record
ToPoGate_strict8,Bach,no verified transductive three-seed default evidence,missing_or_inapplicable,No complete finite target-seed transductive record
ToPoGate_strict8,Baron,no verified transductive three-seed default evidence,missing_or_inapplicable,No complete finite target-seed transductive record
ToPoGate_strict8,Guo,no verified transductive three-seed default evidence,missing_or_inapplicable,No complete finite target-seed transductive record
ToPoGate_strict8,Limb_Muscle,no verified transductive three-seed default evidence,missing_or_inapplicable,No complete finite target-seed transductive record
ToPoGate_strict8,Macosko,no verified transductive three-seed default evidence,missing_or_inapplicable,No complete finite target-seed transductive record
ToPoGate_strict8,Melanoma_5K,no verified transductive three-seed default evidence,missing_or_inapplicable,No complete finite target-seed transductive record
ToPoGate_strict8,Pollen,no verified transductive three-seed default evidence,missing_or_inapplicable,No complete finite target-seed transductive record
ToPoGate_strict8,Quake_10x_Spleen,no verified transductive three-seed default evidence,missing_or_inapplicable,No complete finite target-seed transductive record
ToPoGate_strict8,Quake_Smart-seq2_Lung,no verified transductive three-seed default evidence,missing_or_inapplicable,No complete finite target-seed transductive record
ToPoGate_strict8,Shekhar,no verified transductive three-seed default evidence,missing_or_inapplicable,No complete finite target-seed transductive record
ToPoGate_strict8,Tosches,no verified transductive three-seed default evidence,missing_or_inapplicable,No complete finite target-seed transductive record
ToPoGate_strict8,Wang,no verified transductive three-seed default evidence,missing_or_inapplicable,No complete finite target-seed transductive record
ToPoGate_strict8,Young,no verified transductive three-seed default evidence,missing_or_inapplicable,No complete finite target-seed transductive record
ToPoGate_strict8,hrvatin,no verified transductive three-seed default evidence,missing_or_inapplicable,No complete finite target-seed transductive record
ToPoGate_strict8,worm_neuron_cell,no verified transductive three-seed default evidence,missing_or_inapplicable,No complete finite target-seed transductive record
KMeans,Blood_BoneMarrow,new transductive runs,missing_or_inapplicable,No complete finite target-seed transductive record
KMeans,Human_Pancreas_1,new transductive runs,missing_or_inapplicable,No complete finite target-seed transductive record
KMeans,Human_Pancreas_3,new transductive runs,missing_or_inapplicable,No complete finite target-seed transductive record
KMeans,Mouse_Pancreas_1,new transductive runs,missing_or_inapplicable,No complete finite target-seed transductive record
KMeans,PRJNA895163,new transductive runs,missing_or_inapplicable,No complete finite target-seed transductive record
KMeans,TabulaSapiens_Pancreas,new transductive runs,missing_or_inapplicable,No complete finite target-seed transductive record
KMeans,Bach,new transductive runs,missing_or_inapplicable,No complete finite target-seed transductive record
KMeans,Baron,new transductive runs,missing_or_inapplicable,No complete finite target-seed transductive record
KMeans,Guo,new transductive runs,missing_or_inapplicable,No complete finite target-seed transductive record
KMeans,Limb_Muscle,new transductive runs,missing_or_inapplicable,No complete finite target-seed transductive record
KMeans,Macosko,new transductive runs,missing_or_inapplicable,No complete finite target-seed transductive record
KMeans,Melanoma_5K,new transductive runs,missing_or_inapplicable,No complete finite target-seed transductive record
KMeans,Pollen,new transductive runs,missing_or_inapplicable,No complete finite target-seed transductive record
KMeans,Quake_10x_Spleen,new transductive runs,missing_or_inapplicable,No complete finite target-seed transductive record
KMeans,Quake_Smart-seq2_Lung,new transductive runs,missing_or_inapplicable,No complete finite target-seed transductive record
KMeans,Shekhar,new transductive runs,missing_or_inapplicable,No complete finite target-seed transductive record
KMeans,Tosches,new transductive runs,missing_or_inapplicable,No complete finite target-seed transductive record
KMeans,Wang,new transductive runs,missing_or_inapplicable,No complete finite target-seed transductive record
KMeans,Young,new transductive runs,missing_or_inapplicable,No complete finite target-seed transductive record
KMeans,hrvatin,new transductive runs,missing_or_inapplicable,No complete finite target-seed transductive record
KMeans,worm_neuron_cell,new transductive runs,missing_or_inapplicable,No complete finite target-seed transductive record
PCA+KMeans,Blood_BoneMarrow,new transductive runs,missing_or_inapplicable,No complete finite target-seed transductive record
PCA+KMeans,Human_Pancreas_1,new transductive runs,missing_or_inapplicable,No complete finite target-seed transductive record
PCA+KMeans,Human_Pancreas_3,new transductive runs,missing_or_inapplicable,No complete finite target-seed transductive record
PCA+KMeans,Mouse_Pancreas_1,new transductive runs,missing_or_inapplicable,No complete finite target-seed transductive record
PCA+KMeans,PRJNA895163,new transductive runs,missing_or_inapplicable,No complete finite target-seed transductive record
PCA+KMeans,TabulaSapiens_Pancreas,new transductive runs,missing_or_inapplicable,No complete finite target-seed transductive record
PCA+KMeans,Bach,new transductive runs,missing_or_inapplicable,No complete finite target-seed transductive record
PCA+KMeans,Baron,new transductive runs,missing_or_inapplicable,No complete finite target-seed transductive record
PCA+KMeans,Guo,new transductive runs,missing_or_inapplicable,No complete finite target-seed transductive record
PCA+KMeans,Limb_Muscle,new transductive runs,missing_or_inapplicable,No complete finite target-seed transductive record
PCA+KMeans,Macosko,new transductive runs,missing_or_inapplicable,No complete finite target-seed transductive record
PCA+KMeans,Melanoma_5K,new transductive runs,missing_or_inapplicable,No complete finite target-seed transductive record
PCA+KMeans,Pollen,new transductive runs,missing_or_inapplicable,No complete finite target-seed transductive record
PCA+KMeans,Quake_10x_Spleen,new transductive runs,missing_or_inapplicable,No complete finite target-seed transductive record
PCA+KMeans,Quake_Smart-seq2_Lung,new transductive runs,missing_or_inapplicable,No complete finite target-seed transductive record
PCA+KMeans,Shekhar,new transductive runs,missing_or_inapplicable,No complete finite target-seed transductive record
PCA+KMeans,Tosches,new transductive runs,missing_or_inapplicable,No complete finite target-seed transductive record
PCA+KMeans,Wang,new transductive runs,missing_or_inapplicable,No complete finite target-seed transductive record
PCA+KMeans,Young,new transductive runs,missing_or_inapplicable,No complete finite target-seed transductive record
PCA+KMeans,hrvatin,new transductive runs,missing_or_inapplicable,No complete finite target-seed transductive record
PCA+KMeans,worm_neuron_cell,new transductive runs,missing_or_inapplicable,No complete finite target-seed transductive record
scMAE,20newsgroups,no verified transductive three-seed default evidence,missing_or_inapplicable,No complete finite target-seed transductive record
scMAE,banknote_authentication,no verified transductive three-seed default evidence,missing_or_inapplicable,No complete finite target-seed transductive record
scMAE,Baron_Human,no verified transductive three-seed default evidence,missing_or_inapplicable,No complete finite target-seed transductive record
scMAE,birds_bones_and_living_habits,no verified transductive three-seed default evidence,missing_or_inapplicable,No complete finite target-seed transductive record
scMAE,blood_transfusion_service_center,no verified transductive three-seed default evidence,missing_or_inapplicable,No complete finite target-seed transductive record
scMAE,boston,no verified transductive three-seed default evidence,missing_or_inapplicable,No complete finite target-seed transductive record
scMAE,breast_cancer_coimbra,no verified transductive three-seed default evidence,missing_or_inapplicable,No complete finite target-seed transductive record
scMAE,breast_cancer_wisconsin_original,no verified transductive three-seed default evidence,missing_or_inapplicable,No complete finite target-seed transductive record
scMAE,breast_cancer_wisconsin_prognostic,no verified transductive three-seed default evidence,missing_or_inapplicable,No complete finite target-seed transductive record
scMAE,breast_tissue,no verified transductive three-seed default evidence,missing_or_inapplicable,No complete finite target-seed transductive record
scMAE,Campbell,no verified transductive three-seed default evidence,missing_or_inapplicable,No complete finite target-seed transductive record
scMAE,cardiovascular_study,no verified transductive three-seed default evidence,missing_or_inapplicable,No complete finite target-seed transductive record
scMAE,cifar10,no verified transductive three-seed default evidence,missing_or_inapplicable,No complete finite target-seed transductive record
scMAE,CIFAR10_CLIP,no verified transductive three-seed default evidence,missing_or_inapplicable,No complete finite target-seed transductive record
scMAE,classification_in_asteroseismology,no verified transductive three-seed default evidence,missing_or_inapplicable,No complete finite target-seed transductive record
scMAE,cnae9,no verified transductive three-seed default evidence,missing_or_inapplicable,No complete finite target-seed transductive record
scMAE,coil20,no verified transductive three-seed default evidence,missing_or_inapplicable,No complete finite target-seed transductive record
scMAE,COIL20_CLIP,no verified transductive three-seed default evidence,missing_or_inapplicable,No complete finite target-seed transductive record
scMAE,credit_risk_classification,no verified transductive three-seed default evidence,missing_or_inapplicable,No complete finite target-seed transductive record
scMAE,crowdsourced_mapping,no verified transductive three-seed default evidence,missing_or_inapplicable,No complete finite target-seed transductive record
scMAE,customer_classification,no verified transductive three-seed default evidence,missing_or_inapplicable,No complete finite target-seed transductive record
scMAE,date_fruit,no verified transductive three-seed default evidence,missing_or_inapplicable,No complete finite target-seed transductive record
scMAE,dermatology,no verified transductive three-seed default evidence,missing_or_inapplicable,No complete finite target-seed transductive record
scMAE,diabetic_retinopathy_debrecen,no verified transductive three-seed default evidence,missing_or_inapplicable,No complete finite target-seed transductive record
scMAE,dilbert,no verified transductive three-seed default evidence,missing_or_inapplicable,No complete finite target-seed transductive record
scMAE,Drug_Consumption,no verified transductive three-seed default evidence,missing_or_inapplicable,No complete finite target-seed transductive record
scMAE,dry_bean,no verified transductive three-seed default evidence,missing_or_inapplicable,No complete finite target-seed transductive record
scMAE,durum_wheat_features,no verified transductive three-seed default evidence,missing_or_inapplicable,No complete finite target-seed transductive record
scMAE,echocardiogram,no verified transductive three-seed default evidence,missing_or_inapplicable,No complete finite target-seed transductive record
scMAE,ecoli,no verified transductive three-seed default evidence,missing_or_inapplicable,No complete finite target-seed transductive record
scMAE,enron,no verified transductive three-seed default evidence,missing_or_inapplicable,No complete finite target-seed transductive record
scMAE,epileptic_seizure_recognition,no verified transductive three-seed default evidence,missing_or_inapplicable,No complete finite target-seed transductive record
scMAE,extyaleb,no verified transductive three-seed default evidence,missing_or_inapplicable,No complete finite target-seed transductive record
scMAE,fabert,no verified transductive three-seed default evidence,missing_or_inapplicable,No complete finite target-seed transductive record
scMAE,fashion_mnist,no verified transductive three-seed default evidence,missing_or_inapplicable,No complete finite target-seed transductive record
scMAE,FashionMNIST_CLIP,no verified transductive three-seed default evidence,missing_or_inapplicable,No complete finite target-seed transductive record
scMAE,fbis.wc,no verified transductive three-seed default evidence,missing_or_inapplicable,No complete finite target-seed transductive record
scMAE,fetal_health_classification,no verified transductive three-seed default evidence,missing_or_inapplicable,No complete finite target-seed transductive record
scMAE,first-order-theorem-proving,no verified transductive three-seed default evidence,missing_or_inapplicable,No complete finite target-seed transductive record
scMAE,flickr_material_database,no verified transductive three-seed default evidence,missing_or_inapplicable,No complete finite target-seed transductive record
scMAE,fraud_detection_bank,no verified transductive three-seed default evidence,missing_or_inapplicable,No complete finite target-seed transductive record
scMAE,gas-drift,no verified transductive three-seed default evidence,missing_or_inapplicable,No complete finite target-seed transductive record
scMAE,gina_prior2,no verified transductive three-seed default evidence,missing_or_inapplicable,No complete finite target-seed transductive record
scMAE,glass_identification,no verified transductive three-seed default evidence,missing_or_inapplicable,No complete finite target-seed transductive record
scMAE,har,no verified transductive three-seed default evidence,missing_or_inapplicable,No complete finite target-seed transductive record
scMAE,harbermans_survival,no verified transductive three-seed default evidence,missing_or_inapplicable,No complete finite target-seed transductive record
scMAE,hate_speech,no verified transductive three-seed default evidence,missing_or_inapplicable,No complete finite target-seed transductive record
scMAE,heart_attack_analysis_prediction_dataset,no verified transductive three-seed default evidence,missing_or_inapplicable,No complete finite target-seed transductive record
scMAE,heart_disease,no verified transductive three-seed default evidence,missing_or_inapplicable,No complete finite target-seed transductive record
scMAE,hepatitis,no verified transductive three-seed default evidence,missing_or_inapplicable,No complete finite target-seed transductive record
scMAE,htru2,no verified transductive three-seed default evidence,missing_or_inapplicable,No complete finite target-seed transductive record
scMAE,human_stress_detection,no verified transductive three-seed default evidence,missing_or_inapplicable,No complete finite target-seed transductive record
scMAE,image_segmentation,no verified transductive three-seed default evidence,missing_or_inapplicable,No complete finite target-seed transductive record
scMAE,imdb,no verified transductive three-seed default evidence,missing_or_inapplicable,No complete finite target-seed transductive record
scMAE,Indian_pines,no verified transductive three-seed default evidence,missing_or_inapplicable,No complete finite target-seed transductive record
scMAE,insurance_company_benchmark,no verified transductive three-seed default evidence,missing_or_inapplicable,No complete finite target-seed transductive record
scMAE,ionosphere,no verified transductive three-seed default evidence,missing_or_inapplicable,No complete finite target-seed transductive record
scMAE,iris,no verified transductive three-seed default evidence,missing_or_inapplicable,No complete finite target-seed transductive record
scMAE,ISOLET,no verified transductive three-seed default evidence,missing_or_inapplicable,No complete finite target-seed transductive record
scMAE,JapaneseVowels,no verified transductive three-seed default evidence,missing_or_inapplicable,No complete finite target-seed transductive record
scMAE,labeled_faces_in_the_wild,no verified transductive three-seed default evidence,missing_or_inapplicable,No complete finite target-seed transductive record
scMAE,letter_recognition,no verified transductive three-seed default evidence,missing_or_inapplicable,No complete finite target-seed transductive record
scMAE,magic_gamma_telescope,no verified transductive three-seed default evidence,missing_or_inapplicable,No complete finite target-seed transductive record
scMAE,mammographic_mass,no verified transductive three-seed default evidence,missing_or_inapplicable,No complete finite target-seed transductive record
scMAE,mfeat-factors,no verified transductive three-seed default evidence,missing_or_inapplicable,No complete finite target-seed transductive record
scMAE,mfeat-fourier,no verified transductive three-seed default evidence,missing_or_inapplicable,No complete finite target-seed transductive record
scMAE,mfeat-karhunen,no verified transductive three-seed default evidence,missing_or_inapplicable,No complete finite target-seed transductive record
scMAE,mfeat-morphological,no verified transductive three-seed default evidence,missing_or_inapplicable,No complete finite target-seed transductive record
scMAE,micro-mass,no verified transductive three-seed default evidence,missing_or_inapplicable,No complete finite target-seed transductive record
scMAE,microbes,no verified transductive three-seed default evidence,missing_or_inapplicable,No complete finite target-seed transductive record
scMAE,mnist64,no verified transductive three-seed default evidence,missing_or_inapplicable,No complete finite target-seed transductive record
scMAE,MNIST_CLIP,no verified transductive three-seed default evidence,missing_or_inapplicable,No complete finite target-seed transductive record
scMAE,mobile_price_classification,no verified transductive three-seed default evidence,missing_or_inapplicable,No complete finite target-seed transductive record
scMAE,Mouse_retina,no verified transductive three-seed default evidence,missing_or_inapplicable,No complete finite target-seed transductive record
scMAE,music_genre_classification,no verified transductive three-seed default evidence,missing_or_inapplicable,No complete finite target-seed transductive record
scMAE,olivetti_faces,no verified transductive three-seed default evidence,missing_or_inapplicable,No complete finite target-seed transductive record
scMAE,optical_recognition_of_handwritten_digits,no verified transductive three-seed default evidence,missing_or_inapplicable,No complete finite target-seed transductive record
scMAE,orbit_classification_for_prediction_nasa,no verified transductive three-seed default evidence,missing_or_inapplicable,No complete finite target-seed transductive record
scMAE,paris_housing_classification,no verified transductive three-seed default evidence,missing_or_inapplicable,No complete finite target-seed transductive record
scMAE,parkinsons,no verified transductive three-seed default evidence,missing_or_inapplicable,No complete finite target-seed transductive record
scMAE,patient_treatment_classification,no verified transductive three-seed default evidence,missing_or_inapplicable,No complete finite target-seed transductive record
scMAE,PCam,no verified transductive three-seed default evidence,missing_or_inapplicable,No complete finite target-seed transductive record
scMAE,pen_based_recognition_of_handwritten_digits,no verified transductive three-seed default evidence,missing_or_inapplicable,No complete finite target-seed transductive record
scMAE,ph_recognition,no verified transductive three-seed default evidence,missing_or_inapplicable,No complete finite target-seed transductive record
scMAE,pima_indians_diabetes_database,no verified transductive three-seed default evidence,missing_or_inapplicable,No complete finite target-seed transductive record
scMAE,pistachio,no verified transductive three-seed default evidence,missing_or_inapplicable,No complete finite target-seed transductive record
scMAE,planning_relax,no verified transductive three-seed default evidence,missing_or_inapplicable,No complete finite target-seed transductive record
scMAE,poker-hand,no verified transductive three-seed default evidence,missing_or_inapplicable,No complete finite target-seed transductive record
scMAE,predicting_pulsar_star,no verified transductive three-seed default evidence,missing_or_inapplicable,No complete finite target-seed transductive record
scMAE,pumpkin_seeds,no verified transductive three-seed default evidence,missing_or_inapplicable,No complete finite target-seed transductive record
scMAE,raisin,no verified transductive three-seed default evidence,missing_or_inapplicable,No complete finite target-seed transductive record
scMAE,reuters,no verified transductive three-seed default evidence,missing_or_inapplicable,No complete finite target-seed transductive record
scMAE,rice_dataset_cammeo_and_osmancik,no verified transductive three-seed default evidence,missing_or_inapplicable,No complete finite target-seed transductive record
scMAE,rice_seed_gonen_jasmine,no verified transductive three-seed default evidence,missing_or_inapplicable,No complete finite target-seed transductive record
scMAE,rmftsa_sleepdata,no verified transductive three-seed default evidence,missing_or_inapplicable,No complete finite target-seed transductive record
scMAE,satellite_image,no verified transductive three-seed default evidence,missing_or_inapplicable,No complete finite target-seed transductive record
scMAE,secom,no verified transductive three-seed default evidence,missing_or_inapplicable,No complete finite target-seed transductive record
scMAE,seeds,no verified transductive three-seed default evidence,missing_or_inapplicable,No complete finite target-seed transductive record
scMAE,seismic_bumps,no verified transductive three-seed default evidence,missing_or_inapplicable,No complete finite target-seed transductive record
scMAE,sentiment_labeld_sentences,no verified transductive three-seed default evidence,missing_or_inapplicable,No complete finite target-seed transductive record
scMAE,shuttle,no verified transductive three-seed default evidence,missing_or_inapplicable,No complete finite target-seed transductive record
scMAE,siberian_weather_stats,no verified transductive three-seed default evidence,missing_or_inapplicable,No complete finite target-seed transductive record
scMAE,skillcraft1_master_table_dataset,no verified transductive three-seed default evidence,missing_or_inapplicable,No complete finite target-seed transductive record
scMAE,smoker_condition,no verified transductive three-seed default evidence,missing_or_inapplicable,No complete finite target-seed transductive record
scMAE,sms_spam_collection,no verified transductive three-seed default evidence,missing_or_inapplicable,No complete finite target-seed transductive record
scMAE,spambase,no verified transductive three-seed default evidence,missing_or_inapplicable,No complete finite target-seed transductive record
scMAE,spectf_heart,no verified transductive three-seed default evidence,missing_or_inapplicable,No complete finite target-seed transductive record
scMAE,statlog_german_credit,no verified transductive three-seed default evidence,missing_or_inapplicable,No complete finite target-seed transductive record
scMAE,statlog_image_segmentation,no verified transductive three-seed default evidence,missing_or_inapplicable,No complete finite target-seed transductive record
scMAE,steel-plates-fault,no verified transductive three-seed default evidence,missing_or_inapplicable,No complete finite target-seed transductive record
scMAE,street_view_house_numbers,no verified transductive three-seed default evidence,missing_or_inapplicable,No complete finite target-seed transductive record
scMAE,student_grade,no verified transductive three-seed default evidence,missing_or_inapplicable,No complete finite target-seed transductive record
scMAE,synthetic_control,no verified transductive three-seed default evidence,missing_or_inapplicable,No complete finite target-seed transductive record
scMAE,tamilnadu-electricity,no verified transductive three-seed default evidence,missing_or_inapplicable,No complete finite target-seed transductive record
scMAE,tr45.wc,no verified transductive three-seed default evidence,missing_or_inapplicable,No complete finite target-seed transductive record
scMAE,turkish_music_emotion,no verified transductive three-seed default evidence,missing_or_inapplicable,No complete finite target-seed transductive record
scMAE,user_knowledge_modeling,no verified transductive three-seed default evidence,missing_or_inapplicable,No complete finite target-seed transductive record
scMAE,vehicle,no verified transductive three-seed default evidence,missing_or_inapplicable,No complete finite target-seed transductive record
scMAE,wall-robot-navigation,no verified transductive three-seed default evidence,missing_or_inapplicable,No complete finite target-seed transductive record
scMAE,water_quality,no verified transductive three-seed default evidence,missing_or_inapplicable,No complete finite target-seed transductive record
scMAE,Waveform,no verified transductive three-seed default evidence,missing_or_inapplicable,No complete finite target-seed transductive record
scMAE,weather,no verified transductive three-seed default evidence,missing_or_inapplicable,No complete finite target-seed transductive record
scMAE,website_phishing,no verified transductive three-seed default evidence,missing_or_inapplicable,No complete finite target-seed transductive record
scMAE,wine,no verified transductive three-seed default evidence,missing_or_inapplicable,No complete finite target-seed transductive record
scMAE,wine_customer,no verified transductive three-seed default evidence,missing_or_inapplicable,No complete finite target-seed transductive record
scMAE,wine_quality,no verified transductive three-seed default evidence,missing_or_inapplicable,No complete finite target-seed transductive record
scMAE,wireless_indoor_localization,no verified transductive three-seed default evidence,missing_or_inapplicable,No complete finite target-seed transductive record
scMAE,world12d,no verified transductive three-seed default evidence,missing_or_inapplicable,No complete finite target-seed transductive record
scMAE,wos,no verified transductive three-seed default evidence,missing_or_inapplicable,No complete finite target-seed transductive record
scMAE,yeast,no verified transductive three-seed default evidence,missing_or_inapplicable,No complete finite target-seed transductive record
scMAE,zoo,no verified transductive three-seed default evidence,missing_or_inapplicable,No complete finite target-seed transductive record
scMAE,Blood_BoneMarrow,no verified transductive three-seed default evidence,missing_or_inapplicable,No complete finite target-seed transductive record
scMAE,Human_Pancreas_1,no verified transductive three-seed default evidence,missing_or_inapplicable,No complete finite target-seed transductive record
scMAE,Human_Pancreas_3,no verified transductive three-seed default evidence,missing_or_inapplicable,No complete finite target-seed transductive record
scMAE,Mouse_Pancreas_1,no verified transductive three-seed default evidence,missing_or_inapplicable,No complete finite target-seed transductive record
scMAE,PRJNA895163,no verified transductive three-seed default evidence,missing_or_inapplicable,No complete finite target-seed transductive record
scMAE,TabulaSapiens_Pancreas,no verified transductive three-seed default evidence,missing_or_inapplicable,No complete finite target-seed transductive record
scMAE,Bach,no verified transductive three-seed default evidence,missing_or_inapplicable,No complete finite target-seed transductive record
scMAE,Baron,no verified transductive three-seed default evidence,missing_or_inapplicable,No complete finite target-seed transductive record
scMAE,Guo,no verified transductive three-seed default evidence,missing_or_inapplicable,No complete finite target-seed transductive record
scMAE,Limb_Muscle,no verified transductive three-seed default evidence,missing_or_inapplicable,No complete finite target-seed transductive record
scMAE,Macosko,no verified transductive three-seed default evidence,missing_or_inapplicable,No complete finite target-seed transductive record
scMAE,Melanoma_5K,no verified transductive three-seed default evidence,missing_or_inapplicable,No complete finite target-seed transductive record
scMAE,Pollen,no verified transductive three-seed default evidence,missing_or_inapplicable,No complete finite target-seed transductive record
scMAE,Quake_10x_Spleen,no verified transductive three-seed default evidence,missing_or_inapplicable,No complete finite target-seed transductive record
scMAE,Quake_Smart-seq2_Lung,no verified transductive three-seed default evidence,missing_or_inapplicable,No complete finite target-seed transductive record
scMAE,Shekhar,no verified transductive three-seed default evidence,missing_or_inapplicable,No complete finite target-seed transductive record
scMAE,Tosches,no verified transductive three-seed default evidence,missing_or_inapplicable,No complete finite target-seed transductive record
scMAE,Wang,no verified transductive three-seed default evidence,missing_or_inapplicable,No complete finite target-seed transductive record
scMAE,Young,no verified transductive three-seed default evidence,missing_or_inapplicable,No complete finite target-seed transductive record
scMAE,hrvatin,no verified transductive three-seed default evidence,missing_or_inapplicable,No complete finite target-seed transductive record
scMAE,worm_neuron_cell,no verified transductive three-seed default evidence,missing_or_inapplicable,No complete finite target-seed transductive record
IDEC,20newsgroups,no verified transductive three-seed default evidence,missing_or_inapplicable,No complete finite target-seed transductive record
IDEC,banknote_authentication,no verified transductive three-seed default evidence,missing_or_inapplicable,No complete finite target-seed transductive record
IDEC,Baron_Human,no verified transductive three-seed default evidence,missing_or_inapplicable,No complete finite target-seed transductive record
IDEC,birds_bones_and_living_habits,no verified transductive three-seed default evidence,missing_or_inapplicable,No complete finite target-seed transductive record
IDEC,blood_transfusion_service_center,no verified transductive three-seed default evidence,missing_or_inapplicable,No complete finite target-seed transductive record
IDEC,boston,no verified transductive three-seed default evidence,missing_or_inapplicable,No complete finite target-seed transductive record
IDEC,breast_cancer_coimbra,no verified transductive three-seed default evidence,missing_or_inapplicable,No complete finite target-seed transductive record
IDEC,breast_cancer_wisconsin_original,no verified transductive three-seed default evidence,missing_or_inapplicable,No complete finite target-seed transductive record
IDEC,breast_cancer_wisconsin_prognostic,no verified transductive three-seed default evidence,missing_or_inapplicable,No complete finite target-seed transductive record
IDEC,breast_tissue,no verified transductive three-seed default evidence,missing_or_inapplicable,No complete finite target-seed transductive record
IDEC,Campbell,no verified transductive three-seed default evidence,missing_or_inapplicable,No complete finite target-seed transductive record
IDEC,cardiovascular_study,no verified transductive three-seed default evidence,missing_or_inapplicable,No complete finite target-seed transductive record
IDEC,cifar10,no verified transductive three-seed default evidence,missing_or_inapplicable,No complete finite target-seed transductive record
IDEC,CIFAR10_CLIP,no verified transductive three-seed default evidence,missing_or_inapplicable,No complete finite target-seed transductive record
IDEC,classification_in_asteroseismology,no verified transductive three-seed default evidence,missing_or_inapplicable,No complete finite target-seed transductive record
IDEC,cnae9,no verified transductive three-seed default evidence,missing_or_inapplicable,No complete finite target-seed transductive record
IDEC,coil20,no verified transductive three-seed default evidence,missing_or_inapplicable,No complete finite target-seed transductive record
IDEC,COIL20_CLIP,no verified transductive three-seed default evidence,missing_or_inapplicable,No complete finite target-seed transductive record
IDEC,credit_risk_classification,no verified transductive three-seed default evidence,missing_or_inapplicable,No complete finite target-seed transductive record
IDEC,crowdsourced_mapping,no verified transductive three-seed default evidence,missing_or_inapplicable,No complete finite target-seed transductive record
IDEC,customer_classification,no verified transductive three-seed default evidence,missing_or_inapplicable,No complete finite target-seed transductive record
IDEC,date_fruit,no verified transductive three-seed default evidence,missing_or_inapplicable,No complete finite target-seed transductive record
IDEC,dermatology,no verified transductive three-seed default evidence,missing_or_inapplicable,No complete finite target-seed transductive record
IDEC,diabetic_retinopathy_debrecen,no verified transductive three-seed default evidence,missing_or_inapplicable,No complete finite target-seed transductive record
IDEC,dilbert,no verified transductive three-seed default evidence,missing_or_inapplicable,No complete finite target-seed transductive record
IDEC,Drug_Consumption,no verified transductive three-seed default evidence,missing_or_inapplicable,No complete finite target-seed transductive record
IDEC,dry_bean,no verified transductive three-seed default evidence,missing_or_inapplicable,No complete finite target-seed transductive record
IDEC,durum_wheat_features,no verified transductive three-seed default evidence,missing_or_inapplicable,No complete finite target-seed transductive record
IDEC,echocardiogram,no verified transductive three-seed default evidence,missing_or_inapplicable,No complete finite target-seed transductive record
IDEC,ecoli,no verified transductive three-seed default evidence,missing_or_inapplicable,No complete finite target-seed transductive record
IDEC,enron,no verified transductive three-seed default evidence,missing_or_inapplicable,No complete finite target-seed transductive record
IDEC,epileptic_seizure_recognition,no verified transductive three-seed default evidence,missing_or_inapplicable,No complete finite target-seed transductive record
IDEC,extyaleb,no verified transductive three-seed default evidence,missing_or_inapplicable,No complete finite target-seed transductive record
IDEC,fabert,no verified transductive three-seed default evidence,missing_or_inapplicable,No complete finite target-seed transductive record
IDEC,fashion_mnist,no verified transductive three-seed default evidence,missing_or_inapplicable,No complete finite target-seed transductive record
IDEC,FashionMNIST_CLIP,no verified transductive three-seed default evidence,missing_or_inapplicable,No complete finite target-seed transductive record
IDEC,fbis.wc,no verified transductive three-seed default evidence,missing_or_inapplicable,No complete finite target-seed transductive record
IDEC,fetal_health_classification,no verified transductive three-seed default evidence,missing_or_inapplicable,No complete finite target-seed transductive record
IDEC,first-order-theorem-proving,no verified transductive three-seed default evidence,missing_or_inapplicable,No complete finite target-seed transductive record
IDEC,flickr_material_database,no verified transductive three-seed default evidence,missing_or_inapplicable,No complete finite target-seed transductive record
IDEC,fraud_detection_bank,no verified transductive three-seed default evidence,missing_or_inapplicable,No complete finite target-seed transductive record
IDEC,gas-drift,no verified transductive three-seed default evidence,missing_or_inapplicable,No complete finite target-seed transductive record
IDEC,gina_prior2,no verified transductive three-seed default evidence,missing_or_inapplicable,No complete finite target-seed transductive record
IDEC,glass_identification,no verified transductive three-seed default evidence,missing_or_inapplicable,No complete finite target-seed transductive record
IDEC,har,no verified transductive three-seed default evidence,missing_or_inapplicable,No complete finite target-seed transductive record
IDEC,harbermans_survival,no verified transductive three-seed default evidence,missing_or_inapplicable,No complete finite target-seed transductive record
IDEC,hate_speech,no verified transductive three-seed default evidence,missing_or_inapplicable,No complete finite target-seed transductive record
IDEC,heart_attack_analysis_prediction_dataset,no verified transductive three-seed default evidence,missing_or_inapplicable,No complete finite target-seed transductive record
IDEC,heart_disease,no verified transductive three-seed default evidence,missing_or_inapplicable,No complete finite target-seed transductive record
IDEC,hepatitis,no verified transductive three-seed default evidence,missing_or_inapplicable,No complete finite target-seed transductive record
IDEC,htru2,no verified transductive three-seed default evidence,missing_or_inapplicable,No complete finite target-seed transductive record
IDEC,human_stress_detection,no verified transductive three-seed default evidence,missing_or_inapplicable,No complete finite target-seed transductive record
IDEC,image_segmentation,no verified transductive three-seed default evidence,missing_or_inapplicable,No complete finite target-seed transductive record
IDEC,imdb,no verified transductive three-seed default evidence,missing_or_inapplicable,No complete finite target-seed transductive record
IDEC,Indian_pines,no verified transductive three-seed default evidence,missing_or_inapplicable,No complete finite target-seed transductive record
IDEC,insurance_company_benchmark,no verified transductive three-seed default evidence,missing_or_inapplicable,No complete finite target-seed transductive record
IDEC,ionosphere,no verified transductive three-seed default evidence,missing_or_inapplicable,No complete finite target-seed transductive record
IDEC,iris,no verified transductive three-seed default evidence,missing_or_inapplicable,No complete finite target-seed transductive record
IDEC,ISOLET,no verified transductive three-seed default evidence,missing_or_inapplicable,No complete finite target-seed transductive record
IDEC,JapaneseVowels,no verified transductive three-seed default evidence,missing_or_inapplicable,No complete finite target-seed transductive record
IDEC,labeled_faces_in_the_wild,no verified transductive three-seed default evidence,missing_or_inapplicable,No complete finite target-seed transductive record
IDEC,letter_recognition,no verified transductive three-seed default evidence,missing_or_inapplicable,No complete finite target-seed transductive record
IDEC,magic_gamma_telescope,no verified transductive three-seed default evidence,missing_or_inapplicable,No complete finite target-seed transductive record
IDEC,mammographic_mass,no verified transductive three-seed default evidence,missing_or_inapplicable,No complete finite target-seed transductive record
IDEC,mfeat-factors,no verified transductive three-seed default evidence,missing_or_inapplicable,No complete finite target-seed transductive record
IDEC,mfeat-fourier,no verified transductive three-seed default evidence,missing_or_inapplicable,No complete finite target-seed transductive record
IDEC,mfeat-karhunen,no verified transductive three-seed default evidence,missing_or_inapplicable,No complete finite target-seed transductive record
IDEC,mfeat-morphological,no verified transductive three-seed default evidence,missing_or_inapplicable,No complete finite target-seed transductive record
IDEC,micro-mass,no verified transductive three-seed default evidence,missing_or_inapplicable,No complete finite target-seed transductive record
IDEC,microbes,no verified transductive three-seed default evidence,missing_or_inapplicable,No complete finite target-seed transductive record
IDEC,mnist64,no verified transductive three-seed default evidence,missing_or_inapplicable,No complete finite target-seed transductive record
IDEC,MNIST_CLIP,no verified transductive three-seed default evidence,missing_or_inapplicable,No complete finite target-seed transductive record
IDEC,mobile_price_classification,no verified transductive three-seed default evidence,missing_or_inapplicable,No complete finite target-seed transductive record
IDEC,Mouse_retina,no verified transductive three-seed default evidence,missing_or_inapplicable,No complete finite target-seed transductive record
IDEC,music_genre_classification,no verified transductive three-seed default evidence,missing_or_inapplicable,No complete finite target-seed transductive record
IDEC,olivetti_faces,no verified transductive three-seed default evidence,missing_or_inapplicable,No complete finite target-seed transductive record
IDEC,optical_recognition_of_handwritten_digits,no verified transductive three-seed default evidence,missing_or_inapplicable,No complete finite target-seed transductive record
IDEC,orbit_classification_for_prediction_nasa,no verified transductive three-seed default evidence,missing_or_inapplicable,No complete finite target-seed transductive record
IDEC,paris_housing_classification,no verified transductive three-seed default evidence,missing_or_inapplicable,No complete finite target-seed transductive record
IDEC,parkinsons,no verified transductive three-seed default evidence,missing_or_inapplicable,No complete finite target-seed transductive record
IDEC,patient_treatment_classification,no verified transductive three-seed default evidence,missing_or_inapplicable,No complete finite target-seed transductive record
IDEC,PCam,no verified transductive three-seed default evidence,missing_or_inapplicable,No complete finite target-seed transductive record
IDEC,pen_based_recognition_of_handwritten_digits,no verified transductive three-seed default evidence,missing_or_inapplicable,No complete finite target-seed transductive record
IDEC,ph_recognition,no verified transductive three-seed default evidence,missing_or_inapplicable,No complete finite target-seed transductive record
IDEC,pima_indians_diabetes_database,no verified transductive three-seed default evidence,missing_or_inapplicable,No complete finite target-seed transductive record
IDEC,pistachio,no verified transductive three-seed default evidence,missing_or_inapplicable,No complete finite target-seed transductive record
IDEC,planning_relax,no verified transductive three-seed default evidence,missing_or_inapplicable,No complete finite target-seed transductive record
IDEC,poker-hand,no verified transductive three-seed default evidence,missing_or_inapplicable,No complete finite target-seed transductive record
IDEC,predicting_pulsar_star,no verified transductive three-seed default evidence,missing_or_inapplicable,No complete finite target-seed transductive record
IDEC,pumpkin_seeds,no verified transductive three-seed default evidence,missing_or_inapplicable,No complete finite target-seed transductive record
IDEC,raisin,no verified transductive three-seed default evidence,missing_or_inapplicable,No complete finite target-seed transductive record
IDEC,reuters,no verified transductive three-seed default evidence,missing_or_inapplicable,No complete finite target-seed transductive record
IDEC,rice_dataset_cammeo_and_osmancik,no verified transductive three-seed default evidence,missing_or_inapplicable,No complete finite target-seed transductive record
IDEC,rice_seed_gonen_jasmine,no verified transductive three-seed default evidence,missing_or_inapplicable,No complete finite target-seed transductive record
IDEC,rmftsa_sleepdata,no verified transductive three-seed default evidence,missing_or_inapplicable,No complete finite target-seed transductive record
IDEC,satellite_image,no verified transductive three-seed default evidence,missing_or_inapplicable,No complete finite target-seed transductive record
IDEC,secom,no verified transductive three-seed default evidence,missing_or_inapplicable,No complete finite target-seed transductive record
IDEC,seeds,no verified transductive three-seed default evidence,missing_or_inapplicable,No complete finite target-seed transductive record
IDEC,seismic_bumps,no verified transductive three-seed default evidence,missing_or_inapplicable,No complete finite target-seed transductive record
IDEC,sentiment_labeld_sentences,no verified transductive three-seed default evidence,missing_or_inapplicable,No complete finite target-seed transductive record
IDEC,shuttle,no verified transductive three-seed default evidence,missing_or_inapplicable,No complete finite target-seed transductive record
IDEC,siberian_weather_stats,no verified transductive three-seed default evidence,missing_or_inapplicable,No complete finite target-seed transductive record
IDEC,skillcraft1_master_table_dataset,no verified transductive three-seed default evidence,missing_or_inapplicable,No complete finite target-seed transductive record
IDEC,smoker_condition,no verified transductive three-seed default evidence,missing_or_inapplicable,No complete finite target-seed transductive record
IDEC,sms_spam_collection,no verified transductive three-seed default evidence,missing_or_inapplicable,No complete finite target-seed transductive record
IDEC,spambase,no verified transductive three-seed default evidence,missing_or_inapplicable,No complete finite target-seed transductive record
IDEC,spectf_heart,no verified transductive three-seed default evidence,missing_or_inapplicable,No complete finite target-seed transductive record
IDEC,statlog_german_credit,no verified transductive three-seed default evidence,missing_or_inapplicable,No complete finite target-seed transductive record
IDEC,statlog_image_segmentation,no verified transductive three-seed default evidence,missing_or_inapplicable,No complete finite target-seed transductive record
IDEC,steel-plates-fault,no verified transductive three-seed default evidence,missing_or_inapplicable,No complete finite target-seed transductive record
IDEC,street_view_house_numbers,no verified transductive three-seed default evidence,missing_or_inapplicable,No complete finite target-seed transductive record
IDEC,student_grade,no verified transductive three-seed default evidence,missing_or_inapplicable,No complete finite target-seed transductive record
IDEC,synthetic_control,no verified transductive three-seed default evidence,missing_or_inapplicable,No complete finite target-seed transductive record
IDEC,tamilnadu-electricity,no verified transductive three-seed default evidence,missing_or_inapplicable,No complete finite target-seed transductive record
IDEC,tr45.wc,no verified transductive three-seed default evidence,missing_or_inapplicable,No complete finite target-seed transductive record
IDEC,turkish_music_emotion,no verified transductive three-seed default evidence,missing_or_inapplicable,No complete finite target-seed transductive record
IDEC,user_knowledge_modeling,no verified transductive three-seed default evidence,missing_or_inapplicable,No complete finite target-seed transductive record
IDEC,vehicle,no verified transductive three-seed default evidence,missing_or_inapplicable,No complete finite target-seed transductive record
IDEC,wall-robot-navigation,no verified transductive three-seed default evidence,missing_or_inapplicable,No complete finite target-seed transductive record
IDEC,water_quality,no verified transductive three-seed default evidence,missing_or_inapplicable,No complete finite target-seed transductive record
IDEC,Waveform,no verified transductive three-seed default evidence,missing_or_inapplicable,No complete finite target-seed transductive record
IDEC,weather,no verified transductive three-seed default evidence,missing_or_inapplicable,No complete finite target-seed transductive record
IDEC,website_phishing,no verified transductive three-seed default evidence,missing_or_inapplicable,No complete finite target-seed transductive record
IDEC,wine,no verified transductive three-seed default evidence,missing_or_inapplicable,No complete finite target-seed transductive record
IDEC,wine_customer,no verified transductive three-seed default evidence,missing_or_inapplicable,No complete finite target-seed transductive record
IDEC,wine_quality,no verified transductive three-seed default evidence,missing_or_inapplicable,No complete finite target-seed transductive record
IDEC,wireless_indoor_localization,no verified transductive three-seed default evidence,missing_or_inapplicable,No complete finite target-seed transductive record
IDEC,world12d,no verified transductive three-seed default evidence,missing_or_inapplicable,No complete finite target-seed transductive record
IDEC,wos,no verified transductive three-seed default evidence,missing_or_inapplicable,No complete finite target-seed transductive record
IDEC,yeast,no verified transductive three-seed default evidence,missing_or_inapplicable,No complete finite target-seed transductive record
IDEC,zoo,no verified transductive three-seed default evidence,missing_or_inapplicable,No complete finite target-seed transductive record
IDEC,Blood_BoneMarrow,no verified transductive three-seed default evidence,missing_or_inapplicable,No complete finite target-seed transductive record
IDEC,Human_Pancreas_1,no verified transductive three-seed default evidence,missing_or_inapplicable,No complete finite target-seed transductive record
IDEC,Human_Pancreas_3,no verified transductive three-seed default evidence,missing_or_inapplicable,No complete finite target-seed transductive record
IDEC,Mouse_Pancreas_1,no verified transductive three-seed default evidence,missing_or_inapplicable,No complete finite target-seed transductive record
IDEC,PRJNA895163,no verified transductive three-seed default evidence,missing_or_inapplicable,No complete finite target-seed transductive record
IDEC,TabulaSapiens_Pancreas,no verified transductive three-seed default evidence,missing_or_inapplicable,No complete finite target-seed transductive record
IDEC,Bach,no verified transductive three-seed default evidence,missing_or_inapplicable,No complete finite target-seed transductive record
IDEC,Baron,no verified transductive three-seed default evidence,missing_or_inapplicable,No complete finite target-seed transductive record
IDEC,Guo,no verified transductive three-seed default evidence,missing_or_inapplicable,No complete finite target-seed transductive record
IDEC,Limb_Muscle,no verified transductive three-seed default evidence,missing_or_inapplicable,No complete finite target-seed transductive record
IDEC,Macosko,no verified transductive three-seed default evidence,missing_or_inapplicable,No complete finite target-seed transductive record
IDEC,Melanoma_5K,no verified transductive three-seed default evidence,missing_or_inapplicable,No complete finite target-seed transductive record
IDEC,Pollen,no verified transductive three-seed default evidence,missing_or_inapplicable,No complete finite target-seed transductive record
IDEC,Quake_10x_Spleen,no verified transductive three-seed default evidence,missing_or_inapplicable,No complete finite target-seed transductive record
IDEC,Quake_Smart-seq2_Lung,no verified transductive three-seed default evidence,missing_or_inapplicable,No complete finite target-seed transductive record
IDEC,Shekhar,no verified transductive three-seed default evidence,missing_or_inapplicable,No complete finite target-seed transductive record
IDEC,Tosches,no verified transductive three-seed default evidence,missing_or_inapplicable,No complete finite target-seed transductive record
IDEC,Wang,no verified transductive three-seed default evidence,missing_or_inapplicable,No complete finite target-seed transductive record
IDEC,Young,no verified transductive three-seed default evidence,missing_or_inapplicable,No complete finite target-seed transductive record
IDEC,hrvatin,no verified transductive three-seed default evidence,missing_or_inapplicable,No complete finite target-seed transductive record
IDEC,worm_neuron_cell,no verified transductive three-seed default evidence,missing_or_inapplicable,No complete finite target-seed transductive record
EDESC,20newsgroups,historical reuse only where all target seeds and provenance are explicit,missing_or_inapplicable,No complete finite target-seed transductive record
EDESC,banknote_authentication,historical reuse only where all target seeds and provenance are explicit,missing_or_inapplicable,No complete finite target-seed transductive record
EDESC,Baron_Human,historical reuse only where all target seeds and provenance are explicit,missing_or_inapplicable,No complete finite target-seed transductive record
EDESC,birds_bones_and_living_habits,historical reuse only where all target seeds and provenance are explicit,missing_or_inapplicable,No complete finite target-seed transductive record
EDESC,blood_transfusion_service_center,historical reuse only where all target seeds and provenance are explicit,missing_or_inapplicable,No complete finite target-seed transductive record
EDESC,boston,historical reuse only where all target seeds and provenance are explicit,missing_or_inapplicable,No complete finite target-seed transductive record
EDESC,breast_cancer_coimbra,historical reuse only where all target seeds and provenance are explicit,missing_or_inapplicable,No complete finite target-seed transductive record
EDESC,breast_cancer_wisconsin_prognostic,historical reuse only where all target seeds and provenance are explicit,missing_or_inapplicable,No complete finite target-seed transductive record
EDESC,breast_tissue,historical reuse only where all target seeds and provenance are explicit,missing_or_inapplicable,No complete finite target-seed transductive record
EDESC,Campbell,historical reuse only where all target seeds and provenance are explicit,missing_or_inapplicable,No complete finite target-seed transductive record
EDESC,cardiovascular_study,historical reuse only where all target seeds and provenance are explicit,missing_or_inapplicable,No complete finite target-seed transductive record
EDESC,cifar10,historical reuse only where all target seeds and provenance are explicit,missing_or_inapplicable,No complete finite target-seed transductive record
EDESC,CIFAR10_CLIP,historical reuse only where all target seeds and provenance are explicit,missing_or_inapplicable,No complete finite target-seed transductive record
EDESC,classification_in_asteroseismology,historical reuse only where all target seeds and provenance are explicit,missing_or_inapplicable,No complete finite target-seed transductive record
EDESC,cnae9,historical reuse only where all target seeds and provenance are explicit,missing_or_inapplicable,No complete finite target-seed transductive record
EDESC,coil20,historical reuse only where all target seeds and provenance are explicit,missing_or_inapplicable,No complete finite target-seed transductive record
EDESC,COIL20_CLIP,historical reuse only where all target seeds and provenance are explicit,missing_or_inapplicable,No complete finite target-seed transductive record
EDESC,credit_risk_classification,historical reuse only where all target seeds and provenance are explicit,missing_or_inapplicable,No complete finite target-seed transductive record
EDESC,crowdsourced_mapping,historical reuse only where all target seeds and provenance are explicit,missing_or_inapplicable,No complete finite target-seed transductive record
EDESC,customer_classification,historical reuse only where all target seeds and provenance are explicit,missing_or_inapplicable,No complete finite target-seed transductive record
EDESC,date_fruit,historical reuse only where all target seeds and provenance are explicit,missing_or_inapplicable,No complete finite target-seed transductive record
EDESC,dermatology,historical reuse only where all target seeds and provenance are explicit,missing_or_inapplicable,No complete finite target-seed transductive record
EDESC,diabetic_retinopathy_debrecen,historical reuse only where all target seeds and provenance are explicit,missing_or_inapplicable,No complete finite target-seed transductive record
EDESC,dilbert,historical reuse only where all target seeds and provenance are explicit,missing_or_inapplicable,No complete finite target-seed transductive record
EDESC,Drug_Consumption,historical reuse only where all target seeds and provenance are explicit,missing_or_inapplicable,No complete finite target-seed transductive record
EDESC,dry_bean,historical reuse only where all target seeds and provenance are explicit,missing_or_inapplicable,No complete finite target-seed transductive record
EDESC,durum_wheat_features,historical reuse only where all target seeds and provenance are explicit,missing_or_inapplicable,No complete finite target-seed transductive record
EDESC,echocardiogram,historical reuse only where all target seeds and provenance are explicit,missing_or_inapplicable,No complete finite target-seed transductive record
EDESC,ecoli,historical reuse only where all target seeds and provenance are explicit,missing_or_inapplicable,No complete finite target-seed transductive record
EDESC,enron,historical reuse only where all target seeds and provenance are explicit,missing_or_inapplicable,No complete finite target-seed transductive record
EDESC,epileptic_seizure_recognition,historical reuse only where all target seeds and provenance are explicit,missing_or_inapplicable,No complete finite target-seed transductive record
EDESC,extyaleb,historical reuse only where all target seeds and provenance are explicit,missing_or_inapplicable,No complete finite target-seed transductive record
EDESC,fabert,historical reuse only where all target seeds and provenance are explicit,missing_or_inapplicable,No complete finite target-seed transductive record
EDESC,fashion_mnist,historical reuse only where all target seeds and provenance are explicit,missing_or_inapplicable,No complete finite target-seed transductive record
EDESC,FashionMNIST_CLIP,historical reuse only where all target seeds and provenance are explicit,missing_or_inapplicable,No complete finite target-seed transductive record
EDESC,fbis.wc,historical reuse only where all target seeds and provenance are explicit,missing_or_inapplicable,No complete finite target-seed transductive record
EDESC,fetal_health_classification,historical reuse only where all target seeds and provenance are explicit,missing_or_inapplicable,No complete finite target-seed transductive record
EDESC,first-order-theorem-proving,historical reuse only where all target seeds and provenance are explicit,missing_or_inapplicable,No complete finite target-seed transductive record
EDESC,flickr_material_database,historical reuse only where all target seeds and provenance are explicit,missing_or_inapplicable,No complete finite target-seed transductive record
EDESC,fraud_detection_bank,historical reuse only where all target seeds and provenance are explicit,missing_or_inapplicable,No complete finite target-seed transductive record
EDESC,gas-drift,historical reuse only where all target seeds and provenance are explicit,missing_or_inapplicable,No complete finite target-seed transductive record
EDESC,gina_prior2,historical reuse only where all target seeds and provenance are explicit,missing_or_inapplicable,No complete finite target-seed transductive record
EDESC,glass_identification,historical reuse only where all target seeds and provenance are explicit,missing_or_inapplicable,No complete finite target-seed transductive record
EDESC,har,historical reuse only where all target seeds and provenance are explicit,missing_or_inapplicable,No complete finite target-seed transductive record
EDESC,harbermans_survival,historical reuse only where all target seeds and provenance are explicit,missing_or_inapplicable,No complete finite target-seed transductive record
EDESC,hate_speech,historical reuse only where all target seeds and provenance are explicit,missing_or_inapplicable,No complete finite target-seed transductive record
EDESC,heart_attack_analysis_prediction_dataset,historical reuse only where all target seeds and provenance are explicit,missing_or_inapplicable,No complete finite target-seed transductive record
EDESC,heart_disease,historical reuse only where all target seeds and provenance are explicit,missing_or_inapplicable,No complete finite target-seed transductive record
EDESC,hepatitis,historical reuse only where all target seeds and provenance are explicit,missing_or_inapplicable,No complete finite target-seed transductive record
EDESC,htru2,historical reuse only where all target seeds and provenance are explicit,missing_or_inapplicable,No complete finite target-seed transductive record
EDESC,human_stress_detection,historical reuse only where all target seeds and provenance are explicit,missing_or_inapplicable,No complete finite target-seed transductive record
EDESC,image_segmentation,historical reuse only where all target seeds and provenance are explicit,missing_or_inapplicable,No complete finite target-seed transductive record
EDESC,imdb,historical reuse only where all target seeds and provenance are explicit,missing_or_inapplicable,No complete finite target-seed transductive record
EDESC,Indian_pines,historical reuse only where all target seeds and provenance are explicit,missing_or_inapplicable,No complete finite target-seed transductive record
EDESC,insurance_company_benchmark,historical reuse only where all target seeds and provenance are explicit,missing_or_inapplicable,No complete finite target-seed transductive record
EDESC,ionosphere,historical reuse only where all target seeds and provenance are explicit,missing_or_inapplicable,No complete finite target-seed transductive record
EDESC,iris,historical reuse only where all target seeds and provenance are explicit,missing_or_inapplicable,No complete finite target-seed transductive record
EDESC,JapaneseVowels,historical reuse only where all target seeds and provenance are explicit,missing_or_inapplicable,No complete finite target-seed transductive record
EDESC,labeled_faces_in_the_wild,historical reuse only where all target seeds and provenance are explicit,missing_or_inapplicable,No complete finite target-seed transductive record
EDESC,letter_recognition,historical reuse only where all target seeds and provenance are explicit,missing_or_inapplicable,No complete finite target-seed transductive record
EDESC,magic_gamma_telescope,historical reuse only where all target seeds and provenance are explicit,missing_or_inapplicable,No complete finite target-seed transductive record
EDESC,mammographic_mass,historical reuse only where all target seeds and provenance are explicit,missing_or_inapplicable,No complete finite target-seed transductive record
EDESC,mfeat-factors,historical reuse only where all target seeds and provenance are explicit,missing_or_inapplicable,No complete finite target-seed transductive record
EDESC,mfeat-fourier,historical reuse only where all target seeds and provenance are explicit,missing_or_inapplicable,No complete finite target-seed transductive record
EDESC,mfeat-karhunen,historical reuse only where all target seeds and provenance are explicit,missing_or_inapplicable,No complete finite target-seed transductive record
EDESC,mfeat-morphological,historical reuse only where all target seeds and provenance are explicit,missing_or_inapplicable,No complete finite target-seed transductive record
EDESC,micro-mass,historical reuse only where all target seeds and provenance are explicit,missing_or_inapplicable,No complete finite target-seed transductive record
EDESC,microbes,historical reuse only where all target seeds and provenance are explicit,missing_or_inapplicable,No complete finite target-seed transductive record
EDESC,mnist64,historical reuse only where all target seeds and provenance are explicit,missing_or_inapplicable,No complete finite target-seed transductive record
EDESC,MNIST_CLIP,historical reuse only where all target seeds and provenance are explicit,missing_or_inapplicable,No complete finite target-seed transductive record
EDESC,mobile_price_classification,historical reuse only where all target seeds and provenance are explicit,missing_or_inapplicable,No complete finite target-seed transductive record
EDESC,music_genre_classification,historical reuse only where all target seeds and provenance are explicit,missing_or_inapplicable,No complete finite target-seed transductive record
EDESC,olivetti_faces,historical reuse only where all target seeds and provenance are explicit,missing_or_inapplicable,No complete finite target-seed transductive record
EDESC,optical_recognition_of_handwritten_digits,historical reuse only where all target seeds and provenance are explicit,missing_or_inapplicable,No complete finite target-seed transductive record
EDESC,orbit_classification_for_prediction_nasa,historical reuse only where all target seeds and provenance are explicit,missing_or_inapplicable,No complete finite target-seed transductive record
EDESC,paris_housing_classification,historical reuse only where all target seeds and provenance are explicit,missing_or_inapplicable,No complete finite target-seed transductive record
EDESC,parkinsons,historical reuse only where all target seeds and provenance are explicit,missing_or_inapplicable,No complete finite target-seed transductive record
EDESC,patient_treatment_classification,historical reuse only where all target seeds and provenance are explicit,missing_or_inapplicable,No complete finite target-seed transductive record
EDESC,PCam,historical reuse only where all target seeds and provenance are explicit,missing_or_inapplicable,No complete finite target-seed transductive record
EDESC,pen_based_recognition_of_handwritten_digits,historical reuse only where all target seeds and provenance are explicit,missing_or_inapplicable,No complete finite target-seed transductive record
EDESC,ph_recognition,historical reuse only where all target seeds and provenance are explicit,missing_or_inapplicable,No complete finite target-seed transductive record
EDESC,pima_indians_diabetes_database,historical reuse only where all target seeds and provenance are explicit,missing_or_inapplicable,No complete finite target-seed transductive record
EDESC,pistachio,historical reuse only where all target seeds and provenance are explicit,missing_or_inapplicable,No complete finite target-seed transductive record
EDESC,planning_relax,historical reuse only where all target seeds and provenance are explicit,missing_or_inapplicable,No complete finite target-seed transductive record
EDESC,poker-hand,historical reuse only where all target seeds and provenance are explicit,missing_or_inapplicable,No complete finite target-seed transductive record
EDESC,predicting_pulsar_star,historical reuse only where all target seeds and provenance are explicit,missing_or_inapplicable,No complete finite target-seed transductive record
EDESC,pumpkin_seeds,historical reuse only where all target seeds and provenance are explicit,missing_or_inapplicable,No complete finite target-seed transductive record
EDESC,raisin,historical reuse only where all target seeds and provenance are explicit,missing_or_inapplicable,No complete finite target-seed transductive record
EDESC,reuters,historical reuse only where all target seeds and provenance are explicit,missing_or_inapplicable,No complete finite target-seed transductive record
EDESC,rice_dataset_cammeo_and_osmancik,historical reuse only where all target seeds and provenance are explicit,missing_or_inapplicable,No complete finite target-seed transductive record
EDESC,rice_seed_gonen_jasmine,historical reuse only where all target seeds and provenance are explicit,missing_or_inapplicable,No complete finite target-seed transductive record
EDESC,rmftsa_sleepdata,historical reuse only where all target seeds and provenance are explicit,missing_or_inapplicable,No complete finite target-seed transductive record
EDESC,satellite_image,historical reuse only where all target seeds and provenance are explicit,missing_or_inapplicable,No complete finite target-seed transductive record
EDESC,secom,historical reuse only where all target seeds and provenance are explicit,missing_or_inapplicable,No complete finite target-seed transductive record
EDESC,seeds,historical reuse only where all target seeds and provenance are explicit,missing_or_inapplicable,No complete finite target-seed transductive record
EDESC,seismic_bumps,historical reuse only where all target seeds and provenance are explicit,missing_or_inapplicable,No complete finite target-seed transductive record
EDESC,sentiment_labeld_sentences,historical reuse only where all target seeds and provenance are explicit,missing_or_inapplicable,No complete finite target-seed transductive record
EDESC,shuttle,historical reuse only where all target seeds and provenance are explicit,missing_or_inapplicable,No complete finite target-seed transductive record
EDESC,siberian_weather_stats,historical reuse only where all target seeds and provenance are explicit,missing_or_inapplicable,No complete finite target-seed transductive record
EDESC,skillcraft1_master_table_dataset,historical reuse only where all target seeds and provenance are explicit,missing_or_inapplicable,No complete finite target-seed transductive record
EDESC,smoker_condition,historical reuse only where all target seeds and provenance are explicit,missing_or_inapplicable,No complete finite target-seed transductive record
EDESC,spectf_heart,historical reuse only where all target seeds and provenance are explicit,missing_or_inapplicable,No complete finite target-seed transductive record
EDESC,statlog_german_credit,historical reuse only where all target seeds and provenance are explicit,missing_or_inapplicable,No complete finite target-seed transductive record
EDESC,statlog_image_segmentation,historical reuse only where all target seeds and provenance are explicit,missing_or_inapplicable,No complete finite target-seed transductive record
EDESC,steel-plates-fault,historical reuse only where all target seeds and provenance are explicit,missing_or_inapplicable,No complete finite target-seed transductive record
EDESC,street_view_house_numbers,historical reuse only where all target seeds and provenance are explicit,missing_or_inapplicable,No complete finite target-seed transductive record
EDESC,student_grade,historical reuse only where all target seeds and provenance are explicit,missing_or_inapplicable,No complete finite target-seed transductive record
EDESC,synthetic_control,historical reuse only where all target seeds and provenance are explicit,missing_or_inapplicable,No complete finite target-seed transductive record
EDESC,tamilnadu-electricity,historical reuse only where all target seeds and provenance are explicit,missing_or_inapplicable,No complete finite target-seed transductive record
EDESC,tr45.wc,historical reuse only where all target seeds and provenance are explicit,missing_or_inapplicable,No complete finite target-seed transductive record
EDESC,turkish_music_emotion,historical reuse only where all target seeds and provenance are explicit,missing_or_inapplicable,No complete finite target-seed transductive record
EDESC,user_knowledge_modeling,historical reuse only where all target seeds and provenance are explicit,missing_or_inapplicable,No complete finite target-seed transductive record
EDESC,vehicle,historical reuse only where all target seeds and provenance are explicit,missing_or_inapplicable,No complete finite target-seed transductive record
EDESC,wall-robot-navigation,historical reuse only where all target seeds and provenance are explicit,missing_or_inapplicable,No complete finite target-seed transductive record
EDESC,water_quality,historical reuse only where all target seeds and provenance are explicit,missing_or_inapplicable,No complete finite target-seed transductive record
EDESC,Waveform,historical reuse only where all target seeds and provenance are explicit,missing_or_inapplicable,No complete finite target-seed transductive record
EDESC,weather,historical reuse only where all target seeds and provenance are explicit,missing_or_inapplicable,No complete finite target-seed transductive record
EDESC,website_phishing,historical reuse only where all target seeds and provenance are explicit,missing_or_inapplicable,No complete finite target-seed transductive record
EDESC,wine,historical reuse only where all target seeds and provenance are explicit,missing_or_inapplicable,No complete finite target-seed transductive record
EDESC,wine_customer,historical reuse only where all target seeds and provenance are explicit,missing_or_inapplicable,No complete finite target-seed transductive record
EDESC,wine_quality,historical reuse only where all target seeds and provenance are explicit,missing_or_inapplicable,No complete finite target-seed transductive record
EDESC,wireless_indoor_localization,historical reuse only where all target seeds and provenance are explicit,missing_or_inapplicable,No complete finite target-seed transductive record
EDESC,world12d,historical reuse only where all target seeds and provenance are explicit,missing_or_inapplicable,No complete finite target-seed transductive record
EDESC,wos,historical reuse only where all target seeds and provenance are explicit,missing_or_inapplicable,No complete finite target-seed transductive record
EDESC,yeast,historical reuse only where all target seeds and provenance are explicit,missing_or_inapplicable,No complete finite target-seed transductive record
EDESC,zoo,historical reuse only where all target seeds and provenance are explicit,missing_or_inapplicable,No complete finite target-seed transductive record
EDESC,Blood_BoneMarrow,historical reuse only where all target seeds and provenance are explicit,missing_or_inapplicable,No complete finite target-seed transductive record
EDESC,Human_Pancreas_1,historical reuse only where all target seeds and provenance are explicit,missing_or_inapplicable,No complete finite target-seed transductive record
EDESC,Human_Pancreas_3,historical reuse only where all target seeds and provenance are explicit,missing_or_inapplicable,No complete finite target-seed transductive record
EDESC,Mouse_Pancreas_1,historical reuse only where all target seeds and provenance are explicit,missing_or_inapplicable,No complete finite target-seed transductive record
EDESC,PRJNA895163,historical reuse only where all target seeds and provenance are explicit,missing_or_inapplicable,No complete finite target-seed transductive record
EDESC,TabulaSapiens_Pancreas,historical reuse only where all target seeds and provenance are explicit,missing_or_inapplicable,No complete finite target-seed transductive record
EDESC,Bach,historical reuse only where all target seeds and provenance are explicit,missing_or_inapplicable,No complete finite target-seed transductive record
EDESC,Baron,historical reuse only where all target seeds and provenance are explicit,missing_or_inapplicable,No complete finite target-seed transductive record
EDESC,Guo,historical reuse only where all target seeds and provenance are explicit,missing_or_inapplicable,No complete finite target-seed transductive record
EDESC,Limb_Muscle,historical reuse only where all target seeds and provenance are explicit,missing_or_inapplicable,No complete finite target-seed transductive record
EDESC,Macosko,historical reuse only where all target seeds and provenance are explicit,missing_or_inapplicable,No complete finite target-seed transductive record
EDESC,Melanoma_5K,historical reuse only where all target seeds and provenance are explicit,missing_or_inapplicable,No complete finite target-seed transductive record
EDESC,Pollen,historical reuse only where all target seeds and provenance are explicit,missing_or_inapplicable,No complete finite target-seed transductive record
EDESC,Quake_10x_Spleen,historical reuse only where all target seeds and provenance are explicit,missing_or_inapplicable,No complete finite target-seed transductive record
EDESC,Quake_Smart-seq2_Lung,historical reuse only where all target seeds and provenance are explicit,missing_or_inapplicable,No complete finite target-seed transductive record
EDESC,Shekhar,historical reuse only where all target seeds and provenance are explicit,missing_or_inapplicable,No complete finite target-seed transductive record
EDESC,Tosches,historical reuse only where all target seeds and provenance are explicit,missing_or_inapplicable,No complete finite target-seed transductive record
EDESC,Wang,historical reuse only where all target seeds and provenance are explicit,missing_or_inapplicable,No complete finite target-seed transductive record
EDESC,Young,historical reuse only where all target seeds and provenance are explicit,missing_or_inapplicable,No complete finite target-seed transductive record
EDESC,hrvatin,historical reuse only where all target seeds and provenance are explicit,missing_or_inapplicable,No complete finite target-seed transductive record
EDESC,worm_neuron_cell,historical reuse only where all target seeds and provenance are explicit,missing_or_inapplicable,No complete finite target-seed transductive record
TableDC,20newsgroups,historical reuse only where all target seeds and provenance are explicit,missing_or_inapplicable,No complete finite target-seed transductive record
TableDC,banknote_authentication,historical reuse only where all target seeds and provenance are explicit,missing_or_inapplicable,No complete finite target-seed transductive record
TableDC,Baron_Human,historical reuse only where all target seeds and provenance are explicit,missing_or_inapplicable,No complete finite target-seed transductive record
TableDC,birds_bones_and_living_habits,historical reuse only where all target seeds and provenance are explicit,missing_or_inapplicable,No complete finite target-seed transductive record
TableDC,blood_transfusion_service_center,historical reuse only where all target seeds and provenance are explicit,missing_or_inapplicable,No complete finite target-seed transductive record
TableDC,boston,historical reuse only where all target seeds and provenance are explicit,missing_or_inapplicable,No complete finite target-seed transductive record
TableDC,breast_cancer_coimbra,historical reuse only where all target seeds and provenance are explicit,missing_or_inapplicable,No complete finite target-seed transductive record
TableDC,breast_cancer_wisconsin_prognostic,historical reuse only where all target seeds and provenance are explicit,missing_or_inapplicable,No complete finite target-seed transductive record
TableDC,breast_tissue,historical reuse only where all target seeds and provenance are explicit,missing_or_inapplicable,No complete finite target-seed transductive record
TableDC,Campbell,historical reuse only where all target seeds and provenance are explicit,missing_or_inapplicable,No complete finite target-seed transductive record
TableDC,cardiovascular_study,historical reuse only where all target seeds and provenance are explicit,missing_or_inapplicable,No complete finite target-seed transductive record
TableDC,cifar10,historical reuse only where all target seeds and provenance are explicit,missing_or_inapplicable,No complete finite target-seed transductive record
TableDC,CIFAR10_CLIP,historical reuse only where all target seeds and provenance are explicit,missing_or_inapplicable,No complete finite target-seed transductive record
TableDC,classification_in_asteroseismology,historical reuse only where all target seeds and provenance are explicit,missing_or_inapplicable,No complete finite target-seed transductive record
TableDC,cnae9,historical reuse only where all target seeds and provenance are explicit,missing_or_inapplicable,No complete finite target-seed transductive record
TableDC,coil20,historical reuse only where all target seeds and provenance are explicit,missing_or_inapplicable,No complete finite target-seed transductive record
TableDC,COIL20_CLIP,historical reuse only where all target seeds and provenance are explicit,missing_or_inapplicable,No complete finite target-seed transductive record
TableDC,credit_risk_classification,historical reuse only where all target seeds and provenance are explicit,missing_or_inapplicable,No complete finite target-seed transductive record
TableDC,crowdsourced_mapping,historical reuse only where all target seeds and provenance are explicit,missing_or_inapplicable,No complete finite target-seed transductive record
TableDC,customer_classification,historical reuse only where all target seeds and provenance are explicit,missing_or_inapplicable,No complete finite target-seed transductive record
TableDC,date_fruit,historical reuse only where all target seeds and provenance are explicit,missing_or_inapplicable,No complete finite target-seed transductive record
TableDC,dermatology,historical reuse only where all target seeds and provenance are explicit,missing_or_inapplicable,No complete finite target-seed transductive record
TableDC,diabetic_retinopathy_debrecen,historical reuse only where all target seeds and provenance are explicit,missing_or_inapplicable,No complete finite target-seed transductive record
TableDC,dilbert,historical reuse only where all target seeds and provenance are explicit,missing_or_inapplicable,No complete finite target-seed transductive record
TableDC,Drug_Consumption,historical reuse only where all target seeds and provenance are explicit,missing_or_inapplicable,No complete finite target-seed transductive record
TableDC,dry_bean,historical reuse only where all target seeds and provenance are explicit,missing_or_inapplicable,No complete finite target-seed transductive record
TableDC,durum_wheat_features,historical reuse only where all target seeds and provenance are explicit,missing_or_inapplicable,No complete finite target-seed transductive record
TableDC,echocardiogram,historical reuse only where all target seeds and provenance are explicit,missing_or_inapplicable,No complete finite target-seed transductive record
TableDC,ecoli,historical reuse only where all target seeds and provenance are explicit,missing_or_inapplicable,No complete finite target-seed transductive record
TableDC,enron,historical reuse only where all target seeds and provenance are explicit,missing_or_inapplicable,No complete finite target-seed transductive record
TableDC,epileptic_seizure_recognition,historical reuse only where all target seeds and provenance are explicit,missing_or_inapplicable,No complete finite target-seed transductive record
TableDC,extyaleb,historical reuse only where all target seeds and provenance are explicit,missing_or_inapplicable,No complete finite target-seed transductive record
TableDC,fabert,historical reuse only where all target seeds and provenance are explicit,missing_or_inapplicable,No complete finite target-seed transductive record
TableDC,fashion_mnist,historical reuse only where all target seeds and provenance are explicit,missing_or_inapplicable,No complete finite target-seed transductive record
TableDC,FashionMNIST_CLIP,historical reuse only where all target seeds and provenance are explicit,missing_or_inapplicable,No complete finite target-seed transductive record
TableDC,fbis.wc,historical reuse only where all target seeds and provenance are explicit,missing_or_inapplicable,No complete finite target-seed transductive record
TableDC,fetal_health_classification,historical reuse only where all target seeds and provenance are explicit,missing_or_inapplicable,No complete finite target-seed transductive record
TableDC,first-order-theorem-proving,historical reuse only where all target seeds and provenance are explicit,missing_or_inapplicable,No complete finite target-seed transductive record
TableDC,flickr_material_database,historical reuse only where all target seeds and provenance are explicit,missing_or_inapplicable,No complete finite target-seed transductive record
TableDC,fraud_detection_bank,historical reuse only where all target seeds and provenance are explicit,missing_or_inapplicable,No complete finite target-seed transductive record
TableDC,gas-drift,historical reuse only where all target seeds and provenance are explicit,missing_or_inapplicable,No complete finite target-seed transductive record
TableDC,gina_prior2,historical reuse only where all target seeds and provenance are explicit,missing_or_inapplicable,No complete finite target-seed transductive record
TableDC,glass_identification,historical reuse only where all target seeds and provenance are explicit,missing_or_inapplicable,No complete finite target-seed transductive record
TableDC,har,historical reuse only where all target seeds and provenance are explicit,missing_or_inapplicable,No complete finite target-seed transductive record
TableDC,harbermans_survival,historical reuse only where all target seeds and provenance are explicit,missing_or_inapplicable,No complete finite target-seed transductive record
TableDC,hate_speech,historical reuse only where all target seeds and provenance are explicit,missing_or_inapplicable,No complete finite target-seed transductive record
TableDC,heart_attack_analysis_prediction_dataset,historical reuse only where all target seeds and provenance are explicit,missing_or_inapplicable,No complete finite target-seed transductive record
TableDC,heart_disease,historical reuse only where all target seeds and provenance are explicit,missing_or_inapplicable,No complete finite target-seed transductive record
TableDC,hepatitis,historical reuse only where all target seeds and provenance are explicit,missing_or_inapplicable,No complete finite target-seed transductive record
TableDC,htru2,historical reuse only where all target seeds and provenance are explicit,missing_or_inapplicable,No complete finite target-seed transductive record
TableDC,human_stress_detection,historical reuse only where all target seeds and provenance are explicit,missing_or_inapplicable,No complete finite target-seed transductive record
TableDC,image_segmentation,historical reuse only where all target seeds and provenance are explicit,missing_or_inapplicable,No complete finite target-seed transductive record
TableDC,imdb,historical reuse only where all target seeds and provenance are explicit,missing_or_inapplicable,No complete finite target-seed transductive record
TableDC,Indian_pines,historical reuse only where all target seeds and provenance are explicit,missing_or_inapplicable,No complete finite target-seed transductive record
TableDC,insurance_company_benchmark,historical reuse only where all target seeds and provenance are explicit,missing_or_inapplicable,No complete finite target-seed transductive record
TableDC,ionosphere,historical reuse only where all target seeds and provenance are explicit,missing_or_inapplicable,No complete finite target-seed transductive record
TableDC,iris,historical reuse only where all target seeds and provenance are explicit,missing_or_inapplicable,No complete finite target-seed transductive record
TableDC,JapaneseVowels,historical reuse only where all target seeds and provenance are explicit,missing_or_inapplicable,No complete finite target-seed transductive record
TableDC,labeled_faces_in_the_wild,historical reuse only where all target seeds and provenance are explicit,missing_or_inapplicable,No complete finite target-seed transductive record
TableDC,letter_recognition,historical reuse only where all target seeds and provenance are explicit,missing_or_inapplicable,No complete finite target-seed transductive record
TableDC,magic_gamma_telescope,historical reuse only where all target seeds and provenance are explicit,missing_or_inapplicable,No complete finite target-seed transductive record
TableDC,mammographic_mass,historical reuse only where all target seeds and provenance are explicit,missing_or_inapplicable,No complete finite target-seed transductive record
TableDC,mfeat-factors,historical reuse only where all target seeds and provenance are explicit,missing_or_inapplicable,No complete finite target-seed transductive record
TableDC,mfeat-fourier,historical reuse only where all target seeds and provenance are explicit,missing_or_inapplicable,No complete finite target-seed transductive record
TableDC,mfeat-karhunen,historical reuse only where all target seeds and provenance are explicit,missing_or_inapplicable,No complete finite target-seed transductive record
TableDC,mfeat-morphological,historical reuse only where all target seeds and provenance are explicit,missing_or_inapplicable,No complete finite target-seed transductive record
TableDC,micro-mass,historical reuse only where all target seeds and provenance are explicit,missing_or_inapplicable,No complete finite target-seed transductive record
TableDC,microbes,historical reuse only where all target seeds and provenance are explicit,missing_or_inapplicable,No complete finite target-seed transductive record
TableDC,mnist64,historical reuse only where all target seeds and provenance are explicit,missing_or_inapplicable,No complete finite target-seed transductive record
TableDC,MNIST_CLIP,historical reuse only where all target seeds and provenance are explicit,missing_or_inapplicable,No complete finite target-seed transductive record
TableDC,mobile_price_classification,historical reuse only where all target seeds and provenance are explicit,missing_or_inapplicable,No complete finite target-seed transductive record
TableDC,music_genre_classification,historical reuse only where all target seeds and provenance are explicit,missing_or_inapplicable,No complete finite target-seed transductive record
TableDC,olivetti_faces,historical reuse only where all target seeds and provenance are explicit,missing_or_inapplicable,No complete finite target-seed transductive record
TableDC,optical_recognition_of_handwritten_digits,historical reuse only where all target seeds and provenance are explicit,missing_or_inapplicable,No complete finite target-seed transductive record
TableDC,orbit_classification_for_prediction_nasa,historical reuse only where all target seeds and provenance are explicit,missing_or_inapplicable,No complete finite target-seed transductive record
TableDC,paris_housing_classification,historical reuse only where all target seeds and provenance are explicit,missing_or_inapplicable,No complete finite target-seed transductive record
TableDC,parkinsons,historical reuse only where all target seeds and provenance are explicit,missing_or_inapplicable,No complete finite target-seed transductive record
TableDC,patient_treatment_classification,historical reuse only where all target seeds and provenance are explicit,missing_or_inapplicable,No complete finite target-seed transductive record
TableDC,PCam,historical reuse only where all target seeds and provenance are explicit,missing_or_inapplicable,No complete finite target-seed transductive record
TableDC,pen_based_recognition_of_handwritten_digits,historical reuse only where all target seeds and provenance are explicit,missing_or_inapplicable,No complete finite target-seed transductive record
TableDC,ph_recognition,historical reuse only where all target seeds and provenance are explicit,missing_or_inapplicable,No complete finite target-seed transductive record
TableDC,pima_indians_diabetes_database,historical reuse only where all target seeds and provenance are explicit,missing_or_inapplicable,No complete finite target-seed transductive record
TableDC,pistachio,historical reuse only where all target seeds and provenance are explicit,missing_or_inapplicable,No complete finite target-seed transductive record
TableDC,planning_relax,historical reuse only where all target seeds and provenance are explicit,missing_or_inapplicable,No complete finite target-seed transductive record
TableDC,poker-hand,historical reuse only where all target seeds and provenance are explicit,missing_or_inapplicable,No complete finite target-seed transductive record
TableDC,predicting_pulsar_star,historical reuse only where all target seeds and provenance are explicit,missing_or_inapplicable,No complete finite target-seed transductive record
TableDC,pumpkin_seeds,historical reuse only where all target seeds and provenance are explicit,missing_or_inapplicable,No complete finite target-seed transductive record
TableDC,raisin,historical reuse only where all target seeds and provenance are explicit,missing_or_inapplicable,No complete finite target-seed transductive record
TableDC,reuters,historical reuse only where all target seeds and provenance are explicit,missing_or_inapplicable,No complete finite target-seed transductive record
TableDC,rice_dataset_cammeo_and_osmancik,historical reuse only where all target seeds and provenance are explicit,missing_or_inapplicable,No complete finite target-seed transductive record
TableDC,rice_seed_gonen_jasmine,historical reuse only where all target seeds and provenance are explicit,missing_or_inapplicable,No complete finite target-seed transductive record
TableDC,rmftsa_sleepdata,historical reuse only where all target seeds and provenance are explicit,missing_or_inapplicable,No complete finite target-seed transductive record
TableDC,satellite_image,historical reuse only where all target seeds and provenance are explicit,missing_or_inapplicable,No complete finite target-seed transductive record
TableDC,secom,historical reuse only where all target seeds and provenance are explicit,missing_or_inapplicable,No complete finite target-seed transductive record
TableDC,seeds,historical reuse only where all target seeds and provenance are explicit,missing_or_inapplicable,No complete finite target-seed transductive record
TableDC,seismic_bumps,historical reuse only where all target seeds and provenance are explicit,missing_or_inapplicable,No complete finite target-seed transductive record
TableDC,sentiment_labeld_sentences,historical reuse only where all target seeds and provenance are explicit,missing_or_inapplicable,No complete finite target-seed transductive record
TableDC,shuttle,historical reuse only where all target seeds and provenance are explicit,missing_or_inapplicable,No complete finite target-seed transductive record
TableDC,siberian_weather_stats,historical reuse only where all target seeds and provenance are explicit,missing_or_inapplicable,No complete finite target-seed transductive record
TableDC,skillcraft1_master_table_dataset,historical reuse only where all target seeds and provenance are explicit,missing_or_inapplicable,No complete finite target-seed transductive record
TableDC,smoker_condition,historical reuse only where all target seeds and provenance are explicit,missing_or_inapplicable,No complete finite target-seed transductive record
TableDC,spectf_heart,historical reuse only where all target seeds and provenance are explicit,missing_or_inapplicable,No complete finite target-seed transductive record
TableDC,statlog_german_credit,historical reuse only where all target seeds and provenance are explicit,missing_or_inapplicable,No complete finite target-seed transductive record
TableDC,statlog_image_segmentation,historical reuse only where all target seeds and provenance are explicit,missing_or_inapplicable,No complete finite target-seed transductive record
TableDC,steel-plates-fault,historical reuse only where all target seeds and provenance are explicit,missing_or_inapplicable,No complete finite target-seed transductive record
TableDC,street_view_house_numbers,historical reuse only where all target seeds and provenance are explicit,missing_or_inapplicable,No complete finite target-seed transductive record
TableDC,student_grade,historical reuse only where all target seeds and provenance are explicit,missing_or_inapplicable,No complete finite target-seed transductive record
TableDC,synthetic_control,historical reuse only where all target seeds and provenance are explicit,missing_or_inapplicable,No complete finite target-seed transductive record
TableDC,tamilnadu-electricity,historical reuse only where all target seeds and provenance are explicit,missing_or_inapplicable,No complete finite target-seed transductive record
TableDC,tr45.wc,historical reuse only where all target seeds and provenance are explicit,missing_or_inapplicable,No complete finite target-seed transductive record
TableDC,turkish_music_emotion,historical reuse only where all target seeds and provenance are explicit,missing_or_inapplicable,No complete finite target-seed transductive record
TableDC,user_knowledge_modeling,historical reuse only where all target seeds and provenance are explicit,missing_or_inapplicable,No complete finite target-seed transductive record
TableDC,vehicle,historical reuse only where all target seeds and provenance are explicit,missing_or_inapplicable,No complete finite target-seed transductive record
TableDC,wall-robot-navigation,historical reuse only where all target seeds and provenance are explicit,missing_or_inapplicable,No complete finite target-seed transductive record
TableDC,water_quality,historical reuse only where all target seeds and provenance are explicit,missing_or_inapplicable,No complete finite target-seed transductive record
TableDC,Waveform,historical reuse only where all target seeds and provenance are explicit,missing_or_inapplicable,No complete finite target-seed transductive record
TableDC,weather,historical reuse only where all target seeds and provenance are explicit,missing_or_inapplicable,No complete finite target-seed transductive record
TableDC,website_phishing,historical reuse only where all target seeds and provenance are explicit,missing_or_inapplicable,No complete finite target-seed transductive record
TableDC,wine,historical reuse only where all target seeds and provenance are explicit,missing_or_inapplicable,No complete finite target-seed transductive record
TableDC,wine_customer,historical reuse only where all target seeds and provenance are explicit,missing_or_inapplicable,No complete finite target-seed transductive record
TableDC,wine_quality,historical reuse only where all target seeds and provenance are explicit,missing_or_inapplicable,No complete finite target-seed transductive record
TableDC,wireless_indoor_localization,historical reuse only where all target seeds and provenance are explicit,missing_or_inapplicable,No complete finite target-seed transductive record
TableDC,world12d,historical reuse only where all target seeds and provenance are explicit,missing_or_inapplicable,No complete finite target-seed transductive record
TableDC,wos,historical reuse only where all target seeds and provenance are explicit,missing_or_inapplicable,No complete finite target-seed transductive record
TableDC,yeast,historical reuse only where all target seeds and provenance are explicit,missing_or_inapplicable,No complete finite target-seed transductive record
TableDC,zoo,historical reuse only where all target seeds and provenance are explicit,missing_or_inapplicable,No complete finite target-seed transductive record
TableDC,Blood_BoneMarrow,historical reuse only where all target seeds and provenance are explicit,missing_or_inapplicable,No complete finite target-seed transductive record
TableDC,Human_Pancreas_1,historical reuse only where all target seeds and provenance are explicit,missing_or_inapplicable,No complete finite target-seed transductive record
TableDC,Human_Pancreas_3,historical reuse only where all target seeds and provenance are explicit,missing_or_inapplicable,No complete finite target-seed transductive record
TableDC,Mouse_Pancreas_1,historical reuse only where all target seeds and provenance are explicit,missing_or_inapplicable,No complete finite target-seed transductive record
TableDC,PRJNA895163,historical reuse only where all target seeds and provenance are explicit,missing_or_inapplicable,No complete finite target-seed transductive record
TableDC,TabulaSapiens_Pancreas,historical reuse only where all target seeds and provenance are explicit,missing_or_inapplicable,No complete finite target-seed transductive record
TableDC,Bach,historical reuse only where all target seeds and provenance are explicit,missing_or_inapplicable,No complete finite target-seed transductive record
TableDC,Baron,historical reuse only where all target seeds and provenance are explicit,missing_or_inapplicable,No complete finite target-seed transductive record
TableDC,Guo,historical reuse only where all target seeds and provenance are explicit,missing_or_inapplicable,No complete finite target-seed transductive record
TableDC,Limb_Muscle,historical reuse only where all target seeds and provenance are explicit,missing_or_inapplicable,No complete finite target-seed transductive record
TableDC,Macosko,historical reuse only where all target seeds and provenance are explicit,missing_or_inapplicable,No complete finite target-seed transductive record
TableDC,Melanoma_5K,historical reuse only where all target seeds and provenance are explicit,missing_or_inapplicable,No complete finite target-seed transductive record
TableDC,Quake_10x_Spleen,historical reuse only where all target seeds and provenance are explicit,missing_or_inapplicable,No complete finite target-seed transductive record
TableDC,Quake_Smart-seq2_Lung,historical reuse only where all target seeds and provenance are explicit,missing_or_inapplicable,No complete finite target-seed transductive record
TableDC,Shekhar,historical reuse only where all target seeds and provenance are explicit,missing_or_inapplicable,No complete finite target-seed transductive record
TableDC,Tosches,historical reuse only where all target seeds and provenance are explicit,missing_or_inapplicable,No complete finite target-seed transductive record
TableDC,Young,historical reuse only where all target seeds and provenance are explicit,missing_or_inapplicable,No complete finite target-seed transductive record
TableDC,hrvatin,historical reuse only where all target seeds and provenance are explicit,missing_or_inapplicable,No complete finite target-seed transductive record
TableDC,worm_neuron_cell,historical reuse only where all target seeds and provenance are explicit,missing_or_inapplicable,No complete finite target-seed transductive record
ZEUS,20newsgroups,historical reuse only where all target seeds and provenance are explicit,missing_or_inapplicable,No complete finite target-seed transductive record
ZEUS,banknote_authentication,historical reuse only where all target seeds and provenance are explicit,missing_or_inapplicable,No complete finite target-seed transductive record
ZEUS,Baron_Human,historical reuse only where all target seeds and provenance are explicit,missing_or_inapplicable,No complete finite target-seed transductive record
ZEUS,birds_bones_and_living_habits,historical reuse only where all target seeds and provenance are explicit,missing_or_inapplicable,No complete finite target-seed transductive record
ZEUS,blood_transfusion_service_center,historical reuse only where all target seeds and provenance are explicit,missing_or_inapplicable,No complete finite target-seed transductive record
ZEUS,boston,historical reuse only where all target seeds and provenance are explicit,missing_or_inapplicable,No complete finite target-seed transductive record
ZEUS,breast_cancer_coimbra,historical reuse only where all target seeds and provenance are explicit,missing_or_inapplicable,No complete finite target-seed transductive record
ZEUS,breast_cancer_wisconsin_prognostic,historical reuse only where all target seeds and provenance are explicit,missing_or_inapplicable,No complete finite target-seed transductive record
ZEUS,breast_tissue,historical reuse only where all target seeds and provenance are explicit,missing_or_inapplicable,No complete finite target-seed transductive record
ZEUS,Campbell,historical reuse only where all target seeds and provenance are explicit,missing_or_inapplicable,No complete finite target-seed transductive record
ZEUS,cardiovascular_study,historical reuse only where all target seeds and provenance are explicit,missing_or_inapplicable,No complete finite target-seed transductive record
ZEUS,cifar10,historical reuse only where all target seeds and provenance are explicit,missing_or_inapplicable,No complete finite target-seed transductive record
ZEUS,CIFAR10_CLIP,historical reuse only where all target seeds and provenance are explicit,missing_or_inapplicable,No complete finite target-seed transductive record
ZEUS,classification_in_asteroseismology,historical reuse only where all target seeds and provenance are explicit,missing_or_inapplicable,No complete finite target-seed transductive record
ZEUS,cnae9,historical reuse only where all target seeds and provenance are explicit,missing_or_inapplicable,No complete finite target-seed transductive record
ZEUS,coil20,historical reuse only where all target seeds and provenance are explicit,missing_or_inapplicable,No complete finite target-seed transductive record
ZEUS,COIL20_CLIP,historical reuse only where all target seeds and provenance are explicit,missing_or_inapplicable,No complete finite target-seed transductive record
ZEUS,credit_risk_classification,historical reuse only where all target seeds and provenance are explicit,missing_or_inapplicable,No complete finite target-seed transductive record
ZEUS,crowdsourced_mapping,historical reuse only where all target seeds and provenance are explicit,missing_or_inapplicable,No complete finite target-seed transductive record
ZEUS,customer_classification,historical reuse only where all target seeds and provenance are explicit,missing_or_inapplicable,No complete finite target-seed transductive record
ZEUS,date_fruit,historical reuse only where all target seeds and provenance are explicit,missing_or_inapplicable,No complete finite target-seed transductive record
ZEUS,dermatology,historical reuse only where all target seeds and provenance are explicit,missing_or_inapplicable,No complete finite target-seed transductive record
ZEUS,diabetic_retinopathy_debrecen,historical reuse only where all target seeds and provenance are explicit,missing_or_inapplicable,No complete finite target-seed transductive record
ZEUS,dilbert,historical reuse only where all target seeds and provenance are explicit,missing_or_inapplicable,No complete finite target-seed transductive record
ZEUS,Drug_Consumption,historical reuse only where all target seeds and provenance are explicit,missing_or_inapplicable,No complete finite target-seed transductive record
ZEUS,dry_bean,historical reuse only where all target seeds and provenance are explicit,missing_or_inapplicable,No complete finite target-seed transductive record
ZEUS,durum_wheat_features,historical reuse only where all target seeds and provenance are explicit,missing_or_inapplicable,No complete finite target-seed transductive record
ZEUS,echocardiogram,historical reuse only where all target seeds and provenance are explicit,missing_or_inapplicable,No complete finite target-seed transductive record
ZEUS,ecoli,historical reuse only where all target seeds and provenance are explicit,missing_or_inapplicable,No complete finite target-seed transductive record
ZEUS,enron,historical reuse only where all target seeds and provenance are explicit,missing_or_inapplicable,No complete finite target-seed transductive record
ZEUS,epileptic_seizure_recognition,historical reuse only where all target seeds and provenance are explicit,missing_or_inapplicable,No complete finite target-seed transductive record
ZEUS,extyaleb,historical reuse only where all target seeds and provenance are explicit,missing_or_inapplicable,No complete finite target-seed transductive record
ZEUS,fabert,historical reuse only where all target seeds and provenance are explicit,missing_or_inapplicable,No complete finite target-seed transductive record
ZEUS,fashion_mnist,historical reuse only where all target seeds and provenance are explicit,missing_or_inapplicable,No complete finite target-seed transductive record
ZEUS,FashionMNIST_CLIP,historical reuse only where all target seeds and provenance are explicit,missing_or_inapplicable,No complete finite target-seed transductive record
ZEUS,fbis.wc,historical reuse only where all target seeds and provenance are explicit,missing_or_inapplicable,No complete finite target-seed transductive record
ZEUS,fetal_health_classification,historical reuse only where all target seeds and provenance are explicit,missing_or_inapplicable,No complete finite target-seed transductive record
ZEUS,first-order-theorem-proving,historical reuse only where all target seeds and provenance are explicit,missing_or_inapplicable,No complete finite target-seed transductive record
ZEUS,flickr_material_database,historical reuse only where all target seeds and provenance are explicit,missing_or_inapplicable,No complete finite target-seed transductive record
ZEUS,fraud_detection_bank,historical reuse only where all target seeds and provenance are explicit,missing_or_inapplicable,No complete finite target-seed transductive record
ZEUS,gas-drift,historical reuse only where all target seeds and provenance are explicit,missing_or_inapplicable,No complete finite target-seed transductive record
ZEUS,gina_prior2,historical reuse only where all target seeds and provenance are explicit,missing_or_inapplicable,No complete finite target-seed transductive record
ZEUS,glass_identification,historical reuse only where all target seeds and provenance are explicit,missing_or_inapplicable,No complete finite target-seed transductive record
ZEUS,har,historical reuse only where all target seeds and provenance are explicit,missing_or_inapplicable,No complete finite target-seed transductive record
ZEUS,harbermans_survival,historical reuse only where all target seeds and provenance are explicit,missing_or_inapplicable,No complete finite target-seed transductive record
ZEUS,hate_speech,historical reuse only where all target seeds and provenance are explicit,missing_or_inapplicable,No complete finite target-seed transductive record
ZEUS,heart_attack_analysis_prediction_dataset,historical reuse only where all target seeds and provenance are explicit,missing_or_inapplicable,No complete finite target-seed transductive record
ZEUS,heart_disease,historical reuse only where all target seeds and provenance are explicit,missing_or_inapplicable,No complete finite target-seed transductive record
ZEUS,hepatitis,historical reuse only where all target seeds and provenance are explicit,missing_or_inapplicable,No complete finite target-seed transductive record
ZEUS,htru2,historical reuse only where all target seeds and provenance are explicit,missing_or_inapplicable,No complete finite target-seed transductive record
ZEUS,human_stress_detection,historical reuse only where all target seeds and provenance are explicit,missing_or_inapplicable,No complete finite target-seed transductive record
ZEUS,image_segmentation,historical reuse only where all target seeds and provenance are explicit,missing_or_inapplicable,No complete finite target-seed transductive record
ZEUS,imdb,historical reuse only where all target seeds and provenance are explicit,missing_or_inapplicable,No complete finite target-seed transductive record
ZEUS,Indian_pines,historical reuse only where all target seeds and provenance are explicit,missing_or_inapplicable,No complete finite target-seed transductive record
ZEUS,insurance_company_benchmark,historical reuse only where all target seeds and provenance are explicit,missing_or_inapplicable,No complete finite target-seed transductive record
ZEUS,ionosphere,historical reuse only where all target seeds and provenance are explicit,missing_or_inapplicable,No complete finite target-seed transductive record
ZEUS,iris,historical reuse only where all target seeds and provenance are explicit,missing_or_inapplicable,No complete finite target-seed transductive record
ZEUS,JapaneseVowels,historical reuse only where all target seeds and provenance are explicit,missing_or_inapplicable,No complete finite target-seed transductive record
ZEUS,labeled_faces_in_the_wild,historical reuse only where all target seeds and provenance are explicit,missing_or_inapplicable,No complete finite target-seed transductive record
ZEUS,letter_recognition,historical reuse only where all target seeds and provenance are explicit,missing_or_inapplicable,No complete finite target-seed transductive record
ZEUS,magic_gamma_telescope,historical reuse only where all target seeds and provenance are explicit,missing_or_inapplicable,No complete finite target-seed transductive record
ZEUS,mammographic_mass,historical reuse only where all target seeds and provenance are explicit,missing_or_inapplicable,No complete finite target-seed transductive record
ZEUS,mfeat-factors,historical reuse only where all target seeds and provenance are explicit,missing_or_inapplicable,No complete finite target-seed transductive record
ZEUS,mfeat-fourier,historical reuse only where all target seeds and provenance are explicit,missing_or_inapplicable,No complete finite target-seed transductive record
ZEUS,mfeat-karhunen,historical reuse only where all target seeds and provenance are explicit,missing_or_inapplicable,No complete finite target-seed transductive record
ZEUS,mfeat-morphological,historical reuse only where all target seeds and provenance are explicit,missing_or_inapplicable,No complete finite target-seed transductive record
ZEUS,micro-mass,historical reuse only where all target seeds and provenance are explicit,missing_or_inapplicable,No complete finite target-seed transductive record
ZEUS,microbes,historical reuse only where all target seeds and provenance are explicit,missing_or_inapplicable,No complete finite target-seed transductive record
ZEUS,mnist64,historical reuse only where all target seeds and provenance are explicit,missing_or_inapplicable,No complete finite target-seed transductive record
ZEUS,MNIST_CLIP,historical reuse only where all target seeds and provenance are explicit,missing_or_inapplicable,No complete finite target-seed transductive record
ZEUS,mobile_price_classification,historical reuse only where all target seeds and provenance are explicit,missing_or_inapplicable,No complete finite target-seed transductive record
ZEUS,music_genre_classification,historical reuse only where all target seeds and provenance are explicit,missing_or_inapplicable,No complete finite target-seed transductive record
ZEUS,olivetti_faces,historical reuse only where all target seeds and provenance are explicit,missing_or_inapplicable,No complete finite target-seed transductive record
ZEUS,optical_recognition_of_handwritten_digits,historical reuse only where all target seeds and provenance are explicit,missing_or_inapplicable,No complete finite target-seed transductive record
ZEUS,orbit_classification_for_prediction_nasa,historical reuse only where all target seeds and provenance are explicit,missing_or_inapplicable,No complete finite target-seed transductive record
ZEUS,paris_housing_classification,historical reuse only where all target seeds and provenance are explicit,missing_or_inapplicable,No complete finite target-seed transductive record
ZEUS,parkinsons,historical reuse only where all target seeds and provenance are explicit,missing_or_inapplicable,No complete finite target-seed transductive record
ZEUS,patient_treatment_classification,historical reuse only where all target seeds and provenance are explicit,missing_or_inapplicable,No complete finite target-seed transductive record
ZEUS,PCam,historical reuse only where all target seeds and provenance are explicit,missing_or_inapplicable,No complete finite target-seed transductive record
ZEUS,pen_based_recognition_of_handwritten_digits,historical reuse only where all target seeds and provenance are explicit,missing_or_inapplicable,No complete finite target-seed transductive record
ZEUS,ph_recognition,historical reuse only where all target seeds and provenance are explicit,missing_or_inapplicable,No complete finite target-seed transductive record
ZEUS,pima_indians_diabetes_database,historical reuse only where all target seeds and provenance are explicit,missing_or_inapplicable,No complete finite target-seed transductive record
ZEUS,pistachio,historical reuse only where all target seeds and provenance are explicit,missing_or_inapplicable,No complete finite target-seed transductive record
ZEUS,planning_relax,historical reuse only where all target seeds and provenance are explicit,missing_or_inapplicable,No complete finite target-seed transductive record
ZEUS,poker-hand,historical reuse only where all target seeds and provenance are explicit,missing_or_inapplicable,No complete finite target-seed transductive record
ZEUS,predicting_pulsar_star,historical reuse only where all target seeds and provenance are explicit,missing_or_inapplicable,No complete finite target-seed transductive record
ZEUS,pumpkin_seeds,historical reuse only where all target seeds and provenance are explicit,missing_or_inapplicable,No complete finite target-seed transductive record
ZEUS,raisin,historical reuse only where all target seeds and provenance are explicit,missing_or_inapplicable,No complete finite target-seed transductive record
ZEUS,reuters,historical reuse only where all target seeds and provenance are explicit,missing_or_inapplicable,No complete finite target-seed transductive record
ZEUS,rice_dataset_cammeo_and_osmancik,historical reuse only where all target seeds and provenance are explicit,missing_or_inapplicable,No complete finite target-seed transductive record
ZEUS,rice_seed_gonen_jasmine,historical reuse only where all target seeds and provenance are explicit,missing_or_inapplicable,No complete finite target-seed transductive record
ZEUS,rmftsa_sleepdata,historical reuse only where all target seeds and provenance are explicit,missing_or_inapplicable,No complete finite target-seed transductive record
ZEUS,satellite_image,historical reuse only where all target seeds and provenance are explicit,missing_or_inapplicable,No complete finite target-seed transductive record
ZEUS,secom,historical reuse only where all target seeds and provenance are explicit,missing_or_inapplicable,No complete finite target-seed transductive record
ZEUS,seeds,historical reuse only where all target seeds and provenance are explicit,missing_or_inapplicable,No complete finite target-seed transductive record
ZEUS,seismic_bumps,historical reuse only where all target seeds and provenance are explicit,missing_or_inapplicable,No complete finite target-seed transductive record
ZEUS,sentiment_labeld_sentences,historical reuse only where all target seeds and provenance are explicit,missing_or_inapplicable,No complete finite target-seed transductive record
ZEUS,shuttle,historical reuse only where all target seeds and provenance are explicit,missing_or_inapplicable,No complete finite target-seed transductive record
ZEUS,siberian_weather_stats,historical reuse only where all target seeds and provenance are explicit,missing_or_inapplicable,No complete finite target-seed transductive record
ZEUS,skillcraft1_master_table_dataset,historical reuse only where all target seeds and provenance are explicit,missing_or_inapplicable,No complete finite target-seed transductive record
ZEUS,smoker_condition,historical reuse only where all target seeds and provenance are explicit,missing_or_inapplicable,No complete finite target-seed transductive record
ZEUS,spectf_heart,historical reuse only where all target seeds and provenance are explicit,missing_or_inapplicable,No complete finite target-seed transductive record
ZEUS,statlog_german_credit,historical reuse only where all target seeds and provenance are explicit,missing_or_inapplicable,No complete finite target-seed transductive record
ZEUS,statlog_image_segmentation,historical reuse only where all target seeds and provenance are explicit,missing_or_inapplicable,No complete finite target-seed transductive record
ZEUS,steel-plates-fault,historical reuse only where all target seeds and provenance are explicit,missing_or_inapplicable,No complete finite target-seed transductive record
ZEUS,street_view_house_numbers,historical reuse only where all target seeds and provenance are explicit,missing_or_inapplicable,No complete finite target-seed transductive record
ZEUS,student_grade,historical reuse only where all target seeds and provenance are explicit,missing_or_inapplicable,No complete finite target-seed transductive record
ZEUS,synthetic_control,historical reuse only where all target seeds and provenance are explicit,missing_or_inapplicable,No complete finite target-seed transductive record
ZEUS,tamilnadu-electricity,historical reuse only where all target seeds and provenance are explicit,missing_or_inapplicable,No complete finite target-seed transductive record
ZEUS,tr45.wc,historical reuse only where all target seeds and provenance are explicit,missing_or_inapplicable,No complete finite target-seed transductive record
ZEUS,turkish_music_emotion,historical reuse only where all target seeds and provenance are explicit,missing_or_inapplicable,No complete finite target-seed transductive record
ZEUS,user_knowledge_modeling,historical reuse only where all target seeds and provenance are explicit,missing_or_inapplicable,No complete finite target-seed transductive record
ZEUS,vehicle,historical reuse only where all target seeds and provenance are explicit,missing_or_inapplicable,No complete finite target-seed transductive record
ZEUS,wall-robot-navigation,historical reuse only where all target seeds and provenance are explicit,missing_or_inapplicable,No complete finite target-seed transductive record
ZEUS,water_quality,historical reuse only where all target seeds and provenance are explicit,missing_or_inapplicable,No complete finite target-seed transductive record
ZEUS,Waveform,historical reuse only where all target seeds and provenance are explicit,missing_or_inapplicable,No complete finite target-seed transductive record
ZEUS,weather,historical reuse only where all target seeds and provenance are explicit,missing_or_inapplicable,No complete finite target-seed transductive record
ZEUS,website_phishing,historical reuse only where all target seeds and provenance are explicit,missing_or_inapplicable,No complete finite target-seed transductive record
ZEUS,wine,historical reuse only where all target seeds and provenance are explicit,missing_or_inapplicable,No complete finite target-seed transductive record
ZEUS,wine_customer,historical reuse only where all target seeds and provenance are explicit,missing_or_inapplicable,No complete finite target-seed transductive record
ZEUS,wine_quality,historical reuse only where all target seeds and provenance are explicit,missing_or_inapplicable,No complete finite target-seed transductive record
ZEUS,wireless_indoor_localization,historical reuse only where all target seeds and provenance are explicit,missing_or_inapplicable,No complete finite target-seed transductive record
ZEUS,world12d,historical reuse only where all target seeds and provenance are explicit,missing_or_inapplicable,No complete finite target-seed transductive record
ZEUS,wos,historical reuse only where all target seeds and provenance are explicit,missing_or_inapplicable,No complete finite target-seed transductive record
ZEUS,yeast,historical reuse only where all target seeds and provenance are explicit,missing_or_inapplicable,No complete finite target-seed transductive record
ZEUS,zoo,historical reuse only where all target seeds and provenance are explicit,missing_or_inapplicable,No complete finite target-seed transductive record
ZEUS,Blood_BoneMarrow,historical reuse only where all target seeds and provenance are explicit,missing_or_inapplicable,No complete finite target-seed transductive record
ZEUS,Human_Pancreas_1,historical reuse only where all target seeds and provenance are explicit,missing_or_inapplicable,No complete finite target-seed transductive record
ZEUS,Human_Pancreas_3,historical reuse only where all target seeds and provenance are explicit,missing_or_inapplicable,No complete finite target-seed transductive record
ZEUS,Mouse_Pancreas_1,historical reuse only where all target seeds and provenance are explicit,missing_or_inapplicable,No complete finite target-seed transductive record
ZEUS,PRJNA895163,historical reuse only where all target seeds and provenance are explicit,missing_or_inapplicable,No complete finite target-seed transductive record
ZEUS,TabulaSapiens_Pancreas,historical reuse only where all target seeds and provenance are explicit,missing_or_inapplicable,No complete finite target-seed transductive record
ZEUS,Bach,historical reuse only where all target seeds and provenance are explicit,missing_or_inapplicable,No complete finite target-seed transductive record
ZEUS,Baron,historical reuse only where all target seeds and provenance are explicit,missing_or_inapplicable,No complete finite target-seed transductive record
ZEUS,Guo,historical reuse only where all target seeds and provenance are explicit,missing_or_inapplicable,No complete finite target-seed transductive record
ZEUS,Limb_Muscle,historical reuse only where all target seeds and provenance are explicit,missing_or_inapplicable,No complete finite target-seed transductive record
ZEUS,Macosko,historical reuse only where all target seeds and provenance are explicit,missing_or_inapplicable,No complete finite target-seed transductive record
ZEUS,Melanoma_5K,historical reuse only where all target seeds and provenance are explicit,missing_or_inapplicable,No complete finite target-seed transductive record
ZEUS,Quake_10x_Spleen,historical reuse only where all target seeds and provenance are explicit,missing_or_inapplicable,No complete finite target-seed transductive record
ZEUS,Quake_Smart-seq2_Lung,historical reuse only where all target seeds and provenance are explicit,missing_or_inapplicable,No complete finite target-seed transductive record
ZEUS,Shekhar,historical reuse only where all target seeds and provenance are explicit,missing_or_inapplicable,No complete finite target-seed transductive record
ZEUS,Tosches,historical reuse only where all target seeds and provenance are explicit,missing_or_inapplicable,No complete finite target-seed transductive record
ZEUS,Young,historical reuse only where all target seeds and provenance are explicit,missing_or_inapplicable,No complete finite target-seed transductive record
ZEUS,hrvatin,historical reuse only where all target seeds and provenance are explicit,missing_or_inapplicable,No complete finite target-seed transductive record
ZEUS,worm_neuron_cell,historical reuse only where all target seeds and provenance are explicit,missing_or_inapplicable,No complete finite target-seed transductive record
scNAME,20newsgroups,no verified transductive three-seed default evidence,missing_or_inapplicable,No complete finite target-seed transductive record
scNAME,banknote_authentication,no verified transductive three-seed default evidence,missing_or_inapplicable,No complete finite target-seed transductive record
scNAME,Baron_Human,no verified transductive three-seed default evidence,missing_or_inapplicable,No complete finite target-seed transductive record
scNAME,birds_bones_and_living_habits,no verified transductive three-seed default evidence,missing_or_inapplicable,No complete finite target-seed transductive record
scNAME,blood_transfusion_service_center,no verified transductive three-seed default evidence,missing_or_inapplicable,No complete finite target-seed transductive record
scNAME,boston,no verified transductive three-seed default evidence,missing_or_inapplicable,No complete finite target-seed transductive record
scNAME,breast_cancer_coimbra,no verified transductive three-seed default evidence,missing_or_inapplicable,No complete finite target-seed transductive record
scNAME,breast_cancer_wisconsin_original,no verified transductive three-seed default evidence,missing_or_inapplicable,No complete finite target-seed transductive record
scNAME,breast_cancer_wisconsin_prognostic,no verified transductive three-seed default evidence,missing_or_inapplicable,No complete finite target-seed transductive record
scNAME,breast_tissue,no verified transductive three-seed default evidence,missing_or_inapplicable,No complete finite target-seed transductive record
scNAME,Campbell,no verified transductive three-seed default evidence,missing_or_inapplicable,No complete finite target-seed transductive record
scNAME,cardiovascular_study,no verified transductive three-seed default evidence,missing_or_inapplicable,No complete finite target-seed transductive record
scNAME,cifar10,no verified transductive three-seed default evidence,missing_or_inapplicable,No complete finite target-seed transductive record
scNAME,CIFAR10_CLIP,no verified transductive three-seed default evidence,missing_or_inapplicable,No complete finite target-seed transductive record
scNAME,classification_in_asteroseismology,no verified transductive three-seed default evidence,missing_or_inapplicable,No complete finite target-seed transductive record
scNAME,cnae9,no verified transductive three-seed default evidence,missing_or_inapplicable,No complete finite target-seed transductive record
scNAME,coil20,no verified transductive three-seed default evidence,missing_or_inapplicable,No complete finite target-seed transductive record
scNAME,COIL20_CLIP,no verified transductive three-seed default evidence,missing_or_inapplicable,No complete finite target-seed transductive record
scNAME,credit_risk_classification,no verified transductive three-seed default evidence,missing_or_inapplicable,No complete finite target-seed transductive record
scNAME,crowdsourced_mapping,no verified transductive three-seed default evidence,missing_or_inapplicable,No complete finite target-seed transductive record
scNAME,customer_classification,no verified transductive three-seed default evidence,missing_or_inapplicable,No complete finite target-seed transductive record
scNAME,date_fruit,no verified transductive three-seed default evidence,missing_or_inapplicable,No complete finite target-seed transductive record
scNAME,dermatology,no verified transductive three-seed default evidence,missing_or_inapplicable,No complete finite target-seed transductive record
scNAME,diabetic_retinopathy_debrecen,no verified transductive three-seed default evidence,missing_or_inapplicable,No complete finite target-seed transductive record
scNAME,dilbert,no verified transductive three-seed default evidence,missing_or_inapplicable,No complete finite target-seed transductive record
scNAME,Drug_Consumption,no verified transductive three-seed default evidence,missing_or_inapplicable,No complete finite target-seed transductive record
scNAME,dry_bean,no verified transductive three-seed default evidence,missing_or_inapplicable,No complete finite target-seed transductive record
scNAME,durum_wheat_features,no verified transductive three-seed default evidence,missing_or_inapplicable,No complete finite target-seed transductive record
scNAME,echocardiogram,no verified transductive three-seed default evidence,missing_or_inapplicable,No complete finite target-seed transductive record
scNAME,ecoli,no verified transductive three-seed default evidence,missing_or_inapplicable,No complete finite target-seed transductive record
scNAME,enron,no verified transductive three-seed default evidence,missing_or_inapplicable,No complete finite target-seed transductive record
scNAME,epileptic_seizure_recognition,no verified transductive three-seed default evidence,missing_or_inapplicable,No complete finite target-seed transductive record
scNAME,extyaleb,no verified transductive three-seed default evidence,missing_or_inapplicable,No complete finite target-seed transductive record
scNAME,fabert,no verified transductive three-seed default evidence,missing_or_inapplicable,No complete finite target-seed transductive record
scNAME,fashion_mnist,no verified transductive three-seed default evidence,missing_or_inapplicable,No complete finite target-seed transductive record
scNAME,FashionMNIST_CLIP,no verified transductive three-seed default evidence,missing_or_inapplicable,No complete finite target-seed transductive record
scNAME,fbis.wc,no verified transductive three-seed default evidence,missing_or_inapplicable,No complete finite target-seed transductive record
scNAME,fetal_health_classification,no verified transductive three-seed default evidence,missing_or_inapplicable,No complete finite target-seed transductive record
scNAME,first-order-theorem-proving,no verified transductive three-seed default evidence,missing_or_inapplicable,No complete finite target-seed transductive record
scNAME,flickr_material_database,no verified transductive three-seed default evidence,missing_or_inapplicable,No complete finite target-seed transductive record
scNAME,fraud_detection_bank,no verified transductive three-seed default evidence,missing_or_inapplicable,No complete finite target-seed transductive record
scNAME,gas-drift,no verified transductive three-seed default evidence,missing_or_inapplicable,No complete finite target-seed transductive record
scNAME,gina_prior2,no verified transductive three-seed default evidence,missing_or_inapplicable,No complete finite target-seed transductive record
scNAME,glass_identification,no verified transductive three-seed default evidence,missing_or_inapplicable,No complete finite target-seed transductive record
scNAME,har,no verified transductive three-seed default evidence,missing_or_inapplicable,No complete finite target-seed transductive record
scNAME,harbermans_survival,no verified transductive three-seed default evidence,missing_or_inapplicable,No complete finite target-seed transductive record
scNAME,hate_speech,no verified transductive three-seed default evidence,missing_or_inapplicable,No complete finite target-seed transductive record
scNAME,heart_attack_analysis_prediction_dataset,no verified transductive three-seed default evidence,missing_or_inapplicable,No complete finite target-seed transductive record
scNAME,heart_disease,no verified transductive three-seed default evidence,missing_or_inapplicable,No complete finite target-seed transductive record
scNAME,hepatitis,no verified transductive three-seed default evidence,missing_or_inapplicable,No complete finite target-seed transductive record
scNAME,htru2,no verified transductive three-seed default evidence,missing_or_inapplicable,No complete finite target-seed transductive record
scNAME,human_stress_detection,no verified transductive three-seed default evidence,missing_or_inapplicable,No complete finite target-seed transductive record
scNAME,image_segmentation,no verified transductive three-seed default evidence,missing_or_inapplicable,No complete finite target-seed transductive record
scNAME,imdb,no verified transductive three-seed default evidence,missing_or_inapplicable,No complete finite target-seed transductive record
scNAME,Indian_pines,no verified transductive three-seed default evidence,missing_or_inapplicable,No complete finite target-seed transductive record
scNAME,insurance_company_benchmark,no verified transductive three-seed default evidence,missing_or_inapplicable,No complete finite target-seed transductive record
scNAME,ionosphere,no verified transductive three-seed default evidence,missing_or_inapplicable,No complete finite target-seed transductive record
scNAME,iris,no verified transductive three-seed default evidence,missing_or_inapplicable,No complete finite target-seed transductive record
scNAME,ISOLET,no verified transductive three-seed default evidence,missing_or_inapplicable,No complete finite target-seed transductive record
scNAME,JapaneseVowels,no verified transductive three-seed default evidence,missing_or_inapplicable,No complete finite target-seed transductive record
scNAME,labeled_faces_in_the_wild,no verified transductive three-seed default evidence,missing_or_inapplicable,No complete finite target-seed transductive record
scNAME,letter_recognition,no verified transductive three-seed default evidence,missing_or_inapplicable,No complete finite target-seed transductive record
scNAME,magic_gamma_telescope,no verified transductive three-seed default evidence,missing_or_inapplicable,No complete finite target-seed transductive record
scNAME,mammographic_mass,no verified transductive three-seed default evidence,missing_or_inapplicable,No complete finite target-seed transductive record
scNAME,mfeat-factors,no verified transductive three-seed default evidence,missing_or_inapplicable,No complete finite target-seed transductive record
scNAME,mfeat-fourier,no verified transductive three-seed default evidence,missing_or_inapplicable,No complete finite target-seed transductive record
scNAME,mfeat-karhunen,no verified transductive three-seed default evidence,missing_or_inapplicable,No complete finite target-seed transductive record
scNAME,mfeat-morphological,no verified transductive three-seed default evidence,missing_or_inapplicable,No complete finite target-seed transductive record
scNAME,micro-mass,no verified transductive three-seed default evidence,missing_or_inapplicable,No complete finite target-seed transductive record
scNAME,microbes,no verified transductive three-seed default evidence,missing_or_inapplicable,No complete finite target-seed transductive record
scNAME,mnist64,no verified transductive three-seed default evidence,missing_or_inapplicable,No complete finite target-seed transductive record
scNAME,MNIST_CLIP,no verified transductive three-seed default evidence,missing_or_inapplicable,No complete finite target-seed transductive record
scNAME,mobile_price_classification,no verified transductive three-seed default evidence,missing_or_inapplicable,No complete finite target-seed transductive record
scNAME,Mouse_retina,no verified transductive three-seed default evidence,missing_or_inapplicable,No complete finite target-seed transductive record
scNAME,music_genre_classification,no verified transductive three-seed default evidence,missing_or_inapplicable,No complete finite target-seed transductive record
scNAME,olivetti_faces,no verified transductive three-seed default evidence,missing_or_inapplicable,No complete finite target-seed transductive record
scNAME,optical_recognition_of_handwritten_digits,no verified transductive three-seed default evidence,missing_or_inapplicable,No complete finite target-seed transductive record
scNAME,orbit_classification_for_prediction_nasa,no verified transductive three-seed default evidence,missing_or_inapplicable,No complete finite target-seed transductive record
scNAME,paris_housing_classification,no verified transductive three-seed default evidence,missing_or_inapplicable,No complete finite target-seed transductive record
scNAME,parkinsons,no verified transductive three-seed default evidence,missing_or_inapplicable,No complete finite target-seed transductive record
scNAME,patient_treatment_classification,no verified transductive three-seed default evidence,missing_or_inapplicable,No complete finite target-seed transductive record
scNAME,PCam,no verified transductive three-seed default evidence,missing_or_inapplicable,No complete finite target-seed transductive record
scNAME,pen_based_recognition_of_handwritten_digits,no verified transductive three-seed default evidence,missing_or_inapplicable,No complete finite target-seed transductive record
scNAME,ph_recognition,no verified transductive three-seed default evidence,missing_or_inapplicable,No complete finite target-seed transductive record
scNAME,pima_indians_diabetes_database,no verified transductive three-seed default evidence,missing_or_inapplicable,No complete finite target-seed transductive record
scNAME,pistachio,no verified transductive three-seed default evidence,missing_or_inapplicable,No complete finite target-seed transductive record
scNAME,planning_relax,no verified transductive three-seed default evidence,missing_or_inapplicable,No complete finite target-seed transductive record
scNAME,poker-hand,no verified transductive three-seed default evidence,missing_or_inapplicable,No complete finite target-seed transductive record
scNAME,predicting_pulsar_star,no verified transductive three-seed default evidence,missing_or_inapplicable,No complete finite target-seed transductive record
scNAME,pumpkin_seeds,no verified transductive three-seed default evidence,missing_or_inapplicable,No complete finite target-seed transductive record
scNAME,raisin,no verified transductive three-seed default evidence,missing_or_inapplicable,No complete finite target-seed transductive record
scNAME,reuters,no verified transductive three-seed default evidence,missing_or_inapplicable,No complete finite target-seed transductive record
scNAME,rice_dataset_cammeo_and_osmancik,no verified transductive three-seed default evidence,missing_or_inapplicable,No complete finite target-seed transductive record
scNAME,rice_seed_gonen_jasmine,no verified transductive three-seed default evidence,missing_or_inapplicable,No complete finite target-seed transductive record
scNAME,rmftsa_sleepdata,no verified transductive three-seed default evidence,missing_or_inapplicable,No complete finite target-seed transductive record
scNAME,satellite_image,no verified transductive three-seed default evidence,missing_or_inapplicable,No complete finite target-seed transductive record
scNAME,secom,no verified transductive three-seed default evidence,missing_or_inapplicable,No complete finite target-seed transductive record
scNAME,seeds,no verified transductive three-seed default evidence,missing_or_inapplicable,No complete finite target-seed transductive record
scNAME,seismic_bumps,no verified transductive three-seed default evidence,missing_or_inapplicable,No complete finite target-seed transductive record
scNAME,sentiment_labeld_sentences,no verified transductive three-seed default evidence,missing_or_inapplicable,No complete finite target-seed transductive record
scNAME,shuttle,no verified transductive three-seed default evidence,missing_or_inapplicable,No complete finite target-seed transductive record
scNAME,siberian_weather_stats,no verified transductive three-seed default evidence,missing_or_inapplicable,No complete finite target-seed transductive record
scNAME,skillcraft1_master_table_dataset,no verified transductive three-seed default evidence,missing_or_inapplicable,No complete finite target-seed transductive record
scNAME,smoker_condition,no verified transductive three-seed default evidence,missing_or_inapplicable,No complete finite target-seed transductive record
scNAME,sms_spam_collection,no verified transductive three-seed default evidence,missing_or_inapplicable,No complete finite target-seed transductive record
scNAME,spambase,no verified transductive three-seed default evidence,missing_or_inapplicable,No complete finite target-seed transductive record
scNAME,spectf_heart,no verified transductive three-seed default evidence,missing_or_inapplicable,No complete finite target-seed transductive record
scNAME,statlog_german_credit,no verified transductive three-seed default evidence,missing_or_inapplicable,No complete finite target-seed transductive record
scNAME,statlog_image_segmentation,no verified transductive three-seed default evidence,missing_or_inapplicable,No complete finite target-seed transductive record
scNAME,steel-plates-fault,no verified transductive three-seed default evidence,missing_or_inapplicable,No complete finite target-seed transductive record
scNAME,street_view_house_numbers,no verified transductive three-seed default evidence,missing_or_inapplicable,No complete finite target-seed transductive record
scNAME,student_grade,no verified transductive three-seed default evidence,missing_or_inapplicable,No complete finite target-seed transductive record
scNAME,synthetic_control,no verified transductive three-seed default evidence,missing_or_inapplicable,No complete finite target-seed transductive record
scNAME,tamilnadu-electricity,no verified transductive three-seed default evidence,missing_or_inapplicable,No complete finite target-seed transductive record
scNAME,tr45.wc,no verified transductive three-seed default evidence,missing_or_inapplicable,No complete finite target-seed transductive record
scNAME,turkish_music_emotion,no verified transductive three-seed default evidence,missing_or_inapplicable,No complete finite target-seed transductive record
scNAME,user_knowledge_modeling,no verified transductive three-seed default evidence,missing_or_inapplicable,No complete finite target-seed transductive record
scNAME,vehicle,no verified transductive three-seed default evidence,missing_or_inapplicable,No complete finite target-seed transductive record
scNAME,wall-robot-navigation,no verified transductive three-seed default evidence,missing_or_inapplicable,No complete finite target-seed transductive record
scNAME,water_quality,no verified transductive three-seed default evidence,missing_or_inapplicable,No complete finite target-seed transductive record
scNAME,Waveform,no verified transductive three-seed default evidence,missing_or_inapplicable,No complete finite target-seed transductive record
scNAME,weather,no verified transductive three-seed default evidence,missing_or_inapplicable,No complete finite target-seed transductive record
scNAME,website_phishing,no verified transductive three-seed default evidence,missing_or_inapplicable,No complete finite target-seed transductive record
scNAME,wine,no verified transductive three-seed default evidence,missing_or_inapplicable,No complete finite target-seed transductive record
scNAME,wine_customer,no verified transductive three-seed default evidence,missing_or_inapplicable,No complete finite target-seed transductive record
scNAME,wine_quality,no verified transductive three-seed default evidence,missing_or_inapplicable,No complete finite target-seed transductive record
scNAME,wireless_indoor_localization,no verified transductive three-seed default evidence,missing_or_inapplicable,No complete finite target-seed transductive record
scNAME,world12d,no verified transductive three-seed default evidence,missing_or_inapplicable,No complete finite target-seed transductive record
scNAME,wos,no verified transductive three-seed default evidence,missing_or_inapplicable,No complete finite target-seed transductive record
scNAME,yeast,no verified transductive three-seed default evidence,missing_or_inapplicable,No complete finite target-seed transductive record
scNAME,zoo,no verified transductive three-seed default evidence,missing_or_inapplicable,No complete finite target-seed transductive record
scNAME,Blood_BoneMarrow,no verified transductive three-seed default evidence,missing_or_inapplicable,No complete finite target-seed transductive record
scNAME,Human_Pancreas_1,no verified transductive three-seed default evidence,missing_or_inapplicable,No complete finite target-seed transductive record
scNAME,Human_Pancreas_3,no verified transductive three-seed default evidence,missing_or_inapplicable,No complete finite target-seed transductive record
scNAME,Mouse_Pancreas_1,no verified transductive three-seed default evidence,missing_or_inapplicable,No complete finite target-seed transductive record
scNAME,PRJNA895163,no verified transductive three-seed default evidence,missing_or_inapplicable,No complete finite target-seed transductive record
scNAME,TabulaSapiens_Pancreas,no verified transductive three-seed default evidence,missing_or_inapplicable,No complete finite target-seed transductive record
scNAME,Bach,no verified transductive three-seed default evidence,missing_or_inapplicable,No complete finite target-seed transductive record
scNAME,Baron,no verified transductive three-seed default evidence,missing_or_inapplicable,No complete finite target-seed transductive record
scNAME,Guo,no verified transductive three-seed default evidence,missing_or_inapplicable,No complete finite target-seed transductive record
scNAME,Limb_Muscle,no verified transductive three-seed default evidence,missing_or_inapplicable,No complete finite target-seed transductive record
scNAME,Macosko,no verified transductive three-seed default evidence,missing_or_inapplicable,No complete finite target-seed transductive record
scNAME,Melanoma_5K,no verified transductive three-seed default evidence,missing_or_inapplicable,No complete finite target-seed transductive record
scNAME,Pollen,no verified transductive three-seed default evidence,missing_or_inapplicable,No complete finite target-seed transductive record
scNAME,Quake_10x_Spleen,no verified transductive three-seed default evidence,missing_or_inapplicable,No complete finite target-seed transductive record
scNAME,Quake_Smart-seq2_Lung,no verified transductive three-seed default evidence,missing_or_inapplicable,No complete finite target-seed transductive record
scNAME,Shekhar,no verified transductive three-seed default evidence,missing_or_inapplicable,No complete finite target-seed transductive record
scNAME,Tosches,no verified transductive three-seed default evidence,missing_or_inapplicable,No complete finite target-seed transductive record
scNAME,Wang,no verified transductive three-seed default evidence,missing_or_inapplicable,No complete finite target-seed transductive record
scNAME,Young,no verified transductive three-seed default evidence,missing_or_inapplicable,No complete finite target-seed transductive record
scNAME,hrvatin,no verified transductive three-seed default evidence,missing_or_inapplicable,No complete finite target-seed transductive record
scNAME,worm_neuron_cell,no verified transductive three-seed default evidence,missing_or_inapplicable,No complete finite target-seed transductive record
scDeepCluster,20newsgroups,no verified transductive three-seed default evidence,missing_or_inapplicable,No complete finite target-seed transductive record
scDeepCluster,banknote_authentication,no verified transductive three-seed default evidence,missing_or_inapplicable,No complete finite target-seed transductive record
scDeepCluster,Baron_Human,no verified transductive three-seed default evidence,missing_or_inapplicable,No complete finite target-seed transductive record
scDeepCluster,birds_bones_and_living_habits,no verified transductive three-seed default evidence,missing_or_inapplicable,No complete finite target-seed transductive record
scDeepCluster,blood_transfusion_service_center,no verified transductive three-seed default evidence,missing_or_inapplicable,No complete finite target-seed transductive record
scDeepCluster,boston,no verified transductive three-seed default evidence,missing_or_inapplicable,No complete finite target-seed transductive record
scDeepCluster,breast_cancer_coimbra,no verified transductive three-seed default evidence,missing_or_inapplicable,No complete finite target-seed transductive record
scDeepCluster,breast_cancer_wisconsin_original,no verified transductive three-seed default evidence,missing_or_inapplicable,No complete finite target-seed transductive record
scDeepCluster,breast_cancer_wisconsin_prognostic,no verified transductive three-seed default evidence,missing_or_inapplicable,No complete finite target-seed transductive record
scDeepCluster,breast_tissue,no verified transductive three-seed default evidence,missing_or_inapplicable,No complete finite target-seed transductive record
scDeepCluster,Campbell,no verified transductive three-seed default evidence,missing_or_inapplicable,No complete finite target-seed transductive record
scDeepCluster,cardiovascular_study,no verified transductive three-seed default evidence,missing_or_inapplicable,No complete finite target-seed transductive record
scDeepCluster,cifar10,no verified transductive three-seed default evidence,missing_or_inapplicable,No complete finite target-seed transductive record
scDeepCluster,CIFAR10_CLIP,no verified transductive three-seed default evidence,missing_or_inapplicable,No complete finite target-seed transductive record
scDeepCluster,classification_in_asteroseismology,no verified transductive three-seed default evidence,missing_or_inapplicable,No complete finite target-seed transductive record
scDeepCluster,cnae9,no verified transductive three-seed default evidence,missing_or_inapplicable,No complete finite target-seed transductive record
scDeepCluster,coil20,no verified transductive three-seed default evidence,missing_or_inapplicable,No complete finite target-seed transductive record
scDeepCluster,COIL20_CLIP,no verified transductive three-seed default evidence,missing_or_inapplicable,No complete finite target-seed transductive record
scDeepCluster,credit_risk_classification,no verified transductive three-seed default evidence,missing_or_inapplicable,No complete finite target-seed transductive record
scDeepCluster,crowdsourced_mapping,no verified transductive three-seed default evidence,missing_or_inapplicable,No complete finite target-seed transductive record
scDeepCluster,customer_classification,no verified transductive three-seed default evidence,missing_or_inapplicable,No complete finite target-seed transductive record
scDeepCluster,date_fruit,no verified transductive three-seed default evidence,missing_or_inapplicable,No complete finite target-seed transductive record
scDeepCluster,dermatology,no verified transductive three-seed default evidence,missing_or_inapplicable,No complete finite target-seed transductive record
scDeepCluster,diabetic_retinopathy_debrecen,no verified transductive three-seed default evidence,missing_or_inapplicable,No complete finite target-seed transductive record
scDeepCluster,dilbert,no verified transductive three-seed default evidence,missing_or_inapplicable,No complete finite target-seed transductive record
scDeepCluster,Drug_Consumption,no verified transductive three-seed default evidence,missing_or_inapplicable,No complete finite target-seed transductive record
scDeepCluster,dry_bean,no verified transductive three-seed default evidence,missing_or_inapplicable,No complete finite target-seed transductive record
scDeepCluster,durum_wheat_features,no verified transductive three-seed default evidence,missing_or_inapplicable,No complete finite target-seed transductive record
scDeepCluster,echocardiogram,no verified transductive three-seed default evidence,missing_or_inapplicable,No complete finite target-seed transductive record
scDeepCluster,ecoli,no verified transductive three-seed default evidence,missing_or_inapplicable,No complete finite target-seed transductive record
scDeepCluster,enron,no verified transductive three-seed default evidence,missing_or_inapplicable,No complete finite target-seed transductive record
scDeepCluster,epileptic_seizure_recognition,no verified transductive three-seed default evidence,missing_or_inapplicable,No complete finite target-seed transductive record
scDeepCluster,extyaleb,no verified transductive three-seed default evidence,missing_or_inapplicable,No complete finite target-seed transductive record
scDeepCluster,fabert,no verified transductive three-seed default evidence,missing_or_inapplicable,No complete finite target-seed transductive record
scDeepCluster,fashion_mnist,no verified transductive three-seed default evidence,missing_or_inapplicable,No complete finite target-seed transductive record
scDeepCluster,FashionMNIST_CLIP,no verified transductive three-seed default evidence,missing_or_inapplicable,No complete finite target-seed transductive record
scDeepCluster,fbis.wc,no verified transductive three-seed default evidence,missing_or_inapplicable,No complete finite target-seed transductive record
scDeepCluster,fetal_health_classification,no verified transductive three-seed default evidence,missing_or_inapplicable,No complete finite target-seed transductive record
scDeepCluster,first-order-theorem-proving,no verified transductive three-seed default evidence,missing_or_inapplicable,No complete finite target-seed transductive record
scDeepCluster,flickr_material_database,no verified transductive three-seed default evidence,missing_or_inapplicable,No complete finite target-seed transductive record
scDeepCluster,fraud_detection_bank,no verified transductive three-seed default evidence,missing_or_inapplicable,No complete finite target-seed transductive record
scDeepCluster,gas-drift,no verified transductive three-seed default evidence,missing_or_inapplicable,No complete finite target-seed transductive record
scDeepCluster,gina_prior2,no verified transductive three-seed default evidence,missing_or_inapplicable,No complete finite target-seed transductive record
scDeepCluster,glass_identification,no verified transductive three-seed default evidence,missing_or_inapplicable,No complete finite target-seed transductive record
scDeepCluster,har,no verified transductive three-seed default evidence,missing_or_inapplicable,No complete finite target-seed transductive record
scDeepCluster,harbermans_survival,no verified transductive three-seed default evidence,missing_or_inapplicable,No complete finite target-seed transductive record
scDeepCluster,hate_speech,no verified transductive three-seed default evidence,missing_or_inapplicable,No complete finite target-seed transductive record
scDeepCluster,heart_attack_analysis_prediction_dataset,no verified transductive three-seed default evidence,missing_or_inapplicable,No complete finite target-seed transductive record
scDeepCluster,heart_disease,no verified transductive three-seed default evidence,missing_or_inapplicable,No complete finite target-seed transductive record
scDeepCluster,hepatitis,no verified transductive three-seed default evidence,missing_or_inapplicable,No complete finite target-seed transductive record
scDeepCluster,htru2,no verified transductive three-seed default evidence,missing_or_inapplicable,No complete finite target-seed transductive record
scDeepCluster,human_stress_detection,no verified transductive three-seed default evidence,missing_or_inapplicable,No complete finite target-seed transductive record
scDeepCluster,image_segmentation,no verified transductive three-seed default evidence,missing_or_inapplicable,No complete finite target-seed transductive record
scDeepCluster,imdb,no verified transductive three-seed default evidence,missing_or_inapplicable,No complete finite target-seed transductive record
scDeepCluster,Indian_pines,no verified transductive three-seed default evidence,missing_or_inapplicable,No complete finite target-seed transductive record
scDeepCluster,insurance_company_benchmark,no verified transductive three-seed default evidence,missing_or_inapplicable,No complete finite target-seed transductive record
scDeepCluster,ionosphere,no verified transductive three-seed default evidence,missing_or_inapplicable,No complete finite target-seed transductive record
scDeepCluster,iris,no verified transductive three-seed default evidence,missing_or_inapplicable,No complete finite target-seed transductive record
scDeepCluster,ISOLET,no verified transductive three-seed default evidence,missing_or_inapplicable,No complete finite target-seed transductive record
scDeepCluster,JapaneseVowels,no verified transductive three-seed default evidence,missing_or_inapplicable,No complete finite target-seed transductive record
scDeepCluster,labeled_faces_in_the_wild,no verified transductive three-seed default evidence,missing_or_inapplicable,No complete finite target-seed transductive record
scDeepCluster,letter_recognition,no verified transductive three-seed default evidence,missing_or_inapplicable,No complete finite target-seed transductive record
scDeepCluster,magic_gamma_telescope,no verified transductive three-seed default evidence,missing_or_inapplicable,No complete finite target-seed transductive record
scDeepCluster,mammographic_mass,no verified transductive three-seed default evidence,missing_or_inapplicable,No complete finite target-seed transductive record
scDeepCluster,mfeat-factors,no verified transductive three-seed default evidence,missing_or_inapplicable,No complete finite target-seed transductive record
scDeepCluster,mfeat-fourier,no verified transductive three-seed default evidence,missing_or_inapplicable,No complete finite target-seed transductive record
scDeepCluster,mfeat-karhunen,no verified transductive three-seed default evidence,missing_or_inapplicable,No complete finite target-seed transductive record
scDeepCluster,mfeat-morphological,no verified transductive three-seed default evidence,missing_or_inapplicable,No complete finite target-seed transductive record
scDeepCluster,micro-mass,no verified transductive three-seed default evidence,missing_or_inapplicable,No complete finite target-seed transductive record
scDeepCluster,microbes,no verified transductive three-seed default evidence,missing_or_inapplicable,No complete finite target-seed transductive record
scDeepCluster,mnist64,no verified transductive three-seed default evidence,missing_or_inapplicable,No complete finite target-seed transductive record
scDeepCluster,MNIST_CLIP,no verified transductive three-seed default evidence,missing_or_inapplicable,No complete finite target-seed transductive record
scDeepCluster,mobile_price_classification,no verified transductive three-seed default evidence,missing_or_inapplicable,No complete finite target-seed transductive record
scDeepCluster,Mouse_retina,no verified transductive three-seed default evidence,missing_or_inapplicable,No complete finite target-seed transductive record
scDeepCluster,music_genre_classification,no verified transductive three-seed default evidence,missing_or_inapplicable,No complete finite target-seed transductive record
scDeepCluster,olivetti_faces,no verified transductive three-seed default evidence,missing_or_inapplicable,No complete finite target-seed transductive record
scDeepCluster,optical_recognition_of_handwritten_digits,no verified transductive three-seed default evidence,missing_or_inapplicable,No complete finite target-seed transductive record
scDeepCluster,orbit_classification_for_prediction_nasa,no verified transductive three-seed default evidence,missing_or_inapplicable,No complete finite target-seed transductive record
scDeepCluster,paris_housing_classification,no verified transductive three-seed default evidence,missing_or_inapplicable,No complete finite target-seed transductive record
scDeepCluster,parkinsons,no verified transductive three-seed default evidence,missing_or_inapplicable,No complete finite target-seed transductive record
scDeepCluster,patient_treatment_classification,no verified transductive three-seed default evidence,missing_or_inapplicable,No complete finite target-seed transductive record
scDeepCluster,PCam,no verified transductive three-seed default evidence,missing_or_inapplicable,No complete finite target-seed transductive record
scDeepCluster,pen_based_recognition_of_handwritten_digits,no verified transductive three-seed default evidence,missing_or_inapplicable,No complete finite target-seed transductive record
scDeepCluster,ph_recognition,no verified transductive three-seed default evidence,missing_or_inapplicable,No complete finite target-seed transductive record
scDeepCluster,pima_indians_diabetes_database,no verified transductive three-seed default evidence,missing_or_inapplicable,No complete finite target-seed transductive record
scDeepCluster,pistachio,no verified transductive three-seed default evidence,missing_or_inapplicable,No complete finite target-seed transductive record
scDeepCluster,planning_relax,no verified transductive three-seed default evidence,missing_or_inapplicable,No complete finite target-seed transductive record
scDeepCluster,poker-hand,no verified transductive three-seed default evidence,missing_or_inapplicable,No complete finite target-seed transductive record
scDeepCluster,predicting_pulsar_star,no verified transductive three-seed default evidence,missing_or_inapplicable,No complete finite target-seed transductive record
scDeepCluster,pumpkin_seeds,no verified transductive three-seed default evidence,missing_or_inapplicable,No complete finite target-seed transductive record
scDeepCluster,raisin,no verified transductive three-seed default evidence,missing_or_inapplicable,No complete finite target-seed transductive record
scDeepCluster,reuters,no verified transductive three-seed default evidence,missing_or_inapplicable,No complete finite target-seed transductive record
scDeepCluster,rice_dataset_cammeo_and_osmancik,no verified transductive three-seed default evidence,missing_or_inapplicable,No complete finite target-seed transductive record
scDeepCluster,rice_seed_gonen_jasmine,no verified transductive three-seed default evidence,missing_or_inapplicable,No complete finite target-seed transductive record
scDeepCluster,rmftsa_sleepdata,no verified transductive three-seed default evidence,missing_or_inapplicable,No complete finite target-seed transductive record
scDeepCluster,satellite_image,no verified transductive three-seed default evidence,missing_or_inapplicable,No complete finite target-seed transductive record
scDeepCluster,secom,no verified transductive three-seed default evidence,missing_or_inapplicable,No complete finite target-seed transductive record
scDeepCluster,seeds,no verified transductive three-seed default evidence,missing_or_inapplicable,No complete finite target-seed transductive record
scDeepCluster,seismic_bumps,no verified transductive three-seed default evidence,missing_or_inapplicable,No complete finite target-seed transductive record
scDeepCluster,sentiment_labeld_sentences,no verified transductive three-seed default evidence,missing_or_inapplicable,No complete finite target-seed transductive record
scDeepCluster,shuttle,no verified transductive three-seed default evidence,missing_or_inapplicable,No complete finite target-seed transductive record
scDeepCluster,siberian_weather_stats,no verified transductive three-seed default evidence,missing_or_inapplicable,No complete finite target-seed transductive record
scDeepCluster,skillcraft1_master_table_dataset,no verified transductive three-seed default evidence,missing_or_inapplicable,No complete finite target-seed transductive record
scDeepCluster,smoker_condition,no verified transductive three-seed default evidence,missing_or_inapplicable,No complete finite target-seed transductive record
scDeepCluster,sms_spam_collection,no verified transductive three-seed default evidence,missing_or_inapplicable,No complete finite target-seed transductive record
scDeepCluster,spambase,no verified transductive three-seed default evidence,missing_or_inapplicable,No complete finite target-seed transductive record
scDeepCluster,spectf_heart,no verified transductive three-seed default evidence,missing_or_inapplicable,No complete finite target-seed transductive record
scDeepCluster,statlog_german_credit,no verified transductive three-seed default evidence,missing_or_inapplicable,No complete finite target-seed transductive record
scDeepCluster,statlog_image_segmentation,no verified transductive three-seed default evidence,missing_or_inapplicable,No complete finite target-seed transductive record
scDeepCluster,steel-plates-fault,no verified transductive three-seed default evidence,missing_or_inapplicable,No complete finite target-seed transductive record
scDeepCluster,street_view_house_numbers,no verified transductive three-seed default evidence,missing_or_inapplicable,No complete finite target-seed transductive record
scDeepCluster,student_grade,no verified transductive three-seed default evidence,missing_or_inapplicable,No complete finite target-seed transductive record
scDeepCluster,synthetic_control,no verified transductive three-seed default evidence,missing_or_inapplicable,No complete finite target-seed transductive record
scDeepCluster,tamilnadu-electricity,no verified transductive three-seed default evidence,missing_or_inapplicable,No complete finite target-seed transductive record
scDeepCluster,tr45.wc,no verified transductive three-seed default evidence,missing_or_inapplicable,No complete finite target-seed transductive record
scDeepCluster,turkish_music_emotion,no verified transductive three-seed default evidence,missing_or_inapplicable,No complete finite target-seed transductive record
scDeepCluster,user_knowledge_modeling,no verified transductive three-seed default evidence,missing_or_inapplicable,No complete finite target-seed transductive record
scDeepCluster,vehicle,no verified transductive three-seed default evidence,missing_or_inapplicable,No complete finite target-seed transductive record
scDeepCluster,wall-robot-navigation,no verified transductive three-seed default evidence,missing_or_inapplicable,No complete finite target-seed transductive record
scDeepCluster,water_quality,no verified transductive three-seed default evidence,missing_or_inapplicable,No complete finite target-seed transductive record
scDeepCluster,Waveform,no verified transductive three-seed default evidence,missing_or_inapplicable,No complete finite target-seed transductive record
scDeepCluster,weather,no verified transductive three-seed default evidence,missing_or_inapplicable,No complete finite target-seed transductive record
scDeepCluster,website_phishing,no verified transductive three-seed default evidence,missing_or_inapplicable,No complete finite target-seed transductive record
scDeepCluster,wine,no verified transductive three-seed default evidence,missing_or_inapplicable,No complete finite target-seed transductive record
scDeepCluster,wine_customer,no verified transductive three-seed default evidence,missing_or_inapplicable,No complete finite target-seed transductive record
scDeepCluster,wine_quality,no verified transductive three-seed default evidence,missing_or_inapplicable,No complete finite target-seed transductive record
scDeepCluster,wireless_indoor_localization,no verified transductive three-seed default evidence,missing_or_inapplicable,No complete finite target-seed transductive record
scDeepCluster,world12d,no verified transductive three-seed default evidence,missing_or_inapplicable,No complete finite target-seed transductive record
scDeepCluster,wos,no verified transductive three-seed default evidence,missing_or_inapplicable,No complete finite target-seed transductive record
scDeepCluster,yeast,no verified transductive three-seed default evidence,missing_or_inapplicable,No complete finite target-seed transductive record
scDeepCluster,zoo,no verified transductive three-seed default evidence,missing_or_inapplicable,No complete finite target-seed transductive record
scDeepCluster,Blood_BoneMarrow,no verified transductive three-seed default evidence,missing_or_inapplicable,No complete finite target-seed transductive record
scDeepCluster,Human_Pancreas_1,no verified transductive three-seed default evidence,missing_or_inapplicable,No complete finite target-seed transductive record
scDeepCluster,Human_Pancreas_3,no verified transductive three-seed default evidence,missing_or_inapplicable,No complete finite target-seed transductive record
scDeepCluster,Mouse_Pancreas_1,no verified transductive three-seed default evidence,missing_or_inapplicable,No complete finite target-seed transductive record
scDeepCluster,PRJNA895163,no verified transductive three-seed default evidence,missing_or_inapplicable,No complete finite target-seed transductive record
scDeepCluster,TabulaSapiens_Pancreas,no verified transductive three-seed default evidence,missing_or_inapplicable,No complete finite target-seed transductive record
scDeepCluster,Bach,no verified transductive three-seed default evidence,missing_or_inapplicable,No complete finite target-seed transductive record
scDeepCluster,Baron,no verified transductive three-seed default evidence,missing_or_inapplicable,No complete finite target-seed transductive record
scDeepCluster,Guo,no verified transductive three-seed default evidence,missing_or_inapplicable,No complete finite target-seed transductive record
scDeepCluster,Limb_Muscle,no verified transductive three-seed default evidence,missing_or_inapplicable,No complete finite target-seed transductive record
scDeepCluster,Macosko,no verified transductive three-seed default evidence,missing_or_inapplicable,No complete finite target-seed transductive record
scDeepCluster,Melanoma_5K,no verified transductive three-seed default evidence,missing_or_inapplicable,No complete finite target-seed transductive record
scDeepCluster,Pollen,no verified transductive three-seed default evidence,missing_or_inapplicable,No complete finite target-seed transductive record
scDeepCluster,Quake_10x_Spleen,no verified transductive three-seed default evidence,missing_or_inapplicable,No complete finite target-seed transductive record
scDeepCluster,Quake_Smart-seq2_Lung,no verified transductive three-seed default evidence,missing_or_inapplicable,No complete finite target-seed transductive record
scDeepCluster,Shekhar,no verified transductive three-seed default evidence,missing_or_inapplicable,No complete finite target-seed transductive record
scDeepCluster,Tosches,no verified transductive three-seed default evidence,missing_or_inapplicable,No complete finite target-seed transductive record
scDeepCluster,Wang,no verified transductive three-seed default evidence,missing_or_inapplicable,No complete finite target-seed transductive record
scDeepCluster,Young,no verified transductive three-seed default evidence,missing_or_inapplicable,No complete finite target-seed transductive record
scDeepCluster,hrvatin,no verified transductive three-seed default evidence,missing_or_inapplicable,No complete finite target-seed transductive record
scDeepCluster,worm_neuron_cell,no verified transductive three-seed default evidence,missing_or_inapplicable,No complete finite target-seed transductive record
scCDCG,20newsgroups,no verified transductive three-seed default evidence,missing_or_inapplicable,No complete finite target-seed transductive record
scCDCG,banknote_authentication,no verified transductive three-seed default evidence,missing_or_inapplicable,No complete finite target-seed transductive record
scCDCG,Baron_Human,no verified transductive three-seed default evidence,missing_or_inapplicable,No complete finite target-seed transductive record
scCDCG,birds_bones_and_living_habits,no verified transductive three-seed default evidence,missing_or_inapplicable,No complete finite target-seed transductive record
scCDCG,blood_transfusion_service_center,no verified transductive three-seed default evidence,missing_or_inapplicable,No complete finite target-seed transductive record
scCDCG,boston,no verified transductive three-seed default evidence,missing_or_inapplicable,No complete finite target-seed transductive record
scCDCG,breast_cancer_coimbra,no verified transductive three-seed default evidence,missing_or_inapplicable,No complete finite target-seed transductive record
scCDCG,breast_cancer_wisconsin_original,no verified transductive three-seed default evidence,missing_or_inapplicable,No complete finite target-seed transductive record
scCDCG,breast_cancer_wisconsin_prognostic,no verified transductive three-seed default evidence,missing_or_inapplicable,No complete finite target-seed transductive record
scCDCG,breast_tissue,no verified transductive three-seed default evidence,missing_or_inapplicable,No complete finite target-seed transductive record
scCDCG,Campbell,no verified transductive three-seed default evidence,missing_or_inapplicable,No complete finite target-seed transductive record
scCDCG,cardiovascular_study,no verified transductive three-seed default evidence,missing_or_inapplicable,No complete finite target-seed transductive record
scCDCG,cifar10,no verified transductive three-seed default evidence,missing_or_inapplicable,No complete finite target-seed transductive record
scCDCG,CIFAR10_CLIP,no verified transductive three-seed default evidence,missing_or_inapplicable,No complete finite target-seed transductive record
scCDCG,classification_in_asteroseismology,no verified transductive three-seed default evidence,missing_or_inapplicable,No complete finite target-seed transductive record
scCDCG,cnae9,no verified transductive three-seed default evidence,missing_or_inapplicable,No complete finite target-seed transductive record
scCDCG,coil20,no verified transductive three-seed default evidence,missing_or_inapplicable,No complete finite target-seed transductive record
scCDCG,COIL20_CLIP,no verified transductive three-seed default evidence,missing_or_inapplicable,No complete finite target-seed transductive record
scCDCG,credit_risk_classification,no verified transductive three-seed default evidence,missing_or_inapplicable,No complete finite target-seed transductive record
scCDCG,crowdsourced_mapping,no verified transductive three-seed default evidence,missing_or_inapplicable,No complete finite target-seed transductive record
scCDCG,customer_classification,no verified transductive three-seed default evidence,missing_or_inapplicable,No complete finite target-seed transductive record
scCDCG,date_fruit,no verified transductive three-seed default evidence,missing_or_inapplicable,No complete finite target-seed transductive record
scCDCG,dermatology,no verified transductive three-seed default evidence,missing_or_inapplicable,No complete finite target-seed transductive record
scCDCG,diabetic_retinopathy_debrecen,no verified transductive three-seed default evidence,missing_or_inapplicable,No complete finite target-seed transductive record
scCDCG,dilbert,no verified transductive three-seed default evidence,missing_or_inapplicable,No complete finite target-seed transductive record
scCDCG,Drug_Consumption,no verified transductive three-seed default evidence,missing_or_inapplicable,No complete finite target-seed transductive record
scCDCG,dry_bean,no verified transductive three-seed default evidence,missing_or_inapplicable,No complete finite target-seed transductive record
scCDCG,durum_wheat_features,no verified transductive three-seed default evidence,missing_or_inapplicable,No complete finite target-seed transductive record
scCDCG,echocardiogram,no verified transductive three-seed default evidence,missing_or_inapplicable,No complete finite target-seed transductive record
scCDCG,ecoli,no verified transductive three-seed default evidence,missing_or_inapplicable,No complete finite target-seed transductive record
scCDCG,enron,no verified transductive three-seed default evidence,missing_or_inapplicable,No complete finite target-seed transductive record
scCDCG,epileptic_seizure_recognition,no verified transductive three-seed default evidence,missing_or_inapplicable,No complete finite target-seed transductive record
scCDCG,extyaleb,no verified transductive three-seed default evidence,missing_or_inapplicable,No complete finite target-seed transductive record
scCDCG,fabert,no verified transductive three-seed default evidence,missing_or_inapplicable,No complete finite target-seed transductive record
scCDCG,fashion_mnist,no verified transductive three-seed default evidence,missing_or_inapplicable,No complete finite target-seed transductive record
scCDCG,FashionMNIST_CLIP,no verified transductive three-seed default evidence,missing_or_inapplicable,No complete finite target-seed transductive record
scCDCG,fbis.wc,no verified transductive three-seed default evidence,missing_or_inapplicable,No complete finite target-seed transductive record
scCDCG,fetal_health_classification,no verified transductive three-seed default evidence,missing_or_inapplicable,No complete finite target-seed transductive record
scCDCG,first-order-theorem-proving,no verified transductive three-seed default evidence,missing_or_inapplicable,No complete finite target-seed transductive record
scCDCG,flickr_material_database,no verified transductive three-seed default evidence,missing_or_inapplicable,No complete finite target-seed transductive record
scCDCG,fraud_detection_bank,no verified transductive three-seed default evidence,missing_or_inapplicable,No complete finite target-seed transductive record
scCDCG,gas-drift,no verified transductive three-seed default evidence,missing_or_inapplicable,No complete finite target-seed transductive record
scCDCG,gina_prior2,no verified transductive three-seed default evidence,missing_or_inapplicable,No complete finite target-seed transductive record
scCDCG,glass_identification,no verified transductive three-seed default evidence,missing_or_inapplicable,No complete finite target-seed transductive record
scCDCG,har,no verified transductive three-seed default evidence,missing_or_inapplicable,No complete finite target-seed transductive record
scCDCG,harbermans_survival,no verified transductive three-seed default evidence,missing_or_inapplicable,No complete finite target-seed transductive record
scCDCG,hate_speech,no verified transductive three-seed default evidence,missing_or_inapplicable,No complete finite target-seed transductive record
scCDCG,heart_attack_analysis_prediction_dataset,no verified transductive three-seed default evidence,missing_or_inapplicable,No complete finite target-seed transductive record
scCDCG,heart_disease,no verified transductive three-seed default evidence,missing_or_inapplicable,No complete finite target-seed transductive record
scCDCG,hepatitis,no verified transductive three-seed default evidence,missing_or_inapplicable,No complete finite target-seed transductive record
scCDCG,htru2,no verified transductive three-seed default evidence,missing_or_inapplicable,No complete finite target-seed transductive record
scCDCG,human_stress_detection,no verified transductive three-seed default evidence,missing_or_inapplicable,No complete finite target-seed transductive record
scCDCG,image_segmentation,no verified transductive three-seed default evidence,missing_or_inapplicable,No complete finite target-seed transductive record
scCDCG,imdb,no verified transductive three-seed default evidence,missing_or_inapplicable,No complete finite target-seed transductive record
scCDCG,Indian_pines,no verified transductive three-seed default evidence,missing_or_inapplicable,No complete finite target-seed transductive record
scCDCG,insurance_company_benchmark,no verified transductive three-seed default evidence,missing_or_inapplicable,No complete finite target-seed transductive record
scCDCG,ionosphere,no verified transductive three-seed default evidence,missing_or_inapplicable,No complete finite target-seed transductive record
scCDCG,iris,no verified transductive three-seed default evidence,missing_or_inapplicable,No complete finite target-seed transductive record
scCDCG,ISOLET,no verified transductive three-seed default evidence,missing_or_inapplicable,No complete finite target-seed transductive record
scCDCG,JapaneseVowels,no verified transductive three-seed default evidence,missing_or_inapplicable,No complete finite target-seed transductive record
scCDCG,labeled_faces_in_the_wild,no verified transductive three-seed default evidence,missing_or_inapplicable,No complete finite target-seed transductive record
scCDCG,letter_recognition,no verified transductive three-seed default evidence,missing_or_inapplicable,No complete finite target-seed transductive record
scCDCG,magic_gamma_telescope,no verified transductive three-seed default evidence,missing_or_inapplicable,No complete finite target-seed transductive record
scCDCG,mammographic_mass,no verified transductive three-seed default evidence,missing_or_inapplicable,No complete finite target-seed transductive record
scCDCG,mfeat-factors,no verified transductive three-seed default evidence,missing_or_inapplicable,No complete finite target-seed transductive record
scCDCG,mfeat-fourier,no verified transductive three-seed default evidence,missing_or_inapplicable,No complete finite target-seed transductive record
scCDCG,mfeat-karhunen,no verified transductive three-seed default evidence,missing_or_inapplicable,No complete finite target-seed transductive record
scCDCG,mfeat-morphological,no verified transductive three-seed default evidence,missing_or_inapplicable,No complete finite target-seed transductive record
scCDCG,micro-mass,no verified transductive three-seed default evidence,missing_or_inapplicable,No complete finite target-seed transductive record
scCDCG,microbes,no verified transductive three-seed default evidence,missing_or_inapplicable,No complete finite target-seed transductive record
scCDCG,mnist64,no verified transductive three-seed default evidence,missing_or_inapplicable,No complete finite target-seed transductive record
scCDCG,MNIST_CLIP,no verified transductive three-seed default evidence,missing_or_inapplicable,No complete finite target-seed transductive record
scCDCG,mobile_price_classification,no verified transductive three-seed default evidence,missing_or_inapplicable,No complete finite target-seed transductive record
scCDCG,Mouse_retina,no verified transductive three-seed default evidence,missing_or_inapplicable,No complete finite target-seed transductive record
scCDCG,music_genre_classification,no verified transductive three-seed default evidence,missing_or_inapplicable,No complete finite target-seed transductive record
scCDCG,olivetti_faces,no verified transductive three-seed default evidence,missing_or_inapplicable,No complete finite target-seed transductive record
scCDCG,optical_recognition_of_handwritten_digits,no verified transductive three-seed default evidence,missing_or_inapplicable,No complete finite target-seed transductive record
scCDCG,orbit_classification_for_prediction_nasa,no verified transductive three-seed default evidence,missing_or_inapplicable,No complete finite target-seed transductive record
scCDCG,paris_housing_classification,no verified transductive three-seed default evidence,missing_or_inapplicable,No complete finite target-seed transductive record
scCDCG,parkinsons,no verified transductive three-seed default evidence,missing_or_inapplicable,No complete finite target-seed transductive record
scCDCG,patient_treatment_classification,no verified transductive three-seed default evidence,missing_or_inapplicable,No complete finite target-seed transductive record
scCDCG,PCam,no verified transductive three-seed default evidence,missing_or_inapplicable,No complete finite target-seed transductive record
scCDCG,pen_based_recognition_of_handwritten_digits,no verified transductive three-seed default evidence,missing_or_inapplicable,No complete finite target-seed transductive record
scCDCG,ph_recognition,no verified transductive three-seed default evidence,missing_or_inapplicable,No complete finite target-seed transductive record
scCDCG,pima_indians_diabetes_database,no verified transductive three-seed default evidence,missing_or_inapplicable,No complete finite target-seed transductive record
scCDCG,pistachio,no verified transductive three-seed default evidence,missing_or_inapplicable,No complete finite target-seed transductive record
scCDCG,planning_relax,no verified transductive three-seed default evidence,missing_or_inapplicable,No complete finite target-seed transductive record
scCDCG,poker-hand,no verified transductive three-seed default evidence,missing_or_inapplicable,No complete finite target-seed transductive record
scCDCG,predicting_pulsar_star,no verified transductive three-seed default evidence,missing_or_inapplicable,No complete finite target-seed transductive record
scCDCG,pumpkin_seeds,no verified transductive three-seed default evidence,missing_or_inapplicable,No complete finite target-seed transductive record
scCDCG,raisin,no verified transductive three-seed default evidence,missing_or_inapplicable,No complete finite target-seed transductive record
scCDCG,reuters,no verified transductive three-seed default evidence,missing_or_inapplicable,No complete finite target-seed transductive record
scCDCG,rice_dataset_cammeo_and_osmancik,no verified transductive three-seed default evidence,missing_or_inapplicable,No complete finite target-seed transductive record
scCDCG,rice_seed_gonen_jasmine,no verified transductive three-seed default evidence,missing_or_inapplicable,No complete finite target-seed transductive record
scCDCG,rmftsa_sleepdata,no verified transductive three-seed default evidence,missing_or_inapplicable,No complete finite target-seed transductive record
scCDCG,satellite_image,no verified transductive three-seed default evidence,missing_or_inapplicable,No complete finite target-seed transductive record
scCDCG,secom,no verified transductive three-seed default evidence,missing_or_inapplicable,No complete finite target-seed transductive record
scCDCG,seeds,no verified transductive three-seed default evidence,missing_or_inapplicable,No complete finite target-seed transductive record
scCDCG,seismic_bumps,no verified transductive three-seed default evidence,missing_or_inapplicable,No complete finite target-seed transductive record
scCDCG,sentiment_labeld_sentences,no verified transductive three-seed default evidence,missing_or_inapplicable,No complete finite target-seed transductive record
scCDCG,shuttle,no verified transductive three-seed default evidence,missing_or_inapplicable,No complete finite target-seed transductive record
scCDCG,siberian_weather_stats,no verified transductive three-seed default evidence,missing_or_inapplicable,No complete finite target-seed transductive record
scCDCG,skillcraft1_master_table_dataset,no verified transductive three-seed default evidence,missing_or_inapplicable,No complete finite target-seed transductive record
scCDCG,smoker_condition,no verified transductive three-seed default evidence,missing_or_inapplicable,No complete finite target-seed transductive record
scCDCG,sms_spam_collection,no verified transductive three-seed default evidence,missing_or_inapplicable,No complete finite target-seed transductive record
scCDCG,spambase,no verified transductive three-seed default evidence,missing_or_inapplicable,No complete finite target-seed transductive record
scCDCG,spectf_heart,no verified transductive three-seed default evidence,missing_or_inapplicable,No complete finite target-seed transductive record
scCDCG,statlog_german_credit,no verified transductive three-seed default evidence,missing_or_inapplicable,No complete finite target-seed transductive record
scCDCG,statlog_image_segmentation,no verified transductive three-seed default evidence,missing_or_inapplicable,No complete finite target-seed transductive record
scCDCG,steel-plates-fault,no verified transductive three-seed default evidence,missing_or_inapplicable,No complete finite target-seed transductive record
scCDCG,street_view_house_numbers,no verified transductive three-seed default evidence,missing_or_inapplicable,No complete finite target-seed transductive record
scCDCG,student_grade,no verified transductive three-seed default evidence,missing_or_inapplicable,No complete finite target-seed transductive record
scCDCG,synthetic_control,no verified transductive three-seed default evidence,missing_or_inapplicable,No complete finite target-seed transductive record
scCDCG,tamilnadu-electricity,no verified transductive three-seed default evidence,missing_or_inapplicable,No complete finite target-seed transductive record
scCDCG,tr45.wc,no verified transductive three-seed default evidence,missing_or_inapplicable,No complete finite target-seed transductive record
scCDCG,turkish_music_emotion,no verified transductive three-seed default evidence,missing_or_inapplicable,No complete finite target-seed transductive record
scCDCG,user_knowledge_modeling,no verified transductive three-seed default evidence,missing_or_inapplicable,No complete finite target-seed transductive record
scCDCG,vehicle,no verified transductive three-seed default evidence,missing_or_inapplicable,No complete finite target-seed transductive record
scCDCG,wall-robot-navigation,no verified transductive three-seed default evidence,missing_or_inapplicable,No complete finite target-seed transductive record
scCDCG,water_quality,no verified transductive three-seed default evidence,missing_or_inapplicable,No complete finite target-seed transductive record
scCDCG,Waveform,no verified transductive three-seed default evidence,missing_or_inapplicable,No complete finite target-seed transductive record
scCDCG,weather,no verified transductive three-seed default evidence,missing_or_inapplicable,No complete finite target-seed transductive record
scCDCG,website_phishing,no verified transductive three-seed default evidence,missing_or_inapplicable,No complete finite target-seed transductive record
scCDCG,wine,no verified transductive three-seed default evidence,missing_or_inapplicable,No complete finite target-seed transductive record
scCDCG,wine_customer,no verified transductive three-seed default evidence,missing_or_inapplicable,No complete finite target-seed transductive record
scCDCG,wine_quality,no verified transductive three-seed default evidence,missing_or_inapplicable,No complete finite target-seed transductive record
scCDCG,wireless_indoor_localization,no verified transductive three-seed default evidence,missing_or_inapplicable,No complete finite target-seed transductive record
scCDCG,world12d,no verified transductive three-seed default evidence,missing_or_inapplicable,No complete finite target-seed transductive record
scCDCG,wos,no verified transductive three-seed default evidence,missing_or_inapplicable,No complete finite target-seed transductive record
scCDCG,yeast,no verified transductive three-seed default evidence,missing_or_inapplicable,No complete finite target-seed transductive record
scCDCG,zoo,no verified transductive three-seed default evidence,missing_or_inapplicable,No complete finite target-seed transductive record
scCDCG,Blood_BoneMarrow,no verified transductive three-seed default evidence,missing_or_inapplicable,No complete finite target-seed transductive record
scCDCG,Human_Pancreas_1,no verified transductive three-seed default evidence,missing_or_inapplicable,No complete finite target-seed transductive record
scCDCG,Human_Pancreas_3,no verified transductive three-seed default evidence,missing_or_inapplicable,No complete finite target-seed transductive record
scCDCG,Mouse_Pancreas_1,no verified transductive three-seed default evidence,missing_or_inapplicable,No complete finite target-seed transductive record
scCDCG,PRJNA895163,no verified transductive three-seed default evidence,missing_or_inapplicable,No complete finite target-seed transductive record
scCDCG,TabulaSapiens_Pancreas,no verified transductive three-seed default evidence,missing_or_inapplicable,No complete finite target-seed transductive record
scCDCG,Bach,no verified transductive three-seed default evidence,missing_or_inapplicable,No complete finite target-seed transductive record
scCDCG,Baron,no verified transductive three-seed default evidence,missing_or_inapplicable,No complete finite target-seed transductive record
scCDCG,Guo,no verified transductive three-seed default evidence,missing_or_inapplicable,No complete finite target-seed transductive record
scCDCG,Limb_Muscle,no verified transductive three-seed default evidence,missing_or_inapplicable,No complete finite target-seed transductive record
scCDCG,Macosko,no verified transductive three-seed default evidence,missing_or_inapplicable,No complete finite target-seed transductive record
scCDCG,Melanoma_5K,no verified transductive three-seed default evidence,missing_or_inapplicable,No complete finite target-seed transductive record
scCDCG,Pollen,no verified transductive three-seed default evidence,missing_or_inapplicable,No complete finite target-seed transductive record
scCDCG,Quake_10x_Spleen,no verified transductive three-seed default evidence,missing_or_inapplicable,No complete finite target-seed transductive record
scCDCG,Quake_Smart-seq2_Lung,no verified transductive three-seed default evidence,missing_or_inapplicable,No complete finite target-seed transductive record
scCDCG,Shekhar,no verified transductive three-seed default evidence,missing_or_inapplicable,No complete finite target-seed transductive record
scCDCG,Tosches,no verified transductive three-seed default evidence,missing_or_inapplicable,No complete finite target-seed transductive record
scCDCG,Wang,no verified transductive three-seed default evidence,missing_or_inapplicable,No complete finite target-seed transductive record
scCDCG,Young,no verified transductive three-seed default evidence,missing_or_inapplicable,No complete finite target-seed transductive record
scCDCG,hrvatin,no verified transductive three-seed default evidence,missing_or_inapplicable,No complete finite target-seed transductive record
scCDCG,worm_neuron_cell,no verified transductive three-seed default evidence,missing_or_inapplicable,No complete finite target-seed transductive record
