model,dataset,seed_set,protocol,planned_action,status,reason
ToPoGate_strict8,20newsgroups,"42,123,7",transductive,reuse_or_run,not_available,no verified transductive three-seed default evidence
ToPoGate_strict8,banknote_authentication,"42,123,7",transductive,reuse_or_run,not_available,no verified transductive three-seed default evidence
ToPoGate_strict8,Baron_Human,"42,123,7",transductive,reuse_or_run,not_available,no verified transductive three-seed default evidence
ToPoGate_strict8,birds_bones_and_living_habits,"42,123,7",transductive,reuse_or_run,not_available,no verified transductive three-seed default evidence
ToPoGate_strict8,blood_transfusion_service_center,"42,123,7",transductive,reuse_or_run,not_available,no verified transductive three-seed default evidence
ToPoGate_strict8,boston,"42,123,7",transductive,reuse_or_run,not_available,no verified transductive three-seed default evidence
ToPoGate_strict8,breast_cancer_coimbra,"42,123,7",transductive,reuse_or_run,not_available,no verified transductive three-seed default evidence
ToPoGate_strict8,breast_cancer_wisconsin_original,"42,123,7",transductive,reuse_or_run,not_available,no verified transductive three-seed default evidence
ToPoGate_strict8,breast_cancer_wisconsin_prognostic,"42,123,7",transductive,reuse_or_run,not_available,no verified transductive three-seed default evidence
ToPoGate_strict8,breast_tissue,"42,123,7",transductive,reuse_or_run,not_available,no verified transductive three-seed default evidence
ToPoGate_strict8,Campbell,"42,123,7",transductive,reuse_or_run,not_available,no verified transductive three-seed default evidence
ToPoGate_strict8,cardiovascular_study,"42,123,7",transductive,reuse_or_run,not_available,no verified transductive three-seed default evidence
ToPoGate_strict8,cifar10,"42,123,7",transductive,reuse_or_run,not_available,no verified transductive three-seed default evidence
ToPoGate_strict8,CIFAR10_CLIP,"42,123,7",transductive,reuse_or_run,not_available,no verified transductive three-seed default evidence
ToPoGate_strict8,classification_in_asteroseismology,"42,123,7",transductive,reuse_or_run,not_available,no verified transductive three-seed default evidence
ToPoGate_strict8,cnae9,"42,123,7",transductive,reuse_or_run,not_available,no verified transductive three-seed default evidence
ToPoGate_strict8,coil20,"42,123,7",transductive,reuse_or_run,not_available,no verified transductive three-seed default evidence
ToPoGate_strict8,COIL20_CLIP,"42,123,7",transductive,reuse_or_run,not_available,no verified transductive three-seed default evidence
ToPoGate_strict8,credit_risk_classification,"42,123,7",transductive,reuse_or_run,not_available,no verified transductive three-seed default evidence
ToPoGate_strict8,crowdsourced_mapping,"42,123,7",transductive,reuse_or_run,not_available,no verified transductive three-seed default evidence
ToPoGate_strict8,customer_classification,"42,123,7",transductive,reuse_or_run,not_available,no verified transductive three-seed default evidence
ToPoGate_strict8,date_fruit,"42,123,7",transductive,reuse_or_run,not_available,no verified transductive three-seed default evidence
ToPoGate_strict8,dermatology,"42,123,7",transductive,reuse_or_run,not_available,no verified transductive three-seed default evidence
ToPoGate_strict8,diabetic_retinopathy_debrecen,"42,123,7",transductive,reuse_or_run,not_available,no verified transductive three-seed default evidence
ToPoGate_strict8,dilbert,"42,123,7",transductive,reuse_or_run,not_available,no verified transductive three-seed default evidence
ToPoGate_strict8,Drug_Consumption,"42,123,7",transductive,reuse_or_run,not_available,no verified transductive three-seed default evidence
ToPoGate_strict8,dry_bean,"42,123,7",transductive,reuse_or_run,not_available,no verified transductive three-seed default evidence
ToPoGate_strict8,durum_wheat_features,"42,123,7",transductive,reuse_or_run,not_available,no verified transductive three-seed default evidence
ToPoGate_strict8,echocardiogram,"42,123,7",transductive,reuse_or_run,not_available,no verified transductive three-seed default evidence
ToPoGate_strict8,ecoli,"42,123,7",transductive,reuse_or_run,not_available,no verified transductive three-seed default evidence
ToPoGate_strict8,enron,"42,123,7",transductive,reuse_or_run,not_available,no verified transductive three-seed default evidence
ToPoGate_strict8,epileptic_seizure_recognition,"42,123,7",transductive,reuse_or_run,not_available,no verified transductive three-seed default evidence
ToPoGate_strict8,extyaleb,"42,123,7",transductive,reuse_or_run,not_available,no verified transductive three-seed default evidence
ToPoGate_strict8,fabert,"42,123,7",transductive,reuse_or_run,not_available,no verified transductive three-seed default evidence
ToPoGate_strict8,fashion_mnist,"42,123,7",transductive,reuse_or_run,not_available,no verified transductive three-seed default evidence
ToPoGate_strict8,FashionMNIST_CLIP,"42,123,7",transductive,reuse_or_run,not_available,no verified transductive three-seed default evidence
ToPoGate_strict8,fbis.wc,"42,123,7",transductive,reuse_or_run,not_available,no verified transductive three-seed default evidence
ToPoGate_strict8,fetal_health_classification,"42,123,7",transductive,reuse_or_run,not_available,no verified transductive three-seed default evidence
ToPoGate_strict8,first-order-theorem-proving,"42,123,7",transductive,reuse_or_run,not_available,no verified transductive three-seed default evidence
ToPoGate_strict8,flickr_material_database,"42,123,7",transductive,reuse_or_run,not_available,no verified transductive three-seed default evidence
ToPoGate_strict8,fraud_detection_bank,"42,123,7",transductive,reuse_or_run,not_available,no verified transductive three-seed default evidence
ToPoGate_strict8,gas-drift,"42,123,7",transductive,reuse_or_run,not_available,no verified transductive three-seed default evidence
ToPoGate_strict8,gina_prior2,"42,123,7",transductive,reuse_or_run,not_available,no verified transductive three-seed default evidence
ToPoGate_strict8,glass_identification,"42,123,7",transductive,reuse_or_run,not_available,no verified transductive three-seed default evidence
ToPoGate_strict8,har,"42,123,7",transductive,reuse_or_run,not_available,no verified transductive three-seed default evidence
ToPoGate_strict8,harbermans_survival,"42,123,7",transductive,reuse_or_run,not_available,no verified transductive three-seed default evidence
ToPoGate_strict8,hate_speech,"42,123,7",transductive,reuse_or_run,not_available,no verified transductive three-seed default evidence
ToPoGate_strict8,heart_attack_analysis_prediction_dataset,"42,123,7",transductive,reuse_or_run,not_available,no verified transductive three-seed default evidence
ToPoGate_strict8,heart_disease,"42,123,7",transductive,reuse_or_run,not_available,no verified transductive three-seed default evidence
ToPoGate_strict8,hepatitis,"42,123,7",transductive,reuse_or_run,not_available,no verified transductive three-seed default evidence
ToPoGate_strict8,htru2,"42,123,7",transductive,reuse_or_run,not_available,no verified transductive three-seed default evidence
ToPoGate_strict8,human_stress_detection,"42,123,7",transductive,reuse_or_run,not_available,no verified transductive three-seed default evidence
ToPoGate_strict8,image_segmentation,"42,123,7",transductive,reuse_or_run,not_available,no verified transductive three-seed default evidence
ToPoGate_strict8,imdb,"42,123,7",transductive,reuse_or_run,not_available,no verified transductive three-seed default evidence
ToPoGate_strict8,Indian_pines,"42,123,7",transductive,reuse_or_run,not_available,no verified transductive three-seed default evidence
ToPoGate_strict8,insurance_company_benchmark,"42,123,7",transductive,reuse_or_run,not_available,no verified transductive three-seed default evidence
ToPoGate_strict8,ionosphere,"42,123,7",transductive,reuse_or_run,not_available,no verified transductive three-seed default evidence
ToPoGate_strict8,iris,"42,123,7",transductive,reuse_or_run,not_available,no verified transductive three-seed default evidence
ToPoGate_strict8,ISOLET,"42,123,7",transductive,reuse_or_run,not_available,no verified transductive three-seed default evidence
ToPoGate_strict8,JapaneseVowels,"42,123,7",transductive,reuse_or_run,not_available,no verified transductive three-seed default evidence
ToPoGate_strict8,labeled_faces_in_the_wild,"42,123,7",transductive,reuse_or_run,not_available,no verified transductive three-seed default evidence
ToPoGate_strict8,letter_recognition,"42,123,7",transductive,reuse_or_run,not_available,no verified transductive three-seed default evidence
ToPoGate_strict8,magic_gamma_telescope,"42,123,7",transductive,reuse_or_run,not_available,no verified transductive three-seed default evidence
ToPoGate_strict8,mammographic_mass,"42,123,7",transductive,reuse_or_run,not_available,no verified transductive three-seed default evidence
ToPoGate_strict8,mfeat-factors,"42,123,7",transductive,reuse_or_run,not_available,no verified transductive three-seed default evidence
ToPoGate_strict8,mfeat-fourier,"42,123,7",transductive,reuse_or_run,not_available,no verified transductive three-seed default evidence
ToPoGate_strict8,mfeat-karhunen,"42,123,7",transductive,reuse_or_run,not_available,no verified transductive three-seed default evidence
ToPoGate_strict8,mfeat-morphological,"42,123,7",transductive,reuse_or_run,not_available,no verified transductive three-seed default evidence
ToPoGate_strict8,micro-mass,"42,123,7",transductive,reuse_or_run,not_available,no verified transductive three-seed default evidence
ToPoGate_strict8,microbes,"42,123,7",transductive,reuse_or_run,not_available,no verified transductive three-seed default evidence
ToPoGate_strict8,mnist64,"42,123,7",transductive,reuse_or_run,not_available,no verified transductive three-seed default evidence
ToPoGate_strict8,MNIST_CLIP,"42,123,7",transductive,reuse_or_run,not_available,no verified transductive three-seed default evidence
ToPoGate_strict8,mobile_price_classification,"42,123,7",transductive,reuse_or_run,not_available,no verified transductive three-seed default evidence
ToPoGate_strict8,Mouse_retina,"42,123,7",transductive,reuse_or_run,not_available,no verified transductive three-seed default evidence
ToPoGate_strict8,music_genre_classification,"42,123,7",transductive,reuse_or_run,not_available,no verified transductive three-seed default evidence
ToPoGate_strict8,olivetti_faces,"42,123,7",transductive,reuse_or_run,not_available,no verified transductive three-seed default evidence
ToPoGate_strict8,optical_recognition_of_handwritten_digits,"42,123,7",transductive,reuse_or_run,not_available,no verified transductive three-seed default evidence
ToPoGate_strict8,orbit_classification_for_prediction_nasa,"42,123,7",transductive,reuse_or_run,not_available,no verified transductive three-seed default evidence
ToPoGate_strict8,paris_housing_classification,"42,123,7",transductive,reuse_or_run,not_available,no verified transductive three-seed default evidence
ToPoGate_strict8,parkinsons,"42,123,7",transductive,reuse_or_run,not_available,no verified transductive three-seed default evidence
ToPoGate_strict8,patient_treatment_classification,"42,123,7",transductive,reuse_or_run,not_available,no verified transductive three-seed default evidence
ToPoGate_strict8,PCam,"42,123,7",transductive,reuse_or_run,not_available,no verified transductive three-seed default evidence
ToPoGate_strict8,pen_based_recognition_of_handwritten_digits,"42,123,7",transductive,reuse_or_run,not_available,no verified transductive three-seed default evidence
ToPoGate_strict8,ph_recognition,"42,123,7",transductive,reuse_or_run,not_available,no verified transductive three-seed default evidence
ToPoGate_strict8,pima_indians_diabetes_database,"42,123,7",transductive,reuse_or_run,not_available,no verified transductive three-seed default evidence
ToPoGate_strict8,pistachio,"42,123,7",transductive,reuse_or_run,not_available,no verified transductive three-seed default evidence
ToPoGate_strict8,planning_relax,"42,123,7",transductive,reuse_or_run,not_available,no verified transductive three-seed default evidence
ToPoGate_strict8,poker-hand,"42,123,7",transductive,reuse_or_run,not_available,no verified transductive three-seed default evidence
ToPoGate_strict8,predicting_pulsar_star,"42,123,7",transductive,reuse_or_run,not_available,no verified transductive three-seed default evidence
ToPoGate_strict8,pumpkin_seeds,"42,123,7",transductive,reuse_or_run,not_available,no verified transductive three-seed default evidence
ToPoGate_strict8,raisin,"42,123,7",transductive,reuse_or_run,not_available,no verified transductive three-seed default evidence
ToPoGate_strict8,reuters,"42,123,7",transductive,reuse_or_run,not_available,no verified transductive three-seed default evidence
ToPoGate_strict8,rice_dataset_cammeo_and_osmancik,"42,123,7",transductive,reuse_or_run,not_available,no verified transductive three-seed default evidence
ToPoGate_strict8,rice_seed_gonen_jasmine,"42,123,7",transductive,reuse_or_run,not_available,no verified transductive three-seed default evidence
ToPoGate_strict8,rmftsa_sleepdata,"42,123,7",transductive,reuse_or_run,not_available,no verified transductive three-seed default evidence
ToPoGate_strict8,satellite_image,"42,123,7",transductive,reuse_or_run,not_available,no verified transductive three-seed default evidence
ToPoGate_strict8,secom,"42,123,7",transductive,reuse_or_run,not_available,no verified transductive three-seed default evidence
ToPoGate_strict8,seeds,"42,123,7",transductive,reuse_or_run,not_available,no verified transductive three-seed default evidence
ToPoGate_strict8,seismic_bumps,"42,123,7",transductive,reuse_or_run,not_available,no verified transductive three-seed default evidence
ToPoGate_strict8,sentiment_labeld_sentences,"42,123,7",transductive,reuse_or_run,not_available,no verified transductive three-seed default evidence
ToPoGate_strict8,shuttle,"42,123,7",transductive,reuse_or_run,not_available,no verified transductive three-seed default evidence
ToPoGate_strict8,siberian_weather_stats,"42,123,7",transductive,reuse_or_run,not_available,no verified transductive three-seed default evidence
ToPoGate_strict8,skillcraft1_master_table_dataset,"42,123,7",transductive,reuse_or_run,not_available,no verified transductive three-seed default evidence
ToPoGate_strict8,smoker_condition,"42,123,7",transductive,reuse_or_run,not_available,no verified transductive three-seed default evidence
ToPoGate_strict8,sms_spam_collection,"42,123,7",transductive,reuse_or_run,not_available,no verified transductive three-seed default evidence
ToPoGate_strict8,spambase,"42,123,7",transductive,reuse_or_run,not_available,no verified transductive three-seed default evidence
ToPoGate_strict8,spectf_heart,"42,123,7",transductive,reuse_or_run,not_available,no verified transductive three-seed default evidence
ToPoGate_strict8,statlog_german_credit,"42,123,7",transductive,reuse_or_run,not_available,no verified transductive three-seed default evidence
ToPoGate_strict8,statlog_image_segmentation,"42,123,7",transductive,reuse_or_run,not_available,no verified transductive three-seed default evidence
ToPoGate_strict8,steel-plates-fault,"42,123,7",transductive,reuse_or_run,not_available,no verified transductive three-seed default evidence
ToPoGate_strict8,street_view_house_numbers,"42,123,7",transductive,reuse_or_run,not_available,no verified transductive three-seed default evidence
ToPoGate_strict8,student_grade,"42,123,7",transductive,reuse_or_run,not_available,no verified transductive three-seed default evidence
ToPoGate_strict8,synthetic_control,"42,123,7",transductive,reuse_or_run,not_available,no verified transductive three-seed default evidence
ToPoGate_strict8,tamilnadu-electricity,"42,123,7",transductive,reuse_or_run,not_available,no verified transductive three-seed default evidence
ToPoGate_strict8,tr45.wc,"42,123,7",transductive,reuse_or_run,not_available,no verified transductive three-seed default evidence
ToPoGate_strict8,turkish_music_emotion,"42,123,7",transductive,reuse_or_run,not_available,no verified transductive three-seed default evidence
ToPoGate_strict8,user_knowledge_modeling,"42,123,7",transductive,reuse_or_run,not_available,no verified transductive three-seed default evidence
ToPoGate_strict8,vehicle,"42,123,7",transductive,reuse_or_run,not_available,no verified transductive three-seed default evidence
ToPoGate_strict8,wall-robot-navigation,"42,123,7",transductive,reuse_or_run,not_available,no verified transductive three-seed default evidence
ToPoGate_strict8,water_quality,"42,123,7",transductive,reuse_or_run,not_available,no verified transductive three-seed default evidence
ToPoGate_strict8,Waveform,"42,123,7",transductive,reuse_or_run,not_available,no verified transductive three-seed default evidence
ToPoGate_strict8,weather,"42,123,7",transductive,reuse_or_run,not_available,no verified transductive three-seed default evidence
ToPoGate_strict8,website_phishing,"42,123,7",transductive,reuse_or_run,not_available,no verified transductive three-seed default evidence
ToPoGate_strict8,wine,"42,123,7",transductive,reuse_or_run,not_available,no verified transductive three-seed default evidence
ToPoGate_strict8,wine_customer,"42,123,7",transductive,reuse_or_run,not_available,no verified transductive three-seed default evidence
ToPoGate_strict8,wine_quality,"42,123,7",transductive,reuse_or_run,not_available,no verified transductive three-seed default evidence
ToPoGate_strict8,wireless_indoor_localization,"42,123,7",transductive,reuse_or_run,not_available,no verified transductive three-seed default evidence
ToPoGate_strict8,world12d,"42,123,7",transductive,reuse_or_run,not_available,no verified transductive three-seed default evidence
ToPoGate_strict8,wos,"42,123,7",transductive,reuse_or_run,not_available,no verified transductive three-seed default evidence
ToPoGate_strict8,yeast,"42,123,7",transductive,reuse_or_run,not_available,no verified transductive three-seed default evidence
ToPoGate_strict8,zoo,"42,123,7",transductive,reuse_or_run,not_available,no verified transductive three-seed default evidence
ToPoGate_strict8,Blood_BoneMarrow,"42,123,7",transductive,reuse_or_run,not_available,no verified transductive three-seed default evidence
ToPoGate_strict8,Human_Pancreas_1,"42,123,7",transductive,reuse_or_run,not_available,no verified transductive three-seed default evidence
ToPoGate_strict8,Human_Pancreas_3,"42,123,7",transductive,reuse_or_run,not_available,no verified transductive three-seed default evidence
ToPoGate_strict8,Mouse_Pancreas_1,"42,123,7",transductive,reuse_or_run,not_available,no verified transductive three-seed default evidence
ToPoGate_strict8,PRJNA895163,"42,123,7",transductive,reuse_or_run,not_available,no verified transductive three-seed default evidence
ToPoGate_strict8,TabulaSapiens_Pancreas,"42,123,7",transductive,reuse_or_run,not_available,no verified transductive three-seed default evidence
ToPoGate_strict8,Bach,"42,123,7",transductive,reuse_or_run,not_available,no verified transductive three-seed default evidence
ToPoGate_strict8,Baron,"42,123,7",transductive,reuse_or_run,not_available,no verified transductive three-seed default evidence
ToPoGate_strict8,Guo,"42,123,7",transductive,reuse_or_run,not_available,no verified transductive three-seed default evidence
ToPoGate_strict8,Limb_Muscle,"42,123,7",transductive,reuse_or_run,not_available,no verified transductive three-seed default evidence
ToPoGate_strict8,Macosko,"42,123,7",transductive,reuse_or_run,not_available,no verified transductive three-seed default evidence
ToPoGate_strict8,Melanoma_5K,"42,123,7",transductive,reuse_or_run,not_available,no verified transductive three-seed default evidence
ToPoGate_strict8,Pollen,"42,123,7",transductive,reuse_or_run,not_available,no verified transductive three-seed default evidence
ToPoGate_strict8,Quake_10x_Spleen,"42,123,7",transductive,reuse_or_run,not_available,no verified transductive three-seed default evidence
ToPoGate_strict8,Quake_Smart-seq2_Lung,"42,123,7",transductive,reuse_or_run,not_available,no verified transductive three-seed default evidence
ToPoGate_strict8,Shekhar,"42,123,7",transductive,reuse_or_run,not_available,no verified transductive three-seed default evidence
ToPoGate_strict8,Tosches,"42,123,7",transductive,reuse_or_run,not_available,no verified transductive three-seed default evidence
ToPoGate_strict8,Wang,"42,123,7",transductive,reuse_or_run,not_available,no verified transductive three-seed default evidence
ToPoGate_strict8,Young,"42,123,7",transductive,reuse_or_run,not_available,no verified transductive three-seed default evidence
ToPoGate_strict8,hrvatin,"42,123,7",transductive,reuse_or_run,not_available,no verified transductive three-seed default evidence
ToPoGate_strict8,worm_neuron_cell,"42,123,7",transductive,reuse_or_run,not_available,no verified transductive three-seed default evidence
KMeans,20newsgroups,"42,123,7",transductive,reuse_or_run,completed,new transductive runs
KMeans,banknote_authentication,"42,123,7",transductive,reuse_or_run,completed,new transductive runs
KMeans,Baron_Human,"42,123,7",transductive,reuse_or_run,completed,new transductive runs
KMeans,birds_bones_and_living_habits,"42,123,7",transductive,reuse_or_run,completed,new transductive runs
KMeans,blood_transfusion_service_center,"42,123,7",transductive,reuse_or_run,completed,new transductive runs
KMeans,boston,"42,123,7",transductive,reuse_or_run,completed,new transductive runs
KMeans,breast_cancer_coimbra,"42,123,7",transductive,reuse_or_run,completed,new transductive runs
KMeans,breast_cancer_wisconsin_original,"42,123,7",transductive,reuse_or_run,completed,new transductive runs
KMeans,breast_cancer_wisconsin_prognostic,"42,123,7",transductive,reuse_or_run,completed,new transductive runs
KMeans,breast_tissue,"42,123,7",transductive,reuse_or_run,completed,new transductive runs
KMeans,Campbell,"42,123,7",transductive,reuse_or_run,completed,new transductive runs
KMeans,cardiovascular_study,"42,123,7",transductive,reuse_or_run,completed,new transductive runs
KMeans,cifar10,"42,123,7",transductive,reuse_or_run,completed,new transductive runs
KMeans,CIFAR10_CLIP,"42,123,7",transductive,reuse_or_run,completed,new transductive runs
KMeans,classification_in_asteroseismology,"42,123,7",transductive,reuse_or_run,completed,new transductive runs
KMeans,cnae9,"42,123,7",transductive,reuse_or_run,completed,new transductive runs
KMeans,coil20,"42,123,7",transductive,reuse_or_run,completed,new transductive runs
KMeans,COIL20_CLIP,"42,123,7",transductive,reuse_or_run,completed,new transductive runs
KMeans,credit_risk_classification,"42,123,7",transductive,reuse_or_run,completed,new transductive runs
KMeans,crowdsourced_mapping,"42,123,7",transductive,reuse_or_run,completed,new transductive runs
KMeans,customer_classification,"42,123,7",transductive,reuse_or_run,completed,new transductive runs
KMeans,date_fruit,"42,123,7",transductive,reuse_or_run,completed,new transductive runs
KMeans,dermatology,"42,123,7",transductive,reuse_or_run,completed,new transductive runs
KMeans,diabetic_retinopathy_debrecen,"42,123,7",transductive,reuse_or_run,completed,new transductive runs
KMeans,dilbert,"42,123,7",transductive,reuse_or_run,completed,new transductive runs
KMeans,Drug_Consumption,"42,123,7",transductive,reuse_or_run,completed,new transductive runs
KMeans,dry_bean,"42,123,7",transductive,reuse_or_run,completed,new transductive runs
KMeans,durum_wheat_features,"42,123,7",transductive,reuse_or_run,completed,new transductive runs
KMeans,echocardiogram,"42,123,7",transductive,reuse_or_run,completed,new transductive runs
KMeans,ecoli,"42,123,7",transductive,reuse_or_run,completed,new transductive runs
KMeans,enron,"42,123,7",transductive,reuse_or_run,completed,new transductive runs
KMeans,epileptic_seizure_recognition,"42,123,7",transductive,reuse_or_run,completed,new transductive runs
KMeans,extyaleb,"42,123,7",transductive,reuse_or_run,completed,new transductive runs
KMeans,fabert,"42,123,7",transductive,reuse_or_run,completed,new transductive runs
KMeans,fashion_mnist,"42,123,7",transductive,reuse_or_run,completed,new transductive runs
KMeans,FashionMNIST_CLIP,"42,123,7",transductive,reuse_or_run,completed,new transductive runs
KMeans,fbis.wc,"42,123,7",transductive,reuse_or_run,completed,new transductive runs
KMeans,fetal_health_classification,"42,123,7",transductive,reuse_or_run,completed,new transductive runs
KMeans,first-order-theorem-proving,"42,123,7",transductive,reuse_or_run,completed,new transductive runs
KMeans,flickr_material_database,"42,123,7",transductive,reuse_or_run,completed,new transductive runs
KMeans,fraud_detection_bank,"42,123,7",transductive,reuse_or_run,completed,new transductive runs
KMeans,gas-drift,"42,123,7",transductive,reuse_or_run,completed,new transductive runs
KMeans,gina_prior2,"42,123,7",transductive,reuse_or_run,completed,new transductive runs
KMeans,glass_identification,"42,123,7",transductive,reuse_or_run,completed,new transductive runs
KMeans,har,"42,123,7",transductive,reuse_or_run,completed,new transductive runs
KMeans,harbermans_survival,"42,123,7",transductive,reuse_or_run,completed,new transductive runs
KMeans,hate_speech,"42,123,7",transductive,reuse_or_run,completed,new transductive runs
KMeans,heart_attack_analysis_prediction_dataset,"42,123,7",transductive,reuse_or_run,completed,new transductive runs
KMeans,heart_disease,"42,123,7",transductive,reuse_or_run,completed,new transductive runs
KMeans,hepatitis,"42,123,7",transductive,reuse_or_run,completed,new transductive runs
KMeans,htru2,"42,123,7",transductive,reuse_or_run,completed,new transductive runs
KMeans,human_stress_detection,"42,123,7",transductive,reuse_or_run,completed,new transductive runs
KMeans,image_segmentation,"42,123,7",transductive,reuse_or_run,completed,new transductive runs
KMeans,imdb,"42,123,7",transductive,reuse_or_run,completed,new transductive runs
KMeans,Indian_pines,"42,123,7",transductive,reuse_or_run,completed,new transductive runs
KMeans,insurance_company_benchmark,"42,123,7",transductive,reuse_or_run,completed,new transductive runs
KMeans,ionosphere,"42,123,7",transductive,reuse_or_run,completed,new transductive runs
KMeans,iris,"42,123,7",transductive,reuse_or_run,completed,new transductive runs
KMeans,ISOLET,"42,123,7",transductive,reuse_or_run,completed,new transductive runs
KMeans,JapaneseVowels,"42,123,7",transductive,reuse_or_run,completed,new transductive runs
KMeans,labeled_faces_in_the_wild,"42,123,7",transductive,reuse_or_run,completed,new transductive runs
KMeans,letter_recognition,"42,123,7",transductive,reuse_or_run,completed,new transductive runs
KMeans,magic_gamma_telescope,"42,123,7",transductive,reuse_or_run,completed,new transductive runs
KMeans,mammographic_mass,"42,123,7",transductive,reuse_or_run,completed,new transductive runs
KMeans,mfeat-factors,"42,123,7",transductive,reuse_or_run,completed,new transductive runs
KMeans,mfeat-fourier,"42,123,7",transductive,reuse_or_run,completed,new transductive runs
KMeans,mfeat-karhunen,"42,123,7",transductive,reuse_or_run,completed,new transductive runs
KMeans,mfeat-morphological,"42,123,7",transductive,reuse_or_run,completed,new transductive runs
KMeans,micro-mass,"42,123,7",transductive,reuse_or_run,completed,new transductive runs
KMeans,microbes,"42,123,7",transductive,reuse_or_run,completed,new transductive runs
KMeans,mnist64,"42,123,7",transductive,reuse_or_run,completed,new transductive runs
KMeans,MNIST_CLIP,"42,123,7",transductive,reuse_or_run,completed,new transductive runs
KMeans,mobile_price_classification,"42,123,7",transductive,reuse_or_run,completed,new transductive runs
KMeans,Mouse_retina,"42,123,7",transductive,reuse_or_run,completed,new transductive runs
KMeans,music_genre_classification,"42,123,7",transductive,reuse_or_run,completed,new transductive runs
KMeans,olivetti_faces,"42,123,7",transductive,reuse_or_run,completed,new transductive runs
KMeans,optical_recognition_of_handwritten_digits,"42,123,7",transductive,reuse_or_run,completed,new transductive runs
KMeans,orbit_classification_for_prediction_nasa,"42,123,7",transductive,reuse_or_run,completed,new transductive runs
KMeans,paris_housing_classification,"42,123,7",transductive,reuse_or_run,completed,new transductive runs
KMeans,parkinsons,"42,123,7",transductive,reuse_or_run,completed,new transductive runs
KMeans,patient_treatment_classification,"42,123,7",transductive,reuse_or_run,completed,new transductive runs
KMeans,PCam,"42,123,7",transductive,reuse_or_run,completed,new transductive runs
KMeans,pen_based_recognition_of_handwritten_digits,"42,123,7",transductive,reuse_or_run,completed,new transductive runs
KMeans,ph_recognition,"42,123,7",transductive,reuse_or_run,completed,new transductive runs
KMeans,pima_indians_diabetes_database,"42,123,7",transductive,reuse_or_run,completed,new transductive runs
KMeans,pistachio,"42,123,7",transductive,reuse_or_run,completed,new transductive runs
KMeans,planning_relax,"42,123,7",transductive,reuse_or_run,completed,new transductive runs
KMeans,poker-hand,"42,123,7",transductive,reuse_or_run,completed,new transductive runs
KMeans,predicting_pulsar_star,"42,123,7",transductive,reuse_or_run,completed,new transductive runs
KMeans,pumpkin_seeds,"42,123,7",transductive,reuse_or_run,completed,new transductive runs
KMeans,raisin,"42,123,7",transductive,reuse_or_run,completed,new transductive runs
KMeans,reuters,"42,123,7",transductive,reuse_or_run,completed,new transductive runs
KMeans,rice_dataset_cammeo_and_osmancik,"42,123,7",transductive,reuse_or_run,completed,new transductive runs
KMeans,rice_seed_gonen_jasmine,"42,123,7",transductive,reuse_or_run,completed,new transductive runs
KMeans,rmftsa_sleepdata,"42,123,7",transductive,reuse_or_run,completed,new transductive runs
KMeans,satellite_image,"42,123,7",transductive,reuse_or_run,completed,new transductive runs
KMeans,secom,"42,123,7",transductive,reuse_or_run,completed,new transductive runs
KMeans,seeds,"42,123,7",transductive,reuse_or_run,completed,new transductive runs
KMeans,seismic_bumps,"42,123,7",transductive,reuse_or_run,completed,new transductive runs
KMeans,sentiment_labeld_sentences,"42,123,7",transductive,reuse_or_run,completed,new transductive runs
KMeans,shuttle,"42,123,7",transductive,reuse_or_run,completed,new transductive runs
KMeans,siberian_weather_stats,"42,123,7",transductive,reuse_or_run,completed,new transductive runs
KMeans,skillcraft1_master_table_dataset,"42,123,7",transductive,reuse_or_run,completed,new transductive runs
KMeans,smoker_condition,"42,123,7",transductive,reuse_or_run,completed,new transductive runs
KMeans,sms_spam_collection,"42,123,7",transductive,reuse_or_run,completed,new transductive runs
KMeans,spambase,"42,123,7",transductive,reuse_or_run,completed,new transductive runs
KMeans,spectf_heart,"42,123,7",transductive,reuse_or_run,completed,new transductive runs
KMeans,statlog_german_credit,"42,123,7",transductive,reuse_or_run,completed,new transductive runs
KMeans,statlog_image_segmentation,"42,123,7",transductive,reuse_or_run,completed,new transductive runs
KMeans,steel-plates-fault,"42,123,7",transductive,reuse_or_run,completed,new transductive runs
KMeans,street_view_house_numbers,"42,123,7",transductive,reuse_or_run,completed,new transductive runs
KMeans,student_grade,"42,123,7",transductive,reuse_or_run,completed,new transductive runs
KMeans,synthetic_control,"42,123,7",transductive,reuse_or_run,completed,new transductive runs
KMeans,tamilnadu-electricity,"42,123,7",transductive,reuse_or_run,completed,new transductive runs
KMeans,tr45.wc,"42,123,7",transductive,reuse_or_run,completed,new transductive runs
KMeans,turkish_music_emotion,"42,123,7",transductive,reuse_or_run,completed,new transductive runs
KMeans,user_knowledge_modeling,"42,123,7",transductive,reuse_or_run,completed,new transductive runs
KMeans,vehicle,"42,123,7",transductive,reuse_or_run,completed,new transductive runs
KMeans,wall-robot-navigation,"42,123,7",transductive,reuse_or_run,completed,new transductive runs
KMeans,water_quality,"42,123,7",transductive,reuse_or_run,completed,new transductive runs
KMeans,Waveform,"42,123,7",transductive,reuse_or_run,completed,new transductive runs
KMeans,weather,"42,123,7",transductive,reuse_or_run,completed,new transductive runs
KMeans,website_phishing,"42,123,7",transductive,reuse_or_run,completed,new transductive runs
KMeans,wine,"42,123,7",transductive,reuse_or_run,completed,new transductive runs
KMeans,wine_customer,"42,123,7",transductive,reuse_or_run,completed,new transductive runs
KMeans,wine_quality,"42,123,7",transductive,reuse_or_run,completed,new transductive runs
KMeans,wireless_indoor_localization,"42,123,7",transductive,reuse_or_run,completed,new transductive runs
KMeans,world12d,"42,123,7",transductive,reuse_or_run,completed,new transductive runs
KMeans,wos,"42,123,7",transductive,reuse_or_run,completed,new transductive runs
KMeans,yeast,"42,123,7",transductive,reuse_or_run,completed,new transductive runs
KMeans,zoo,"42,123,7",transductive,reuse_or_run,completed,new transductive runs
KMeans,Blood_BoneMarrow,"42,123,7",transductive,reuse_or_run,not_available,new transductive runs
KMeans,Human_Pancreas_1,"42,123,7",transductive,reuse_or_run,not_available,new transductive runs
KMeans,Human_Pancreas_3,"42,123,7",transductive,reuse_or_run,not_available,new transductive runs
KMeans,Mouse_Pancreas_1,"42,123,7",transductive,reuse_or_run,not_available,new transductive runs
KMeans,PRJNA895163,"42,123,7",transductive,reuse_or_run,not_available,new transductive runs
KMeans,TabulaSapiens_Pancreas,"42,123,7",transductive,reuse_or_run,not_available,new transductive runs
KMeans,Bach,"42,123,7",transductive,reuse_or_run,not_available,new transductive runs
KMeans,Baron,"42,123,7",transductive,reuse_or_run,not_available,new transductive runs
KMeans,Guo,"42,123,7",transductive,reuse_or_run,not_available,new transductive runs
KMeans,Limb_Muscle,"42,123,7",transductive,reuse_or_run,not_available,new transductive runs
KMeans,Macosko,"42,123,7",transductive,reuse_or_run,not_available,new transductive runs
KMeans,Melanoma_5K,"42,123,7",transductive,reuse_or_run,not_available,new transductive runs
KMeans,Pollen,"42,123,7",transductive,reuse_or_run,not_available,new transductive runs
KMeans,Quake_10x_Spleen,"42,123,7",transductive,reuse_or_run,not_available,new transductive runs
KMeans,Quake_Smart-seq2_Lung,"42,123,7",transductive,reuse_or_run,not_available,new transductive runs
KMeans,Shekhar,"42,123,7",transductive,reuse_or_run,not_available,new transductive runs
KMeans,Tosches,"42,123,7",transductive,reuse_or_run,not_available,new transductive runs
KMeans,Wang,"42,123,7",transductive,reuse_or_run,not_available,new transductive runs
KMeans,Young,"42,123,7",transductive,reuse_or_run,not_available,new transductive runs
KMeans,hrvatin,"42,123,7",transductive,reuse_or_run,not_available,new transductive runs
KMeans,worm_neuron_cell,"42,123,7",transductive,reuse_or_run,not_available,new transductive runs
PCA+KMeans,20newsgroups,"42,123,7",transductive,reuse_or_run,completed,new transductive runs
PCA+KMeans,banknote_authentication,"42,123,7",transductive,reuse_or_run,completed,new transductive runs
PCA+KMeans,Baron_Human,"42,123,7",transductive,reuse_or_run,completed,new transductive runs
PCA+KMeans,birds_bones_and_living_habits,"42,123,7",transductive,reuse_or_run,completed,new transductive runs
PCA+KMeans,blood_transfusion_service_center,"42,123,7",transductive,reuse_or_run,completed,new transductive runs
PCA+KMeans,boston,"42,123,7",transductive,reuse_or_run,completed,new transductive runs
PCA+KMeans,breast_cancer_coimbra,"42,123,7",transductive,reuse_or_run,completed,new transductive runs
PCA+KMeans,breast_cancer_wisconsin_original,"42,123,7",transductive,reuse_or_run,completed,new transductive runs
PCA+KMeans,breast_cancer_wisconsin_prognostic,"42,123,7",transductive,reuse_or_run,completed,new transductive runs
PCA+KMeans,breast_tissue,"42,123,7",transductive,reuse_or_run,completed,new transductive runs
PCA+KMeans,Campbell,"42,123,7",transductive,reuse_or_run,completed,new transductive runs
PCA+KMeans,cardiovascular_study,"42,123,7",transductive,reuse_or_run,completed,new transductive runs
PCA+KMeans,cifar10,"42,123,7",transductive,reuse_or_run,completed,new transductive runs
PCA+KMeans,CIFAR10_CLIP,"42,123,7",transductive,reuse_or_run,completed,new transductive runs
PCA+KMeans,classification_in_asteroseismology,"42,123,7",transductive,reuse_or_run,completed,new transductive runs
PCA+KMeans,cnae9,"42,123,7",transductive,reuse_or_run,completed,new transductive runs
PCA+KMeans,coil20,"42,123,7",transductive,reuse_or_run,completed,new transductive runs
PCA+KMeans,COIL20_CLIP,"42,123,7",transductive,reuse_or_run,completed,new transductive runs
PCA+KMeans,credit_risk_classification,"42,123,7",transductive,reuse_or_run,completed,new transductive runs
PCA+KMeans,crowdsourced_mapping,"42,123,7",transductive,reuse_or_run,completed,new transductive runs
PCA+KMeans,customer_classification,"42,123,7",transductive,reuse_or_run,completed,new transductive runs
PCA+KMeans,date_fruit,"42,123,7",transductive,reuse_or_run,completed,new transductive runs
PCA+KMeans,dermatology,"42,123,7",transductive,reuse_or_run,completed,new transductive runs
PCA+KMeans,diabetic_retinopathy_debrecen,"42,123,7",transductive,reuse_or_run,completed,new transductive runs
PCA+KMeans,dilbert,"42,123,7",transductive,reuse_or_run,completed,new transductive runs
PCA+KMeans,Drug_Consumption,"42,123,7",transductive,reuse_or_run,completed,new transductive runs
PCA+KMeans,dry_bean,"42,123,7",transductive,reuse_or_run,completed,new transductive runs
PCA+KMeans,durum_wheat_features,"42,123,7",transductive,reuse_or_run,completed,new transductive runs
PCA+KMeans,echocardiogram,"42,123,7",transductive,reuse_or_run,completed,new transductive runs
PCA+KMeans,ecoli,"42,123,7",transductive,reuse_or_run,completed,new transductive runs
PCA+KMeans,enron,"42,123,7",transductive,reuse_or_run,completed,new transductive runs
PCA+KMeans,epileptic_seizure_recognition,"42,123,7",transductive,reuse_or_run,completed,new transductive runs
PCA+KMeans,extyaleb,"42,123,7",transductive,reuse_or_run,completed,new transductive runs
PCA+KMeans,fabert,"42,123,7",transductive,reuse_or_run,completed,new transductive runs
PCA+KMeans,fashion_mnist,"42,123,7",transductive,reuse_or_run,completed,new transductive runs
PCA+KMeans,FashionMNIST_CLIP,"42,123,7",transductive,reuse_or_run,completed,new transductive runs
PCA+KMeans,fbis.wc,"42,123,7",transductive,reuse_or_run,completed,new transductive runs
PCA+KMeans,fetal_health_classification,"42,123,7",transductive,reuse_or_run,completed,new transductive runs
PCA+KMeans,first-order-theorem-proving,"42,123,7",transductive,reuse_or_run,completed,new transductive runs
PCA+KMeans,flickr_material_database,"42,123,7",transductive,reuse_or_run,completed,new transductive runs
PCA+KMeans,fraud_detection_bank,"42,123,7",transductive,reuse_or_run,completed,new transductive runs
PCA+KMeans,gas-drift,"42,123,7",transductive,reuse_or_run,completed,new transductive runs
PCA+KMeans,gina_prior2,"42,123,7",transductive,reuse_or_run,completed,new transductive runs
PCA+KMeans,glass_identification,"42,123,7",transductive,reuse_or_run,completed,new transductive runs
PCA+KMeans,har,"42,123,7",transductive,reuse_or_run,completed,new transductive runs
PCA+KMeans,harbermans_survival,"42,123,7",transductive,reuse_or_run,completed,new transductive runs
PCA+KMeans,hate_speech,"42,123,7",transductive,reuse_or_run,completed,new transductive runs
PCA+KMeans,heart_attack_analysis_prediction_dataset,"42,123,7",transductive,reuse_or_run,completed,new transductive runs
PCA+KMeans,heart_disease,"42,123,7",transductive,reuse_or_run,completed,new transductive runs
PCA+KMeans,hepatitis,"42,123,7",transductive,reuse_or_run,completed,new transductive runs
PCA+KMeans,htru2,"42,123,7",transductive,reuse_or_run,completed,new transductive runs
PCA+KMeans,human_stress_detection,"42,123,7",transductive,reuse_or_run,completed,new transductive runs
PCA+KMeans,image_segmentation,"42,123,7",transductive,reuse_or_run,completed,new transductive runs
PCA+KMeans,imdb,"42,123,7",transductive,reuse_or_run,completed,new transductive runs
PCA+KMeans,Indian_pines,"42,123,7",transductive,reuse_or_run,completed,new transductive runs
PCA+KMeans,insurance_company_benchmark,"42,123,7",transductive,reuse_or_run,completed,new transductive runs
PCA+KMeans,ionosphere,"42,123,7",transductive,reuse_or_run,completed,new transductive runs
PCA+KMeans,iris,"42,123,7",transductive,reuse_or_run,completed,new transductive runs
PCA+KMeans,ISOLET,"42,123,7",transductive,reuse_or_run,completed,new transductive runs
PCA+KMeans,JapaneseVowels,"42,123,7",transductive,reuse_or_run,completed,new transductive runs
PCA+KMeans,labeled_faces_in_the_wild,"42,123,7",transductive,reuse_or_run,completed,new transductive runs
PCA+KMeans,letter_recognition,"42,123,7",transductive,reuse_or_run,completed,new transductive runs
PCA+KMeans,magic_gamma_telescope,"42,123,7",transductive,reuse_or_run,completed,new transductive runs
PCA+KMeans,mammographic_mass,"42,123,7",transductive,reuse_or_run,completed,new transductive runs
PCA+KMeans,mfeat-factors,"42,123,7",transductive,reuse_or_run,completed,new transductive runs
PCA+KMeans,mfeat-fourier,"42,123,7",transductive,reuse_or_run,completed,new transductive runs
PCA+KMeans,mfeat-karhunen,"42,123,7",transductive,reuse_or_run,completed,new transductive runs
PCA+KMeans,mfeat-morphological,"42,123,7",transductive,reuse_or_run,completed,new transductive runs
PCA+KMeans,micro-mass,"42,123,7",transductive,reuse_or_run,completed,new transductive runs
PCA+KMeans,microbes,"42,123,7",transductive,reuse_or_run,completed,new transductive runs
PCA+KMeans,mnist64,"42,123,7",transductive,reuse_or_run,completed,new transductive runs
PCA+KMeans,MNIST_CLIP,"42,123,7",transductive,reuse_or_run,completed,new transductive runs
PCA+KMeans,mobile_price_classification,"42,123,7",transductive,reuse_or_run,completed,new transductive runs
PCA+KMeans,Mouse_retina,"42,123,7",transductive,reuse_or_run,completed,new transductive runs
PCA+KMeans,music_genre_classification,"42,123,7",transductive,reuse_or_run,completed,new transductive runs
PCA+KMeans,olivetti_faces,"42,123,7",transductive,reuse_or_run,completed,new transductive runs
PCA+KMeans,optical_recognition_of_handwritten_digits,"42,123,7",transductive,reuse_or_run,completed,new transductive runs
PCA+KMeans,orbit_classification_for_prediction_nasa,"42,123,7",transductive,reuse_or_run,completed,new transductive runs
PCA+KMeans,paris_housing_classification,"42,123,7",transductive,reuse_or_run,completed,new transductive runs
PCA+KMeans,parkinsons,"42,123,7",transductive,reuse_or_run,completed,new transductive runs
PCA+KMeans,patient_treatment_classification,"42,123,7",transductive,reuse_or_run,completed,new transductive runs
PCA+KMeans,PCam,"42,123,7",transductive,reuse_or_run,completed,new transductive runs
PCA+KMeans,pen_based_recognition_of_handwritten_digits,"42,123,7",transductive,reuse_or_run,completed,new transductive runs
PCA+KMeans,ph_recognition,"42,123,7",transductive,reuse_or_run,completed,new transductive runs
PCA+KMeans,pima_indians_diabetes_database,"42,123,7",transductive,reuse_or_run,completed,new transductive runs
PCA+KMeans,pistachio,"42,123,7",transductive,reuse_or_run,completed,new transductive runs
PCA+KMeans,planning_relax,"42,123,7",transductive,reuse_or_run,completed,new transductive runs
PCA+KMeans,poker-hand,"42,123,7",transductive,reuse_or_run,completed,new transductive runs
PCA+KMeans,predicting_pulsar_star,"42,123,7",transductive,reuse_or_run,completed,new transductive runs
PCA+KMeans,pumpkin_seeds,"42,123,7",transductive,reuse_or_run,completed,new transductive runs
PCA+KMeans,raisin,"42,123,7",transductive,reuse_or_run,completed,new transductive runs
PCA+KMeans,reuters,"42,123,7",transductive,reuse_or_run,completed,new transductive runs
PCA+KMeans,rice_dataset_cammeo_and_osmancik,"42,123,7",transductive,reuse_or_run,completed,new transductive runs
PCA+KMeans,rice_seed_gonen_jasmine,"42,123,7",transductive,reuse_or_run,completed,new transductive runs
PCA+KMeans,rmftsa_sleepdata,"42,123,7",transductive,reuse_or_run,completed,new transductive runs
PCA+KMeans,satellite_image,"42,123,7",transductive,reuse_or_run,completed,new transductive runs
PCA+KMeans,secom,"42,123,7",transductive,reuse_or_run,completed,new transductive runs
PCA+KMeans,seeds,"42,123,7",transductive,reuse_or_run,completed,new transductive runs
PCA+KMeans,seismic_bumps,"42,123,7",transductive,reuse_or_run,completed,new transductive runs
PCA+KMeans,sentiment_labeld_sentences,"42,123,7",transductive,reuse_or_run,completed,new transductive runs
PCA+KMeans,shuttle,"42,123,7",transductive,reuse_or_run,completed,new transductive runs
PCA+KMeans,siberian_weather_stats,"42,123,7",transductive,reuse_or_run,completed,new transductive runs
PCA+KMeans,skillcraft1_master_table_dataset,"42,123,7",transductive,reuse_or_run,completed,new transductive runs
PCA+KMeans,smoker_condition,"42,123,7",transductive,reuse_or_run,completed,new transductive runs
PCA+KMeans,sms_spam_collection,"42,123,7",transductive,reuse_or_run,completed,new transductive runs
PCA+KMeans,spambase,"42,123,7",transductive,reuse_or_run,completed,new transductive runs
PCA+KMeans,spectf_heart,"42,123,7",transductive,reuse_or_run,completed,new transductive runs
PCA+KMeans,statlog_german_credit,"42,123,7",transductive,reuse_or_run,completed,new transductive runs
PCA+KMeans,statlog_image_segmentation,"42,123,7",transductive,reuse_or_run,completed,new transductive runs
PCA+KMeans,steel-plates-fault,"42,123,7",transductive,reuse_or_run,completed,new transductive runs
PCA+KMeans,street_view_house_numbers,"42,123,7",transductive,reuse_or_run,completed,new transductive runs
PCA+KMeans,student_grade,"42,123,7",transductive,reuse_or_run,completed,new transductive runs
PCA+KMeans,synthetic_control,"42,123,7",transductive,reuse_or_run,completed,new transductive runs
PCA+KMeans,tamilnadu-electricity,"42,123,7",transductive,reuse_or_run,completed,new transductive runs
PCA+KMeans,tr45.wc,"42,123,7",transductive,reuse_or_run,completed,new transductive runs
PCA+KMeans,turkish_music_emotion,"42,123,7",transductive,reuse_or_run,completed,new transductive runs
PCA+KMeans,user_knowledge_modeling,"42,123,7",transductive,reuse_or_run,completed,new transductive runs
PCA+KMeans,vehicle,"42,123,7",transductive,reuse_or_run,completed,new transductive runs
PCA+KMeans,wall-robot-navigation,"42,123,7",transductive,reuse_or_run,completed,new transductive runs
PCA+KMeans,water_quality,"42,123,7",transductive,reuse_or_run,completed,new transductive runs
PCA+KMeans,Waveform,"42,123,7",transductive,reuse_or_run,completed,new transductive runs
PCA+KMeans,weather,"42,123,7",transductive,reuse_or_run,completed,new transductive runs
PCA+KMeans,website_phishing,"42,123,7",transductive,reuse_or_run,completed,new transductive runs
PCA+KMeans,wine,"42,123,7",transductive,reuse_or_run,completed,new transductive runs
PCA+KMeans,wine_customer,"42,123,7",transductive,reuse_or_run,completed,new transductive runs
PCA+KMeans,wine_quality,"42,123,7",transductive,reuse_or_run,completed,new transductive runs
PCA+KMeans,wireless_indoor_localization,"42,123,7",transductive,reuse_or_run,completed,new transductive runs
PCA+KMeans,world12d,"42,123,7",transductive,reuse_or_run,completed,new transductive runs
PCA+KMeans,wos,"42,123,7",transductive,reuse_or_run,completed,new transductive runs
PCA+KMeans,yeast,"42,123,7",transductive,reuse_or_run,completed,new transductive runs
PCA+KMeans,zoo,"42,123,7",transductive,reuse_or_run,completed,new transductive runs
PCA+KMeans,Blood_BoneMarrow,"42,123,7",transductive,reuse_or_run,not_available,new transductive runs
PCA+KMeans,Human_Pancreas_1,"42,123,7",transductive,reuse_or_run,not_available,new transductive runs
PCA+KMeans,Human_Pancreas_3,"42,123,7",transductive,reuse_or_run,not_available,new transductive runs
PCA+KMeans,Mouse_Pancreas_1,"42,123,7",transductive,reuse_or_run,not_available,new transductive runs
PCA+KMeans,PRJNA895163,"42,123,7",transductive,reuse_or_run,not_available,new transductive runs
PCA+KMeans,TabulaSapiens_Pancreas,"42,123,7",transductive,reuse_or_run,not_available,new transductive runs
PCA+KMeans,Bach,"42,123,7",transductive,reuse_or_run,not_available,new transductive runs
PCA+KMeans,Baron,"42,123,7",transductive,reuse_or_run,not_available,new transductive runs
PCA+KMeans,Guo,"42,123,7",transductive,reuse_or_run,not_available,new transductive runs
PCA+KMeans,Limb_Muscle,"42,123,7",transductive,reuse_or_run,not_available,new transductive runs
PCA+KMeans,Macosko,"42,123,7",transductive,reuse_or_run,not_available,new transductive runs
PCA+KMeans,Melanoma_5K,"42,123,7",transductive,reuse_or_run,not_available,new transductive runs
PCA+KMeans,Pollen,"42,123,7",transductive,reuse_or_run,not_available,new transductive runs
PCA+KMeans,Quake_10x_Spleen,"42,123,7",transductive,reuse_or_run,not_available,new transductive runs
PCA+KMeans,Quake_Smart-seq2_Lung,"42,123,7",transductive,reuse_or_run,not_available,new transductive runs
PCA+KMeans,Shekhar,"42,123,7",transductive,reuse_or_run,not_available,new transductive runs
PCA+KMeans,Tosches,"42,123,7",transductive,reuse_or_run,not_available,new transductive runs
PCA+KMeans,Wang,"42,123,7",transductive,reuse_or_run,not_available,new transductive runs
PCA+KMeans,Young,"42,123,7",transductive,reuse_or_run,not_available,new transductive runs
PCA+KMeans,hrvatin,"42,123,7",transductive,reuse_or_run,not_available,new transductive runs
PCA+KMeans,worm_neuron_cell,"42,123,7",transductive,reuse_or_run,not_available,new transductive runs
scMAE,20newsgroups,"42,123,7",transductive,reuse_or_run,not_available,no verified transductive three-seed default evidence
scMAE,banknote_authentication,"42,123,7",transductive,reuse_or_run,not_available,no verified transductive three-seed default evidence
scMAE,Baron_Human,"42,123,7",transductive,reuse_or_run,not_available,no verified transductive three-seed default evidence
scMAE,birds_bones_and_living_habits,"42,123,7",transductive,reuse_or_run,not_available,no verified transductive three-seed default evidence
scMAE,blood_transfusion_service_center,"42,123,7",transductive,reuse_or_run,not_available,no verified transductive three-seed default evidence
scMAE,boston,"42,123,7",transductive,reuse_or_run,not_available,no verified transductive three-seed default evidence
scMAE,breast_cancer_coimbra,"42,123,7",transductive,reuse_or_run,not_available,no verified transductive three-seed default evidence
scMAE,breast_cancer_wisconsin_original,"42,123,7",transductive,reuse_or_run,not_available,no verified transductive three-seed default evidence
scMAE,breast_cancer_wisconsin_prognostic,"42,123,7",transductive,reuse_or_run,not_available,no verified transductive three-seed default evidence
scMAE,breast_tissue,"42,123,7",transductive,reuse_or_run,not_available,no verified transductive three-seed default evidence
scMAE,Campbell,"42,123,7",transductive,reuse_or_run,not_available,no verified transductive three-seed default evidence
scMAE,cardiovascular_study,"42,123,7",transductive,reuse_or_run,not_available,no verified transductive three-seed default evidence
scMAE,cifar10,"42,123,7",transductive,reuse_or_run,not_available,no verified transductive three-seed default evidence
scMAE,CIFAR10_CLIP,"42,123,7",transductive,reuse_or_run,not_available,no verified transductive three-seed default evidence
scMAE,classification_in_asteroseismology,"42,123,7",transductive,reuse_or_run,not_available,no verified transductive three-seed default evidence
scMAE,cnae9,"42,123,7",transductive,reuse_or_run,not_available,no verified transductive three-seed default evidence
scMAE,coil20,"42,123,7",transductive,reuse_or_run,not_available,no verified transductive three-seed default evidence
scMAE,COIL20_CLIP,"42,123,7",transductive,reuse_or_run,not_available,no verified transductive three-seed default evidence
scMAE,credit_risk_classification,"42,123,7",transductive,reuse_or_run,not_available,no verified transductive three-seed default evidence
scMAE,crowdsourced_mapping,"42,123,7",transductive,reuse_or_run,not_available,no verified transductive three-seed default evidence
scMAE,customer_classification,"42,123,7",transductive,reuse_or_run,not_available,no verified transductive three-seed default evidence
scMAE,date_fruit,"42,123,7",transductive,reuse_or_run,not_available,no verified transductive three-seed default evidence
scMAE,dermatology,"42,123,7",transductive,reuse_or_run,not_available,no verified transductive three-seed default evidence
scMAE,diabetic_retinopathy_debrecen,"42,123,7",transductive,reuse_or_run,not_available,no verified transductive three-seed default evidence
scMAE,dilbert,"42,123,7",transductive,reuse_or_run,not_available,no verified transductive three-seed default evidence
scMAE,Drug_Consumption,"42,123,7",transductive,reuse_or_run,not_available,no verified transductive three-seed default evidence
scMAE,dry_bean,"42,123,7",transductive,reuse_or_run,not_available,no verified transductive three-seed default evidence
scMAE,durum_wheat_features,"42,123,7",transductive,reuse_or_run,not_available,no verified transductive three-seed default evidence
scMAE,echocardiogram,"42,123,7",transductive,reuse_or_run,not_available,no verified transductive three-seed default evidence
scMAE,ecoli,"42,123,7",transductive,reuse_or_run,not_available,no verified transductive three-seed default evidence
scMAE,enron,"42,123,7",transductive,reuse_or_run,not_available,no verified transductive three-seed default evidence
scMAE,epileptic_seizure_recognition,"42,123,7",transductive,reuse_or_run,not_available,no verified transductive three-seed default evidence
scMAE,extyaleb,"42,123,7",transductive,reuse_or_run,not_available,no verified transductive three-seed default evidence
scMAE,fabert,"42,123,7",transductive,reuse_or_run,not_available,no verified transductive three-seed default evidence
scMAE,fashion_mnist,"42,123,7",transductive,reuse_or_run,not_available,no verified transductive three-seed default evidence
scMAE,FashionMNIST_CLIP,"42,123,7",transductive,reuse_or_run,not_available,no verified transductive three-seed default evidence
scMAE,fbis.wc,"42,123,7",transductive,reuse_or_run,not_available,no verified transductive three-seed default evidence
scMAE,fetal_health_classification,"42,123,7",transductive,reuse_or_run,not_available,no verified transductive three-seed default evidence
scMAE,first-order-theorem-proving,"42,123,7",transductive,reuse_or_run,not_available,no verified transductive three-seed default evidence
scMAE,flickr_material_database,"42,123,7",transductive,reuse_or_run,not_available,no verified transductive three-seed default evidence
scMAE,fraud_detection_bank,"42,123,7",transductive,reuse_or_run,not_available,no verified transductive three-seed default evidence
scMAE,gas-drift,"42,123,7",transductive,reuse_or_run,not_available,no verified transductive three-seed default evidence
scMAE,gina_prior2,"42,123,7",transductive,reuse_or_run,not_available,no verified transductive three-seed default evidence
scMAE,glass_identification,"42,123,7",transductive,reuse_or_run,not_available,no verified transductive three-seed default evidence
scMAE,har,"42,123,7",transductive,reuse_or_run,not_available,no verified transductive three-seed default evidence
scMAE,harbermans_survival,"42,123,7",transductive,reuse_or_run,not_available,no verified transductive three-seed default evidence
scMAE,hate_speech,"42,123,7",transductive,reuse_or_run,not_available,no verified transductive three-seed default evidence
scMAE,heart_attack_analysis_prediction_dataset,"42,123,7",transductive,reuse_or_run,not_available,no verified transductive three-seed default evidence
scMAE,heart_disease,"42,123,7",transductive,reuse_or_run,not_available,no verified transductive three-seed default evidence
scMAE,hepatitis,"42,123,7",transductive,reuse_or_run,not_available,no verified transductive three-seed default evidence
scMAE,htru2,"42,123,7",transductive,reuse_or_run,not_available,no verified transductive three-seed default evidence
scMAE,human_stress_detection,"42,123,7",transductive,reuse_or_run,not_available,no verified transductive three-seed default evidence
scMAE,image_segmentation,"42,123,7",transductive,reuse_or_run,not_available,no verified transductive three-seed default evidence
scMAE,imdb,"42,123,7",transductive,reuse_or_run,not_available,no verified transductive three-seed default evidence
scMAE,Indian_pines,"42,123,7",transductive,reuse_or_run,not_available,no verified transductive three-seed default evidence
scMAE,insurance_company_benchmark,"42,123,7",transductive,reuse_or_run,not_available,no verified transductive three-seed default evidence
scMAE,ionosphere,"42,123,7",transductive,reuse_or_run,not_available,no verified transductive three-seed default evidence
scMAE,iris,"42,123,7",transductive,reuse_or_run,not_available,no verified transductive three-seed default evidence
scMAE,ISOLET,"42,123,7",transductive,reuse_or_run,not_available,no verified transductive three-seed default evidence
scMAE,JapaneseVowels,"42,123,7",transductive,reuse_or_run,not_available,no verified transductive three-seed default evidence
scMAE,labeled_faces_in_the_wild,"42,123,7",transductive,reuse_or_run,not_available,no verified transductive three-seed default evidence
scMAE,letter_recognition,"42,123,7",transductive,reuse_or_run,not_available,no verified transductive three-seed default evidence
scMAE,magic_gamma_telescope,"42,123,7",transductive,reuse_or_run,not_available,no verified transductive three-seed default evidence
scMAE,mammographic_mass,"42,123,7",transductive,reuse_or_run,not_available,no verified transductive three-seed default evidence
scMAE,mfeat-factors,"42,123,7",transductive,reuse_or_run,not_available,no verified transductive three-seed default evidence
scMAE,mfeat-fourier,"42,123,7",transductive,reuse_or_run,not_available,no verified transductive three-seed default evidence
scMAE,mfeat-karhunen,"42,123,7",transductive,reuse_or_run,not_available,no verified transductive three-seed default evidence
scMAE,mfeat-morphological,"42,123,7",transductive,reuse_or_run,not_available,no verified transductive three-seed default evidence
scMAE,micro-mass,"42,123,7",transductive,reuse_or_run,not_available,no verified transductive three-seed default evidence
scMAE,microbes,"42,123,7",transductive,reuse_or_run,not_available,no verified transductive three-seed default evidence
scMAE,mnist64,"42,123,7",transductive,reuse_or_run,not_available,no verified transductive three-seed default evidence
scMAE,MNIST_CLIP,"42,123,7",transductive,reuse_or_run,not_available,no verified transductive three-seed default evidence
scMAE,mobile_price_classification,"42,123,7",transductive,reuse_or_run,not_available,no verified transductive three-seed default evidence
scMAE,Mouse_retina,"42,123,7",transductive,reuse_or_run,not_available,no verified transductive three-seed default evidence
scMAE,music_genre_classification,"42,123,7",transductive,reuse_or_run,not_available,no verified transductive three-seed default evidence
scMAE,olivetti_faces,"42,123,7",transductive,reuse_or_run,not_available,no verified transductive three-seed default evidence
scMAE,optical_recognition_of_handwritten_digits,"42,123,7",transductive,reuse_or_run,not_available,no verified transductive three-seed default evidence
scMAE,orbit_classification_for_prediction_nasa,"42,123,7",transductive,reuse_or_run,not_available,no verified transductive three-seed default evidence
scMAE,paris_housing_classification,"42,123,7",transductive,reuse_or_run,not_available,no verified transductive three-seed default evidence
scMAE,parkinsons,"42,123,7",transductive,reuse_or_run,not_available,no verified transductive three-seed default evidence
scMAE,patient_treatment_classification,"42,123,7",transductive,reuse_or_run,not_available,no verified transductive three-seed default evidence
scMAE,PCam,"42,123,7",transductive,reuse_or_run,not_available,no verified transductive three-seed default evidence
scMAE,pen_based_recognition_of_handwritten_digits,"42,123,7",transductive,reuse_or_run,not_available,no verified transductive three-seed default evidence
scMAE,ph_recognition,"42,123,7",transductive,reuse_or_run,not_available,no verified transductive three-seed default evidence
scMAE,pima_indians_diabetes_database,"42,123,7",transductive,reuse_or_run,not_available,no verified transductive three-seed default evidence
scMAE,pistachio,"42,123,7",transductive,reuse_or_run,not_available,no verified transductive three-seed default evidence
scMAE,planning_relax,"42,123,7",transductive,reuse_or_run,not_available,no verified transductive three-seed default evidence
scMAE,poker-hand,"42,123,7",transductive,reuse_or_run,not_available,no verified transductive three-seed default evidence
scMAE,predicting_pulsar_star,"42,123,7",transductive,reuse_or_run,not_available,no verified transductive three-seed default evidence
scMAE,pumpkin_seeds,"42,123,7",transductive,reuse_or_run,not_available,no verified transductive three-seed default evidence
scMAE,raisin,"42,123,7",transductive,reuse_or_run,not_available,no verified transductive three-seed default evidence
scMAE,reuters,"42,123,7",transductive,reuse_or_run,not_available,no verified transductive three-seed default evidence
scMAE,rice_dataset_cammeo_and_osmancik,"42,123,7",transductive,reuse_or_run,not_available,no verified transductive three-seed default evidence
scMAE,rice_seed_gonen_jasmine,"42,123,7",transductive,reuse_or_run,not_available,no verified transductive three-seed default evidence
scMAE,rmftsa_sleepdata,"42,123,7",transductive,reuse_or_run,not_available,no verified transductive three-seed default evidence
scMAE,satellite_image,"42,123,7",transductive,reuse_or_run,not_available,no verified transductive three-seed default evidence
scMAE,secom,"42,123,7",transductive,reuse_or_run,not_available,no verified transductive three-seed default evidence
scMAE,seeds,"42,123,7",transductive,reuse_or_run,not_available,no verified transductive three-seed default evidence
scMAE,seismic_bumps,"42,123,7",transductive,reuse_or_run,not_available,no verified transductive three-seed default evidence
scMAE,sentiment_labeld_sentences,"42,123,7",transductive,reuse_or_run,not_available,no verified transductive three-seed default evidence
scMAE,shuttle,"42,123,7",transductive,reuse_or_run,not_available,no verified transductive three-seed default evidence
scMAE,siberian_weather_stats,"42,123,7",transductive,reuse_or_run,not_available,no verified transductive three-seed default evidence
scMAE,skillcraft1_master_table_dataset,"42,123,7",transductive,reuse_or_run,not_available,no verified transductive three-seed default evidence
scMAE,smoker_condition,"42,123,7",transductive,reuse_or_run,not_available,no verified transductive three-seed default evidence
scMAE,sms_spam_collection,"42,123,7",transductive,reuse_or_run,not_available,no verified transductive three-seed default evidence
scMAE,spambase,"42,123,7",transductive,reuse_or_run,not_available,no verified transductive three-seed default evidence
scMAE,spectf_heart,"42,123,7",transductive,reuse_or_run,not_available,no verified transductive three-seed default evidence
scMAE,statlog_german_credit,"42,123,7",transductive,reuse_or_run,not_available,no verified transductive three-seed default evidence
scMAE,statlog_image_segmentation,"42,123,7",transductive,reuse_or_run,not_available,no verified transductive three-seed default evidence
scMAE,steel-plates-fault,"42,123,7",transductive,reuse_or_run,not_available,no verified transductive three-seed default evidence
scMAE,street_view_house_numbers,"42,123,7",transductive,reuse_or_run,not_available,no verified transductive three-seed default evidence
scMAE,student_grade,"42,123,7",transductive,reuse_or_run,not_available,no verified transductive three-seed default evidence
scMAE,synthetic_control,"42,123,7",transductive,reuse_or_run,not_available,no verified transductive three-seed default evidence
scMAE,tamilnadu-electricity,"42,123,7",transductive,reuse_or_run,not_available,no verified transductive three-seed default evidence
scMAE,tr45.wc,"42,123,7",transductive,reuse_or_run,not_available,no verified transductive three-seed default evidence
scMAE,turkish_music_emotion,"42,123,7",transductive,reuse_or_run,not_available,no verified transductive three-seed default evidence
scMAE,user_knowledge_modeling,"42,123,7",transductive,reuse_or_run,not_available,no verified transductive three-seed default evidence
scMAE,vehicle,"42,123,7",transductive,reuse_or_run,not_available,no verified transductive three-seed default evidence
scMAE,wall-robot-navigation,"42,123,7",transductive,reuse_or_run,not_available,no verified transductive three-seed default evidence
scMAE,water_quality,"42,123,7",transductive,reuse_or_run,not_available,no verified transductive three-seed default evidence
scMAE,Waveform,"42,123,7",transductive,reuse_or_run,not_available,no verified transductive three-seed default evidence
scMAE,weather,"42,123,7",transductive,reuse_or_run,not_available,no verified transductive three-seed default evidence
scMAE,website_phishing,"42,123,7",transductive,reuse_or_run,not_available,no verified transductive three-seed default evidence
scMAE,wine,"42,123,7",transductive,reuse_or_run,not_available,no verified transductive three-seed default evidence
scMAE,wine_customer,"42,123,7",transductive,reuse_or_run,not_available,no verified transductive three-seed default evidence
scMAE,wine_quality,"42,123,7",transductive,reuse_or_run,not_available,no verified transductive three-seed default evidence
scMAE,wireless_indoor_localization,"42,123,7",transductive,reuse_or_run,not_available,no verified transductive three-seed default evidence
scMAE,world12d,"42,123,7",transductive,reuse_or_run,not_available,no verified transductive three-seed default evidence
scMAE,wos,"42,123,7",transductive,reuse_or_run,not_available,no verified transductive three-seed default evidence
scMAE,yeast,"42,123,7",transductive,reuse_or_run,not_available,no verified transductive three-seed default evidence
scMAE,zoo,"42,123,7",transductive,reuse_or_run,not_available,no verified transductive three-seed default evidence
scMAE,Blood_BoneMarrow,"42,123,7",transductive,reuse_or_run,not_available,no verified transductive three-seed default evidence
scMAE,Human_Pancreas_1,"42,123,7",transductive,reuse_or_run,not_available,no verified transductive three-seed default evidence
scMAE,Human_Pancreas_3,"42,123,7",transductive,reuse_or_run,not_available,no verified transductive three-seed default evidence
scMAE,Mouse_Pancreas_1,"42,123,7",transductive,reuse_or_run,not_available,no verified transductive three-seed default evidence
scMAE,PRJNA895163,"42,123,7",transductive,reuse_or_run,not_available,no verified transductive three-seed default evidence
scMAE,TabulaSapiens_Pancreas,"42,123,7",transductive,reuse_or_run,not_available,no verified transductive three-seed default evidence
scMAE,Bach,"42,123,7",transductive,reuse_or_run,not_available,no verified transductive three-seed default evidence
scMAE,Baron,"42,123,7",transductive,reuse_or_run,not_available,no verified transductive three-seed default evidence
scMAE,Guo,"42,123,7",transductive,reuse_or_run,not_available,no verified transductive three-seed default evidence
scMAE,Limb_Muscle,"42,123,7",transductive,reuse_or_run,not_available,no verified transductive three-seed default evidence
scMAE,Macosko,"42,123,7",transductive,reuse_or_run,not_available,no verified transductive three-seed default evidence
scMAE,Melanoma_5K,"42,123,7",transductive,reuse_or_run,not_available,no verified transductive three-seed default evidence
scMAE,Pollen,"42,123,7",transductive,reuse_or_run,not_available,no verified transductive three-seed default evidence
scMAE,Quake_10x_Spleen,"42,123,7",transductive,reuse_or_run,not_available,no verified transductive three-seed default evidence
scMAE,Quake_Smart-seq2_Lung,"42,123,7",transductive,reuse_or_run,not_available,no verified transductive three-seed default evidence
scMAE,Shekhar,"42,123,7",transductive,reuse_or_run,not_available,no verified transductive three-seed default evidence
scMAE,Tosches,"42,123,7",transductive,reuse_or_run,not_available,no verified transductive three-seed default evidence
scMAE,Wang,"42,123,7",transductive,reuse_or_run,not_available,no verified transductive three-seed default evidence
scMAE,Young,"42,123,7",transductive,reuse_or_run,not_available,no verified transductive three-seed default evidence
scMAE,hrvatin,"42,123,7",transductive,reuse_or_run,not_available,no verified transductive three-seed default evidence
scMAE,worm_neuron_cell,"42,123,7",transductive,reuse_or_run,not_available,no verified transductive three-seed default evidence
IDEC,20newsgroups,"42,123,7",transductive,reuse_or_run,not_available,no verified transductive three-seed default evidence
IDEC,banknote_authentication,"42,123,7",transductive,reuse_or_run,not_available,no verified transductive three-seed default evidence
IDEC,Baron_Human,"42,123,7",transductive,reuse_or_run,not_available,no verified transductive three-seed default evidence
IDEC,birds_bones_and_living_habits,"42,123,7",transductive,reuse_or_run,not_available,no verified transductive three-seed default evidence
IDEC,blood_transfusion_service_center,"42,123,7",transductive,reuse_or_run,not_available,no verified transductive three-seed default evidence
IDEC,boston,"42,123,7",transductive,reuse_or_run,not_available,no verified transductive three-seed default evidence
IDEC,breast_cancer_coimbra,"42,123,7",transductive,reuse_or_run,not_available,no verified transductive three-seed default evidence
IDEC,breast_cancer_wisconsin_original,"42,123,7",transductive,reuse_or_run,not_available,no verified transductive three-seed default evidence
IDEC,breast_cancer_wisconsin_prognostic,"42,123,7",transductive,reuse_or_run,not_available,no verified transductive three-seed default evidence
IDEC,breast_tissue,"42,123,7",transductive,reuse_or_run,not_available,no verified transductive three-seed default evidence
IDEC,Campbell,"42,123,7",transductive,reuse_or_run,not_available,no verified transductive three-seed default evidence
IDEC,cardiovascular_study,"42,123,7",transductive,reuse_or_run,not_available,no verified transductive three-seed default evidence
IDEC,cifar10,"42,123,7",transductive,reuse_or_run,not_available,no verified transductive three-seed default evidence
IDEC,CIFAR10_CLIP,"42,123,7",transductive,reuse_or_run,not_available,no verified transductive three-seed default evidence
IDEC,classification_in_asteroseismology,"42,123,7",transductive,reuse_or_run,not_available,no verified transductive three-seed default evidence
IDEC,cnae9,"42,123,7",transductive,reuse_or_run,not_available,no verified transductive three-seed default evidence
IDEC,coil20,"42,123,7",transductive,reuse_or_run,not_available,no verified transductive three-seed default evidence
IDEC,COIL20_CLIP,"42,123,7",transductive,reuse_or_run,not_available,no verified transductive three-seed default evidence
IDEC,credit_risk_classification,"42,123,7",transductive,reuse_or_run,not_available,no verified transductive three-seed default evidence
IDEC,crowdsourced_mapping,"42,123,7",transductive,reuse_or_run,not_available,no verified transductive three-seed default evidence
IDEC,customer_classification,"42,123,7",transductive,reuse_or_run,not_available,no verified transductive three-seed default evidence
IDEC,date_fruit,"42,123,7",transductive,reuse_or_run,not_available,no verified transductive three-seed default evidence
IDEC,dermatology,"42,123,7",transductive,reuse_or_run,not_available,no verified transductive three-seed default evidence
IDEC,diabetic_retinopathy_debrecen,"42,123,7",transductive,reuse_or_run,not_available,no verified transductive three-seed default evidence
IDEC,dilbert,"42,123,7",transductive,reuse_or_run,not_available,no verified transductive three-seed default evidence
IDEC,Drug_Consumption,"42,123,7",transductive,reuse_or_run,not_available,no verified transductive three-seed default evidence
IDEC,dry_bean,"42,123,7",transductive,reuse_or_run,not_available,no verified transductive three-seed default evidence
IDEC,durum_wheat_features,"42,123,7",transductive,reuse_or_run,not_available,no verified transductive three-seed default evidence
IDEC,echocardiogram,"42,123,7",transductive,reuse_or_run,not_available,no verified transductive three-seed default evidence
IDEC,ecoli,"42,123,7",transductive,reuse_or_run,not_available,no verified transductive three-seed default evidence
IDEC,enron,"42,123,7",transductive,reuse_or_run,not_available,no verified transductive three-seed default evidence
IDEC,epileptic_seizure_recognition,"42,123,7",transductive,reuse_or_run,not_available,no verified transductive three-seed default evidence
IDEC,extyaleb,"42,123,7",transductive,reuse_or_run,not_available,no verified transductive three-seed default evidence
IDEC,fabert,"42,123,7",transductive,reuse_or_run,not_available,no verified transductive three-seed default evidence
IDEC,fashion_mnist,"42,123,7",transductive,reuse_or_run,not_available,no verified transductive three-seed default evidence
IDEC,FashionMNIST_CLIP,"42,123,7",transductive,reuse_or_run,not_available,no verified transductive three-seed default evidence
IDEC,fbis.wc,"42,123,7",transductive,reuse_or_run,not_available,no verified transductive three-seed default evidence
IDEC,fetal_health_classification,"42,123,7",transductive,reuse_or_run,not_available,no verified transductive three-seed default evidence
IDEC,first-order-theorem-proving,"42,123,7",transductive,reuse_or_run,not_available,no verified transductive three-seed default evidence
IDEC,flickr_material_database,"42,123,7",transductive,reuse_or_run,not_available,no verified transductive three-seed default evidence
IDEC,fraud_detection_bank,"42,123,7",transductive,reuse_or_run,not_available,no verified transductive three-seed default evidence
IDEC,gas-drift,"42,123,7",transductive,reuse_or_run,not_available,no verified transductive three-seed default evidence
IDEC,gina_prior2,"42,123,7",transductive,reuse_or_run,not_available,no verified transductive three-seed default evidence
IDEC,glass_identification,"42,123,7",transductive,reuse_or_run,not_available,no verified transductive three-seed default evidence
IDEC,har,"42,123,7",transductive,reuse_or_run,not_available,no verified transductive three-seed default evidence
IDEC,harbermans_survival,"42,123,7",transductive,reuse_or_run,not_available,no verified transductive three-seed default evidence
IDEC,hate_speech,"42,123,7",transductive,reuse_or_run,not_available,no verified transductive three-seed default evidence
IDEC,heart_attack_analysis_prediction_dataset,"42,123,7",transductive,reuse_or_run,not_available,no verified transductive three-seed default evidence
IDEC,heart_disease,"42,123,7",transductive,reuse_or_run,not_available,no verified transductive three-seed default evidence
IDEC,hepatitis,"42,123,7",transductive,reuse_or_run,not_available,no verified transductive three-seed default evidence
IDEC,htru2,"42,123,7",transductive,reuse_or_run,not_available,no verified transductive three-seed default evidence
IDEC,human_stress_detection,"42,123,7",transductive,reuse_or_run,not_available,no verified transductive three-seed default evidence
IDEC,image_segmentation,"42,123,7",transductive,reuse_or_run,not_available,no verified transductive three-seed default evidence
IDEC,imdb,"42,123,7",transductive,reuse_or_run,not_available,no verified transductive three-seed default evidence
IDEC,Indian_pines,"42,123,7",transductive,reuse_or_run,not_available,no verified transductive three-seed default evidence
IDEC,insurance_company_benchmark,"42,123,7",transductive,reuse_or_run,not_available,no verified transductive three-seed default evidence
IDEC,ionosphere,"42,123,7",transductive,reuse_or_run,not_available,no verified transductive three-seed default evidence
IDEC,iris,"42,123,7",transductive,reuse_or_run,not_available,no verified transductive three-seed default evidence
IDEC,ISOLET,"42,123,7",transductive,reuse_or_run,not_available,no verified transductive three-seed default evidence
IDEC,JapaneseVowels,"42,123,7",transductive,reuse_or_run,not_available,no verified transductive three-seed default evidence
IDEC,labeled_faces_in_the_wild,"42,123,7",transductive,reuse_or_run,not_available,no verified transductive three-seed default evidence
IDEC,letter_recognition,"42,123,7",transductive,reuse_or_run,not_available,no verified transductive three-seed default evidence
IDEC,magic_gamma_telescope,"42,123,7",transductive,reuse_or_run,not_available,no verified transductive three-seed default evidence
IDEC,mammographic_mass,"42,123,7",transductive,reuse_or_run,not_available,no verified transductive three-seed default evidence
IDEC,mfeat-factors,"42,123,7",transductive,reuse_or_run,not_available,no verified transductive three-seed default evidence
IDEC,mfeat-fourier,"42,123,7",transductive,reuse_or_run,not_available,no verified transductive three-seed default evidence
IDEC,mfeat-karhunen,"42,123,7",transductive,reuse_or_run,not_available,no verified transductive three-seed default evidence
IDEC,mfeat-morphological,"42,123,7",transductive,reuse_or_run,not_available,no verified transductive three-seed default evidence
IDEC,micro-mass,"42,123,7",transductive,reuse_or_run,not_available,no verified transductive three-seed default evidence
IDEC,microbes,"42,123,7",transductive,reuse_or_run,not_available,no verified transductive three-seed default evidence
IDEC,mnist64,"42,123,7",transductive,reuse_or_run,not_available,no verified transductive three-seed default evidence
IDEC,MNIST_CLIP,"42,123,7",transductive,reuse_or_run,not_available,no verified transductive three-seed default evidence
IDEC,mobile_price_classification,"42,123,7",transductive,reuse_or_run,not_available,no verified transductive three-seed default evidence
IDEC,Mouse_retina,"42,123,7",transductive,reuse_or_run,not_available,no verified transductive three-seed default evidence
IDEC,music_genre_classification,"42,123,7",transductive,reuse_or_run,not_available,no verified transductive three-seed default evidence
IDEC,olivetti_faces,"42,123,7",transductive,reuse_or_run,not_available,no verified transductive three-seed default evidence
IDEC,optical_recognition_of_handwritten_digits,"42,123,7",transductive,reuse_or_run,not_available,no verified transductive three-seed default evidence
IDEC,orbit_classification_for_prediction_nasa,"42,123,7",transductive,reuse_or_run,not_available,no verified transductive three-seed default evidence
IDEC,paris_housing_classification,"42,123,7",transductive,reuse_or_run,not_available,no verified transductive three-seed default evidence
IDEC,parkinsons,"42,123,7",transductive,reuse_or_run,not_available,no verified transductive three-seed default evidence
IDEC,patient_treatment_classification,"42,123,7",transductive,reuse_or_run,not_available,no verified transductive three-seed default evidence
IDEC,PCam,"42,123,7",transductive,reuse_or_run,not_available,no verified transductive three-seed default evidence
IDEC,pen_based_recognition_of_handwritten_digits,"42,123,7",transductive,reuse_or_run,not_available,no verified transductive three-seed default evidence
IDEC,ph_recognition,"42,123,7",transductive,reuse_or_run,not_available,no verified transductive three-seed default evidence
IDEC,pima_indians_diabetes_database,"42,123,7",transductive,reuse_or_run,not_available,no verified transductive three-seed default evidence
IDEC,pistachio,"42,123,7",transductive,reuse_or_run,not_available,no verified transductive three-seed default evidence
IDEC,planning_relax,"42,123,7",transductive,reuse_or_run,not_available,no verified transductive three-seed default evidence
IDEC,poker-hand,"42,123,7",transductive,reuse_or_run,not_available,no verified transductive three-seed default evidence
IDEC,predicting_pulsar_star,"42,123,7",transductive,reuse_or_run,not_available,no verified transductive three-seed default evidence
IDEC,pumpkin_seeds,"42,123,7",transductive,reuse_or_run,not_available,no verified transductive three-seed default evidence
IDEC,raisin,"42,123,7",transductive,reuse_or_run,not_available,no verified transductive three-seed default evidence
IDEC,reuters,"42,123,7",transductive,reuse_or_run,not_available,no verified transductive three-seed default evidence
IDEC,rice_dataset_cammeo_and_osmancik,"42,123,7",transductive,reuse_or_run,not_available,no verified transductive three-seed default evidence
IDEC,rice_seed_gonen_jasmine,"42,123,7",transductive,reuse_or_run,not_available,no verified transductive three-seed default evidence
IDEC,rmftsa_sleepdata,"42,123,7",transductive,reuse_or_run,not_available,no verified transductive three-seed default evidence
IDEC,satellite_image,"42,123,7",transductive,reuse_or_run,not_available,no verified transductive three-seed default evidence
IDEC,secom,"42,123,7",transductive,reuse_or_run,not_available,no verified transductive three-seed default evidence
IDEC,seeds,"42,123,7",transductive,reuse_or_run,not_available,no verified transductive three-seed default evidence
IDEC,seismic_bumps,"42,123,7",transductive,reuse_or_run,not_available,no verified transductive three-seed default evidence
IDEC,sentiment_labeld_sentences,"42,123,7",transductive,reuse_or_run,not_available,no verified transductive three-seed default evidence
IDEC,shuttle,"42,123,7",transductive,reuse_or_run,not_available,no verified transductive three-seed default evidence
IDEC,siberian_weather_stats,"42,123,7",transductive,reuse_or_run,not_available,no verified transductive three-seed default evidence
IDEC,skillcraft1_master_table_dataset,"42,123,7",transductive,reuse_or_run,not_available,no verified transductive three-seed default evidence
IDEC,smoker_condition,"42,123,7",transductive,reuse_or_run,not_available,no verified transductive three-seed default evidence
IDEC,sms_spam_collection,"42,123,7",transductive,reuse_or_run,not_available,no verified transductive three-seed default evidence
IDEC,spambase,"42,123,7",transductive,reuse_or_run,not_available,no verified transductive three-seed default evidence
IDEC,spectf_heart,"42,123,7",transductive,reuse_or_run,not_available,no verified transductive three-seed default evidence
IDEC,statlog_german_credit,"42,123,7",transductive,reuse_or_run,not_available,no verified transductive three-seed default evidence
IDEC,statlog_image_segmentation,"42,123,7",transductive,reuse_or_run,not_available,no verified transductive three-seed default evidence
IDEC,steel-plates-fault,"42,123,7",transductive,reuse_or_run,not_available,no verified transductive three-seed default evidence
IDEC,street_view_house_numbers,"42,123,7",transductive,reuse_or_run,not_available,no verified transductive three-seed default evidence
IDEC,student_grade,"42,123,7",transductive,reuse_or_run,not_available,no verified transductive three-seed default evidence
IDEC,synthetic_control,"42,123,7",transductive,reuse_or_run,not_available,no verified transductive three-seed default evidence
IDEC,tamilnadu-electricity,"42,123,7",transductive,reuse_or_run,not_available,no verified transductive three-seed default evidence
IDEC,tr45.wc,"42,123,7",transductive,reuse_or_run,not_available,no verified transductive three-seed default evidence
IDEC,turkish_music_emotion,"42,123,7",transductive,reuse_or_run,not_available,no verified transductive three-seed default evidence
IDEC,user_knowledge_modeling,"42,123,7",transductive,reuse_or_run,not_available,no verified transductive three-seed default evidence
IDEC,vehicle,"42,123,7",transductive,reuse_or_run,not_available,no verified transductive three-seed default evidence
IDEC,wall-robot-navigation,"42,123,7",transductive,reuse_or_run,not_available,no verified transductive three-seed default evidence
IDEC,water_quality,"42,123,7",transductive,reuse_or_run,not_available,no verified transductive three-seed default evidence
IDEC,Waveform,"42,123,7",transductive,reuse_or_run,not_available,no verified transductive three-seed default evidence
IDEC,weather,"42,123,7",transductive,reuse_or_run,not_available,no verified transductive three-seed default evidence
IDEC,website_phishing,"42,123,7",transductive,reuse_or_run,not_available,no verified transductive three-seed default evidence
IDEC,wine,"42,123,7",transductive,reuse_or_run,not_available,no verified transductive three-seed default evidence
IDEC,wine_customer,"42,123,7",transductive,reuse_or_run,not_available,no verified transductive three-seed default evidence
IDEC,wine_quality,"42,123,7",transductive,reuse_or_run,not_available,no verified transductive three-seed default evidence
IDEC,wireless_indoor_localization,"42,123,7",transductive,reuse_or_run,not_available,no verified transductive three-seed default evidence
IDEC,world12d,"42,123,7",transductive,reuse_or_run,not_available,no verified transductive three-seed default evidence
IDEC,wos,"42,123,7",transductive,reuse_or_run,not_available,no verified transductive three-seed default evidence
IDEC,yeast,"42,123,7",transductive,reuse_or_run,not_available,no verified transductive three-seed default evidence
IDEC,zoo,"42,123,7",transductive,reuse_or_run,not_available,no verified transductive three-seed default evidence
IDEC,Blood_BoneMarrow,"42,123,7",transductive,reuse_or_run,not_available,no verified transductive three-seed default evidence
IDEC,Human_Pancreas_1,"42,123,7",transductive,reuse_or_run,not_available,no verified transductive three-seed default evidence
IDEC,Human_Pancreas_3,"42,123,7",transductive,reuse_or_run,not_available,no verified transductive three-seed default evidence
IDEC,Mouse_Pancreas_1,"42,123,7",transductive,reuse_or_run,not_available,no verified transductive three-seed default evidence
IDEC,PRJNA895163,"42,123,7",transductive,reuse_or_run,not_available,no verified transductive three-seed default evidence
IDEC,TabulaSapiens_Pancreas,"42,123,7",transductive,reuse_or_run,not_available,no verified transductive three-seed default evidence
IDEC,Bach,"42,123,7",transductive,reuse_or_run,not_available,no verified transductive three-seed default evidence
IDEC,Baron,"42,123,7",transductive,reuse_or_run,not_available,no verified transductive three-seed default evidence
IDEC,Guo,"42,123,7",transductive,reuse_or_run,not_available,no verified transductive three-seed default evidence
IDEC,Limb_Muscle,"42,123,7",transductive,reuse_or_run,not_available,no verified transductive three-seed default evidence
IDEC,Macosko,"42,123,7",transductive,reuse_or_run,not_available,no verified transductive three-seed default evidence
IDEC,Melanoma_5K,"42,123,7",transductive,reuse_or_run,not_available,no verified transductive three-seed default evidence
IDEC,Pollen,"42,123,7",transductive,reuse_or_run,not_available,no verified transductive three-seed default evidence
IDEC,Quake_10x_Spleen,"42,123,7",transductive,reuse_or_run,not_available,no verified transductive three-seed default evidence
IDEC,Quake_Smart-seq2_Lung,"42,123,7",transductive,reuse_or_run,not_available,no verified transductive three-seed default evidence
IDEC,Shekhar,"42,123,7",transductive,reuse_or_run,not_available,no verified transductive three-seed default evidence
IDEC,Tosches,"42,123,7",transductive,reuse_or_run,not_available,no verified transductive three-seed default evidence
IDEC,Wang,"42,123,7",transductive,reuse_or_run,not_available,no verified transductive three-seed default evidence
IDEC,Young,"42,123,7",transductive,reuse_or_run,not_available,no verified transductive three-seed default evidence
IDEC,hrvatin,"42,123,7",transductive,reuse_or_run,not_available,no verified transductive three-seed default evidence
IDEC,worm_neuron_cell,"42,123,7",transductive,reuse_or_run,not_available,no verified transductive three-seed default evidence
EDESC,20newsgroups,"42,123,7",transductive,reuse_or_run,not_available,historical reuse only where all target seeds and provenance are explicit
EDESC,banknote_authentication,"42,123,7",transductive,reuse_or_run,not_available,historical reuse only where all target seeds and provenance are explicit
EDESC,Baron_Human,"42,123,7",transductive,reuse_or_run,not_available,historical reuse only where all target seeds and provenance are explicit
EDESC,birds_bones_and_living_habits,"42,123,7",transductive,reuse_or_run,not_available,historical reuse only where all target seeds and provenance are explicit
EDESC,blood_transfusion_service_center,"42,123,7",transductive,reuse_or_run,not_available,historical reuse only where all target seeds and provenance are explicit
EDESC,boston,"42,123,7",transductive,reuse_or_run,not_available,historical reuse only where all target seeds and provenance are explicit
EDESC,breast_cancer_coimbra,"42,123,7",transductive,reuse_or_run,not_available,historical reuse only where all target seeds and provenance are explicit
EDESC,breast_cancer_wisconsin_original,"42,123,7",transductive,reuse_or_run,completed,historical reuse only where all target seeds and provenance are explicit
EDESC,breast_cancer_wisconsin_prognostic,"42,123,7",transductive,reuse_or_run,not_available,historical reuse only where all target seeds and provenance are explicit
EDESC,breast_tissue,"42,123,7",transductive,reuse_or_run,not_available,historical reuse only where all target seeds and provenance are explicit
EDESC,Campbell,"42,123,7",transductive,reuse_or_run,not_available,historical reuse only where all target seeds and provenance are explicit
EDESC,cardiovascular_study,"42,123,7",transductive,reuse_or_run,not_available,historical reuse only where all target seeds and provenance are explicit
EDESC,cifar10,"42,123,7",transductive,reuse_or_run,not_available,historical reuse only where all target seeds and provenance are explicit
EDESC,CIFAR10_CLIP,"42,123,7",transductive,reuse_or_run,not_available,historical reuse only where all target seeds and provenance are explicit
EDESC,classification_in_asteroseismology,"42,123,7",transductive,reuse_or_run,not_available,historical reuse only where all target seeds and provenance are explicit
EDESC,cnae9,"42,123,7",transductive,reuse_or_run,not_available,historical reuse only where all target seeds and provenance are explicit
EDESC,coil20,"42,123,7",transductive,reuse_or_run,not_available,historical reuse only where all target seeds and provenance are explicit
EDESC,COIL20_CLIP,"42,123,7",transductive,reuse_or_run,not_available,historical reuse only where all target seeds and provenance are explicit
EDESC,credit_risk_classification,"42,123,7",transductive,reuse_or_run,not_available,historical reuse only where all target seeds and provenance are explicit
EDESC,crowdsourced_mapping,"42,123,7",transductive,reuse_or_run,not_available,historical reuse only where all target seeds and provenance are explicit
EDESC,customer_classification,"42,123,7",transductive,reuse_or_run,not_available,historical reuse only where all target seeds and provenance are explicit
EDESC,date_fruit,"42,123,7",transductive,reuse_or_run,not_available,historical reuse only where all target seeds and provenance are explicit
EDESC,dermatology,"42,123,7",transductive,reuse_or_run,not_available,historical reuse only where all target seeds and provenance are explicit
EDESC,diabetic_retinopathy_debrecen,"42,123,7",transductive,reuse_or_run,not_available,historical reuse only where all target seeds and provenance are explicit
EDESC,dilbert,"42,123,7",transductive,reuse_or_run,not_available,historical reuse only where all target seeds and provenance are explicit
EDESC,Drug_Consumption,"42,123,7",transductive,reuse_or_run,not_available,historical reuse only where all target seeds and provenance are explicit
EDESC,dry_bean,"42,123,7",transductive,reuse_or_run,not_available,historical reuse only where all target seeds and provenance are explicit
EDESC,durum_wheat_features,"42,123,7",transductive,reuse_or_run,not_available,historical reuse only where all target seeds and provenance are explicit
EDESC,echocardiogram,"42,123,7",transductive,reuse_or_run,not_available,historical reuse only where all target seeds and provenance are explicit
EDESC,ecoli,"42,123,7",transductive,reuse_or_run,not_available,historical reuse only where all target seeds and provenance are explicit
EDESC,enron,"42,123,7",transductive,reuse_or_run,not_available,historical reuse only where all target seeds and provenance are explicit
EDESC,epileptic_seizure_recognition,"42,123,7",transductive,reuse_or_run,not_available,historical reuse only where all target seeds and provenance are explicit
EDESC,extyaleb,"42,123,7",transductive,reuse_or_run,not_available,historical reuse only where all target seeds and provenance are explicit
EDESC,fabert,"42,123,7",transductive,reuse_or_run,not_available,historical reuse only where all target seeds and provenance are explicit
EDESC,fashion_mnist,"42,123,7",transductive,reuse_or_run,not_available,historical reuse only where all target seeds and provenance are explicit
EDESC,FashionMNIST_CLIP,"42,123,7",transductive,reuse_or_run,not_available,historical reuse only where all target seeds and provenance are explicit
EDESC,fbis.wc,"42,123,7",transductive,reuse_or_run,not_available,historical reuse only where all target seeds and provenance are explicit
EDESC,fetal_health_classification,"42,123,7",transductive,reuse_or_run,not_available,historical reuse only where all target seeds and provenance are explicit
EDESC,first-order-theorem-proving,"42,123,7",transductive,reuse_or_run,not_available,historical reuse only where all target seeds and provenance are explicit
EDESC,flickr_material_database,"42,123,7",transductive,reuse_or_run,not_available,historical reuse only where all target seeds and provenance are explicit
EDESC,fraud_detection_bank,"42,123,7",transductive,reuse_or_run,not_available,historical reuse only where all target seeds and provenance are explicit
EDESC,gas-drift,"42,123,7",transductive,reuse_or_run,not_available,historical reuse only where all target seeds and provenance are explicit
EDESC,gina_prior2,"42,123,7",transductive,reuse_or_run,not_available,historical reuse only where all target seeds and provenance are explicit
EDESC,glass_identification,"42,123,7",transductive,reuse_or_run,not_available,historical reuse only where all target seeds and provenance are explicit
EDESC,har,"42,123,7",transductive,reuse_or_run,not_available,historical reuse only where all target seeds and provenance are explicit
EDESC,harbermans_survival,"42,123,7",transductive,reuse_or_run,not_available,historical reuse only where all target seeds and provenance are explicit
EDESC,hate_speech,"42,123,7",transductive,reuse_or_run,not_available,historical reuse only where all target seeds and provenance are explicit
EDESC,heart_attack_analysis_prediction_dataset,"42,123,7",transductive,reuse_or_run,not_available,historical reuse only where all target seeds and provenance are explicit
EDESC,heart_disease,"42,123,7",transductive,reuse_or_run,not_available,historical reuse only where all target seeds and provenance are explicit
EDESC,hepatitis,"42,123,7",transductive,reuse_or_run,not_available,historical reuse only where all target seeds and provenance are explicit
EDESC,htru2,"42,123,7",transductive,reuse_or_run,not_available,historical reuse only where all target seeds and provenance are explicit
EDESC,human_stress_detection,"42,123,7",transductive,reuse_or_run,not_available,historical reuse only where all target seeds and provenance are explicit
EDESC,image_segmentation,"42,123,7",transductive,reuse_or_run,not_available,historical reuse only where all target seeds and provenance are explicit
EDESC,imdb,"42,123,7",transductive,reuse_or_run,not_available,historical reuse only where all target seeds and provenance are explicit
EDESC,Indian_pines,"42,123,7",transductive,reuse_or_run,not_available,historical reuse only where all target seeds and provenance are explicit
EDESC,insurance_company_benchmark,"42,123,7",transductive,reuse_or_run,not_available,historical reuse only where all target seeds and provenance are explicit
EDESC,ionosphere,"42,123,7",transductive,reuse_or_run,not_available,historical reuse only where all target seeds and provenance are explicit
EDESC,iris,"42,123,7",transductive,reuse_or_run,not_available,historical reuse only where all target seeds and provenance are explicit
EDESC,ISOLET,"42,123,7",transductive,reuse_or_run,completed,historical reuse only where all target seeds and provenance are explicit
EDESC,JapaneseVowels,"42,123,7",transductive,reuse_or_run,not_available,historical reuse only where all target seeds and provenance are explicit
EDESC,labeled_faces_in_the_wild,"42,123,7",transductive,reuse_or_run,not_available,historical reuse only where all target seeds and provenance are explicit
EDESC,letter_recognition,"42,123,7",transductive,reuse_or_run,not_available,historical reuse only where all target seeds and provenance are explicit
EDESC,magic_gamma_telescope,"42,123,7",transductive,reuse_or_run,not_available,historical reuse only where all target seeds and provenance are explicit
EDESC,mammographic_mass,"42,123,7",transductive,reuse_or_run,not_available,historical reuse only where all target seeds and provenance are explicit
EDESC,mfeat-factors,"42,123,7",transductive,reuse_or_run,not_available,historical reuse only where all target seeds and provenance are explicit
EDESC,mfeat-fourier,"42,123,7",transductive,reuse_or_run,not_available,historical reuse only where all target seeds and provenance are explicit
EDESC,mfeat-karhunen,"42,123,7",transductive,reuse_or_run,not_available,historical reuse only where all target seeds and provenance are explicit
EDESC,mfeat-morphological,"42,123,7",transductive,reuse_or_run,not_available,historical reuse only where all target seeds and provenance are explicit
EDESC,micro-mass,"42,123,7",transductive,reuse_or_run,not_available,historical reuse only where all target seeds and provenance are explicit
EDESC,microbes,"42,123,7",transductive,reuse_or_run,not_available,historical reuse only where all target seeds and provenance are explicit
EDESC,mnist64,"42,123,7",transductive,reuse_or_run,not_available,historical reuse only where all target seeds and provenance are explicit
EDESC,MNIST_CLIP,"42,123,7",transductive,reuse_or_run,not_available,historical reuse only where all target seeds and provenance are explicit
EDESC,mobile_price_classification,"42,123,7",transductive,reuse_or_run,not_available,historical reuse only where all target seeds and provenance are explicit
EDESC,Mouse_retina,"42,123,7",transductive,reuse_or_run,completed,historical reuse only where all target seeds and provenance are explicit
EDESC,music_genre_classification,"42,123,7",transductive,reuse_or_run,not_available,historical reuse only where all target seeds and provenance are explicit
EDESC,olivetti_faces,"42,123,7",transductive,reuse_or_run,not_available,historical reuse only where all target seeds and provenance are explicit
EDESC,optical_recognition_of_handwritten_digits,"42,123,7",transductive,reuse_or_run,not_available,historical reuse only where all target seeds and provenance are explicit
EDESC,orbit_classification_for_prediction_nasa,"42,123,7",transductive,reuse_or_run,not_available,historical reuse only where all target seeds and provenance are explicit
EDESC,paris_housing_classification,"42,123,7",transductive,reuse_or_run,not_available,historical reuse only where all target seeds and provenance are explicit
EDESC,parkinsons,"42,123,7",transductive,reuse_or_run,not_available,historical reuse only where all target seeds and provenance are explicit
EDESC,patient_treatment_classification,"42,123,7",transductive,reuse_or_run,not_available,historical reuse only where all target seeds and provenance are explicit
EDESC,PCam,"42,123,7",transductive,reuse_or_run,not_available,historical reuse only where all target seeds and provenance are explicit
EDESC,pen_based_recognition_of_handwritten_digits,"42,123,7",transductive,reuse_or_run,not_available,historical reuse only where all target seeds and provenance are explicit
EDESC,ph_recognition,"42,123,7",transductive,reuse_or_run,not_available,historical reuse only where all target seeds and provenance are explicit
EDESC,pima_indians_diabetes_database,"42,123,7",transductive,reuse_or_run,not_available,historical reuse only where all target seeds and provenance are explicit
EDESC,pistachio,"42,123,7",transductive,reuse_or_run,not_available,historical reuse only where all target seeds and provenance are explicit
EDESC,planning_relax,"42,123,7",transductive,reuse_or_run,not_available,historical reuse only where all target seeds and provenance are explicit
EDESC,poker-hand,"42,123,7",transductive,reuse_or_run,not_available,historical reuse only where all target seeds and provenance are explicit
EDESC,predicting_pulsar_star,"42,123,7",transductive,reuse_or_run,not_available,historical reuse only where all target seeds and provenance are explicit
EDESC,pumpkin_seeds,"42,123,7",transductive,reuse_or_run,not_available,historical reuse only where all target seeds and provenance are explicit
EDESC,raisin,"42,123,7",transductive,reuse_or_run,not_available,historical reuse only where all target seeds and provenance are explicit
EDESC,reuters,"42,123,7",transductive,reuse_or_run,not_available,historical reuse only where all target seeds and provenance are explicit
EDESC,rice_dataset_cammeo_and_osmancik,"42,123,7",transductive,reuse_or_run,not_available,historical reuse only where all target seeds and provenance are explicit
EDESC,rice_seed_gonen_jasmine,"42,123,7",transductive,reuse_or_run,not_available,historical reuse only where all target seeds and provenance are explicit
EDESC,rmftsa_sleepdata,"42,123,7",transductive,reuse_or_run,not_available,historical reuse only where all target seeds and provenance are explicit
EDESC,satellite_image,"42,123,7",transductive,reuse_or_run,not_available,historical reuse only where all target seeds and provenance are explicit
EDESC,secom,"42,123,7",transductive,reuse_or_run,not_available,historical reuse only where all target seeds and provenance are explicit
EDESC,seeds,"42,123,7",transductive,reuse_or_run,not_available,historical reuse only where all target seeds and provenance are explicit
EDESC,seismic_bumps,"42,123,7",transductive,reuse_or_run,not_available,historical reuse only where all target seeds and provenance are explicit
EDESC,sentiment_labeld_sentences,"42,123,7",transductive,reuse_or_run,not_available,historical reuse only where all target seeds and provenance are explicit
EDESC,shuttle,"42,123,7",transductive,reuse_or_run,not_available,historical reuse only where all target seeds and provenance are explicit
EDESC,siberian_weather_stats,"42,123,7",transductive,reuse_or_run,not_available,historical reuse only where all target seeds and provenance are explicit
EDESC,skillcraft1_master_table_dataset,"42,123,7",transductive,reuse_or_run,not_available,historical reuse only where all target seeds and provenance are explicit
EDESC,smoker_condition,"42,123,7",transductive,reuse_or_run,not_available,historical reuse only where all target seeds and provenance are explicit
EDESC,sms_spam_collection,"42,123,7",transductive,reuse_or_run,completed,historical reuse only where all target seeds and provenance are explicit
EDESC,spambase,"42,123,7",transductive,reuse_or_run,completed,historical reuse only where all target seeds and provenance are explicit
EDESC,spectf_heart,"42,123,7",transductive,reuse_or_run,not_available,historical reuse only where all target seeds and provenance are explicit
EDESC,statlog_german_credit,"42,123,7",transductive,reuse_or_run,not_available,historical reuse only where all target seeds and provenance are explicit
EDESC,statlog_image_segmentation,"42,123,7",transductive,reuse_or_run,not_available,historical reuse only where all target seeds and provenance are explicit
EDESC,steel-plates-fault,"42,123,7",transductive,reuse_or_run,not_available,historical reuse only where all target seeds and provenance are explicit
EDESC,street_view_house_numbers,"42,123,7",transductive,reuse_or_run,not_available,historical reuse only where all target seeds and provenance are explicit
EDESC,student_grade,"42,123,7",transductive,reuse_or_run,not_available,historical reuse only where all target seeds and provenance are explicit
EDESC,synthetic_control,"42,123,7",transductive,reuse_or_run,not_available,historical reuse only where all target seeds and provenance are explicit
EDESC,tamilnadu-electricity,"42,123,7",transductive,reuse_or_run,not_available,historical reuse only where all target seeds and provenance are explicit
EDESC,tr45.wc,"42,123,7",transductive,reuse_or_run,not_available,historical reuse only where all target seeds and provenance are explicit
EDESC,turkish_music_emotion,"42,123,7",transductive,reuse_or_run,not_available,historical reuse only where all target seeds and provenance are explicit
EDESC,user_knowledge_modeling,"42,123,7",transductive,reuse_or_run,not_available,historical reuse only where all target seeds and provenance are explicit
EDESC,vehicle,"42,123,7",transductive,reuse_or_run,not_available,historical reuse only where all target seeds and provenance are explicit
EDESC,wall-robot-navigation,"42,123,7",transductive,reuse_or_run,not_available,historical reuse only where all target seeds and provenance are explicit
EDESC,water_quality,"42,123,7",transductive,reuse_or_run,not_available,historical reuse only where all target seeds and provenance are explicit
EDESC,Waveform,"42,123,7",transductive,reuse_or_run,not_available,historical reuse only where all target seeds and provenance are explicit
EDESC,weather,"42,123,7",transductive,reuse_or_run,not_available,historical reuse only where all target seeds and provenance are explicit
EDESC,website_phishing,"42,123,7",transductive,reuse_or_run,not_available,historical reuse only where all target seeds and provenance are explicit
EDESC,wine,"42,123,7",transductive,reuse_or_run,not_available,historical reuse only where all target seeds and provenance are explicit
EDESC,wine_customer,"42,123,7",transductive,reuse_or_run,not_available,historical reuse only where all target seeds and provenance are explicit
EDESC,wine_quality,"42,123,7",transductive,reuse_or_run,not_available,historical reuse only where all target seeds and provenance are explicit
EDESC,wireless_indoor_localization,"42,123,7",transductive,reuse_or_run,not_available,historical reuse only where all target seeds and provenance are explicit
EDESC,world12d,"42,123,7",transductive,reuse_or_run,not_available,historical reuse only where all target seeds and provenance are explicit
EDESC,wos,"42,123,7",transductive,reuse_or_run,not_available,historical reuse only where all target seeds and provenance are explicit
EDESC,yeast,"42,123,7",transductive,reuse_or_run,not_available,historical reuse only where all target seeds and provenance are explicit
EDESC,zoo,"42,123,7",transductive,reuse_or_run,not_available,historical reuse only where all target seeds and provenance are explicit
EDESC,Blood_BoneMarrow,"42,123,7",transductive,reuse_or_run,not_available,historical reuse only where all target seeds and provenance are explicit
EDESC,Human_Pancreas_1,"42,123,7",transductive,reuse_or_run,not_available,historical reuse only where all target seeds and provenance are explicit
EDESC,Human_Pancreas_3,"42,123,7",transductive,reuse_or_run,not_available,historical reuse only where all target seeds and provenance are explicit
EDESC,Mouse_Pancreas_1,"42,123,7",transductive,reuse_or_run,not_available,historical reuse only where all target seeds and provenance are explicit
EDESC,PRJNA895163,"42,123,7",transductive,reuse_or_run,not_available,historical reuse only where all target seeds and provenance are explicit
EDESC,TabulaSapiens_Pancreas,"42,123,7",transductive,reuse_or_run,not_available,historical reuse only where all target seeds and provenance are explicit
EDESC,Bach,"42,123,7",transductive,reuse_or_run,not_available,historical reuse only where all target seeds and provenance are explicit
EDESC,Baron,"42,123,7",transductive,reuse_or_run,not_available,historical reuse only where all target seeds and provenance are explicit
EDESC,Guo,"42,123,7",transductive,reuse_or_run,not_available,historical reuse only where all target seeds and provenance are explicit
EDESC,Limb_Muscle,"42,123,7",transductive,reuse_or_run,not_available,historical reuse only where all target seeds and provenance are explicit
EDESC,Macosko,"42,123,7",transductive,reuse_or_run,not_available,historical reuse only where all target seeds and provenance are explicit
EDESC,Melanoma_5K,"42,123,7",transductive,reuse_or_run,not_available,historical reuse only where all target seeds and provenance are explicit
EDESC,Pollen,"42,123,7",transductive,reuse_or_run,not_available,historical reuse only where all target seeds and provenance are explicit
EDESC,Quake_10x_Spleen,"42,123,7",transductive,reuse_or_run,not_available,historical reuse only where all target seeds and provenance are explicit
EDESC,Quake_Smart-seq2_Lung,"42,123,7",transductive,reuse_or_run,not_available,historical reuse only where all target seeds and provenance are explicit
EDESC,Shekhar,"42,123,7",transductive,reuse_or_run,not_available,historical reuse only where all target seeds and provenance are explicit
EDESC,Tosches,"42,123,7",transductive,reuse_or_run,not_available,historical reuse only where all target seeds and provenance are explicit
EDESC,Wang,"42,123,7",transductive,reuse_or_run,not_available,historical reuse only where all target seeds and provenance are explicit
EDESC,Young,"42,123,7",transductive,reuse_or_run,not_available,historical reuse only where all target seeds and provenance are explicit
EDESC,hrvatin,"42,123,7",transductive,reuse_or_run,not_available,historical reuse only where all target seeds and provenance are explicit
EDESC,worm_neuron_cell,"42,123,7",transductive,reuse_or_run,not_available,historical reuse only where all target seeds and provenance are explicit
TableDC,20newsgroups,"42,123,7",transductive,reuse_or_run,not_available,historical reuse only where all target seeds and provenance are explicit
TableDC,banknote_authentication,"42,123,7",transductive,reuse_or_run,not_available,historical reuse only where all target seeds and provenance are explicit
TableDC,Baron_Human,"42,123,7",transductive,reuse_or_run,not_available,historical reuse only where all target seeds and provenance are explicit
TableDC,birds_bones_and_living_habits,"42,123,7",transductive,reuse_or_run,not_available,historical reuse only where all target seeds and provenance are explicit
TableDC,blood_transfusion_service_center,"42,123,7",transductive,reuse_or_run,not_available,historical reuse only where all target seeds and provenance are explicit
TableDC,boston,"42,123,7",transductive,reuse_or_run,not_available,historical reuse only where all target seeds and provenance are explicit
TableDC,breast_cancer_coimbra,"42,123,7",transductive,reuse_or_run,not_available,historical reuse only where all target seeds and provenance are explicit
TableDC,breast_cancer_wisconsin_original,"42,123,7",transductive,reuse_or_run,completed,historical reuse only where all target seeds and provenance are explicit
TableDC,breast_cancer_wisconsin_prognostic,"42,123,7",transductive,reuse_or_run,not_available,historical reuse only where all target seeds and provenance are explicit
TableDC,breast_tissue,"42,123,7",transductive,reuse_or_run,not_available,historical reuse only where all target seeds and provenance are explicit
TableDC,Campbell,"42,123,7",transductive,reuse_or_run,not_available,historical reuse only where all target seeds and provenance are explicit
TableDC,cardiovascular_study,"42,123,7",transductive,reuse_or_run,not_available,historical reuse only where all target seeds and provenance are explicit
TableDC,cifar10,"42,123,7",transductive,reuse_or_run,not_available,historical reuse only where all target seeds and provenance are explicit
TableDC,CIFAR10_CLIP,"42,123,7",transductive,reuse_or_run,not_available,historical reuse only where all target seeds and provenance are explicit
TableDC,classification_in_asteroseismology,"42,123,7",transductive,reuse_or_run,not_available,historical reuse only where all target seeds and provenance are explicit
TableDC,cnae9,"42,123,7",transductive,reuse_or_run,not_available,historical reuse only where all target seeds and provenance are explicit
TableDC,coil20,"42,123,7",transductive,reuse_or_run,not_available,historical reuse only where all target seeds and provenance are explicit
TableDC,COIL20_CLIP,"42,123,7",transductive,reuse_or_run,not_available,historical reuse only where all target seeds and provenance are explicit
TableDC,credit_risk_classification,"42,123,7",transductive,reuse_or_run,not_available,historical reuse only where all target seeds and provenance are explicit
TableDC,crowdsourced_mapping,"42,123,7",transductive,reuse_or_run,not_available,historical reuse only where all target seeds and provenance are explicit
TableDC,customer_classification,"42,123,7",transductive,reuse_or_run,not_available,historical reuse only where all target seeds and provenance are explicit
TableDC,date_fruit,"42,123,7",transductive,reuse_or_run,not_available,historical reuse only where all target seeds and provenance are explicit
TableDC,dermatology,"42,123,7",transductive,reuse_or_run,not_available,historical reuse only where all target seeds and provenance are explicit
TableDC,diabetic_retinopathy_debrecen,"42,123,7",transductive,reuse_or_run,not_available,historical reuse only where all target seeds and provenance are explicit
TableDC,dilbert,"42,123,7",transductive,reuse_or_run,not_available,historical reuse only where all target seeds and provenance are explicit
TableDC,Drug_Consumption,"42,123,7",transductive,reuse_or_run,not_available,historical reuse only where all target seeds and provenance are explicit
TableDC,dry_bean,"42,123,7",transductive,reuse_or_run,not_available,historical reuse only where all target seeds and provenance are explicit
TableDC,durum_wheat_features,"42,123,7",transductive,reuse_or_run,not_available,historical reuse only where all target seeds and provenance are explicit
TableDC,echocardiogram,"42,123,7",transductive,reuse_or_run,not_available,historical reuse only where all target seeds and provenance are explicit
TableDC,ecoli,"42,123,7",transductive,reuse_or_run,not_available,historical reuse only where all target seeds and provenance are explicit
TableDC,enron,"42,123,7",transductive,reuse_or_run,not_available,historical reuse only where all target seeds and provenance are explicit
TableDC,epileptic_seizure_recognition,"42,123,7",transductive,reuse_or_run,not_available,historical reuse only where all target seeds and provenance are explicit
TableDC,extyaleb,"42,123,7",transductive,reuse_or_run,not_available,historical reuse only where all target seeds and provenance are explicit
TableDC,fabert,"42,123,7",transductive,reuse_or_run,not_available,historical reuse only where all target seeds and provenance are explicit
TableDC,fashion_mnist,"42,123,7",transductive,reuse_or_run,not_available,historical reuse only where all target seeds and provenance are explicit
TableDC,FashionMNIST_CLIP,"42,123,7",transductive,reuse_or_run,not_available,historical reuse only where all target seeds and provenance are explicit
TableDC,fbis.wc,"42,123,7",transductive,reuse_or_run,not_available,historical reuse only where all target seeds and provenance are explicit
TableDC,fetal_health_classification,"42,123,7",transductive,reuse_or_run,not_available,historical reuse only where all target seeds and provenance are explicit
TableDC,first-order-theorem-proving,"42,123,7",transductive,reuse_or_run,not_available,historical reuse only where all target seeds and provenance are explicit
TableDC,flickr_material_database,"42,123,7",transductive,reuse_or_run,not_available,historical reuse only where all target seeds and provenance are explicit
TableDC,fraud_detection_bank,"42,123,7",transductive,reuse_or_run,not_available,historical reuse only where all target seeds and provenance are explicit
TableDC,gas-drift,"42,123,7",transductive,reuse_or_run,not_available,historical reuse only where all target seeds and provenance are explicit
TableDC,gina_prior2,"42,123,7",transductive,reuse_or_run,not_available,historical reuse only where all target seeds and provenance are explicit
TableDC,glass_identification,"42,123,7",transductive,reuse_or_run,not_available,historical reuse only where all target seeds and provenance are explicit
TableDC,har,"42,123,7",transductive,reuse_or_run,not_available,historical reuse only where all target seeds and provenance are explicit
TableDC,harbermans_survival,"42,123,7",transductive,reuse_or_run,not_available,historical reuse only where all target seeds and provenance are explicit
TableDC,hate_speech,"42,123,7",transductive,reuse_or_run,not_available,historical reuse only where all target seeds and provenance are explicit
TableDC,heart_attack_analysis_prediction_dataset,"42,123,7",transductive,reuse_or_run,not_available,historical reuse only where all target seeds and provenance are explicit
TableDC,heart_disease,"42,123,7",transductive,reuse_or_run,not_available,historical reuse only where all target seeds and provenance are explicit
TableDC,hepatitis,"42,123,7",transductive,reuse_or_run,not_available,historical reuse only where all target seeds and provenance are explicit
TableDC,htru2,"42,123,7",transductive,reuse_or_run,not_available,historical reuse only where all target seeds and provenance are explicit
TableDC,human_stress_detection,"42,123,7",transductive,reuse_or_run,not_available,historical reuse only where all target seeds and provenance are explicit
TableDC,image_segmentation,"42,123,7",transductive,reuse_or_run,not_available,historical reuse only where all target seeds and provenance are explicit
TableDC,imdb,"42,123,7",transductive,reuse_or_run,not_available,historical reuse only where all target seeds and provenance are explicit
TableDC,Indian_pines,"42,123,7",transductive,reuse_or_run,not_available,historical reuse only where all target seeds and provenance are explicit
TableDC,insurance_company_benchmark,"42,123,7",transductive,reuse_or_run,not_available,historical reuse only where all target seeds and provenance are explicit
TableDC,ionosphere,"42,123,7",transductive,reuse_or_run,not_available,historical reuse only where all target seeds and provenance are explicit
TableDC,iris,"42,123,7",transductive,reuse_or_run,not_available,historical reuse only where all target seeds and provenance are explicit
TableDC,ISOLET,"42,123,7",transductive,reuse_or_run,completed,historical reuse only where all target seeds and provenance are explicit
TableDC,JapaneseVowels,"42,123,7",transductive,reuse_or_run,not_available,historical reuse only where all target seeds and provenance are explicit
TableDC,labeled_faces_in_the_wild,"42,123,7",transductive,reuse_or_run,not_available,historical reuse only where all target seeds and provenance are explicit
TableDC,letter_recognition,"42,123,7",transductive,reuse_or_run,not_available,historical reuse only where all target seeds and provenance are explicit
TableDC,magic_gamma_telescope,"42,123,7",transductive,reuse_or_run,not_available,historical reuse only where all target seeds and provenance are explicit
TableDC,mammographic_mass,"42,123,7",transductive,reuse_or_run,not_available,historical reuse only where all target seeds and provenance are explicit
TableDC,mfeat-factors,"42,123,7",transductive,reuse_or_run,not_available,historical reuse only where all target seeds and provenance are explicit
TableDC,mfeat-fourier,"42,123,7",transductive,reuse_or_run,not_available,historical reuse only where all target seeds and provenance are explicit
TableDC,mfeat-karhunen,"42,123,7",transductive,reuse_or_run,not_available,historical reuse only where all target seeds and provenance are explicit
TableDC,mfeat-morphological,"42,123,7",transductive,reuse_or_run,not_available,historical reuse only where all target seeds and provenance are explicit
TableDC,micro-mass,"42,123,7",transductive,reuse_or_run,not_available,historical reuse only where all target seeds and provenance are explicit
TableDC,microbes,"42,123,7",transductive,reuse_or_run,not_available,historical reuse only where all target seeds and provenance are explicit
TableDC,mnist64,"42,123,7",transductive,reuse_or_run,not_available,historical reuse only where all target seeds and provenance are explicit
TableDC,MNIST_CLIP,"42,123,7",transductive,reuse_or_run,not_available,historical reuse only where all target seeds and provenance are explicit
TableDC,mobile_price_classification,"42,123,7",transductive,reuse_or_run,not_available,historical reuse only where all target seeds and provenance are explicit
TableDC,Mouse_retina,"42,123,7",transductive,reuse_or_run,completed,historical reuse only where all target seeds and provenance are explicit
TableDC,music_genre_classification,"42,123,7",transductive,reuse_or_run,not_available,historical reuse only where all target seeds and provenance are explicit
TableDC,olivetti_faces,"42,123,7",transductive,reuse_or_run,not_available,historical reuse only where all target seeds and provenance are explicit
TableDC,optical_recognition_of_handwritten_digits,"42,123,7",transductive,reuse_or_run,not_available,historical reuse only where all target seeds and provenance are explicit
TableDC,orbit_classification_for_prediction_nasa,"42,123,7",transductive,reuse_or_run,not_available,historical reuse only where all target seeds and provenance are explicit
TableDC,paris_housing_classification,"42,123,7",transductive,reuse_or_run,not_available,historical reuse only where all target seeds and provenance are explicit
TableDC,parkinsons,"42,123,7",transductive,reuse_or_run,not_available,historical reuse only where all target seeds and provenance are explicit
TableDC,patient_treatment_classification,"42,123,7",transductive,reuse_or_run,not_available,historical reuse only where all target seeds and provenance are explicit
TableDC,PCam,"42,123,7",transductive,reuse_or_run,not_available,historical reuse only where all target seeds and provenance are explicit
TableDC,pen_based_recognition_of_handwritten_digits,"42,123,7",transductive,reuse_or_run,not_available,historical reuse only where all target seeds and provenance are explicit
TableDC,ph_recognition,"42,123,7",transductive,reuse_or_run,not_available,historical reuse only where all target seeds and provenance are explicit
TableDC,pima_indians_diabetes_database,"42,123,7",transductive,reuse_or_run,not_available,historical reuse only where all target seeds and provenance are explicit
TableDC,pistachio,"42,123,7",transductive,reuse_or_run,not_available,historical reuse only where all target seeds and provenance are explicit
TableDC,planning_relax,"42,123,7",transductive,reuse_or_run,not_available,historical reuse only where all target seeds and provenance are explicit
TableDC,poker-hand,"42,123,7",transductive,reuse_or_run,not_available,historical reuse only where all target seeds and provenance are explicit
TableDC,predicting_pulsar_star,"42,123,7",transductive,reuse_or_run,not_available,historical reuse only where all target seeds and provenance are explicit
TableDC,pumpkin_seeds,"42,123,7",transductive,reuse_or_run,not_available,historical reuse only where all target seeds and provenance are explicit
TableDC,raisin,"42,123,7",transductive,reuse_or_run,not_available,historical reuse only where all target seeds and provenance are explicit
TableDC,reuters,"42,123,7",transductive,reuse_or_run,not_available,historical reuse only where all target seeds and provenance are explicit
TableDC,rice_dataset_cammeo_and_osmancik,"42,123,7",transductive,reuse_or_run,not_available,historical reuse only where all target seeds and provenance are explicit
TableDC,rice_seed_gonen_jasmine,"42,123,7",transductive,reuse_or_run,not_available,historical reuse only where all target seeds and provenance are explicit
TableDC,rmftsa_sleepdata,"42,123,7",transductive,reuse_or_run,not_available,historical reuse only where all target seeds and provenance are explicit
TableDC,satellite_image,"42,123,7",transductive,reuse_or_run,not_available,historical reuse only where all target seeds and provenance are explicit
TableDC,secom,"42,123,7",transductive,reuse_or_run,not_available,historical reuse only where all target seeds and provenance are explicit
TableDC,seeds,"42,123,7",transductive,reuse_or_run,not_available,historical reuse only where all target seeds and provenance are explicit
TableDC,seismic_bumps,"42,123,7",transductive,reuse_or_run,not_available,historical reuse only where all target seeds and provenance are explicit
TableDC,sentiment_labeld_sentences,"42,123,7",transductive,reuse_or_run,not_available,historical reuse only where all target seeds and provenance are explicit
TableDC,shuttle,"42,123,7",transductive,reuse_or_run,not_available,historical reuse only where all target seeds and provenance are explicit
TableDC,siberian_weather_stats,"42,123,7",transductive,reuse_or_run,not_available,historical reuse only where all target seeds and provenance are explicit
TableDC,skillcraft1_master_table_dataset,"42,123,7",transductive,reuse_or_run,not_available,historical reuse only where all target seeds and provenance are explicit
TableDC,smoker_condition,"42,123,7",transductive,reuse_or_run,not_available,historical reuse only where all target seeds and provenance are explicit
TableDC,sms_spam_collection,"42,123,7",transductive,reuse_or_run,completed,historical reuse only where all target seeds and provenance are explicit
TableDC,spambase,"42,123,7",transductive,reuse_or_run,completed,historical reuse only where all target seeds and provenance are explicit
TableDC,spectf_heart,"42,123,7",transductive,reuse_or_run,not_available,historical reuse only where all target seeds and provenance are explicit
TableDC,statlog_german_credit,"42,123,7",transductive,reuse_or_run,not_available,historical reuse only where all target seeds and provenance are explicit
TableDC,statlog_image_segmentation,"42,123,7",transductive,reuse_or_run,not_available,historical reuse only where all target seeds and provenance are explicit
TableDC,steel-plates-fault,"42,123,7",transductive,reuse_or_run,not_available,historical reuse only where all target seeds and provenance are explicit
TableDC,street_view_house_numbers,"42,123,7",transductive,reuse_or_run,not_available,historical reuse only where all target seeds and provenance are explicit
TableDC,student_grade,"42,123,7",transductive,reuse_or_run,not_available,historical reuse only where all target seeds and provenance are explicit
TableDC,synthetic_control,"42,123,7",transductive,reuse_or_run,not_available,historical reuse only where all target seeds and provenance are explicit
TableDC,tamilnadu-electricity,"42,123,7",transductive,reuse_or_run,not_available,historical reuse only where all target seeds and provenance are explicit
TableDC,tr45.wc,"42,123,7",transductive,reuse_or_run,not_available,historical reuse only where all target seeds and provenance are explicit
TableDC,turkish_music_emotion,"42,123,7",transductive,reuse_or_run,not_available,historical reuse only where all target seeds and provenance are explicit
TableDC,user_knowledge_modeling,"42,123,7",transductive,reuse_or_run,not_available,historical reuse only where all target seeds and provenance are explicit
TableDC,vehicle,"42,123,7",transductive,reuse_or_run,not_available,historical reuse only where all target seeds and provenance are explicit
TableDC,wall-robot-navigation,"42,123,7",transductive,reuse_or_run,not_available,historical reuse only where all target seeds and provenance are explicit
TableDC,water_quality,"42,123,7",transductive,reuse_or_run,not_available,historical reuse only where all target seeds and provenance are explicit
TableDC,Waveform,"42,123,7",transductive,reuse_or_run,not_available,historical reuse only where all target seeds and provenance are explicit
TableDC,weather,"42,123,7",transductive,reuse_or_run,not_available,historical reuse only where all target seeds and provenance are explicit
TableDC,website_phishing,"42,123,7",transductive,reuse_or_run,not_available,historical reuse only where all target seeds and provenance are explicit
TableDC,wine,"42,123,7",transductive,reuse_or_run,not_available,historical reuse only where all target seeds and provenance are explicit
TableDC,wine_customer,"42,123,7",transductive,reuse_or_run,not_available,historical reuse only where all target seeds and provenance are explicit
TableDC,wine_quality,"42,123,7",transductive,reuse_or_run,not_available,historical reuse only where all target seeds and provenance are explicit
TableDC,wireless_indoor_localization,"42,123,7",transductive,reuse_or_run,not_available,historical reuse only where all target seeds and provenance are explicit
TableDC,world12d,"42,123,7",transductive,reuse_or_run,not_available,historical reuse only where all target seeds and provenance are explicit
TableDC,wos,"42,123,7",transductive,reuse_or_run,not_available,historical reuse only where all target seeds and provenance are explicit
TableDC,yeast,"42,123,7",transductive,reuse_or_run,not_available,historical reuse only where all target seeds and provenance are explicit
TableDC,zoo,"42,123,7",transductive,reuse_or_run,not_available,historical reuse only where all target seeds and provenance are explicit
TableDC,Blood_BoneMarrow,"42,123,7",transductive,reuse_or_run,not_available,historical reuse only where all target seeds and provenance are explicit
TableDC,Human_Pancreas_1,"42,123,7",transductive,reuse_or_run,not_available,historical reuse only where all target seeds and provenance are explicit
TableDC,Human_Pancreas_3,"42,123,7",transductive,reuse_or_run,not_available,historical reuse only where all target seeds and provenance are explicit
TableDC,Mouse_Pancreas_1,"42,123,7",transductive,reuse_or_run,not_available,historical reuse only where all target seeds and provenance are explicit
TableDC,PRJNA895163,"42,123,7",transductive,reuse_or_run,not_available,historical reuse only where all target seeds and provenance are explicit
TableDC,TabulaSapiens_Pancreas,"42,123,7",transductive,reuse_or_run,not_available,historical reuse only where all target seeds and provenance are explicit
TableDC,Bach,"42,123,7",transductive,reuse_or_run,not_available,historical reuse only where all target seeds and provenance are explicit
TableDC,Baron,"42,123,7",transductive,reuse_or_run,not_available,historical reuse only where all target seeds and provenance are explicit
TableDC,Guo,"42,123,7",transductive,reuse_or_run,not_available,historical reuse only where all target seeds and provenance are explicit
TableDC,Limb_Muscle,"42,123,7",transductive,reuse_or_run,not_available,historical reuse only where all target seeds and provenance are explicit
TableDC,Macosko,"42,123,7",transductive,reuse_or_run,not_available,historical reuse only where all target seeds and provenance are explicit
TableDC,Melanoma_5K,"42,123,7",transductive,reuse_or_run,not_available,historical reuse only where all target seeds and provenance are explicit
TableDC,Pollen,"42,123,7",transductive,reuse_or_run,completed,historical reuse only where all target seeds and provenance are explicit
TableDC,Quake_10x_Spleen,"42,123,7",transductive,reuse_or_run,not_available,historical reuse only where all target seeds and provenance are explicit
TableDC,Quake_Smart-seq2_Lung,"42,123,7",transductive,reuse_or_run,not_available,historical reuse only where all target seeds and provenance are explicit
TableDC,Shekhar,"42,123,7",transductive,reuse_or_run,not_available,historical reuse only where all target seeds and provenance are explicit
TableDC,Tosches,"42,123,7",transductive,reuse_or_run,not_available,historical reuse only where all target seeds and provenance are explicit
TableDC,Wang,"42,123,7",transductive,reuse_or_run,completed,historical reuse only where all target seeds and provenance are explicit
TableDC,Young,"42,123,7",transductive,reuse_or_run,not_available,historical reuse only where all target seeds and provenance are explicit
TableDC,hrvatin,"42,123,7",transductive,reuse_or_run,not_available,historical reuse only where all target seeds and provenance are explicit
TableDC,worm_neuron_cell,"42,123,7",transductive,reuse_or_run,not_available,historical reuse only where all target seeds and provenance are explicit
ZEUS,20newsgroups,"42,123,7",transductive,reuse_or_run,not_available,historical reuse only where all target seeds and provenance are explicit
ZEUS,banknote_authentication,"42,123,7",transductive,reuse_or_run,not_available,historical reuse only where all target seeds and provenance are explicit
ZEUS,Baron_Human,"42,123,7",transductive,reuse_or_run,not_available,historical reuse only where all target seeds and provenance are explicit
ZEUS,birds_bones_and_living_habits,"42,123,7",transductive,reuse_or_run,not_available,historical reuse only where all target seeds and provenance are explicit
ZEUS,blood_transfusion_service_center,"42,123,7",transductive,reuse_or_run,not_available,historical reuse only where all target seeds and provenance are explicit
ZEUS,boston,"42,123,7",transductive,reuse_or_run,not_available,historical reuse only where all target seeds and provenance are explicit
ZEUS,breast_cancer_coimbra,"42,123,7",transductive,reuse_or_run,not_available,historical reuse only where all target seeds and provenance are explicit
ZEUS,breast_cancer_wisconsin_original,"42,123,7",transductive,reuse_or_run,completed,historical reuse only where all target seeds and provenance are explicit
ZEUS,breast_cancer_wisconsin_prognostic,"42,123,7",transductive,reuse_or_run,not_available,historical reuse only where all target seeds and provenance are explicit
ZEUS,breast_tissue,"42,123,7",transductive,reuse_or_run,not_available,historical reuse only where all target seeds and provenance are explicit
ZEUS,Campbell,"42,123,7",transductive,reuse_or_run,not_available,historical reuse only where all target seeds and provenance are explicit
ZEUS,cardiovascular_study,"42,123,7",transductive,reuse_or_run,not_available,historical reuse only where all target seeds and provenance are explicit
ZEUS,cifar10,"42,123,7",transductive,reuse_or_run,not_available,historical reuse only where all target seeds and provenance are explicit
ZEUS,CIFAR10_CLIP,"42,123,7",transductive,reuse_or_run,not_available,historical reuse only where all target seeds and provenance are explicit
ZEUS,classification_in_asteroseismology,"42,123,7",transductive,reuse_or_run,not_available,historical reuse only where all target seeds and provenance are explicit
ZEUS,cnae9,"42,123,7",transductive,reuse_or_run,not_available,historical reuse only where all target seeds and provenance are explicit
ZEUS,coil20,"42,123,7",transductive,reuse_or_run,not_available,historical reuse only where all target seeds and provenance are explicit
ZEUS,COIL20_CLIP,"42,123,7",transductive,reuse_or_run,not_available,historical reuse only where all target seeds and provenance are explicit
ZEUS,credit_risk_classification,"42,123,7",transductive,reuse_or_run,not_available,historical reuse only where all target seeds and provenance are explicit
ZEUS,crowdsourced_mapping,"42,123,7",transductive,reuse_or_run,not_available,historical reuse only where all target seeds and provenance are explicit
ZEUS,customer_classification,"42,123,7",transductive,reuse_or_run,not_available,historical reuse only where all target seeds and provenance are explicit
ZEUS,date_fruit,"42,123,7",transductive,reuse_or_run,not_available,historical reuse only where all target seeds and provenance are explicit
ZEUS,dermatology,"42,123,7",transductive,reuse_or_run,not_available,historical reuse only where all target seeds and provenance are explicit
ZEUS,diabetic_retinopathy_debrecen,"42,123,7",transductive,reuse_or_run,not_available,historical reuse only where all target seeds and provenance are explicit
ZEUS,dilbert,"42,123,7",transductive,reuse_or_run,not_available,historical reuse only where all target seeds and provenance are explicit
ZEUS,Drug_Consumption,"42,123,7",transductive,reuse_or_run,not_available,historical reuse only where all target seeds and provenance are explicit
ZEUS,dry_bean,"42,123,7",transductive,reuse_or_run,not_available,historical reuse only where all target seeds and provenance are explicit
ZEUS,durum_wheat_features,"42,123,7",transductive,reuse_or_run,not_available,historical reuse only where all target seeds and provenance are explicit
ZEUS,echocardiogram,"42,123,7",transductive,reuse_or_run,not_available,historical reuse only where all target seeds and provenance are explicit
ZEUS,ecoli,"42,123,7",transductive,reuse_or_run,not_available,historical reuse only where all target seeds and provenance are explicit
ZEUS,enron,"42,123,7",transductive,reuse_or_run,not_available,historical reuse only where all target seeds and provenance are explicit
ZEUS,epileptic_seizure_recognition,"42,123,7",transductive,reuse_or_run,not_available,historical reuse only where all target seeds and provenance are explicit
ZEUS,extyaleb,"42,123,7",transductive,reuse_or_run,not_available,historical reuse only where all target seeds and provenance are explicit
ZEUS,fabert,"42,123,7",transductive,reuse_or_run,not_available,historical reuse only where all target seeds and provenance are explicit
ZEUS,fashion_mnist,"42,123,7",transductive,reuse_or_run,not_available,historical reuse only where all target seeds and provenance are explicit
ZEUS,FashionMNIST_CLIP,"42,123,7",transductive,reuse_or_run,not_available,historical reuse only where all target seeds and provenance are explicit
ZEUS,fbis.wc,"42,123,7",transductive,reuse_or_run,not_available,historical reuse only where all target seeds and provenance are explicit
ZEUS,fetal_health_classification,"42,123,7",transductive,reuse_or_run,not_available,historical reuse only where all target seeds and provenance are explicit
ZEUS,first-order-theorem-proving,"42,123,7",transductive,reuse_or_run,not_available,historical reuse only where all target seeds and provenance are explicit
ZEUS,flickr_material_database,"42,123,7",transductive,reuse_or_run,not_available,historical reuse only where all target seeds and provenance are explicit
ZEUS,fraud_detection_bank,"42,123,7",transductive,reuse_or_run,not_available,historical reuse only where all target seeds and provenance are explicit
ZEUS,gas-drift,"42,123,7",transductive,reuse_or_run,not_available,historical reuse only where all target seeds and provenance are explicit
ZEUS,gina_prior2,"42,123,7",transductive,reuse_or_run,not_available,historical reuse only where all target seeds and provenance are explicit
ZEUS,glass_identification,"42,123,7",transductive,reuse_or_run,not_available,historical reuse only where all target seeds and provenance are explicit
ZEUS,har,"42,123,7",transductive,reuse_or_run,not_available,historical reuse only where all target seeds and provenance are explicit
ZEUS,harbermans_survival,"42,123,7",transductive,reuse_or_run,not_available,historical reuse only where all target seeds and provenance are explicit
ZEUS,hate_speech,"42,123,7",transductive,reuse_or_run,not_available,historical reuse only where all target seeds and provenance are explicit
ZEUS,heart_attack_analysis_prediction_dataset,"42,123,7",transductive,reuse_or_run,not_available,historical reuse only where all target seeds and provenance are explicit
ZEUS,heart_disease,"42,123,7",transductive,reuse_or_run,not_available,historical reuse only where all target seeds and provenance are explicit
ZEUS,hepatitis,"42,123,7",transductive,reuse_or_run,not_available,historical reuse only where all target seeds and provenance are explicit
ZEUS,htru2,"42,123,7",transductive,reuse_or_run,not_available,historical reuse only where all target seeds and provenance are explicit
ZEUS,human_stress_detection,"42,123,7",transductive,reuse_or_run,not_available,historical reuse only where all target seeds and provenance are explicit
ZEUS,image_segmentation,"42,123,7",transductive,reuse_or_run,not_available,historical reuse only where all target seeds and provenance are explicit
ZEUS,imdb,"42,123,7",transductive,reuse_or_run,not_available,historical reuse only where all target seeds and provenance are explicit
ZEUS,Indian_pines,"42,123,7",transductive,reuse_or_run,not_available,historical reuse only where all target seeds and provenance are explicit
ZEUS,insurance_company_benchmark,"42,123,7",transductive,reuse_or_run,not_available,historical reuse only where all target seeds and provenance are explicit
ZEUS,ionosphere,"42,123,7",transductive,reuse_or_run,not_available,historical reuse only where all target seeds and provenance are explicit
ZEUS,iris,"42,123,7",transductive,reuse_or_run,not_available,historical reuse only where all target seeds and provenance are explicit
ZEUS,ISOLET,"42,123,7",transductive,reuse_or_run,completed,historical reuse only where all target seeds and provenance are explicit
ZEUS,JapaneseVowels,"42,123,7",transductive,reuse_or_run,not_available,historical reuse only where all target seeds and provenance are explicit
ZEUS,labeled_faces_in_the_wild,"42,123,7",transductive,reuse_or_run,not_available,historical reuse only where all target seeds and provenance are explicit
ZEUS,letter_recognition,"42,123,7",transductive,reuse_or_run,not_available,historical reuse only where all target seeds and provenance are explicit
ZEUS,magic_gamma_telescope,"42,123,7",transductive,reuse_or_run,not_available,historical reuse only where all target seeds and provenance are explicit
ZEUS,mammographic_mass,"42,123,7",transductive,reuse_or_run,not_available,historical reuse only where all target seeds and provenance are explicit
ZEUS,mfeat-factors,"42,123,7",transductive,reuse_or_run,not_available,historical reuse only where all target seeds and provenance are explicit
ZEUS,mfeat-fourier,"42,123,7",transductive,reuse_or_run,not_available,historical reuse only where all target seeds and provenance are explicit
ZEUS,mfeat-karhunen,"42,123,7",transductive,reuse_or_run,not_available,historical reuse only where all target seeds and provenance are explicit
ZEUS,mfeat-morphological,"42,123,7",transductive,reuse_or_run,not_available,historical reuse only where all target seeds and provenance are explicit
ZEUS,micro-mass,"42,123,7",transductive,reuse_or_run,not_available,historical reuse only where all target seeds and provenance are explicit
ZEUS,microbes,"42,123,7",transductive,reuse_or_run,not_available,historical reuse only where all target seeds and provenance are explicit
ZEUS,mnist64,"42,123,7",transductive,reuse_or_run,not_available,historical reuse only where all target seeds and provenance are explicit
ZEUS,MNIST_CLIP,"42,123,7",transductive,reuse_or_run,not_available,historical reuse only where all target seeds and provenance are explicit
ZEUS,mobile_price_classification,"42,123,7",transductive,reuse_or_run,not_available,historical reuse only where all target seeds and provenance are explicit
ZEUS,Mouse_retina,"42,123,7",transductive,reuse_or_run,completed,historical reuse only where all target seeds and provenance are explicit
ZEUS,music_genre_classification,"42,123,7",transductive,reuse_or_run,not_available,historical reuse only where all target seeds and provenance are explicit
ZEUS,olivetti_faces,"42,123,7",transductive,reuse_or_run,not_available,historical reuse only where all target seeds and provenance are explicit
ZEUS,optical_recognition_of_handwritten_digits,"42,123,7",transductive,reuse_or_run,not_available,historical reuse only where all target seeds and provenance are explicit
ZEUS,orbit_classification_for_prediction_nasa,"42,123,7",transductive,reuse_or_run,not_available,historical reuse only where all target seeds and provenance are explicit
ZEUS,paris_housing_classification,"42,123,7",transductive,reuse_or_run,not_available,historical reuse only where all target seeds and provenance are explicit
ZEUS,parkinsons,"42,123,7",transductive,reuse_or_run,not_available,historical reuse only where all target seeds and provenance are explicit
ZEUS,patient_treatment_classification,"42,123,7",transductive,reuse_or_run,not_available,historical reuse only where all target seeds and provenance are explicit
ZEUS,PCam,"42,123,7",transductive,reuse_or_run,not_available,historical reuse only where all target seeds and provenance are explicit
ZEUS,pen_based_recognition_of_handwritten_digits,"42,123,7",transductive,reuse_or_run,not_available,historical reuse only where all target seeds and provenance are explicit
ZEUS,ph_recognition,"42,123,7",transductive,reuse_or_run,not_available,historical reuse only where all target seeds and provenance are explicit
ZEUS,pima_indians_diabetes_database,"42,123,7",transductive,reuse_or_run,not_available,historical reuse only where all target seeds and provenance are explicit
ZEUS,pistachio,"42,123,7",transductive,reuse_or_run,not_available,historical reuse only where all target seeds and provenance are explicit
ZEUS,planning_relax,"42,123,7",transductive,reuse_or_run,not_available,historical reuse only where all target seeds and provenance are explicit
ZEUS,poker-hand,"42,123,7",transductive,reuse_or_run,not_available,historical reuse only where all target seeds and provenance are explicit
ZEUS,predicting_pulsar_star,"42,123,7",transductive,reuse_or_run,not_available,historical reuse only where all target seeds and provenance are explicit
ZEUS,pumpkin_seeds,"42,123,7",transductive,reuse_or_run,not_available,historical reuse only where all target seeds and provenance are explicit
ZEUS,raisin,"42,123,7",transductive,reuse_or_run,not_available,historical reuse only where all target seeds and provenance are explicit
ZEUS,reuters,"42,123,7",transductive,reuse_or_run,not_available,historical reuse only where all target seeds and provenance are explicit
ZEUS,rice_dataset_cammeo_and_osmancik,"42,123,7",transductive,reuse_or_run,not_available,historical reuse only where all target seeds and provenance are explicit
ZEUS,rice_seed_gonen_jasmine,"42,123,7",transductive,reuse_or_run,not_available,historical reuse only where all target seeds and provenance are explicit
ZEUS,rmftsa_sleepdata,"42,123,7",transductive,reuse_or_run,not_available,historical reuse only where all target seeds and provenance are explicit
ZEUS,satellite_image,"42,123,7",transductive,reuse_or_run,not_available,historical reuse only where all target seeds and provenance are explicit
ZEUS,secom,"42,123,7",transductive,reuse_or_run,not_available,historical reuse only where all target seeds and provenance are explicit
ZEUS,seeds,"42,123,7",transductive,reuse_or_run,not_available,historical reuse only where all target seeds and provenance are explicit
ZEUS,seismic_bumps,"42,123,7",transductive,reuse_or_run,not_available,historical reuse only where all target seeds and provenance are explicit
ZEUS,sentiment_labeld_sentences,"42,123,7",transductive,reuse_or_run,not_available,historical reuse only where all target seeds and provenance are explicit
ZEUS,shuttle,"42,123,7",transductive,reuse_or_run,not_available,historical reuse only where all target seeds and provenance are explicit
ZEUS,siberian_weather_stats,"42,123,7",transductive,reuse_or_run,not_available,historical reuse only where all target seeds and provenance are explicit
ZEUS,skillcraft1_master_table_dataset,"42,123,7",transductive,reuse_or_run,not_available,historical reuse only where all target seeds and provenance are explicit
ZEUS,smoker_condition,"42,123,7",transductive,reuse_or_run,not_available,historical reuse only where all target seeds and provenance are explicit
ZEUS,sms_spam_collection,"42,123,7",transductive,reuse_or_run,completed,historical reuse only where all target seeds and provenance are explicit
ZEUS,spambase,"42,123,7",transductive,reuse_or_run,completed,historical reuse only where all target seeds and provenance are explicit
ZEUS,spectf_heart,"42,123,7",transductive,reuse_or_run,not_available,historical reuse only where all target seeds and provenance are explicit
ZEUS,statlog_german_credit,"42,123,7",transductive,reuse_or_run,not_available,historical reuse only where all target seeds and provenance are explicit
ZEUS,statlog_image_segmentation,"42,123,7",transductive,reuse_or_run,not_available,historical reuse only where all target seeds and provenance are explicit
ZEUS,steel-plates-fault,"42,123,7",transductive,reuse_or_run,not_available,historical reuse only where all target seeds and provenance are explicit
ZEUS,street_view_house_numbers,"42,123,7",transductive,reuse_or_run,not_available,historical reuse only where all target seeds and provenance are explicit
ZEUS,student_grade,"42,123,7",transductive,reuse_or_run,not_available,historical reuse only where all target seeds and provenance are explicit
ZEUS,synthetic_control,"42,123,7",transductive,reuse_or_run,not_available,historical reuse only where all target seeds and provenance are explicit
ZEUS,tamilnadu-electricity,"42,123,7",transductive,reuse_or_run,not_available,historical reuse only where all target seeds and provenance are explicit
ZEUS,tr45.wc,"42,123,7",transductive,reuse_or_run,not_available,historical reuse only where all target seeds and provenance are explicit
ZEUS,turkish_music_emotion,"42,123,7",transductive,reuse_or_run,not_available,historical reuse only where all target seeds and provenance are explicit
ZEUS,user_knowledge_modeling,"42,123,7",transductive,reuse_or_run,not_available,historical reuse only where all target seeds and provenance are explicit
ZEUS,vehicle,"42,123,7",transductive,reuse_or_run,not_available,historical reuse only where all target seeds and provenance are explicit
ZEUS,wall-robot-navigation,"42,123,7",transductive,reuse_or_run,not_available,historical reuse only where all target seeds and provenance are explicit
ZEUS,water_quality,"42,123,7",transductive,reuse_or_run,not_available,historical reuse only where all target seeds and provenance are explicit
ZEUS,Waveform,"42,123,7",transductive,reuse_or_run,not_available,historical reuse only where all target seeds and provenance are explicit
ZEUS,weather,"42,123,7",transductive,reuse_or_run,not_available,historical reuse only where all target seeds and provenance are explicit
ZEUS,website_phishing,"42,123,7",transductive,reuse_or_run,not_available,historical reuse only where all target seeds and provenance are explicit
ZEUS,wine,"42,123,7",transductive,reuse_or_run,not_available,historical reuse only where all target seeds and provenance are explicit
ZEUS,wine_customer,"42,123,7",transductive,reuse_or_run,not_available,historical reuse only where all target seeds and provenance are explicit
ZEUS,wine_quality,"42,123,7",transductive,reuse_or_run,not_available,historical reuse only where all target seeds and provenance are explicit
ZEUS,wireless_indoor_localization,"42,123,7",transductive,reuse_or_run,not_available,historical reuse only where all target seeds and provenance are explicit
ZEUS,world12d,"42,123,7",transductive,reuse_or_run,not_available,historical reuse only where all target seeds and provenance are explicit
ZEUS,wos,"42,123,7",transductive,reuse_or_run,not_available,historical reuse only where all target seeds and provenance are explicit
ZEUS,yeast,"42,123,7",transductive,reuse_or_run,not_available,historical reuse only where all target seeds and provenance are explicit
ZEUS,zoo,"42,123,7",transductive,reuse_or_run,not_available,historical reuse only where all target seeds and provenance are explicit
ZEUS,Blood_BoneMarrow,"42,123,7",transductive,reuse_or_run,not_available,historical reuse only where all target seeds and provenance are explicit
ZEUS,Human_Pancreas_1,"42,123,7",transductive,reuse_or_run,not_available,historical reuse only where all target seeds and provenance are explicit
ZEUS,Human_Pancreas_3,"42,123,7",transductive,reuse_or_run,not_available,historical reuse only where all target seeds and provenance are explicit
ZEUS,Mouse_Pancreas_1,"42,123,7",transductive,reuse_or_run,not_available,historical reuse only where all target seeds and provenance are explicit
ZEUS,PRJNA895163,"42,123,7",transductive,reuse_or_run,not_available,historical reuse only where all target seeds and provenance are explicit
ZEUS,TabulaSapiens_Pancreas,"42,123,7",transductive,reuse_or_run,not_available,historical reuse only where all target seeds and provenance are explicit
ZEUS,Bach,"42,123,7",transductive,reuse_or_run,not_available,historical reuse only where all target seeds and provenance are explicit
ZEUS,Baron,"42,123,7",transductive,reuse_or_run,not_available,historical reuse only where all target seeds and provenance are explicit
ZEUS,Guo,"42,123,7",transductive,reuse_or_run,not_available,historical reuse only where all target seeds and provenance are explicit
ZEUS,Limb_Muscle,"42,123,7",transductive,reuse_or_run,not_available,historical reuse only where all target seeds and provenance are explicit
ZEUS,Macosko,"42,123,7",transductive,reuse_or_run,not_available,historical reuse only where all target seeds and provenance are explicit
ZEUS,Melanoma_5K,"42,123,7",transductive,reuse_or_run,not_available,historical reuse only where all target seeds and provenance are explicit
ZEUS,Pollen,"42,123,7",transductive,reuse_or_run,completed,historical reuse only where all target seeds and provenance are explicit
ZEUS,Quake_10x_Spleen,"42,123,7",transductive,reuse_or_run,not_available,historical reuse only where all target seeds and provenance are explicit
ZEUS,Quake_Smart-seq2_Lung,"42,123,7",transductive,reuse_or_run,not_available,historical reuse only where all target seeds and provenance are explicit
ZEUS,Shekhar,"42,123,7",transductive,reuse_or_run,not_available,historical reuse only where all target seeds and provenance are explicit
ZEUS,Tosches,"42,123,7",transductive,reuse_or_run,not_available,historical reuse only where all target seeds and provenance are explicit
ZEUS,Wang,"42,123,7",transductive,reuse_or_run,completed,historical reuse only where all target seeds and provenance are explicit
ZEUS,Young,"42,123,7",transductive,reuse_or_run,not_available,historical reuse only where all target seeds and provenance are explicit
ZEUS,hrvatin,"42,123,7",transductive,reuse_or_run,not_available,historical reuse only where all target seeds and provenance are explicit
ZEUS,worm_neuron_cell,"42,123,7",transductive,reuse_or_run,not_available,historical reuse only where all target seeds and provenance are explicit
scNAME,20newsgroups,"42,123,7",transductive,reuse_or_run,not_available,no verified transductive three-seed default evidence
scNAME,banknote_authentication,"42,123,7",transductive,reuse_or_run,not_available,no verified transductive three-seed default evidence
scNAME,Baron_Human,"42,123,7",transductive,reuse_or_run,not_available,no verified transductive three-seed default evidence
scNAME,birds_bones_and_living_habits,"42,123,7",transductive,reuse_or_run,not_available,no verified transductive three-seed default evidence
scNAME,blood_transfusion_service_center,"42,123,7",transductive,reuse_or_run,not_available,no verified transductive three-seed default evidence
scNAME,boston,"42,123,7",transductive,reuse_or_run,not_available,no verified transductive three-seed default evidence
scNAME,breast_cancer_coimbra,"42,123,7",transductive,reuse_or_run,not_available,no verified transductive three-seed default evidence
scNAME,breast_cancer_wisconsin_original,"42,123,7",transductive,reuse_or_run,not_available,no verified transductive three-seed default evidence
scNAME,breast_cancer_wisconsin_prognostic,"42,123,7",transductive,reuse_or_run,not_available,no verified transductive three-seed default evidence
scNAME,breast_tissue,"42,123,7",transductive,reuse_or_run,not_available,no verified transductive three-seed default evidence
scNAME,Campbell,"42,123,7",transductive,reuse_or_run,not_available,no verified transductive three-seed default evidence
scNAME,cardiovascular_study,"42,123,7",transductive,reuse_or_run,not_available,no verified transductive three-seed default evidence
scNAME,cifar10,"42,123,7",transductive,reuse_or_run,not_available,no verified transductive three-seed default evidence
scNAME,CIFAR10_CLIP,"42,123,7",transductive,reuse_or_run,not_available,no verified transductive three-seed default evidence
scNAME,classification_in_asteroseismology,"42,123,7",transductive,reuse_or_run,not_available,no verified transductive three-seed default evidence
scNAME,cnae9,"42,123,7",transductive,reuse_or_run,not_available,no verified transductive three-seed default evidence
scNAME,coil20,"42,123,7",transductive,reuse_or_run,not_available,no verified transductive three-seed default evidence
scNAME,COIL20_CLIP,"42,123,7",transductive,reuse_or_run,not_available,no verified transductive three-seed default evidence
scNAME,credit_risk_classification,"42,123,7",transductive,reuse_or_run,not_available,no verified transductive three-seed default evidence
scNAME,crowdsourced_mapping,"42,123,7",transductive,reuse_or_run,not_available,no verified transductive three-seed default evidence
scNAME,customer_classification,"42,123,7",transductive,reuse_or_run,not_available,no verified transductive three-seed default evidence
scNAME,date_fruit,"42,123,7",transductive,reuse_or_run,not_available,no verified transductive three-seed default evidence
scNAME,dermatology,"42,123,7",transductive,reuse_or_run,not_available,no verified transductive three-seed default evidence
scNAME,diabetic_retinopathy_debrecen,"42,123,7",transductive,reuse_or_run,not_available,no verified transductive three-seed default evidence
scNAME,dilbert,"42,123,7",transductive,reuse_or_run,not_available,no verified transductive three-seed default evidence
scNAME,Drug_Consumption,"42,123,7",transductive,reuse_or_run,not_available,no verified transductive three-seed default evidence
scNAME,dry_bean,"42,123,7",transductive,reuse_or_run,not_available,no verified transductive three-seed default evidence
scNAME,durum_wheat_features,"42,123,7",transductive,reuse_or_run,not_available,no verified transductive three-seed default evidence
scNAME,echocardiogram,"42,123,7",transductive,reuse_or_run,not_available,no verified transductive three-seed default evidence
scNAME,ecoli,"42,123,7",transductive,reuse_or_run,not_available,no verified transductive three-seed default evidence
scNAME,enron,"42,123,7",transductive,reuse_or_run,not_available,no verified transductive three-seed default evidence
scNAME,epileptic_seizure_recognition,"42,123,7",transductive,reuse_or_run,not_available,no verified transductive three-seed default evidence
scNAME,extyaleb,"42,123,7",transductive,reuse_or_run,not_available,no verified transductive three-seed default evidence
scNAME,fabert,"42,123,7",transductive,reuse_or_run,not_available,no verified transductive three-seed default evidence
scNAME,fashion_mnist,"42,123,7",transductive,reuse_or_run,not_available,no verified transductive three-seed default evidence
scNAME,FashionMNIST_CLIP,"42,123,7",transductive,reuse_or_run,not_available,no verified transductive three-seed default evidence
scNAME,fbis.wc,"42,123,7",transductive,reuse_or_run,not_available,no verified transductive three-seed default evidence
scNAME,fetal_health_classification,"42,123,7",transductive,reuse_or_run,not_available,no verified transductive three-seed default evidence
scNAME,first-order-theorem-proving,"42,123,7",transductive,reuse_or_run,not_available,no verified transductive three-seed default evidence
scNAME,flickr_material_database,"42,123,7",transductive,reuse_or_run,not_available,no verified transductive three-seed default evidence
scNAME,fraud_detection_bank,"42,123,7",transductive,reuse_or_run,not_available,no verified transductive three-seed default evidence
scNAME,gas-drift,"42,123,7",transductive,reuse_or_run,not_available,no verified transductive three-seed default evidence
scNAME,gina_prior2,"42,123,7",transductive,reuse_or_run,not_available,no verified transductive three-seed default evidence
scNAME,glass_identification,"42,123,7",transductive,reuse_or_run,not_available,no verified transductive three-seed default evidence
scNAME,har,"42,123,7",transductive,reuse_or_run,not_available,no verified transductive three-seed default evidence
scNAME,harbermans_survival,"42,123,7",transductive,reuse_or_run,not_available,no verified transductive three-seed default evidence
scNAME,hate_speech,"42,123,7",transductive,reuse_or_run,not_available,no verified transductive three-seed default evidence
scNAME,heart_attack_analysis_prediction_dataset,"42,123,7",transductive,reuse_or_run,not_available,no verified transductive three-seed default evidence
scNAME,heart_disease,"42,123,7",transductive,reuse_or_run,not_available,no verified transductive three-seed default evidence
scNAME,hepatitis,"42,123,7",transductive,reuse_or_run,not_available,no verified transductive three-seed default evidence
scNAME,htru2,"42,123,7",transductive,reuse_or_run,not_available,no verified transductive three-seed default evidence
scNAME,human_stress_detection,"42,123,7",transductive,reuse_or_run,not_available,no verified transductive three-seed default evidence
scNAME,image_segmentation,"42,123,7",transductive,reuse_or_run,not_available,no verified transductive three-seed default evidence
scNAME,imdb,"42,123,7",transductive,reuse_or_run,not_available,no verified transductive three-seed default evidence
scNAME,Indian_pines,"42,123,7",transductive,reuse_or_run,not_available,no verified transductive three-seed default evidence
scNAME,insurance_company_benchmark,"42,123,7",transductive,reuse_or_run,not_available,no verified transductive three-seed default evidence
scNAME,ionosphere,"42,123,7",transductive,reuse_or_run,not_available,no verified transductive three-seed default evidence
scNAME,iris,"42,123,7",transductive,reuse_or_run,not_available,no verified transductive three-seed default evidence
scNAME,ISOLET,"42,123,7",transductive,reuse_or_run,not_available,no verified transductive three-seed default evidence
scNAME,JapaneseVowels,"42,123,7",transductive,reuse_or_run,not_available,no verified transductive three-seed default evidence
scNAME,labeled_faces_in_the_wild,"42,123,7",transductive,reuse_or_run,not_available,no verified transductive three-seed default evidence
scNAME,letter_recognition,"42,123,7",transductive,reuse_or_run,not_available,no verified transductive three-seed default evidence
scNAME,magic_gamma_telescope,"42,123,7",transductive,reuse_or_run,not_available,no verified transductive three-seed default evidence
scNAME,mammographic_mass,"42,123,7",transductive,reuse_or_run,not_available,no verified transductive three-seed default evidence
scNAME,mfeat-factors,"42,123,7",transductive,reuse_or_run,not_available,no verified transductive three-seed default evidence
scNAME,mfeat-fourier,"42,123,7",transductive,reuse_or_run,not_available,no verified transductive three-seed default evidence
scNAME,mfeat-karhunen,"42,123,7",transductive,reuse_or_run,not_available,no verified transductive three-seed default evidence
scNAME,mfeat-morphological,"42,123,7",transductive,reuse_or_run,not_available,no verified transductive three-seed default evidence
scNAME,micro-mass,"42,123,7",transductive,reuse_or_run,not_available,no verified transductive three-seed default evidence
scNAME,microbes,"42,123,7",transductive,reuse_or_run,not_available,no verified transductive three-seed default evidence
scNAME,mnist64,"42,123,7",transductive,reuse_or_run,not_available,no verified transductive three-seed default evidence
scNAME,MNIST_CLIP,"42,123,7",transductive,reuse_or_run,not_available,no verified transductive three-seed default evidence
scNAME,mobile_price_classification,"42,123,7",transductive,reuse_or_run,not_available,no verified transductive three-seed default evidence
scNAME,Mouse_retina,"42,123,7",transductive,reuse_or_run,not_available,no verified transductive three-seed default evidence
scNAME,music_genre_classification,"42,123,7",transductive,reuse_or_run,not_available,no verified transductive three-seed default evidence
scNAME,olivetti_faces,"42,123,7",transductive,reuse_or_run,not_available,no verified transductive three-seed default evidence
scNAME,optical_recognition_of_handwritten_digits,"42,123,7",transductive,reuse_or_run,not_available,no verified transductive three-seed default evidence
scNAME,orbit_classification_for_prediction_nasa,"42,123,7",transductive,reuse_or_run,not_available,no verified transductive three-seed default evidence
scNAME,paris_housing_classification,"42,123,7",transductive,reuse_or_run,not_available,no verified transductive three-seed default evidence
scNAME,parkinsons,"42,123,7",transductive,reuse_or_run,not_available,no verified transductive three-seed default evidence
scNAME,patient_treatment_classification,"42,123,7",transductive,reuse_or_run,not_available,no verified transductive three-seed default evidence
scNAME,PCam,"42,123,7",transductive,reuse_or_run,not_available,no verified transductive three-seed default evidence
scNAME,pen_based_recognition_of_handwritten_digits,"42,123,7",transductive,reuse_or_run,not_available,no verified transductive three-seed default evidence
scNAME,ph_recognition,"42,123,7",transductive,reuse_or_run,not_available,no verified transductive three-seed default evidence
scNAME,pima_indians_diabetes_database,"42,123,7",transductive,reuse_or_run,not_available,no verified transductive three-seed default evidence
scNAME,pistachio,"42,123,7",transductive,reuse_or_run,not_available,no verified transductive three-seed default evidence
scNAME,planning_relax,"42,123,7",transductive,reuse_or_run,not_available,no verified transductive three-seed default evidence
scNAME,poker-hand,"42,123,7",transductive,reuse_or_run,not_available,no verified transductive three-seed default evidence
scNAME,predicting_pulsar_star,"42,123,7",transductive,reuse_or_run,not_available,no verified transductive three-seed default evidence
scNAME,pumpkin_seeds,"42,123,7",transductive,reuse_or_run,not_available,no verified transductive three-seed default evidence
scNAME,raisin,"42,123,7",transductive,reuse_or_run,not_available,no verified transductive three-seed default evidence
scNAME,reuters,"42,123,7",transductive,reuse_or_run,not_available,no verified transductive three-seed default evidence
scNAME,rice_dataset_cammeo_and_osmancik,"42,123,7",transductive,reuse_or_run,not_available,no verified transductive three-seed default evidence
scNAME,rice_seed_gonen_jasmine,"42,123,7",transductive,reuse_or_run,not_available,no verified transductive three-seed default evidence
scNAME,rmftsa_sleepdata,"42,123,7",transductive,reuse_or_run,not_available,no verified transductive three-seed default evidence
scNAME,satellite_image,"42,123,7",transductive,reuse_or_run,not_available,no verified transductive three-seed default evidence
scNAME,secom,"42,123,7",transductive,reuse_or_run,not_available,no verified transductive three-seed default evidence
scNAME,seeds,"42,123,7",transductive,reuse_or_run,not_available,no verified transductive three-seed default evidence
scNAME,seismic_bumps,"42,123,7",transductive,reuse_or_run,not_available,no verified transductive three-seed default evidence
scNAME,sentiment_labeld_sentences,"42,123,7",transductive,reuse_or_run,not_available,no verified transductive three-seed default evidence
scNAME,shuttle,"42,123,7",transductive,reuse_or_run,not_available,no verified transductive three-seed default evidence
scNAME,siberian_weather_stats,"42,123,7",transductive,reuse_or_run,not_available,no verified transductive three-seed default evidence
scNAME,skillcraft1_master_table_dataset,"42,123,7",transductive,reuse_or_run,not_available,no verified transductive three-seed default evidence
scNAME,smoker_condition,"42,123,7",transductive,reuse_or_run,not_available,no verified transductive three-seed default evidence
scNAME,sms_spam_collection,"42,123,7",transductive,reuse_or_run,not_available,no verified transductive three-seed default evidence
scNAME,spambase,"42,123,7",transductive,reuse_or_run,not_available,no verified transductive three-seed default evidence
scNAME,spectf_heart,"42,123,7",transductive,reuse_or_run,not_available,no verified transductive three-seed default evidence
scNAME,statlog_german_credit,"42,123,7",transductive,reuse_or_run,not_available,no verified transductive three-seed default evidence
scNAME,statlog_image_segmentation,"42,123,7",transductive,reuse_or_run,not_available,no verified transductive three-seed default evidence
scNAME,steel-plates-fault,"42,123,7",transductive,reuse_or_run,not_available,no verified transductive three-seed default evidence
scNAME,street_view_house_numbers,"42,123,7",transductive,reuse_or_run,not_available,no verified transductive three-seed default evidence
scNAME,student_grade,"42,123,7",transductive,reuse_or_run,not_available,no verified transductive three-seed default evidence
scNAME,synthetic_control,"42,123,7",transductive,reuse_or_run,not_available,no verified transductive three-seed default evidence
scNAME,tamilnadu-electricity,"42,123,7",transductive,reuse_or_run,not_available,no verified transductive three-seed default evidence
scNAME,tr45.wc,"42,123,7",transductive,reuse_or_run,not_available,no verified transductive three-seed default evidence
scNAME,turkish_music_emotion,"42,123,7",transductive,reuse_or_run,not_available,no verified transductive three-seed default evidence
scNAME,user_knowledge_modeling,"42,123,7",transductive,reuse_or_run,not_available,no verified transductive three-seed default evidence
scNAME,vehicle,"42,123,7",transductive,reuse_or_run,not_available,no verified transductive three-seed default evidence
scNAME,wall-robot-navigation,"42,123,7",transductive,reuse_or_run,not_available,no verified transductive three-seed default evidence
scNAME,water_quality,"42,123,7",transductive,reuse_or_run,not_available,no verified transductive three-seed default evidence
scNAME,Waveform,"42,123,7",transductive,reuse_or_run,not_available,no verified transductive three-seed default evidence
scNAME,weather,"42,123,7",transductive,reuse_or_run,not_available,no verified transductive three-seed default evidence
scNAME,website_phishing,"42,123,7",transductive,reuse_or_run,not_available,no verified transductive three-seed default evidence
scNAME,wine,"42,123,7",transductive,reuse_or_run,not_available,no verified transductive three-seed default evidence
scNAME,wine_customer,"42,123,7",transductive,reuse_or_run,not_available,no verified transductive three-seed default evidence
scNAME,wine_quality,"42,123,7",transductive,reuse_or_run,not_available,no verified transductive three-seed default evidence
scNAME,wireless_indoor_localization,"42,123,7",transductive,reuse_or_run,not_available,no verified transductive three-seed default evidence
scNAME,world12d,"42,123,7",transductive,reuse_or_run,not_available,no verified transductive three-seed default evidence
scNAME,wos,"42,123,7",transductive,reuse_or_run,not_available,no verified transductive three-seed default evidence
scNAME,yeast,"42,123,7",transductive,reuse_or_run,not_available,no verified transductive three-seed default evidence
scNAME,zoo,"42,123,7",transductive,reuse_or_run,not_available,no verified transductive three-seed default evidence
scNAME,Blood_BoneMarrow,"42,123,7",transductive,reuse_or_run,not_available,no verified transductive three-seed default evidence
scNAME,Human_Pancreas_1,"42,123,7",transductive,reuse_or_run,not_available,no verified transductive three-seed default evidence
scNAME,Human_Pancreas_3,"42,123,7",transductive,reuse_or_run,not_available,no verified transductive three-seed default evidence
scNAME,Mouse_Pancreas_1,"42,123,7",transductive,reuse_or_run,not_available,no verified transductive three-seed default evidence
scNAME,PRJNA895163,"42,123,7",transductive,reuse_or_run,not_available,no verified transductive three-seed default evidence
scNAME,TabulaSapiens_Pancreas,"42,123,7",transductive,reuse_or_run,not_available,no verified transductive three-seed default evidence
scNAME,Bach,"42,123,7",transductive,reuse_or_run,not_available,no verified transductive three-seed default evidence
scNAME,Baron,"42,123,7",transductive,reuse_or_run,not_available,no verified transductive three-seed default evidence
scNAME,Guo,"42,123,7",transductive,reuse_or_run,not_available,no verified transductive three-seed default evidence
scNAME,Limb_Muscle,"42,123,7",transductive,reuse_or_run,not_available,no verified transductive three-seed default evidence
scNAME,Macosko,"42,123,7",transductive,reuse_or_run,not_available,no verified transductive three-seed default evidence
scNAME,Melanoma_5K,"42,123,7",transductive,reuse_or_run,not_available,no verified transductive three-seed default evidence
scNAME,Pollen,"42,123,7",transductive,reuse_or_run,not_available,no verified transductive three-seed default evidence
scNAME,Quake_10x_Spleen,"42,123,7",transductive,reuse_or_run,not_available,no verified transductive three-seed default evidence
scNAME,Quake_Smart-seq2_Lung,"42,123,7",transductive,reuse_or_run,not_available,no verified transductive three-seed default evidence
scNAME,Shekhar,"42,123,7",transductive,reuse_or_run,not_available,no verified transductive three-seed default evidence
scNAME,Tosches,"42,123,7",transductive,reuse_or_run,not_available,no verified transductive three-seed default evidence
scNAME,Wang,"42,123,7",transductive,reuse_or_run,not_available,no verified transductive three-seed default evidence
scNAME,Young,"42,123,7",transductive,reuse_or_run,not_available,no verified transductive three-seed default evidence
scNAME,hrvatin,"42,123,7",transductive,reuse_or_run,not_available,no verified transductive three-seed default evidence
scNAME,worm_neuron_cell,"42,123,7",transductive,reuse_or_run,not_available,no verified transductive three-seed default evidence
scDeepCluster,20newsgroups,"42,123,7",transductive,reuse_or_run,not_available,no verified transductive three-seed default evidence
scDeepCluster,banknote_authentication,"42,123,7",transductive,reuse_or_run,not_available,no verified transductive three-seed default evidence
scDeepCluster,Baron_Human,"42,123,7",transductive,reuse_or_run,not_available,no verified transductive three-seed default evidence
scDeepCluster,birds_bones_and_living_habits,"42,123,7",transductive,reuse_or_run,not_available,no verified transductive three-seed default evidence
scDeepCluster,blood_transfusion_service_center,"42,123,7",transductive,reuse_or_run,not_available,no verified transductive three-seed default evidence
scDeepCluster,boston,"42,123,7",transductive,reuse_or_run,not_available,no verified transductive three-seed default evidence
scDeepCluster,breast_cancer_coimbra,"42,123,7",transductive,reuse_or_run,not_available,no verified transductive three-seed default evidence
scDeepCluster,breast_cancer_wisconsin_original,"42,123,7",transductive,reuse_or_run,not_available,no verified transductive three-seed default evidence
scDeepCluster,breast_cancer_wisconsin_prognostic,"42,123,7",transductive,reuse_or_run,not_available,no verified transductive three-seed default evidence
scDeepCluster,breast_tissue,"42,123,7",transductive,reuse_or_run,not_available,no verified transductive three-seed default evidence
scDeepCluster,Campbell,"42,123,7",transductive,reuse_or_run,not_available,no verified transductive three-seed default evidence
scDeepCluster,cardiovascular_study,"42,123,7",transductive,reuse_or_run,not_available,no verified transductive three-seed default evidence
scDeepCluster,cifar10,"42,123,7",transductive,reuse_or_run,not_available,no verified transductive three-seed default evidence
scDeepCluster,CIFAR10_CLIP,"42,123,7",transductive,reuse_or_run,not_available,no verified transductive three-seed default evidence
scDeepCluster,classification_in_asteroseismology,"42,123,7",transductive,reuse_or_run,not_available,no verified transductive three-seed default evidence
scDeepCluster,cnae9,"42,123,7",transductive,reuse_or_run,not_available,no verified transductive three-seed default evidence
scDeepCluster,coil20,"42,123,7",transductive,reuse_or_run,not_available,no verified transductive three-seed default evidence
scDeepCluster,COIL20_CLIP,"42,123,7",transductive,reuse_or_run,not_available,no verified transductive three-seed default evidence
scDeepCluster,credit_risk_classification,"42,123,7",transductive,reuse_or_run,not_available,no verified transductive three-seed default evidence
scDeepCluster,crowdsourced_mapping,"42,123,7",transductive,reuse_or_run,not_available,no verified transductive three-seed default evidence
scDeepCluster,customer_classification,"42,123,7",transductive,reuse_or_run,not_available,no verified transductive three-seed default evidence
scDeepCluster,date_fruit,"42,123,7",transductive,reuse_or_run,not_available,no verified transductive three-seed default evidence
scDeepCluster,dermatology,"42,123,7",transductive,reuse_or_run,not_available,no verified transductive three-seed default evidence
scDeepCluster,diabetic_retinopathy_debrecen,"42,123,7",transductive,reuse_or_run,not_available,no verified transductive three-seed default evidence
scDeepCluster,dilbert,"42,123,7",transductive,reuse_or_run,not_available,no verified transductive three-seed default evidence
scDeepCluster,Drug_Consumption,"42,123,7",transductive,reuse_or_run,not_available,no verified transductive three-seed default evidence
scDeepCluster,dry_bean,"42,123,7",transductive,reuse_or_run,not_available,no verified transductive three-seed default evidence
scDeepCluster,durum_wheat_features,"42,123,7",transductive,reuse_or_run,not_available,no verified transductive three-seed default evidence
scDeepCluster,echocardiogram,"42,123,7",transductive,reuse_or_run,not_available,no verified transductive three-seed default evidence
scDeepCluster,ecoli,"42,123,7",transductive,reuse_or_run,not_available,no verified transductive three-seed default evidence
scDeepCluster,enron,"42,123,7",transductive,reuse_or_run,not_available,no verified transductive three-seed default evidence
scDeepCluster,epileptic_seizure_recognition,"42,123,7",transductive,reuse_or_run,not_available,no verified transductive three-seed default evidence
scDeepCluster,extyaleb,"42,123,7",transductive,reuse_or_run,not_available,no verified transductive three-seed default evidence
scDeepCluster,fabert,"42,123,7",transductive,reuse_or_run,not_available,no verified transductive three-seed default evidence
scDeepCluster,fashion_mnist,"42,123,7",transductive,reuse_or_run,not_available,no verified transductive three-seed default evidence
scDeepCluster,FashionMNIST_CLIP,"42,123,7",transductive,reuse_or_run,not_available,no verified transductive three-seed default evidence
scDeepCluster,fbis.wc,"42,123,7",transductive,reuse_or_run,not_available,no verified transductive three-seed default evidence
scDeepCluster,fetal_health_classification,"42,123,7",transductive,reuse_or_run,not_available,no verified transductive three-seed default evidence
scDeepCluster,first-order-theorem-proving,"42,123,7",transductive,reuse_or_run,not_available,no verified transductive three-seed default evidence
scDeepCluster,flickr_material_database,"42,123,7",transductive,reuse_or_run,not_available,no verified transductive three-seed default evidence
scDeepCluster,fraud_detection_bank,"42,123,7",transductive,reuse_or_run,not_available,no verified transductive three-seed default evidence
scDeepCluster,gas-drift,"42,123,7",transductive,reuse_or_run,not_available,no verified transductive three-seed default evidence
scDeepCluster,gina_prior2,"42,123,7",transductive,reuse_or_run,not_available,no verified transductive three-seed default evidence
scDeepCluster,glass_identification,"42,123,7",transductive,reuse_or_run,not_available,no verified transductive three-seed default evidence
scDeepCluster,har,"42,123,7",transductive,reuse_or_run,not_available,no verified transductive three-seed default evidence
scDeepCluster,harbermans_survival,"42,123,7",transductive,reuse_or_run,not_available,no verified transductive three-seed default evidence
scDeepCluster,hate_speech,"42,123,7",transductive,reuse_or_run,not_available,no verified transductive three-seed default evidence
scDeepCluster,heart_attack_analysis_prediction_dataset,"42,123,7",transductive,reuse_or_run,not_available,no verified transductive three-seed default evidence
scDeepCluster,heart_disease,"42,123,7",transductive,reuse_or_run,not_available,no verified transductive three-seed default evidence
scDeepCluster,hepatitis,"42,123,7",transductive,reuse_or_run,not_available,no verified transductive three-seed default evidence
scDeepCluster,htru2,"42,123,7",transductive,reuse_or_run,not_available,no verified transductive three-seed default evidence
scDeepCluster,human_stress_detection,"42,123,7",transductive,reuse_or_run,not_available,no verified transductive three-seed default evidence
scDeepCluster,image_segmentation,"42,123,7",transductive,reuse_or_run,not_available,no verified transductive three-seed default evidence
scDeepCluster,imdb,"42,123,7",transductive,reuse_or_run,not_available,no verified transductive three-seed default evidence
scDeepCluster,Indian_pines,"42,123,7",transductive,reuse_or_run,not_available,no verified transductive three-seed default evidence
scDeepCluster,insurance_company_benchmark,"42,123,7",transductive,reuse_or_run,not_available,no verified transductive three-seed default evidence
scDeepCluster,ionosphere,"42,123,7",transductive,reuse_or_run,not_available,no verified transductive three-seed default evidence
scDeepCluster,iris,"42,123,7",transductive,reuse_or_run,not_available,no verified transductive three-seed default evidence
scDeepCluster,ISOLET,"42,123,7",transductive,reuse_or_run,not_available,no verified transductive three-seed default evidence
scDeepCluster,JapaneseVowels,"42,123,7",transductive,reuse_or_run,not_available,no verified transductive three-seed default evidence
scDeepCluster,labeled_faces_in_the_wild,"42,123,7",transductive,reuse_or_run,not_available,no verified transductive three-seed default evidence
scDeepCluster,letter_recognition,"42,123,7",transductive,reuse_or_run,not_available,no verified transductive three-seed default evidence
scDeepCluster,magic_gamma_telescope,"42,123,7",transductive,reuse_or_run,not_available,no verified transductive three-seed default evidence
scDeepCluster,mammographic_mass,"42,123,7",transductive,reuse_or_run,not_available,no verified transductive three-seed default evidence
scDeepCluster,mfeat-factors,"42,123,7",transductive,reuse_or_run,not_available,no verified transductive three-seed default evidence
scDeepCluster,mfeat-fourier,"42,123,7",transductive,reuse_or_run,not_available,no verified transductive three-seed default evidence
scDeepCluster,mfeat-karhunen,"42,123,7",transductive,reuse_or_run,not_available,no verified transductive three-seed default evidence
scDeepCluster,mfeat-morphological,"42,123,7",transductive,reuse_or_run,not_available,no verified transductive three-seed default evidence
scDeepCluster,micro-mass,"42,123,7",transductive,reuse_or_run,not_available,no verified transductive three-seed default evidence
scDeepCluster,microbes,"42,123,7",transductive,reuse_or_run,not_available,no verified transductive three-seed default evidence
scDeepCluster,mnist64,"42,123,7",transductive,reuse_or_run,not_available,no verified transductive three-seed default evidence
scDeepCluster,MNIST_CLIP,"42,123,7",transductive,reuse_or_run,not_available,no verified transductive three-seed default evidence
scDeepCluster,mobile_price_classification,"42,123,7",transductive,reuse_or_run,not_available,no verified transductive three-seed default evidence
scDeepCluster,Mouse_retina,"42,123,7",transductive,reuse_or_run,not_available,no verified transductive three-seed default evidence
scDeepCluster,music_genre_classification,"42,123,7",transductive,reuse_or_run,not_available,no verified transductive three-seed default evidence
scDeepCluster,olivetti_faces,"42,123,7",transductive,reuse_or_run,not_available,no verified transductive three-seed default evidence
scDeepCluster,optical_recognition_of_handwritten_digits,"42,123,7",transductive,reuse_or_run,not_available,no verified transductive three-seed default evidence
scDeepCluster,orbit_classification_for_prediction_nasa,"42,123,7",transductive,reuse_or_run,not_available,no verified transductive three-seed default evidence
scDeepCluster,paris_housing_classification,"42,123,7",transductive,reuse_or_run,not_available,no verified transductive three-seed default evidence
scDeepCluster,parkinsons,"42,123,7",transductive,reuse_or_run,not_available,no verified transductive three-seed default evidence
scDeepCluster,patient_treatment_classification,"42,123,7",transductive,reuse_or_run,not_available,no verified transductive three-seed default evidence
scDeepCluster,PCam,"42,123,7",transductive,reuse_or_run,not_available,no verified transductive three-seed default evidence
scDeepCluster,pen_based_recognition_of_handwritten_digits,"42,123,7",transductive,reuse_or_run,not_available,no verified transductive three-seed default evidence
scDeepCluster,ph_recognition,"42,123,7",transductive,reuse_or_run,not_available,no verified transductive three-seed default evidence
scDeepCluster,pima_indians_diabetes_database,"42,123,7",transductive,reuse_or_run,not_available,no verified transductive three-seed default evidence
scDeepCluster,pistachio,"42,123,7",transductive,reuse_or_run,not_available,no verified transductive three-seed default evidence
scDeepCluster,planning_relax,"42,123,7",transductive,reuse_or_run,not_available,no verified transductive three-seed default evidence
scDeepCluster,poker-hand,"42,123,7",transductive,reuse_or_run,not_available,no verified transductive three-seed default evidence
scDeepCluster,predicting_pulsar_star,"42,123,7",transductive,reuse_or_run,not_available,no verified transductive three-seed default evidence
scDeepCluster,pumpkin_seeds,"42,123,7",transductive,reuse_or_run,not_available,no verified transductive three-seed default evidence
scDeepCluster,raisin,"42,123,7",transductive,reuse_or_run,not_available,no verified transductive three-seed default evidence
scDeepCluster,reuters,"42,123,7",transductive,reuse_or_run,not_available,no verified transductive three-seed default evidence
scDeepCluster,rice_dataset_cammeo_and_osmancik,"42,123,7",transductive,reuse_or_run,not_available,no verified transductive three-seed default evidence
scDeepCluster,rice_seed_gonen_jasmine,"42,123,7",transductive,reuse_or_run,not_available,no verified transductive three-seed default evidence
scDeepCluster,rmftsa_sleepdata,"42,123,7",transductive,reuse_or_run,not_available,no verified transductive three-seed default evidence
scDeepCluster,satellite_image,"42,123,7",transductive,reuse_or_run,not_available,no verified transductive three-seed default evidence
scDeepCluster,secom,"42,123,7",transductive,reuse_or_run,not_available,no verified transductive three-seed default evidence
scDeepCluster,seeds,"42,123,7",transductive,reuse_or_run,not_available,no verified transductive three-seed default evidence
scDeepCluster,seismic_bumps,"42,123,7",transductive,reuse_or_run,not_available,no verified transductive three-seed default evidence
scDeepCluster,sentiment_labeld_sentences,"42,123,7",transductive,reuse_or_run,not_available,no verified transductive three-seed default evidence
scDeepCluster,shuttle,"42,123,7",transductive,reuse_or_run,not_available,no verified transductive three-seed default evidence
scDeepCluster,siberian_weather_stats,"42,123,7",transductive,reuse_or_run,not_available,no verified transductive three-seed default evidence
scDeepCluster,skillcraft1_master_table_dataset,"42,123,7",transductive,reuse_or_run,not_available,no verified transductive three-seed default evidence
scDeepCluster,smoker_condition,"42,123,7",transductive,reuse_or_run,not_available,no verified transductive three-seed default evidence
scDeepCluster,sms_spam_collection,"42,123,7",transductive,reuse_or_run,not_available,no verified transductive three-seed default evidence
scDeepCluster,spambase,"42,123,7",transductive,reuse_or_run,not_available,no verified transductive three-seed default evidence
scDeepCluster,spectf_heart,"42,123,7",transductive,reuse_or_run,not_available,no verified transductive three-seed default evidence
scDeepCluster,statlog_german_credit,"42,123,7",transductive,reuse_or_run,not_available,no verified transductive three-seed default evidence
scDeepCluster,statlog_image_segmentation,"42,123,7",transductive,reuse_or_run,not_available,no verified transductive three-seed default evidence
scDeepCluster,steel-plates-fault,"42,123,7",transductive,reuse_or_run,not_available,no verified transductive three-seed default evidence
scDeepCluster,street_view_house_numbers,"42,123,7",transductive,reuse_or_run,not_available,no verified transductive three-seed default evidence
scDeepCluster,student_grade,"42,123,7",transductive,reuse_or_run,not_available,no verified transductive three-seed default evidence
scDeepCluster,synthetic_control,"42,123,7",transductive,reuse_or_run,not_available,no verified transductive three-seed default evidence
scDeepCluster,tamilnadu-electricity,"42,123,7",transductive,reuse_or_run,not_available,no verified transductive three-seed default evidence
scDeepCluster,tr45.wc,"42,123,7",transductive,reuse_or_run,not_available,no verified transductive three-seed default evidence
scDeepCluster,turkish_music_emotion,"42,123,7",transductive,reuse_or_run,not_available,no verified transductive three-seed default evidence
scDeepCluster,user_knowledge_modeling,"42,123,7",transductive,reuse_or_run,not_available,no verified transductive three-seed default evidence
scDeepCluster,vehicle,"42,123,7",transductive,reuse_or_run,not_available,no verified transductive three-seed default evidence
scDeepCluster,wall-robot-navigation,"42,123,7",transductive,reuse_or_run,not_available,no verified transductive three-seed default evidence
scDeepCluster,water_quality,"42,123,7",transductive,reuse_or_run,not_available,no verified transductive three-seed default evidence
scDeepCluster,Waveform,"42,123,7",transductive,reuse_or_run,not_available,no verified transductive three-seed default evidence
scDeepCluster,weather,"42,123,7",transductive,reuse_or_run,not_available,no verified transductive three-seed default evidence
scDeepCluster,website_phishing,"42,123,7",transductive,reuse_or_run,not_available,no verified transductive three-seed default evidence
scDeepCluster,wine,"42,123,7",transductive,reuse_or_run,not_available,no verified transductive three-seed default evidence
scDeepCluster,wine_customer,"42,123,7",transductive,reuse_or_run,not_available,no verified transductive three-seed default evidence
scDeepCluster,wine_quality,"42,123,7",transductive,reuse_or_run,not_available,no verified transductive three-seed default evidence
scDeepCluster,wireless_indoor_localization,"42,123,7",transductive,reuse_or_run,not_available,no verified transductive three-seed default evidence
scDeepCluster,world12d,"42,123,7",transductive,reuse_or_run,not_available,no verified transductive three-seed default evidence
scDeepCluster,wos,"42,123,7",transductive,reuse_or_run,not_available,no verified transductive three-seed default evidence
scDeepCluster,yeast,"42,123,7",transductive,reuse_or_run,not_available,no verified transductive three-seed default evidence
scDeepCluster,zoo,"42,123,7",transductive,reuse_or_run,not_available,no verified transductive three-seed default evidence
scDeepCluster,Blood_BoneMarrow,"42,123,7",transductive,reuse_or_run,not_available,no verified transductive three-seed default evidence
scDeepCluster,Human_Pancreas_1,"42,123,7",transductive,reuse_or_run,not_available,no verified transductive three-seed default evidence
scDeepCluster,Human_Pancreas_3,"42,123,7",transductive,reuse_or_run,not_available,no verified transductive three-seed default evidence
scDeepCluster,Mouse_Pancreas_1,"42,123,7",transductive,reuse_or_run,not_available,no verified transductive three-seed default evidence
scDeepCluster,PRJNA895163,"42,123,7",transductive,reuse_or_run,not_available,no verified transductive three-seed default evidence
scDeepCluster,TabulaSapiens_Pancreas,"42,123,7",transductive,reuse_or_run,not_available,no verified transductive three-seed default evidence
scDeepCluster,Bach,"42,123,7",transductive,reuse_or_run,not_available,no verified transductive three-seed default evidence
scDeepCluster,Baron,"42,123,7",transductive,reuse_or_run,not_available,no verified transductive three-seed default evidence
scDeepCluster,Guo,"42,123,7",transductive,reuse_or_run,not_available,no verified transductive three-seed default evidence
scDeepCluster,Limb_Muscle,"42,123,7",transductive,reuse_or_run,not_available,no verified transductive three-seed default evidence
scDeepCluster,Macosko,"42,123,7",transductive,reuse_or_run,not_available,no verified transductive three-seed default evidence
scDeepCluster,Melanoma_5K,"42,123,7",transductive,reuse_or_run,not_available,no verified transductive three-seed default evidence
scDeepCluster,Pollen,"42,123,7",transductive,reuse_or_run,not_available,no verified transductive three-seed default evidence
scDeepCluster,Quake_10x_Spleen,"42,123,7",transductive,reuse_or_run,not_available,no verified transductive three-seed default evidence
scDeepCluster,Quake_Smart-seq2_Lung,"42,123,7",transductive,reuse_or_run,not_available,no verified transductive three-seed default evidence
scDeepCluster,Shekhar,"42,123,7",transductive,reuse_or_run,not_available,no verified transductive three-seed default evidence
scDeepCluster,Tosches,"42,123,7",transductive,reuse_or_run,not_available,no verified transductive three-seed default evidence
scDeepCluster,Wang,"42,123,7",transductive,reuse_or_run,not_available,no verified transductive three-seed default evidence
scDeepCluster,Young,"42,123,7",transductive,reuse_or_run,not_available,no verified transductive three-seed default evidence
scDeepCluster,hrvatin,"42,123,7",transductive,reuse_or_run,not_available,no verified transductive three-seed default evidence
scDeepCluster,worm_neuron_cell,"42,123,7",transductive,reuse_or_run,not_available,no verified transductive three-seed default evidence
scCDCG,20newsgroups,"42,123,7",transductive,reuse_or_run,not_available,no verified transductive three-seed default evidence
scCDCG,banknote_authentication,"42,123,7",transductive,reuse_or_run,not_available,no verified transductive three-seed default evidence
scCDCG,Baron_Human,"42,123,7",transductive,reuse_or_run,not_available,no verified transductive three-seed default evidence
scCDCG,birds_bones_and_living_habits,"42,123,7",transductive,reuse_or_run,not_available,no verified transductive three-seed default evidence
scCDCG,blood_transfusion_service_center,"42,123,7",transductive,reuse_or_run,not_available,no verified transductive three-seed default evidence
scCDCG,boston,"42,123,7",transductive,reuse_or_run,not_available,no verified transductive three-seed default evidence
scCDCG,breast_cancer_coimbra,"42,123,7",transductive,reuse_or_run,not_available,no verified transductive three-seed default evidence
scCDCG,breast_cancer_wisconsin_original,"42,123,7",transductive,reuse_or_run,not_available,no verified transductive three-seed default evidence
scCDCG,breast_cancer_wisconsin_prognostic,"42,123,7",transductive,reuse_or_run,not_available,no verified transductive three-seed default evidence
scCDCG,breast_tissue,"42,123,7",transductive,reuse_or_run,not_available,no verified transductive three-seed default evidence
scCDCG,Campbell,"42,123,7",transductive,reuse_or_run,not_available,no verified transductive three-seed default evidence
scCDCG,cardiovascular_study,"42,123,7",transductive,reuse_or_run,not_available,no verified transductive three-seed default evidence
scCDCG,cifar10,"42,123,7",transductive,reuse_or_run,not_available,no verified transductive three-seed default evidence
scCDCG,CIFAR10_CLIP,"42,123,7",transductive,reuse_or_run,not_available,no verified transductive three-seed default evidence
scCDCG,classification_in_asteroseismology,"42,123,7",transductive,reuse_or_run,not_available,no verified transductive three-seed default evidence
scCDCG,cnae9,"42,123,7",transductive,reuse_or_run,not_available,no verified transductive three-seed default evidence
scCDCG,coil20,"42,123,7",transductive,reuse_or_run,not_available,no verified transductive three-seed default evidence
scCDCG,COIL20_CLIP,"42,123,7",transductive,reuse_or_run,not_available,no verified transductive three-seed default evidence
scCDCG,credit_risk_classification,"42,123,7",transductive,reuse_or_run,not_available,no verified transductive three-seed default evidence
scCDCG,crowdsourced_mapping,"42,123,7",transductive,reuse_or_run,not_available,no verified transductive three-seed default evidence
scCDCG,customer_classification,"42,123,7",transductive,reuse_or_run,not_available,no verified transductive three-seed default evidence
scCDCG,date_fruit,"42,123,7",transductive,reuse_or_run,not_available,no verified transductive three-seed default evidence
scCDCG,dermatology,"42,123,7",transductive,reuse_or_run,not_available,no verified transductive three-seed default evidence
scCDCG,diabetic_retinopathy_debrecen,"42,123,7",transductive,reuse_or_run,not_available,no verified transductive three-seed default evidence
scCDCG,dilbert,"42,123,7",transductive,reuse_or_run,not_available,no verified transductive three-seed default evidence
scCDCG,Drug_Consumption,"42,123,7",transductive,reuse_or_run,not_available,no verified transductive three-seed default evidence
scCDCG,dry_bean,"42,123,7",transductive,reuse_or_run,not_available,no verified transductive three-seed default evidence
scCDCG,durum_wheat_features,"42,123,7",transductive,reuse_or_run,not_available,no verified transductive three-seed default evidence
scCDCG,echocardiogram,"42,123,7",transductive,reuse_or_run,not_available,no verified transductive three-seed default evidence
scCDCG,ecoli,"42,123,7",transductive,reuse_or_run,not_available,no verified transductive three-seed default evidence
scCDCG,enron,"42,123,7",transductive,reuse_or_run,not_available,no verified transductive three-seed default evidence
scCDCG,epileptic_seizure_recognition,"42,123,7",transductive,reuse_or_run,not_available,no verified transductive three-seed default evidence
scCDCG,extyaleb,"42,123,7",transductive,reuse_or_run,not_available,no verified transductive three-seed default evidence
scCDCG,fabert,"42,123,7",transductive,reuse_or_run,not_available,no verified transductive three-seed default evidence
scCDCG,fashion_mnist,"42,123,7",transductive,reuse_or_run,not_available,no verified transductive three-seed default evidence
scCDCG,FashionMNIST_CLIP,"42,123,7",transductive,reuse_or_run,not_available,no verified transductive three-seed default evidence
scCDCG,fbis.wc,"42,123,7",transductive,reuse_or_run,not_available,no verified transductive three-seed default evidence
scCDCG,fetal_health_classification,"42,123,7",transductive,reuse_or_run,not_available,no verified transductive three-seed default evidence
scCDCG,first-order-theorem-proving,"42,123,7",transductive,reuse_or_run,not_available,no verified transductive three-seed default evidence
scCDCG,flickr_material_database,"42,123,7",transductive,reuse_or_run,not_available,no verified transductive three-seed default evidence
scCDCG,fraud_detection_bank,"42,123,7",transductive,reuse_or_run,not_available,no verified transductive three-seed default evidence
scCDCG,gas-drift,"42,123,7",transductive,reuse_or_run,not_available,no verified transductive three-seed default evidence
scCDCG,gina_prior2,"42,123,7",transductive,reuse_or_run,not_available,no verified transductive three-seed default evidence
scCDCG,glass_identification,"42,123,7",transductive,reuse_or_run,not_available,no verified transductive three-seed default evidence
scCDCG,har,"42,123,7",transductive,reuse_or_run,not_available,no verified transductive three-seed default evidence
scCDCG,harbermans_survival,"42,123,7",transductive,reuse_or_run,not_available,no verified transductive three-seed default evidence
scCDCG,hate_speech,"42,123,7",transductive,reuse_or_run,not_available,no verified transductive three-seed default evidence
scCDCG,heart_attack_analysis_prediction_dataset,"42,123,7",transductive,reuse_or_run,not_available,no verified transductive three-seed default evidence
scCDCG,heart_disease,"42,123,7",transductive,reuse_or_run,not_available,no verified transductive three-seed default evidence
scCDCG,hepatitis,"42,123,7",transductive,reuse_or_run,not_available,no verified transductive three-seed default evidence
scCDCG,htru2,"42,123,7",transductive,reuse_or_run,not_available,no verified transductive three-seed default evidence
scCDCG,human_stress_detection,"42,123,7",transductive,reuse_or_run,not_available,no verified transductive three-seed default evidence
scCDCG,image_segmentation,"42,123,7",transductive,reuse_or_run,not_available,no verified transductive three-seed default evidence
scCDCG,imdb,"42,123,7",transductive,reuse_or_run,not_available,no verified transductive three-seed default evidence
scCDCG,Indian_pines,"42,123,7",transductive,reuse_or_run,not_available,no verified transductive three-seed default evidence
scCDCG,insurance_company_benchmark,"42,123,7",transductive,reuse_or_run,not_available,no verified transductive three-seed default evidence
scCDCG,ionosphere,"42,123,7",transductive,reuse_or_run,not_available,no verified transductive three-seed default evidence
scCDCG,iris,"42,123,7",transductive,reuse_or_run,not_available,no verified transductive three-seed default evidence
scCDCG,ISOLET,"42,123,7",transductive,reuse_or_run,not_available,no verified transductive three-seed default evidence
scCDCG,JapaneseVowels,"42,123,7",transductive,reuse_or_run,not_available,no verified transductive three-seed default evidence
scCDCG,labeled_faces_in_the_wild,"42,123,7",transductive,reuse_or_run,not_available,no verified transductive three-seed default evidence
scCDCG,letter_recognition,"42,123,7",transductive,reuse_or_run,not_available,no verified transductive three-seed default evidence
scCDCG,magic_gamma_telescope,"42,123,7",transductive,reuse_or_run,not_available,no verified transductive three-seed default evidence
scCDCG,mammographic_mass,"42,123,7",transductive,reuse_or_run,not_available,no verified transductive three-seed default evidence
scCDCG,mfeat-factors,"42,123,7",transductive,reuse_or_run,not_available,no verified transductive three-seed default evidence
scCDCG,mfeat-fourier,"42,123,7",transductive,reuse_or_run,not_available,no verified transductive three-seed default evidence
scCDCG,mfeat-karhunen,"42,123,7",transductive,reuse_or_run,not_available,no verified transductive three-seed default evidence
scCDCG,mfeat-morphological,"42,123,7",transductive,reuse_or_run,not_available,no verified transductive three-seed default evidence
scCDCG,micro-mass,"42,123,7",transductive,reuse_or_run,not_available,no verified transductive three-seed default evidence
scCDCG,microbes,"42,123,7",transductive,reuse_or_run,not_available,no verified transductive three-seed default evidence
scCDCG,mnist64,"42,123,7",transductive,reuse_or_run,not_available,no verified transductive three-seed default evidence
scCDCG,MNIST_CLIP,"42,123,7",transductive,reuse_or_run,not_available,no verified transductive three-seed default evidence
scCDCG,mobile_price_classification,"42,123,7",transductive,reuse_or_run,not_available,no verified transductive three-seed default evidence
scCDCG,Mouse_retina,"42,123,7",transductive,reuse_or_run,not_available,no verified transductive three-seed default evidence
scCDCG,music_genre_classification,"42,123,7",transductive,reuse_or_run,not_available,no verified transductive three-seed default evidence
scCDCG,olivetti_faces,"42,123,7",transductive,reuse_or_run,not_available,no verified transductive three-seed default evidence
scCDCG,optical_recognition_of_handwritten_digits,"42,123,7",transductive,reuse_or_run,not_available,no verified transductive three-seed default evidence
scCDCG,orbit_classification_for_prediction_nasa,"42,123,7",transductive,reuse_or_run,not_available,no verified transductive three-seed default evidence
scCDCG,paris_housing_classification,"42,123,7",transductive,reuse_or_run,not_available,no verified transductive three-seed default evidence
scCDCG,parkinsons,"42,123,7",transductive,reuse_or_run,not_available,no verified transductive three-seed default evidence
scCDCG,patient_treatment_classification,"42,123,7",transductive,reuse_or_run,not_available,no verified transductive three-seed default evidence
scCDCG,PCam,"42,123,7",transductive,reuse_or_run,not_available,no verified transductive three-seed default evidence
scCDCG,pen_based_recognition_of_handwritten_digits,"42,123,7",transductive,reuse_or_run,not_available,no verified transductive three-seed default evidence
scCDCG,ph_recognition,"42,123,7",transductive,reuse_or_run,not_available,no verified transductive three-seed default evidence
scCDCG,pima_indians_diabetes_database,"42,123,7",transductive,reuse_or_run,not_available,no verified transductive three-seed default evidence
scCDCG,pistachio,"42,123,7",transductive,reuse_or_run,not_available,no verified transductive three-seed default evidence
scCDCG,planning_relax,"42,123,7",transductive,reuse_or_run,not_available,no verified transductive three-seed default evidence
scCDCG,poker-hand,"42,123,7",transductive,reuse_or_run,not_available,no verified transductive three-seed default evidence
scCDCG,predicting_pulsar_star,"42,123,7",transductive,reuse_or_run,not_available,no verified transductive three-seed default evidence
scCDCG,pumpkin_seeds,"42,123,7",transductive,reuse_or_run,not_available,no verified transductive three-seed default evidence
scCDCG,raisin,"42,123,7",transductive,reuse_or_run,not_available,no verified transductive three-seed default evidence
scCDCG,reuters,"42,123,7",transductive,reuse_or_run,not_available,no verified transductive three-seed default evidence
scCDCG,rice_dataset_cammeo_and_osmancik,"42,123,7",transductive,reuse_or_run,not_available,no verified transductive three-seed default evidence
scCDCG,rice_seed_gonen_jasmine,"42,123,7",transductive,reuse_or_run,not_available,no verified transductive three-seed default evidence
scCDCG,rmftsa_sleepdata,"42,123,7",transductive,reuse_or_run,not_available,no verified transductive three-seed default evidence
scCDCG,satellite_image,"42,123,7",transductive,reuse_or_run,not_available,no verified transductive three-seed default evidence
scCDCG,secom,"42,123,7",transductive,reuse_or_run,not_available,no verified transductive three-seed default evidence
scCDCG,seeds,"42,123,7",transductive,reuse_or_run,not_available,no verified transductive three-seed default evidence
scCDCG,seismic_bumps,"42,123,7",transductive,reuse_or_run,not_available,no verified transductive three-seed default evidence
scCDCG,sentiment_labeld_sentences,"42,123,7",transductive,reuse_or_run,not_available,no verified transductive three-seed default evidence
scCDCG,shuttle,"42,123,7",transductive,reuse_or_run,not_available,no verified transductive three-seed default evidence
scCDCG,siberian_weather_stats,"42,123,7",transductive,reuse_or_run,not_available,no verified transductive three-seed default evidence
scCDCG,skillcraft1_master_table_dataset,"42,123,7",transductive,reuse_or_run,not_available,no verified transductive three-seed default evidence
scCDCG,smoker_condition,"42,123,7",transductive,reuse_or_run,not_available,no verified transductive three-seed default evidence
scCDCG,sms_spam_collection,"42,123,7",transductive,reuse_or_run,not_available,no verified transductive three-seed default evidence
scCDCG,spambase,"42,123,7",transductive,reuse_or_run,not_available,no verified transductive three-seed default evidence
scCDCG,spectf_heart,"42,123,7",transductive,reuse_or_run,not_available,no verified transductive three-seed default evidence
scCDCG,statlog_german_credit,"42,123,7",transductive,reuse_or_run,not_available,no verified transductive three-seed default evidence
scCDCG,statlog_image_segmentation,"42,123,7",transductive,reuse_or_run,not_available,no verified transductive three-seed default evidence
scCDCG,steel-plates-fault,"42,123,7",transductive,reuse_or_run,not_available,no verified transductive three-seed default evidence
scCDCG,street_view_house_numbers,"42,123,7",transductive,reuse_or_run,not_available,no verified transductive three-seed default evidence
scCDCG,student_grade,"42,123,7",transductive,reuse_or_run,not_available,no verified transductive three-seed default evidence
scCDCG,synthetic_control,"42,123,7",transductive,reuse_or_run,not_available,no verified transductive three-seed default evidence
scCDCG,tamilnadu-electricity,"42,123,7",transductive,reuse_or_run,not_available,no verified transductive three-seed default evidence
scCDCG,tr45.wc,"42,123,7",transductive,reuse_or_run,not_available,no verified transductive three-seed default evidence
scCDCG,turkish_music_emotion,"42,123,7",transductive,reuse_or_run,not_available,no verified transductive three-seed default evidence
scCDCG,user_knowledge_modeling,"42,123,7",transductive,reuse_or_run,not_available,no verified transductive three-seed default evidence
scCDCG,vehicle,"42,123,7",transductive,reuse_or_run,not_available,no verified transductive three-seed default evidence
scCDCG,wall-robot-navigation,"42,123,7",transductive,reuse_or_run,not_available,no verified transductive three-seed default evidence
scCDCG,water_quality,"42,123,7",transductive,reuse_or_run,not_available,no verified transductive three-seed default evidence
scCDCG,Waveform,"42,123,7",transductive,reuse_or_run,not_available,no verified transductive three-seed default evidence
scCDCG,weather,"42,123,7",transductive,reuse_or_run,not_available,no verified transductive three-seed default evidence
scCDCG,website_phishing,"42,123,7",transductive,reuse_or_run,not_available,no verified transductive three-seed default evidence
scCDCG,wine,"42,123,7",transductive,reuse_or_run,not_available,no verified transductive three-seed default evidence
scCDCG,wine_customer,"42,123,7",transductive,reuse_or_run,not_available,no verified transductive three-seed default evidence
scCDCG,wine_quality,"42,123,7",transductive,reuse_or_run,not_available,no verified transductive three-seed default evidence
scCDCG,wireless_indoor_localization,"42,123,7",transductive,reuse_or_run,not_available,no verified transductive three-seed default evidence
scCDCG,world12d,"42,123,7",transductive,reuse_or_run,not_available,no verified transductive three-seed default evidence
scCDCG,wos,"42,123,7",transductive,reuse_or_run,not_available,no verified transductive three-seed default evidence
scCDCG,yeast,"42,123,7",transductive,reuse_or_run,not_available,no verified transductive three-seed default evidence
scCDCG,zoo,"42,123,7",transductive,reuse_or_run,not_available,no verified transductive three-seed default evidence
scCDCG,Blood_BoneMarrow,"42,123,7",transductive,reuse_or_run,not_available,no verified transductive three-seed default evidence
scCDCG,Human_Pancreas_1,"42,123,7",transductive,reuse_or_run,not_available,no verified transductive three-seed default evidence
scCDCG,Human_Pancreas_3,"42,123,7",transductive,reuse_or_run,not_available,no verified transductive three-seed default evidence
scCDCG,Mouse_Pancreas_1,"42,123,7",transductive,reuse_or_run,not_available,no verified transductive three-seed default evidence
scCDCG,PRJNA895163,"42,123,7",transductive,reuse_or_run,not_available,no verified transductive three-seed default evidence
scCDCG,TabulaSapiens_Pancreas,"42,123,7",transductive,reuse_or_run,not_available,no verified transductive three-seed default evidence
scCDCG,Bach,"42,123,7",transductive,reuse_or_run,not_available,no verified transductive three-seed default evidence
scCDCG,Baron,"42,123,7",transductive,reuse_or_run,not_available,no verified transductive three-seed default evidence
scCDCG,Guo,"42,123,7",transductive,reuse_or_run,not_available,no verified transductive three-seed default evidence
scCDCG,Limb_Muscle,"42,123,7",transductive,reuse_or_run,not_available,no verified transductive three-seed default evidence
scCDCG,Macosko,"42,123,7",transductive,reuse_or_run,not_available,no verified transductive three-seed default evidence
scCDCG,Melanoma_5K,"42,123,7",transductive,reuse_or_run,not_available,no verified transductive three-seed default evidence
scCDCG,Pollen,"42,123,7",transductive,reuse_or_run,not_available,no verified transductive three-seed default evidence
scCDCG,Quake_10x_Spleen,"42,123,7",transductive,reuse_or_run,not_available,no verified transductive three-seed default evidence
scCDCG,Quake_Smart-seq2_Lung,"42,123,7",transductive,reuse_or_run,not_available,no verified transductive three-seed default evidence
scCDCG,Shekhar,"42,123,7",transductive,reuse_or_run,not_available,no verified transductive three-seed default evidence
scCDCG,Tosches,"42,123,7",transductive,reuse_or_run,not_available,no verified transductive three-seed default evidence
scCDCG,Wang,"42,123,7",transductive,reuse_or_run,not_available,no verified transductive three-seed default evidence
scCDCG,Young,"42,123,7",transductive,reuse_or_run,not_available,no verified transductive three-seed default evidence
scCDCG,hrvatin,"42,123,7",transductive,reuse_or_run,not_available,no verified transductive three-seed default evidence
scCDCG,worm_neuron_cell,"42,123,7",transductive,reuse_or_run,not_available,no verified transductive three-seed default evidence
