ACC,ARI,NMI,data_hash,dataset,default_config,device,elapsed_seconds,fit_scope,fit_seconds,gpu,historical_source_path,input_path,labels_used_during_fit,model,n_clusters,n_features,n_samples,output_path,physical_gpu,prediction_scope,protocol,seed,source,status,test_isolation
0.16634971474326893,0.049112693155349434,0.13751116743571254,c55eacb12cce06546cc8e738597c0dbfabf435f3e6d573ec2996149e83134f1e,20newsgroups,True,cpu,42.962732791900635,all_samples,42.96273350715637,,,,False,KMeans,20,4096,9991,/data/luolie/ToPoGate/result/topogate_baseline_transductive_default_20260911_024913/runs/KMeans/20newsgroups/seed42,,same_samples,transductive,42,new_run,completed,not_applicable
0.15964367931138024,0.04648097536038011,0.13249782307109084,c55eacb12cce06546cc8e738597c0dbfabf435f3e6d573ec2996149e83134f1e,20newsgroups,True,cpu,43.37760019302368,all_samples,43.37760066986084,,,,False,KMeans,20,4096,9991,/data/luolie/ToPoGate/result/topogate_baseline_transductive_default_20260911_024913/runs/KMeans/20newsgroups/seed123,,same_samples,transductive,123,new_run,completed,not_applicable
0.16905214693223902,0.05102127101583859,0.13843783796783313,c55eacb12cce06546cc8e738597c0dbfabf435f3e6d573ec2996149e83134f1e,20newsgroups,True,cpu,41.39960479736328,all_samples,41.3996057510376,,,,False,KMeans,20,4096,9991,/data/luolie/ToPoGate/result/topogate_baseline_transductive_default_20260911_024913/runs/KMeans/20newsgroups/seed7,,same_samples,transductive,7,new_run,completed,not_applicable
0.1571414272845561,0.05009169423369773,0.13741687106343195,c55eacb12cce06546cc8e738597c0dbfabf435f3e6d573ec2996149e83134f1e,20newsgroups,True,cpu,3.285068988800049,all_samples,3.285069465637207,,,,False,PCA+KMeans,20,4096,9991,/data/luolie/ToPoGate/result/topogate_baseline_transductive_default_20260911_024913/runs/PCA+KMeans/20newsgroups/seed42,,same_samples,transductive,42,new_run,completed,not_applicable
0.1673506155539986,0.04979472588454922,0.1382751801981243,c55eacb12cce06546cc8e738597c0dbfabf435f3e6d573ec2996149e83134f1e,20newsgroups,True,cpu,2.9055182933807373,all_samples,2.9055190086364746,,,,False,PCA+KMeans,20,4096,9991,/data/luolie/ToPoGate/result/topogate_baseline_transductive_default_20260911_024913/runs/PCA+KMeans/20newsgroups/seed123,,same_samples,transductive,123,new_run,completed,not_applicable
0.16254629166249623,0.04964602354214176,0.13350608264885974,c55eacb12cce06546cc8e738597c0dbfabf435f3e6d573ec2996149e83134f1e,20newsgroups,True,cpu,2.6407272815704346,all_samples,2.640727996826172,,,,False,PCA+KMeans,20,4096,9991,/data/luolie/ToPoGate/result/topogate_baseline_transductive_default_20260911_024913/runs/PCA+KMeans/20newsgroups/seed7,,same_samples,transductive,7,new_run,completed,not_applicable
0.5590379008746356,0.013215832778510952,0.01099525856241277,cc9c529e27bf88969c356f4843b63766030d20c731245a828cda0ed1f17aef7a,banknote_authentication,True,cpu,0.20152878761291504,all_samples,0.20152997970581055,,,,False,KMeans,2,4,1372,/data/luolie/ToPoGate/result/topogate_baseline_transductive_default_20260911_024913/runs/KMeans/banknote_authentication/seed42,,same_samples,transductive,42,new_run,completed,not_applicable
0.5597667638483965,0.013561221100813243,0.011291697951715163,cc9c529e27bf88969c356f4843b63766030d20c731245a828cda0ed1f17aef7a,banknote_authentication,True,cpu,0.1436634063720703,all_samples,0.14366388320922852,,,,False,KMeans,2,4,1372,/data/luolie/ToPoGate/result/topogate_baseline_transductive_default_20260911_024913/runs/KMeans/banknote_authentication/seed123,,same_samples,transductive,123,new_run,completed,not_applicable
0.5590379008746356,0.013215832778510952,0.01099525856241277,cc9c529e27bf88969c356f4843b63766030d20c731245a828cda0ed1f17aef7a,banknote_authentication,True,cpu,0.11604642868041992,all_samples,0.11604714393615723,,,,False,KMeans,2,4,1372,/data/luolie/ToPoGate/result/topogate_baseline_transductive_default_20260911_024913/runs/KMeans/banknote_authentication/seed7,,same_samples,transductive,7,new_run,completed,not_applicable
0.5590379008746356,0.013215832778510952,0.01099525856241277,cc9c529e27bf88969c356f4843b63766030d20c731245a828cda0ed1f17aef7a,banknote_authentication,True,cpu,0.1188499927520752,all_samples,0.1188504695892334,,,,False,PCA+KMeans,2,4,1372,/data/luolie/ToPoGate/result/topogate_baseline_transductive_default_20260911_024913/runs/PCA+KMeans/banknote_authentication/seed42,,same_samples,transductive,42,new_run,completed,not_applicable
0.5597667638483965,0.013561221100813243,0.011291697951715163,cc9c529e27bf88969c356f4843b63766030d20c731245a828cda0ed1f17aef7a,banknote_authentication,True,cpu,0.10905766487121582,all_samples,0.10905814170837402,,,,False,PCA+KMeans,2,4,1372,/data/luolie/ToPoGate/result/topogate_baseline_transductive_default_20260911_024913/runs/PCA+KMeans/banknote_authentication/seed123,,same_samples,transductive,123,new_run,completed,not_applicable
0.5590379008746356,0.013215832778510952,0.01099525856241277,cc9c529e27bf88969c356f4843b63766030d20c731245a828cda0ed1f17aef7a,banknote_authentication,True,cpu,0.10944890975952148,all_samples,0.10944938659667969,,,,False,PCA+KMeans,2,4,1372,/data/luolie/ToPoGate/result/topogate_baseline_transductive_default_20260911_024913/runs/PCA+KMeans/banknote_authentication/seed7,,same_samples,transductive,7,new_run,completed,not_applicable
0.5020707608567033,0.12908850052321338,0.3232348311748705,99c5bb7a272f5b22d64949179c6d49b4b52220670f3a7cef38e9e405902249d8,Baron_Human,True,cpu,98.5519449710846,all_samples,98.55194544792175,,,,False,KMeans,9,20125,8451,/data/luolie/ToPoGate/result/topogate_baseline_transductive_default_20260911_024913/runs/KMeans/Baron_Human/seed42,,same_samples,transductive,42,new_run,completed,not_applicable
0.4727251212874216,0.1435465296120219,0.2972505753079683,99c5bb7a272f5b22d64949179c6d49b4b52220670f3a7cef38e9e405902249d8,Baron_Human,True,cpu,119.92900252342224,all_samples,119.9290030002594,,,,False,KMeans,9,20125,8451,/data/luolie/ToPoGate/result/topogate_baseline_transductive_default_20260911_024913/runs/KMeans/Baron_Human/seed123,,same_samples,transductive,123,new_run,completed,not_applicable
0.45864394746183884,0.13825404210965778,0.3004865102046683,99c5bb7a272f5b22d64949179c6d49b4b52220670f3a7cef38e9e405902249d8,Baron_Human,True,cpu,97.52347755432129,all_samples,97.52347826957703,,,,False,KMeans,9,20125,8451,/data/luolie/ToPoGate/result/topogate_baseline_transductive_default_20260911_024913/runs/KMeans/Baron_Human/seed7,,same_samples,transductive,7,new_run,completed,not_applicable
0.537687847592001,0.28993890324876903,0.4968716745709849,99c5bb7a272f5b22d64949179c6d49b4b52220670f3a7cef38e9e405902249d8,Baron_Human,True,cpu,4.129323959350586,all_samples,4.129324436187744,,,,False,PCA+KMeans,9,20125,8451,/data/luolie/ToPoGate/result/topogate_baseline_transductive_default_20260911_024913/runs/PCA+KMeans/Baron_Human/seed42,,same_samples,transductive,42,new_run,completed,not_applicable
0.5370962016329428,0.2894143079925053,0.49553125466140446,99c5bb7a272f5b22d64949179c6d49b4b52220670f3a7cef38e9e405902249d8,Baron_Human,True,cpu,4.742680072784424,all_samples,4.742680549621582,,,,False,PCA+KMeans,9,20125,8451,/data/luolie/ToPoGate/result/topogate_baseline_transductive_default_20260911_024913/runs/PCA+KMeans/Baron_Human/seed123,,same_samples,transductive,123,new_run,completed,not_applicable
0.537687847592001,0.289990969640699,0.49689890741785614,99c5bb7a272f5b22d64949179c6d49b4b52220670f3a7cef38e9e405902249d8,Baron_Human,True,cpu,4.005511283874512,all_samples,4.005512237548828,,,,False,PCA+KMeans,9,20125,8451,/data/luolie/ToPoGate/result/topogate_baseline_transductive_default_20260911_024913/runs/PCA+KMeans/Baron_Human/seed7,,same_samples,transductive,7,new_run,completed,not_applicable
0.44794188861985473,0.24003111592437765,0.2771690604709028,9b76d262c24d2e6ddd9ddee7fb3aa20d5bbafcdfb6beedcffc0148166369175e,birds_bones_and_living_habits,True,cpu,0.19492483139038086,all_samples,0.19492530822753906,,,,False,KMeans,6,10,413,/data/luolie/ToPoGate/result/topogate_baseline_transductive_default_20260911_024913/runs/KMeans/birds_bones_and_living_habits/seed42,,same_samples,transductive,42,new_run,completed,not_applicable
0.45036319612590797,0.24131980332441863,0.27936654935318195,9b76d262c24d2e6ddd9ddee7fb3aa20d5bbafcdfb6beedcffc0148166369175e,birds_bones_and_living_habits,True,cpu,0.1359105110168457,all_samples,0.135911226272583,,,,False,KMeans,6,10,413,/data/luolie/ToPoGate/result/topogate_baseline_transductive_default_20260911_024913/runs/KMeans/birds_bones_and_living_habits/seed123,,same_samples,transductive,123,new_run,completed,not_applicable
0.45036319612590797,0.24131980332441863,0.279366549353182,9b76d262c24d2e6ddd9ddee7fb3aa20d5bbafcdfb6beedcffc0148166369175e,birds_bones_and_living_habits,True,cpu,0.12703728675842285,all_samples,0.12703800201416016,,,,False,KMeans,6,10,413,/data/luolie/ToPoGate/result/topogate_baseline_transductive_default_20260911_024913/runs/KMeans/birds_bones_and_living_habits/seed7,,same_samples,transductive,7,new_run,completed,not_applicable
0.44794188861985473,0.24003111592437765,0.2771690604709028,9b76d262c24d2e6ddd9ddee7fb3aa20d5bbafcdfb6beedcffc0148166369175e,birds_bones_and_living_habits,True,cpu,0.17400884628295898,all_samples,0.1740095615386963,,,,False,PCA+KMeans,6,10,413,/data/luolie/ToPoGate/result/topogate_baseline_transductive_default_20260911_024913/runs/PCA+KMeans/birds_bones_and_living_habits/seed42,,same_samples,transductive,42,new_run,completed,not_applicable
0.45036319612590797,0.24131980332441863,0.27936654935318195,9b76d262c24d2e6ddd9ddee7fb3aa20d5bbafcdfb6beedcffc0148166369175e,birds_bones_and_living_habits,True,cpu,0.1704418659210205,all_samples,0.1704425811767578,,,,False,PCA+KMeans,6,10,413,/data/luolie/ToPoGate/result/topogate_baseline_transductive_default_20260911_024913/runs/PCA+KMeans/birds_bones_and_living_habits/seed123,,same_samples,transductive,123,new_run,completed,not_applicable
0.45036319612590797,0.24131980332441863,0.279366549353182,9b76d262c24d2e6ddd9ddee7fb3aa20d5bbafcdfb6beedcffc0148166369175e,birds_bones_and_living_habits,True,cpu,0.1661832332611084,all_samples,0.1661841869354248,,,,False,PCA+KMeans,6,10,413,/data/luolie/ToPoGate/result/topogate_baseline_transductive_default_20260911_024913/runs/PCA+KMeans/birds_bones_and_living_habits/seed7,,same_samples,transductive,7,new_run,completed,not_applicable
0.6818181818181818,0.05265589532373491,0.009812002756142309,4c9278dfd77a3191141205185b4c1767a51376e8f586c112ea7780cb4e6a241f,blood_transfusion_service_center,True,cpu,0.12519121170043945,all_samples,0.12519192695617676,,,,False,KMeans,2,4,748,/data/luolie/ToPoGate/result/topogate_baseline_transductive_default_20260911_024913/runs/KMeans/blood_transfusion_service_center/seed42,,same_samples,transductive,42,new_run,completed,not_applicable
0.6751336898395722,0.04800126911870522,0.008599759713896657,4c9278dfd77a3191141205185b4c1767a51376e8f586c112ea7780cb4e6a241f,blood_transfusion_service_center,True,cpu,0.11609411239624023,all_samples,0.11609482765197754,,,,False,KMeans,2,4,748,/data/luolie/ToPoGate/result/topogate_baseline_transductive_default_20260911_024913/runs/KMeans/blood_transfusion_service_center/seed123,,same_samples,transductive,123,new_run,completed,not_applicable
0.6751336898395722,0.04800126911870522,0.008599759713896657,4c9278dfd77a3191141205185b4c1767a51376e8f586c112ea7780cb4e6a241f,blood_transfusion_service_center,True,cpu,0.10627388954162598,all_samples,0.10627436637878418,,,,False,KMeans,2,4,748,/data/luolie/ToPoGate/result/topogate_baseline_transductive_default_20260911_024913/runs/KMeans/blood_transfusion_service_center/seed7,,same_samples,transductive,7,new_run,completed,not_applicable
0.6818181818181818,0.05265589532373491,0.009812002756142309,4c9278dfd77a3191141205185b4c1767a51376e8f586c112ea7780cb4e6a241f,blood_transfusion_service_center,True,cpu,0.11781072616577148,all_samples,0.11781120300292969,,,,False,PCA+KMeans,2,4,748,/data/luolie/ToPoGate/result/topogate_baseline_transductive_default_20260911_024913/runs/PCA+KMeans/blood_transfusion_service_center/seed42,,same_samples,transductive,42,new_run,completed,not_applicable
0.6751336898395722,0.04800126911870522,0.008599759713896657,4c9278dfd77a3191141205185b4c1767a51376e8f586c112ea7780cb4e6a241f,blood_transfusion_service_center,True,cpu,0.11707282066345215,all_samples,0.11707329750061035,,,,False,PCA+KMeans,2,4,748,/data/luolie/ToPoGate/result/topogate_baseline_transductive_default_20260911_024913/runs/PCA+KMeans/blood_transfusion_service_center/seed123,,same_samples,transductive,123,new_run,completed,not_applicable
0.6751336898395722,0.04800126911870522,0.008599759713896657,4c9278dfd77a3191141205185b4c1767a51376e8f586c112ea7780cb4e6a241f,blood_transfusion_service_center,True,cpu,0.11189818382263184,all_samples,0.11189866065979004,,,,False,PCA+KMeans,2,4,748,/data/luolie/ToPoGate/result/topogate_baseline_transductive_default_20260911_024913/runs/PCA+KMeans/blood_transfusion_service_center/seed7,,same_samples,transductive,7,new_run,completed,not_applicable
0.7142857142857143,0.43034004593540565,0.47436738572755005,5e5e6460334c578398a6203567d042d9bfc1d88740fbc5dedfc64528fb1cec88,boston,True,cpu,0.01927924156188965,all_samples,0.01927971839904785,,,,False,KMeans,3,13,154,/data/luolie/ToPoGate/result/topogate_baseline_transductive_default_20260911_024913/runs/KMeans/boston/seed42,,same_samples,transductive,42,new_run,completed,not_applicable
0.7142857142857143,0.43034004593540565,0.47436738572755,5e5e6460334c578398a6203567d042d9bfc1d88740fbc5dedfc64528fb1cec88,boston,True,cpu,0.018517255783081055,all_samples,0.018517732620239258,,,,False,KMeans,3,13,154,/data/luolie/ToPoGate/result/topogate_baseline_transductive_default_20260911_024913/runs/KMeans/boston/seed123,,same_samples,transductive,123,new_run,completed,not_applicable
0.7142857142857143,0.43034004593540565,0.47436738572755,5e5e6460334c578398a6203567d042d9bfc1d88740fbc5dedfc64528fb1cec88,boston,True,cpu,0.018822431564331055,all_samples,0.018822908401489258,,,,False,KMeans,3,13,154,/data/luolie/ToPoGate/result/topogate_baseline_transductive_default_20260911_024913/runs/KMeans/boston/seed7,,same_samples,transductive,7,new_run,completed,not_applicable
0.7142857142857143,0.43034004593540565,0.47436738572755005,5e5e6460334c578398a6203567d042d9bfc1d88740fbc5dedfc64528fb1cec88,boston,True,cpu,0.019428014755249023,all_samples,0.019428253173828125,,,,False,PCA+KMeans,3,13,154,/data/luolie/ToPoGate/result/topogate_baseline_transductive_default_20260911_024913/runs/PCA+KMeans/boston/seed42,,same_samples,transductive,42,new_run,completed,not_applicable
0.7142857142857143,0.43034004593540565,0.47436738572755,5e5e6460334c578398a6203567d042d9bfc1d88740fbc5dedfc64528fb1cec88,boston,True,cpu,0.018350839614868164,all_samples,0.018351316452026367,,,,False,PCA+KMeans,3,13,154,/data/luolie/ToPoGate/result/topogate_baseline_transductive_default_20260911_024913/runs/PCA+KMeans/boston/seed123,,same_samples,transductive,123,new_run,completed,not_applicable
0.7142857142857143,0.43034004593540565,0.47436738572755,5e5e6460334c578398a6203567d042d9bfc1d88740fbc5dedfc64528fb1cec88,boston,True,cpu,0.018548965454101562,all_samples,0.018549203872680664,,,,False,PCA+KMeans,3,13,154,/data/luolie/ToPoGate/result/topogate_baseline_transductive_default_20260911_024913/runs/PCA+KMeans/boston/seed7,,same_samples,transductive,7,new_run,completed,not_applicable
0.5517241379310345,0.0018658897581825579,0.017052173372611643,f2d0b55ac02802747cc13906edf04fd76274f30abeac8f9ca7ff90811d381829,breast_cancer_coimbra,True,cpu,0.014891862869262695,all_samples,0.014892101287841797,,,,False,KMeans,2,9,116,/data/luolie/ToPoGate/result/topogate_baseline_transductive_default_20260911_024913/runs/KMeans/breast_cancer_coimbra/seed42,,same_samples,transductive,42,new_run,completed,not_applicable
0.5517241379310345,0.0018658897581825579,0.017052173372611643,f2d0b55ac02802747cc13906edf04fd76274f30abeac8f9ca7ff90811d381829,breast_cancer_coimbra,True,cpu,0.015966415405273438,all_samples,0.01596689224243164,,,,False,KMeans,2,9,116,/data/luolie/ToPoGate/result/topogate_baseline_transductive_default_20260911_024913/runs/KMeans/breast_cancer_coimbra/seed123,,same_samples,transductive,123,new_run,completed,not_applicable
0.5517241379310345,0.0018658897581825579,0.017052173372611643,f2d0b55ac02802747cc13906edf04fd76274f30abeac8f9ca7ff90811d381829,breast_cancer_coimbra,True,cpu,0.01360321044921875,all_samples,0.013603448867797852,,,,False,KMeans,2,9,116,/data/luolie/ToPoGate/result/topogate_baseline_transductive_default_20260911_024913/runs/KMeans/breast_cancer_coimbra/seed7,,same_samples,transductive,7,new_run,completed,not_applicable
0.5517241379310345,0.0018658897581825579,0.017052173372611643,f2d0b55ac02802747cc13906edf04fd76274f30abeac8f9ca7ff90811d381829,breast_cancer_coimbra,True,cpu,0.01506185531616211,all_samples,0.015062093734741211,,,,False,PCA+KMeans,2,9,116,/data/luolie/ToPoGate/result/topogate_baseline_transductive_default_20260911_024913/runs/PCA+KMeans/breast_cancer_coimbra/seed42,,same_samples,transductive,42,new_run,completed,not_applicable
0.5517241379310345,0.0018658897581825579,0.017052173372611643,f2d0b55ac02802747cc13906edf04fd76274f30abeac8f9ca7ff90811d381829,breast_cancer_coimbra,True,cpu,0.01540994644165039,all_samples,0.015410423278808594,,,,False,PCA+KMeans,2,9,116,/data/luolie/ToPoGate/result/topogate_baseline_transductive_default_20260911_024913/runs/PCA+KMeans/breast_cancer_coimbra/seed123,,same_samples,transductive,123,new_run,completed,not_applicable
0.5517241379310345,0.0018658897581825579,0.017052173372611643,f2d0b55ac02802747cc13906edf04fd76274f30abeac8f9ca7ff90811d381829,breast_cancer_coimbra,True,cpu,0.014309167861938477,all_samples,0.014309406280517578,,,,False,PCA+KMeans,2,9,116,/data/luolie/ToPoGate/result/topogate_baseline_transductive_default_20260911_024913/runs/PCA+KMeans/breast_cancer_coimbra/seed7,,same_samples,transductive,7,new_run,completed,not_applicable
0.9546120058565154,0.8247362095558954,0.7205902226604171,3ba1713b62cf59ab7944eb4c3d13d579c92f6d9ec6632f8e6b4977045ecb15bf,breast_cancer_wisconsin_original,True,cpu,0.12377142906188965,all_samples,0.12377190589904785,,,,False,KMeans,2,9,683,/data/luolie/ToPoGate/result/topogate_baseline_transductive_default_20260911_024913/runs/KMeans/breast_cancer_wisconsin_original/seed42,,same_samples,transductive,42,new_run,completed,not_applicable
0.9575402635431918,0.8355975533950785,0.7334826913974551,3ba1713b62cf59ab7944eb4c3d13d579c92f6d9ec6632f8e6b4977045ecb15bf,breast_cancer_wisconsin_original,True,cpu,0.10978531837463379,all_samples,0.10978555679321289,,,,False,KMeans,2,9,683,/data/luolie/ToPoGate/result/topogate_baseline_transductive_default_20260911_024913/runs/KMeans/breast_cancer_wisconsin_original/seed123,,same_samples,transductive,123,new_run,completed,not_applicable
0.9575402635431918,0.8355975533950785,0.7334826913974551,3ba1713b62cf59ab7944eb4c3d13d579c92f6d9ec6632f8e6b4977045ecb15bf,breast_cancer_wisconsin_original,True,cpu,0.10679769515991211,all_samples,0.10679817199707031,,,,False,KMeans,2,9,683,/data/luolie/ToPoGate/result/topogate_baseline_transductive_default_20260911_024913/runs/KMeans/breast_cancer_wisconsin_original/seed7,,same_samples,transductive,7,new_run,completed,not_applicable
0.9546120058565154,0.8247362095558954,0.7205902226604171,3ba1713b62cf59ab7944eb4c3d13d579c92f6d9ec6632f8e6b4977045ecb15bf,breast_cancer_wisconsin_original,True,cpu,0.11801457405090332,all_samples,0.11801505088806152,,,,False,PCA+KMeans,2,9,683,/data/luolie/ToPoGate/result/topogate_baseline_transductive_default_20260911_024913/runs/PCA+KMeans/breast_cancer_wisconsin_original/seed42,,same_samples,transductive,42,new_run,completed,not_applicable
0.9575402635431918,0.8355975533950785,0.7334826913974551,3ba1713b62cf59ab7944eb4c3d13d579c92f6d9ec6632f8e6b4977045ecb15bf,breast_cancer_wisconsin_original,True,cpu,0.12445425987243652,all_samples,0.12445473670959473,,,,False,PCA+KMeans,2,9,683,/data/luolie/ToPoGate/result/topogate_baseline_transductive_default_20260911_024913/runs/PCA+KMeans/breast_cancer_wisconsin_original/seed123,,same_samples,transductive,123,new_run,completed,not_applicable
0.9575402635431918,0.8355975533950785,0.7334826913974551,3ba1713b62cf59ab7944eb4c3d13d579c92f6d9ec6632f8e6b4977045ecb15bf,breast_cancer_wisconsin_original,True,cpu,0.13184237480163574,all_samples,0.13184285163879395,,,,False,PCA+KMeans,2,9,683,/data/luolie/ToPoGate/result/topogate_baseline_transductive_default_20260911_024913/runs/PCA+KMeans/breast_cancer_wisconsin_original/seed7,,same_samples,transductive,7,new_run,completed,not_applicable
0.9103690685413005,0.6707206476880808,0.5546122184105555,4d81be40659ac3574e5b804c3d9fd88702c0bf81f852714c833bc13cc9279946,breast_cancer_wisconsin_prognostic,True,cpu,0.8416709899902344,all_samples,0.8416721820831299,,,,False,KMeans,2,30,569,/data/luolie/ToPoGate/result/topogate_baseline_transductive_default_20260911_024913/runs/KMeans/breast_cancer_wisconsin_prognostic/seed42,,same_samples,transductive,42,new_run,completed,not_applicable
0.9103690685413005,0.6707206476880808,0.5546122184105555,4d81be40659ac3574e5b804c3d9fd88702c0bf81f852714c833bc13cc9279946,breast_cancer_wisconsin_prognostic,True,cpu,0.5638000965118408,all_samples,0.5638015270233154,,,,False,KMeans,2,30,569,/data/luolie/ToPoGate/result/topogate_baseline_transductive_default_20260911_024913/runs/KMeans/breast_cancer_wisconsin_prognostic/seed123,,same_samples,transductive,123,new_run,completed,not_applicable
0.9103690685413005,0.6707206476880808,0.5546122184105555,4d81be40659ac3574e5b804c3d9fd88702c0bf81f852714c833bc13cc9279946,breast_cancer_wisconsin_prognostic,True,cpu,0.4270436763763428,all_samples,0.4270446300506592,,,,False,KMeans,2,30,569,/data/luolie/ToPoGate/result/topogate_baseline_transductive_default_20260911_024913/runs/KMeans/breast_cancer_wisconsin_prognostic/seed7,,same_samples,transductive,7,new_run,completed,not_applicable
0.9103690685413005,0.6707206476880808,0.5546122184105555,4d81be40659ac3574e5b804c3d9fd88702c0bf81f852714c833bc13cc9279946,breast_cancer_wisconsin_prognostic,True,cpu,0.43875694274902344,all_samples,0.43875789642333984,,,,False,PCA+KMeans,2,30,569,/data/luolie/ToPoGate/result/topogate_baseline_transductive_default_20260911_024913/runs/PCA+KMeans/breast_cancer_wisconsin_prognostic/seed42,,same_samples,transductive,42,new_run,completed,not_applicable
0.9103690685413005,0.6707206476880808,0.5546122184105555,4d81be40659ac3574e5b804c3d9fd88702c0bf81f852714c833bc13cc9279946,breast_cancer_wisconsin_prognostic,True,cpu,0.43627238273620605,all_samples,0.43627309799194336,,,,False,PCA+KMeans,2,30,569,/data/luolie/ToPoGate/result/topogate_baseline_transductive_default_20260911_024913/runs/PCA+KMeans/breast_cancer_wisconsin_prognostic/seed123,,same_samples,transductive,123,new_run,completed,not_applicable
0.9103690685413005,0.6707206476880808,0.5546122184105555,4d81be40659ac3574e5b804c3d9fd88702c0bf81f852714c833bc13cc9279946,breast_cancer_wisconsin_prognostic,True,cpu,0.4868655204772949,all_samples,0.4868659973144531,,,,False,PCA+KMeans,2,30,569,/data/luolie/ToPoGate/result/topogate_baseline_transductive_default_20260911_024913/runs/PCA+KMeans/breast_cancer_wisconsin_prognostic/seed7,,same_samples,transductive,7,new_run,completed,not_applicable
0.4811320754716981,0.2763433699258227,0.5084812326891014,be5bc11beaf38be195e11283808133b094d8f7902f90eb2c2ce1823c218a2f4e,breast_tissue,True,cpu,0.03303837776184082,all_samples,0.03303861618041992,,,,False,KMeans,6,9,106,/data/luolie/ToPoGate/result/topogate_baseline_transductive_default_20260911_024913/runs/KMeans/breast_tissue/seed42,,same_samples,transductive,42,new_run,completed,not_applicable
0.4811320754716981,0.2763433699258227,0.5084812326891014,be5bc11beaf38be195e11283808133b094d8f7902f90eb2c2ce1823c218a2f4e,breast_tissue,True,cpu,0.033690452575683594,all_samples,0.0336909294128418,,,,False,KMeans,6,9,106,/data/luolie/ToPoGate/result/topogate_baseline_transductive_default_20260911_024913/runs/KMeans/breast_tissue/seed123,,same_samples,transductive,123,new_run,completed,not_applicable
0.4716981132075472,0.2536286801891495,0.521378979798812,be5bc11beaf38be195e11283808133b094d8f7902f90eb2c2ce1823c218a2f4e,breast_tissue,True,cpu,0.033661603927612305,all_samples,0.033661842346191406,,,,False,KMeans,6,9,106,/data/luolie/ToPoGate/result/topogate_baseline_transductive_default_20260911_024913/runs/KMeans/breast_tissue/seed7,,same_samples,transductive,7,new_run,completed,not_applicable
0.4811320754716981,0.2763433699258227,0.5084812326891014,be5bc11beaf38be195e11283808133b094d8f7902f90eb2c2ce1823c218a2f4e,breast_tissue,True,cpu,0.024135112762451172,all_samples,0.024135589599609375,,,,False,PCA+KMeans,6,9,106,/data/luolie/ToPoGate/result/topogate_baseline_transductive_default_20260911_024913/runs/PCA+KMeans/breast_tissue/seed42,,same_samples,transductive,42,new_run,completed,not_applicable
0.4811320754716981,0.2763433699258227,0.5084812326891014,be5bc11beaf38be195e11283808133b094d8f7902f90eb2c2ce1823c218a2f4e,breast_tissue,True,cpu,0.02466893196105957,all_samples,0.024669408798217773,,,,False,PCA+KMeans,6,9,106,/data/luolie/ToPoGate/result/topogate_baseline_transductive_default_20260911_024913/runs/PCA+KMeans/breast_tissue/seed123,,same_samples,transductive,123,new_run,completed,not_applicable
0.4716981132075472,0.2536286801891495,0.521378979798812,be5bc11beaf38be195e11283808133b094d8f7902f90eb2c2ce1823c218a2f4e,breast_tissue,True,cpu,0.024451017379760742,all_samples,0.024451494216918945,,,,False,PCA+KMeans,6,9,106,/data/luolie/ToPoGate/result/topogate_baseline_transductive_default_20260911_024913/runs/PCA+KMeans/breast_tissue/seed7,,same_samples,transductive,7,new_run,completed,not_applicable
0.5121585109576704,0.5173947154816904,0.37063962638987774,f26c9568baf8e8fade7a61e6fed80f16ceb3980afe38b7c9ccbe9aaad2b96e04,Campbell,True,cpu,225.39608907699585,all_samples,225.3960897922516,,,,False,KMeans,14,26774,9993,/data/luolie/ToPoGate/result/topogate_baseline_transductive_default_20260911_024913/runs/KMeans/Campbell/seed42,,same_samples,transductive,42,new_run,completed,not_applicable
0.41208846192334636,0.28959537454404616,0.23057776487334955,f26c9568baf8e8fade7a61e6fed80f16ceb3980afe38b7c9ccbe9aaad2b96e04,Campbell,True,cpu,228.75796794891357,all_samples,228.75796818733215,,,,False,KMeans,14,26774,9993,/data/luolie/ToPoGate/result/topogate_baseline_transductive_default_20260911_024913/runs/KMeans/Campbell/seed123,,same_samples,transductive,123,new_run,completed,not_applicable
0.36835785049534675,0.1213630682937747,0.17926164244362822,f26c9568baf8e8fade7a61e6fed80f16ceb3980afe38b7c9ccbe9aaad2b96e04,Campbell,True,cpu,227.12384819984436,all_samples,227.12384867668152,,,,False,KMeans,14,26774,9993,/data/luolie/ToPoGate/result/topogate_baseline_transductive_default_20260911_024913/runs/KMeans/Campbell/seed7,,same_samples,transductive,7,new_run,completed,not_applicable
0.3831682177524267,0.3163709974202672,0.3526030150065743,f26c9568baf8e8fade7a61e6fed80f16ceb3980afe38b7c9ccbe9aaad2b96e04,Campbell,True,cpu,7.3317179679870605,all_samples,7.331718444824219,,,,False,PCA+KMeans,14,26774,9993,/data/luolie/ToPoGate/result/topogate_baseline_transductive_default_20260911_024913/runs/PCA+KMeans/Campbell/seed42,,same_samples,transductive,42,new_run,completed,not_applicable
0.3827679375562894,0.3194418895010561,0.35192163556977746,f26c9568baf8e8fade7a61e6fed80f16ceb3980afe38b7c9ccbe9aaad2b96e04,Campbell,True,cpu,7.187890529632568,all_samples,7.187891244888306,,,,False,PCA+KMeans,14,26774,9993,/data/luolie/ToPoGate/result/topogate_baseline_transductive_default_20260911_024913/runs/PCA+KMeans/Campbell/seed123,,same_samples,transductive,123,new_run,completed,not_applicable
0.35955168618032624,0.22813520659380107,0.2877818767734744,f26c9568baf8e8fade7a61e6fed80f16ceb3980afe38b7c9ccbe9aaad2b96e04,Campbell,True,cpu,7.328184366226196,all_samples,7.328185081481934,,,,False,PCA+KMeans,14,26774,9993,/data/luolie/ToPoGate/result/topogate_baseline_transductive_default_20260911_024913/runs/PCA+KMeans/Campbell/seed7,,same_samples,transductive,7,new_run,completed,not_applicable
0.6867099419200546,0.0778097763663264,0.026828227552075527,1aa5a73966a0fca784393ee57f2a397087f452b9b7a214335bfe5dd558f5ff6f,cardiovascular_study,True,cpu,0.06712675094604492,all_samples,0.06712746620178223,,,,False,KMeans,2,15,2927,/data/luolie/ToPoGate/result/topogate_baseline_transductive_default_20260911_024913/runs/KMeans/cardiovascular_study/seed42,,same_samples,transductive,42,new_run,completed,not_applicable
0.6867099419200546,0.0778097763663264,0.026828227552075527,1aa5a73966a0fca784393ee57f2a397087f452b9b7a214335bfe5dd558f5ff6f,cardiovascular_study,True,cpu,0.052345991134643555,all_samples,0.05234670639038086,,,,False,KMeans,2,15,2927,/data/luolie/ToPoGate/result/topogate_baseline_transductive_default_20260911_024913/runs/KMeans/cardiovascular_study/seed123,,same_samples,transductive,123,new_run,completed,not_applicable
0.6867099419200546,0.0778097763663264,0.026828227552075527,1aa5a73966a0fca784393ee57f2a397087f452b9b7a214335bfe5dd558f5ff6f,cardiovascular_study,True,cpu,0.05547285079956055,all_samples,0.05547332763671875,,,,False,KMeans,2,15,2927,/data/luolie/ToPoGate/result/topogate_baseline_transductive_default_20260911_024913/runs/KMeans/cardiovascular_study/seed7,,same_samples,transductive,7,new_run,completed,not_applicable
0.6867099419200546,0.0778097763663264,0.026828227552075527,1aa5a73966a0fca784393ee57f2a397087f452b9b7a214335bfe5dd558f5ff6f,cardiovascular_study,True,cpu,0.05872774124145508,all_samples,0.05872845649719238,,,,False,PCA+KMeans,2,15,2927,/data/luolie/ToPoGate/result/topogate_baseline_transductive_default_20260911_024913/runs/PCA+KMeans/cardiovascular_study/seed42,,same_samples,transductive,42,new_run,completed,not_applicable
0.6867099419200546,0.0778097763663264,0.026828227552075527,1aa5a73966a0fca784393ee57f2a397087f452b9b7a214335bfe5dd558f5ff6f,cardiovascular_study,True,cpu,0.04901576042175293,all_samples,0.04901623725891113,,,,False,PCA+KMeans,2,15,2927,/data/luolie/ToPoGate/result/topogate_baseline_transductive_default_20260911_024913/runs/PCA+KMeans/cardiovascular_study/seed123,,same_samples,transductive,123,new_run,completed,not_applicable
0.6867099419200546,0.0778097763663264,0.026828227552075527,1aa5a73966a0fca784393ee57f2a397087f452b9b7a214335bfe5dd558f5ff6f,cardiovascular_study,True,cpu,0.05509138107299805,all_samples,0.05509209632873535,,,,False,PCA+KMeans,2,15,2927,/data/luolie/ToPoGate/result/topogate_baseline_transductive_default_20260911_024913/runs/PCA+KMeans/cardiovascular_study/seed7,,same_samples,transductive,7,new_run,completed,not_applicable
0.2113846153846154,0.03355739186136109,0.07140104631906756,d86268218b1c20efaf28db4eba6614b833cb3a4c83a395b84d1b3209e441b7c5,cifar10,True,cpu,2.2205348014831543,all_samples,2.2205352783203125,,,,False,KMeans,10,1024,3250,/data/luolie/ToPoGate/result/topogate_baseline_transductive_default_20260911_024913/runs/KMeans/cifar10/seed42,,same_samples,transductive,42,new_run,completed,not_applicable
0.21107692307692308,0.03348278929044312,0.07156710034467785,d86268218b1c20efaf28db4eba6614b833cb3a4c83a395b84d1b3209e441b7c5,cifar10,True,cpu,2.0169193744659424,all_samples,2.0169200897216797,,,,False,KMeans,10,1024,3250,/data/luolie/ToPoGate/result/topogate_baseline_transductive_default_20260911_024913/runs/KMeans/cifar10/seed123,,same_samples,transductive,123,new_run,completed,not_applicable
0.20892307692307693,0.03402732184633569,0.0726534889739958,d86268218b1c20efaf28db4eba6614b833cb3a4c83a395b84d1b3209e441b7c5,cifar10,True,cpu,2.081094741821289,all_samples,2.0810952186584473,,,,False,KMeans,10,1024,3250,/data/luolie/ToPoGate/result/topogate_baseline_transductive_default_20260911_024913/runs/KMeans/cifar10/seed7,,same_samples,transductive,7,new_run,completed,not_applicable
0.2,0.03209443452992841,0.07007384302425006,d86268218b1c20efaf28db4eba6614b833cb3a4c83a395b84d1b3209e441b7c5,cifar10,True,cpu,0.3245389461517334,all_samples,0.3245391845703125,,,,False,PCA+KMeans,10,1024,3250,/data/luolie/ToPoGate/result/topogate_baseline_transductive_default_20260911_024913/runs/PCA+KMeans/cifar10/seed42,,same_samples,transductive,42,new_run,completed,not_applicable
0.2036923076923077,0.032584252134230614,0.07025955756445972,d86268218b1c20efaf28db4eba6614b833cb3a4c83a395b84d1b3209e441b7c5,cifar10,True,cpu,0.329603910446167,all_samples,0.3296046257019043,,,,False,PCA+KMeans,10,1024,3250,/data/luolie/ToPoGate/result/topogate_baseline_transductive_default_20260911_024913/runs/PCA+KMeans/cifar10/seed123,,same_samples,transductive,123,new_run,completed,not_applicable
0.21323076923076922,0.0342218469187063,0.07301610840671482,d86268218b1c20efaf28db4eba6614b833cb3a4c83a395b84d1b3209e441b7c5,cifar10,True,cpu,0.32210397720336914,all_samples,0.32210445404052734,,,,False,PCA+KMeans,10,1024,3250,/data/luolie/ToPoGate/result/topogate_baseline_transductive_default_20260911_024913/runs/PCA+KMeans/cifar10/seed7,,same_samples,transductive,7,new_run,completed,not_applicable
0.712,0.5450889693886605,0.6561701023086544,92594530e8a7958bf7c8043661188f501c22d45ed4b96e8193a3e6a5e8ebc097,CIFAR10_CLIP,True,cpu,2.598994255065918,all_samples,2.5989949703216553,,,,False,KMeans,10,512,10000,/data/luolie/ToPoGate/result/topogate_baseline_transductive_default_20260911_024913/runs/KMeans/CIFAR10_CLIP/seed42,,same_samples,transductive,42,new_run,completed,not_applicable
0.7119,0.5451982020862514,0.6565581496957608,92594530e8a7958bf7c8043661188f501c22d45ed4b96e8193a3e6a5e8ebc097,CIFAR10_CLIP,True,cpu,2.708000421524048,all_samples,2.708000898361206,,,,False,KMeans,10,512,10000,/data/luolie/ToPoGate/result/topogate_baseline_transductive_default_20260911_024913/runs/KMeans/CIFAR10_CLIP/seed123,,same_samples,transductive,123,new_run,completed,not_applicable
0.7113,0.544300602316128,0.655967369233049,92594530e8a7958bf7c8043661188f501c22d45ed4b96e8193a3e6a5e8ebc097,CIFAR10_CLIP,True,cpu,2.8969717025756836,all_samples,2.896972417831421,,,,False,KMeans,10,512,10000,/data/luolie/ToPoGate/result/topogate_baseline_transductive_default_20260911_024913/runs/KMeans/CIFAR10_CLIP/seed7,,same_samples,transductive,7,new_run,completed,not_applicable
0.7129,0.5458010476436679,0.6562463404851946,92594530e8a7958bf7c8043661188f501c22d45ed4b96e8193a3e6a5e8ebc097,CIFAR10_CLIP,True,cpu,0.4890453815460205,all_samples,0.4890456199645996,,,,False,PCA+KMeans,10,512,10000,/data/luolie/ToPoGate/result/topogate_baseline_transductive_default_20260911_024913/runs/PCA+KMeans/CIFAR10_CLIP/seed42,,same_samples,transductive,42,new_run,completed,not_applicable
0.7124,0.5439818628123773,0.654913404628508,92594530e8a7958bf7c8043661188f501c22d45ed4b96e8193a3e6a5e8ebc097,CIFAR10_CLIP,True,cpu,0.4684562683105469,all_samples,0.4684567451477051,,,,False,PCA+KMeans,10,512,10000,/data/luolie/ToPoGate/result/topogate_baseline_transductive_default_20260911_024913/runs/PCA+KMeans/CIFAR10_CLIP/seed123,,same_samples,transductive,123,new_run,completed,not_applicable
0.7141,0.545788145376198,0.6558075002533827,92594530e8a7958bf7c8043661188f501c22d45ed4b96e8193a3e6a5e8ebc097,CIFAR10_CLIP,True,cpu,0.4392833709716797,all_samples,0.4392838478088379,,,,False,PCA+KMeans,10,512,10000,/data/luolie/ToPoGate/result/topogate_baseline_transductive_default_20260911_024913/runs/PCA+KMeans/CIFAR10_CLIP/seed7,,same_samples,transductive,7,new_run,completed,not_applicable
0.913086913086913,0.6781908955819931,0.604288858185427,e3ac681a82fe020140378e1a977d1d554ceb1073d705e95ec4acbfdcef3ca43f,classification_in_asteroseismology,True,cpu,0.02180194854736328,all_samples,0.021802425384521484,,,,False,KMeans,2,3,1001,/data/luolie/ToPoGate/result/topogate_baseline_transductive_default_20260911_024913/runs/KMeans/classification_in_asteroseismology/seed42,,same_samples,transductive,42,new_run,completed,not_applicable
0.913086913086913,0.6781908955819931,0.604288858185427,e3ac681a82fe020140378e1a977d1d554ceb1073d705e95ec4acbfdcef3ca43f,classification_in_asteroseismology,True,cpu,0.019201040267944336,all_samples,0.019201278686523438,,,,False,KMeans,2,3,1001,/data/luolie/ToPoGate/result/topogate_baseline_transductive_default_20260911_024913/runs/KMeans/classification_in_asteroseismology/seed123,,same_samples,transductive,123,new_run,completed,not_applicable
0.913086913086913,0.6781908955819931,0.604288858185427,e3ac681a82fe020140378e1a977d1d554ceb1073d705e95ec4acbfdcef3ca43f,classification_in_asteroseismology,True,cpu,0.020290851593017578,all_samples,0.02029109001159668,,,,False,KMeans,2,3,1001,/data/luolie/ToPoGate/result/topogate_baseline_transductive_default_20260911_024913/runs/KMeans/classification_in_asteroseismology/seed7,,same_samples,transductive,7,new_run,completed,not_applicable
0.913086913086913,0.6781908955819931,0.604288858185427,e3ac681a82fe020140378e1a977d1d554ceb1073d705e95ec4acbfdcef3ca43f,classification_in_asteroseismology,True,cpu,0.02062225341796875,all_samples,0.02062249183654785,,,,False,PCA+KMeans,2,3,1001,/data/luolie/ToPoGate/result/topogate_baseline_transductive_default_20260911_024913/runs/PCA+KMeans/classification_in_asteroseismology/seed42,,same_samples,transductive,42,new_run,completed,not_applicable
0.913086913086913,0.6781908955819931,0.604288858185427,e3ac681a82fe020140378e1a977d1d554ceb1073d705e95ec4acbfdcef3ca43f,classification_in_asteroseismology,True,cpu,0.019277334213256836,all_samples,0.01927804946899414,,,,False,PCA+KMeans,2,3,1001,/data/luolie/ToPoGate/result/topogate_baseline_transductive_default_20260911_024913/runs/PCA+KMeans/classification_in_asteroseismology/seed123,,same_samples,transductive,123,new_run,completed,not_applicable
0.913086913086913,0.6781908955819931,0.604288858185427,e3ac681a82fe020140378e1a977d1d554ceb1073d705e95ec4acbfdcef3ca43f,classification_in_asteroseismology,True,cpu,0.020742416381835938,all_samples,0.02074265480041504,,,,False,PCA+KMeans,2,3,1001,/data/luolie/ToPoGate/result/topogate_baseline_transductive_default_20260911_024913/runs/PCA+KMeans/classification_in_asteroseismology/seed7,,same_samples,transductive,7,new_run,completed,not_applicable
0.19537037037037036,0.027476273007490358,0.17705605632459623,e3a22bcfa761a837b8881a3a1966f6008d911b77948b76a4e4a8ca2aae65a71e,cnae9,True,cpu,0.33424925804138184,all_samples,0.33424973487854004,,,,False,KMeans,9,856,1080,/data/luolie/ToPoGate/result/topogate_baseline_transductive_default_20260911_024913/runs/KMeans/cnae9/seed42,,same_samples,transductive,42,new_run,completed,not_applicable
0.11944444444444445,2.8564508481362064e-05,0.01973477488082838,e3a22bcfa761a837b8881a3a1966f6008d911b77948b76a4e4a8ca2aae65a71e,cnae9,True,cpu,0.32839465141296387,all_samples,0.32839536666870117,,,,False,KMeans,9,856,1080,/data/luolie/ToPoGate/result/topogate_baseline_transductive_default_20260911_024913/runs/KMeans/cnae9/seed123,,same_samples,transductive,123,new_run,completed,not_applicable
0.1175925925925926,4.997969943278975e-06,0.016340041969531607,e3a22bcfa761a837b8881a3a1966f6008d911b77948b76a4e4a8ca2aae65a71e,cnae9,True,cpu,0.3194401264190674,all_samples,0.3194406032562256,,,,False,KMeans,9,856,1080,/data/luolie/ToPoGate/result/topogate_baseline_transductive_default_20260911_024913/runs/KMeans/cnae9/seed7,,same_samples,transductive,7,new_run,completed,not_applicable
0.11574074074074074,3.5644577743573474e-06,0.014457353387940962,e3a22bcfa761a837b8881a3a1966f6008d911b77948b76a4e4a8ca2aae65a71e,cnae9,True,cpu,0.09969973564147949,all_samples,0.0997002124786377,,,,False,PCA+KMeans,9,856,1080,/data/luolie/ToPoGate/result/topogate_baseline_transductive_default_20260911_024913/runs/PCA+KMeans/cnae9/seed42,,same_samples,transductive,42,new_run,completed,not_applicable
0.11574074074074074,3.5644577743573474e-06,0.014457353387940962,e3a22bcfa761a837b8881a3a1966f6008d911b77948b76a4e4a8ca2aae65a71e,cnae9,True,cpu,0.09900689125061035,all_samples,0.09900760650634766,,,,False,PCA+KMeans,9,856,1080,/data/luolie/ToPoGate/result/topogate_baseline_transductive_default_20260911_024913/runs/PCA+KMeans/cnae9/seed123,,same_samples,transductive,123,new_run,completed,not_applicable
0.11481481481481481,1.5290219782075573e-05,0.01447822069172779,e3a22bcfa761a837b8881a3a1966f6008d911b77948b76a4e4a8ca2aae65a71e,cnae9,True,cpu,0.09704971313476562,all_samples,0.09705018997192383,,,,False,PCA+KMeans,9,856,1080,/data/luolie/ToPoGate/result/topogate_baseline_transductive_default_20260911_024913/runs/PCA+KMeans/cnae9/seed7,,same_samples,transductive,7,new_run,completed,not_applicable
0.6534722222222222,0.6042819362360354,0.7805875614707458,c191ce523e8a25938bcfdf1f66262270a9ce637ea8786c860ae5e2f252c34ba1,coil20,True,cpu,0.501326322555542,all_samples,0.5013265609741211,,,,False,KMeans,20,400,1440,/data/luolie/ToPoGate/result/topogate_baseline_transductive_default_20260911_024913/runs/KMeans/coil20/seed42,,same_samples,transductive,42,new_run,completed,not_applicable
0.6611111111111111,0.6105923628677398,0.7871427464742397,c191ce523e8a25938bcfdf1f66262270a9ce637ea8786c860ae5e2f252c34ba1,coil20,True,cpu,0.505047082901001,all_samples,0.5050477981567383,,,,False,KMeans,20,400,1440,/data/luolie/ToPoGate/result/topogate_baseline_transductive_default_20260911_024913/runs/KMeans/coil20/seed123,,same_samples,transductive,123,new_run,completed,not_applicable
0.6291666666666667,0.5568511554464528,0.7614170269536937,c191ce523e8a25938bcfdf1f66262270a9ce637ea8786c860ae5e2f252c34ba1,coil20,True,cpu,0.5086359977722168,all_samples,0.508636474609375,,,,False,KMeans,20,400,1440,/data/luolie/ToPoGate/result/topogate_baseline_transductive_default_20260911_024913/runs/KMeans/coil20/seed7,,same_samples,transductive,7,new_run,completed,not_applicable
0.6125,0.5504774519489574,0.7625448774894413,c191ce523e8a25938bcfdf1f66262270a9ce637ea8786c860ae5e2f252c34ba1,coil20,True,cpu,0.17205333709716797,all_samples,0.17205405235290527,,,,False,PCA+KMeans,20,400,1440,/data/luolie/ToPoGate/result/topogate_baseline_transductive_default_20260911_024913/runs/PCA+KMeans/coil20/seed42,,same_samples,transductive,42,new_run,completed,not_applicable
0.6416666666666667,0.5894971128836253,0.7849928653585491,c191ce523e8a25938bcfdf1f66262270a9ce637ea8786c860ae5e2f252c34ba1,coil20,True,cpu,0.17071223258972168,all_samples,0.17071270942687988,,,,False,PCA+KMeans,20,400,1440,/data/luolie/ToPoGate/result/topogate_baseline_transductive_default_20260911_024913/runs/PCA+KMeans/coil20/seed123,,same_samples,transductive,123,new_run,completed,not_applicable
0.6444444444444445,0.5726794696342878,0.7676518465782913,c191ce523e8a25938bcfdf1f66262270a9ce637ea8786c860ae5e2f252c34ba1,coil20,True,cpu,0.16707682609558105,all_samples,0.16707730293273926,,,,False,PCA+KMeans,20,400,1440,/data/luolie/ToPoGate/result/topogate_baseline_transductive_default_20260911_024913/runs/PCA+KMeans/coil20/seed7,,same_samples,transductive,7,new_run,completed,not_applicable
0.8270833333333333,0.783964907069102,0.9160586372986524,63aac0b5b88f84946745b1930071b711d45428d5dd8995ef896ba0fd5fcf0e36,COIL20_CLIP,True,cpu,0.5460741519927979,all_samples,0.546074628829956,,,,False,KMeans,20,512,1440,/data/luolie/ToPoGate/result/topogate_baseline_transductive_default_20260911_024913/runs/KMeans/COIL20_CLIP/seed42,,same_samples,transductive,42,new_run,completed,not_applicable
0.8319444444444445,0.796664287015347,0.940441930733314,63aac0b5b88f84946745b1930071b711d45428d5dd8995ef896ba0fd5fcf0e36,COIL20_CLIP,True,cpu,0.5659854412078857,all_samples,0.565985918045044,,,,False,KMeans,20,512,1440,/data/luolie/ToPoGate/result/topogate_baseline_transductive_default_20260911_024913/runs/KMeans/COIL20_CLIP/seed123,,same_samples,transductive,123,new_run,completed,not_applicable
0.8541666666666666,0.82352007358133,0.9518488840005062,63aac0b5b88f84946745b1930071b711d45428d5dd8995ef896ba0fd5fcf0e36,COIL20_CLIP,True,cpu,0.5580956935882568,all_samples,0.558096170425415,,,,False,KMeans,20,512,1440,/data/luolie/ToPoGate/result/topogate_baseline_transductive_default_20260911_024913/runs/KMeans/COIL20_CLIP/seed7,,same_samples,transductive,7,new_run,completed,not_applicable
0.7791666666666667,0.7705365051041998,0.9329857496473948,63aac0b5b88f84946745b1930071b711d45428d5dd8995ef896ba0fd5fcf0e36,COIL20_CLIP,True,cpu,0.16536617279052734,all_samples,0.16536641120910645,,,,False,PCA+KMeans,20,512,1440,/data/luolie/ToPoGate/result/topogate_baseline_transductive_default_20260911_024913/runs/PCA+KMeans/COIL20_CLIP/seed42,,same_samples,transductive,42,new_run,completed,not_applicable
0.8090277777777778,0.7970621960730697,0.928118384366634,63aac0b5b88f84946745b1930071b711d45428d5dd8995ef896ba0fd5fcf0e36,COIL20_CLIP,True,cpu,0.16953516006469727,all_samples,0.16953563690185547,,,,False,PCA+KMeans,20,512,1440,/data/luolie/ToPoGate/result/topogate_baseline_transductive_default_20260911_024913/runs/PCA+KMeans/COIL20_CLIP/seed123,,same_samples,transductive,123,new_run,completed,not_applicable
0.8395833333333333,0.8086478340267574,0.9422153312511341,63aac0b5b88f84946745b1930071b711d45428d5dd8995ef896ba0fd5fcf0e36,COIL20_CLIP,True,cpu,0.16527509689331055,all_samples,0.16527581214904785,,,,False,PCA+KMeans,20,512,1440,/data/luolie/ToPoGate/result/topogate_baseline_transductive_default_20260911_024913/runs/PCA+KMeans/COIL20_CLIP/seed7,,same_samples,transductive,7,new_run,completed,not_applicable
0.5809426229508197,-0.01836688111265613,0.003501532348480015,e0e67add279a60a97f2b4233d1080efc3c616e5fe190d8a346ec233e236727e2,credit_risk_classification,True,cpu,0.027807950973510742,all_samples,0.027808189392089844,,,,False,KMeans,2,11,976,/data/luolie/ToPoGate/result/topogate_baseline_transductive_default_20260911_024913/runs/KMeans/credit_risk_classification/seed42,,same_samples,transductive,42,new_run,completed,not_applicable
0.5809426229508197,-0.01836688111265613,0.003501532348480015,e0e67add279a60a97f2b4233d1080efc3c616e5fe190d8a346ec233e236727e2,credit_risk_classification,True,cpu,0.023997783660888672,all_samples,0.023998260498046875,,,,False,KMeans,2,11,976,/data/luolie/ToPoGate/result/topogate_baseline_transductive_default_20260911_024913/runs/KMeans/credit_risk_classification/seed123,,same_samples,transductive,123,new_run,completed,not_applicable
0.5809426229508197,-0.01836688111265613,0.003501532348480015,e0e67add279a60a97f2b4233d1080efc3c616e5fe190d8a346ec233e236727e2,credit_risk_classification,True,cpu,0.025517940521240234,all_samples,0.025518417358398438,,,,False,KMeans,2,11,976,/data/luolie/ToPoGate/result/topogate_baseline_transductive_default_20260911_024913/runs/KMeans/credit_risk_classification/seed7,,same_samples,transductive,7,new_run,completed,not_applicable
0.5809426229508197,-0.01836688111265613,0.003501532348480015,e0e67add279a60a97f2b4233d1080efc3c616e5fe190d8a346ec233e236727e2,credit_risk_classification,True,cpu,0.02772808074951172,all_samples,0.027728557586669922,,,,False,PCA+KMeans,2,11,976,/data/luolie/ToPoGate/result/topogate_baseline_transductive_default_20260911_024913/runs/PCA+KMeans/credit_risk_classification/seed42,,same_samples,transductive,42,new_run,completed,not_applicable
0.5809426229508197,-0.01836688111265613,0.003501532348480015,e0e67add279a60a97f2b4233d1080efc3c616e5fe190d8a346ec233e236727e2,credit_risk_classification,True,cpu,0.02438187599182129,all_samples,0.02438211441040039,,,,False,PCA+KMeans,2,11,976,/data/luolie/ToPoGate/result/topogate_baseline_transductive_default_20260911_024913/runs/PCA+KMeans/credit_risk_classification/seed123,,same_samples,transductive,123,new_run,completed,not_applicable
0.5809426229508197,-0.01836688111265613,0.003501532348480015,e0e67add279a60a97f2b4233d1080efc3c616e5fe190d8a346ec233e236727e2,credit_risk_classification,True,cpu,0.02598714828491211,all_samples,0.025987863540649414,,,,False,PCA+KMeans,2,11,976,/data/luolie/ToPoGate/result/topogate_baseline_transductive_default_20260911_024913/runs/PCA+KMeans/credit_risk_classification/seed7,,same_samples,transductive,7,new_run,completed,not_applicable
0.49474842452735823,0.12973212660832134,0.2463936949897556,9c80244df8b5e093d558c36c531054d96425631fbe68ccd79fd62507db908db9,crowdsourced_mapping,True,cpu,0.1530296802520752,all_samples,0.1530301570892334,,,,False,KMeans,4,28,9997,/data/luolie/ToPoGate/result/topogate_baseline_transductive_default_20260911_024913/runs/KMeans/crowdsourced_mapping/seed42,,same_samples,transductive,42,new_run,completed,not_applicable
0.4949484845453636,0.130203273449347,0.24542375566655347,9c80244df8b5e093d558c36c531054d96425631fbe68ccd79fd62507db908db9,crowdsourced_mapping,True,cpu,0.155853271484375,all_samples,0.1558539867401123,,,,False,KMeans,4,28,9997,/data/luolie/ToPoGate/result/topogate_baseline_transductive_default_20260911_024913/runs/KMeans/crowdsourced_mapping/seed123,,same_samples,transductive,123,new_run,completed,not_applicable
0.4936480944283285,0.13094591052183394,0.24557197536977773,9c80244df8b5e093d558c36c531054d96425631fbe68ccd79fd62507db908db9,crowdsourced_mapping,True,cpu,0.14666748046875,all_samples,0.1466679573059082,,,,False,KMeans,4,28,9997,/data/luolie/ToPoGate/result/topogate_baseline_transductive_default_20260911_024913/runs/KMeans/crowdsourced_mapping/seed7,,same_samples,transductive,7,new_run,completed,not_applicable
0.49474842452735823,0.12973212660832134,0.2463936949897556,9c80244df8b5e093d558c36c531054d96425631fbe68ccd79fd62507db908db9,crowdsourced_mapping,True,cpu,0.16969704627990723,all_samples,0.16969752311706543,,,,False,PCA+KMeans,4,28,9997,/data/luolie/ToPoGate/result/topogate_baseline_transductive_default_20260911_024913/runs/PCA+KMeans/crowdsourced_mapping/seed42,,same_samples,transductive,42,new_run,completed,not_applicable
0.4949484845453636,0.130203273449347,0.24542375566655347,9c80244df8b5e093d558c36c531054d96425631fbe68ccd79fd62507db908db9,crowdsourced_mapping,True,cpu,0.17952370643615723,all_samples,0.17952418327331543,,,,False,PCA+KMeans,4,28,9997,/data/luolie/ToPoGate/result/topogate_baseline_transductive_default_20260911_024913/runs/PCA+KMeans/crowdsourced_mapping/seed123,,same_samples,transductive,123,new_run,completed,not_applicable
0.4936480944283285,0.13094591052183394,0.24557197536977773,9c80244df8b5e093d558c36c531054d96425631fbe68ccd79fd62507db908db9,crowdsourced_mapping,True,cpu,0.16091012954711914,all_samples,0.16091084480285645,,,,False,PCA+KMeans,4,28,9997,/data/luolie/ToPoGate/result/topogate_baseline_transductive_default_20260911_024913/runs/PCA+KMeans/crowdsourced_mapping/seed7,,same_samples,transductive,7,new_run,completed,not_applicable
0.327,0.014619128956942251,0.020494618427146394,cb06b906be36aca17a3bf7a17a01e38410b0c8ea195911f659b8102bacbb1348,customer_classification,True,cpu,0.03682899475097656,all_samples,0.036829471588134766,,,,False,KMeans,4,11,1000,/data/luolie/ToPoGate/result/topogate_baseline_transductive_default_20260911_024913/runs/KMeans/customer_classification/seed42,,same_samples,transductive,42,new_run,completed,not_applicable
0.327,0.014619128956942251,0.020494618427146394,cb06b906be36aca17a3bf7a17a01e38410b0c8ea195911f659b8102bacbb1348,customer_classification,True,cpu,0.035073280334472656,all_samples,0.03507399559020996,,,,False,KMeans,4,11,1000,/data/luolie/ToPoGate/result/topogate_baseline_transductive_default_20260911_024913/runs/KMeans/customer_classification/seed123,,same_samples,transductive,123,new_run,completed,not_applicable
0.327,0.014619128956942251,0.02049461842714639,cb06b906be36aca17a3bf7a17a01e38410b0c8ea195911f659b8102bacbb1348,customer_classification,True,cpu,0.032720327377319336,all_samples,0.03272080421447754,,,,False,KMeans,4,11,1000,/data/luolie/ToPoGate/result/topogate_baseline_transductive_default_20260911_024913/runs/KMeans/customer_classification/seed7,,same_samples,transductive,7,new_run,completed,not_applicable
0.327,0.014619128956942251,0.020494618427146394,cb06b906be36aca17a3bf7a17a01e38410b0c8ea195911f659b8102bacbb1348,customer_classification,True,cpu,0.035814523696899414,all_samples,0.03581500053405762,,,,False,PCA+KMeans,4,11,1000,/data/luolie/ToPoGate/result/topogate_baseline_transductive_default_20260911_024913/runs/PCA+KMeans/customer_classification/seed42,,same_samples,transductive,42,new_run,completed,not_applicable
0.327,0.014619128956942251,0.020494618427146394,cb06b906be36aca17a3bf7a17a01e38410b0c8ea195911f659b8102bacbb1348,customer_classification,True,cpu,0.03502917289733887,all_samples,0.03502988815307617,,,,False,PCA+KMeans,4,11,1000,/data/luolie/ToPoGate/result/topogate_baseline_transductive_default_20260911_024913/runs/PCA+KMeans/customer_classification/seed123,,same_samples,transductive,123,new_run,completed,not_applicable
0.327,0.014619128956942251,0.02049461842714639,cb06b906be36aca17a3bf7a17a01e38410b0c8ea195911f659b8102bacbb1348,customer_classification,True,cpu,0.033782958984375,all_samples,0.033783674240112305,,,,False,PCA+KMeans,4,11,1000,/data/luolie/ToPoGate/result/topogate_baseline_transductive_default_20260911_024913/runs/PCA+KMeans/customer_classification/seed7,,same_samples,transductive,7,new_run,completed,not_applicable
0.7438752783964365,0.6865968124336861,0.7026794496772387,bf5a860259aa1130ec4d1cb445f2daf87a916bd0cf10bfd7227713fcac15d627,date_fruit,True,cpu,0.052263498306274414,all_samples,0.05226397514343262,,,,False,KMeans,7,34,898,/data/luolie/ToPoGate/result/topogate_baseline_transductive_default_20260911_024913/runs/KMeans/date_fruit/seed42,,same_samples,transductive,42,new_run,completed,not_applicable
0.7427616926503341,0.6856401893080057,0.7024331532271512,bf5a860259aa1130ec4d1cb445f2daf87a916bd0cf10bfd7227713fcac15d627,date_fruit,True,cpu,0.05255746841430664,all_samples,0.052557945251464844,,,,False,KMeans,7,34,898,/data/luolie/ToPoGate/result/topogate_baseline_transductive_default_20260911_024913/runs/KMeans/date_fruit/seed123,,same_samples,transductive,123,new_run,completed,not_applicable
0.7438752783964365,0.6865968124336861,0.7026794496772388,bf5a860259aa1130ec4d1cb445f2daf87a916bd0cf10bfd7227713fcac15d627,date_fruit,True,cpu,0.05234098434448242,all_samples,0.052341461181640625,,,,False,KMeans,7,34,898,/data/luolie/ToPoGate/result/topogate_baseline_transductive_default_20260911_024913/runs/KMeans/date_fruit/seed7,,same_samples,transductive,7,new_run,completed,not_applicable
0.7438752783964365,0.6865968124336861,0.7026794496772387,bf5a860259aa1130ec4d1cb445f2daf87a916bd0cf10bfd7227713fcac15d627,date_fruit,True,cpu,0.05297374725341797,all_samples,0.05297446250915527,,,,False,PCA+KMeans,7,34,898,/data/luolie/ToPoGate/result/topogate_baseline_transductive_default_20260911_024913/runs/PCA+KMeans/date_fruit/seed42,,same_samples,transductive,42,new_run,completed,not_applicable
0.7427616926503341,0.6856401893080057,0.7024331532271512,bf5a860259aa1130ec4d1cb445f2daf87a916bd0cf10bfd7227713fcac15d627,date_fruit,True,cpu,0.052863121032714844,all_samples,0.052863359451293945,,,,False,PCA+KMeans,7,34,898,/data/luolie/ToPoGate/result/topogate_baseline_transductive_default_20260911_024913/runs/PCA+KMeans/date_fruit/seed123,,same_samples,transductive,123,new_run,completed,not_applicable
0.7438752783964365,0.6865968124336861,0.7026794496772388,bf5a860259aa1130ec4d1cb445f2daf87a916bd0cf10bfd7227713fcac15d627,date_fruit,True,cpu,0.05291604995727539,all_samples,0.052916526794433594,,,,False,PCA+KMeans,7,34,898,/data/luolie/ToPoGate/result/topogate_baseline_transductive_default_20260911_024913/runs/PCA+KMeans/date_fruit/seed7,,same_samples,transductive,7,new_run,completed,not_applicable
0.7458100558659218,0.7092054817167646,0.8612800060043223,0bede9e2822d10b693b64f0bad98b7222d3d253bfcc3c945455e4676f73ad49f,dermatology,True,cpu,0.03508925437927246,all_samples,0.035089731216430664,,,,False,KMeans,6,34,358,/data/luolie/ToPoGate/result/topogate_baseline_transductive_default_20260911_024913/runs/KMeans/dermatology/seed42,,same_samples,transductive,42,new_run,completed,not_applicable
0.7206703910614525,0.6984693218188653,0.8587503172451055,0bede9e2822d10b693b64f0bad98b7222d3d253bfcc3c945455e4676f73ad49f,dermatology,True,cpu,0.032883405685424805,all_samples,0.03288388252258301,,,,False,KMeans,6,34,358,/data/luolie/ToPoGate/result/topogate_baseline_transductive_default_20260911_024913/runs/KMeans/dermatology/seed123,,same_samples,transductive,123,new_run,completed,not_applicable
0.7402234636871509,0.7116307077455649,0.8690203352504945,0bede9e2822d10b693b64f0bad98b7222d3d253bfcc3c945455e4676f73ad49f,dermatology,True,cpu,0.03356170654296875,all_samples,0.033562421798706055,,,,False,KMeans,6,34,358,/data/luolie/ToPoGate/result/topogate_baseline_transductive_default_20260911_024913/runs/KMeans/dermatology/seed7,,same_samples,transductive,7,new_run,completed,not_applicable
0.7458100558659218,0.7092054817167646,0.8612800060043223,0bede9e2822d10b693b64f0bad98b7222d3d253bfcc3c945455e4676f73ad49f,dermatology,True,cpu,0.03422737121582031,all_samples,0.034227609634399414,,,,False,PCA+KMeans,6,34,358,/data/luolie/ToPoGate/result/topogate_baseline_transductive_default_20260911_024913/runs/PCA+KMeans/dermatology/seed42,,same_samples,transductive,42,new_run,completed,not_applicable
0.7206703910614525,0.6984693218188653,0.8587503172451055,0bede9e2822d10b693b64f0bad98b7222d3d253bfcc3c945455e4676f73ad49f,dermatology,True,cpu,0.03393197059631348,all_samples,0.03393244743347168,,,,False,PCA+KMeans,6,34,358,/data/luolie/ToPoGate/result/topogate_baseline_transductive_default_20260911_024913/runs/PCA+KMeans/dermatology/seed123,,same_samples,transductive,123,new_run,completed,not_applicable
0.7402234636871509,0.7116307077455649,0.8690203352504945,0bede9e2822d10b693b64f0bad98b7222d3d253bfcc3c945455e4676f73ad49f,dermatology,True,cpu,0.03493070602416992,all_samples,0.03493142127990723,,,,False,PCA+KMeans,6,34,358,/data/luolie/ToPoGate/result/topogate_baseline_transductive_default_20260911_024913/runs/PCA+KMeans/dermatology/seed7,,same_samples,transductive,7,new_run,completed,not_applicable
0.5447437011294527,0.007115655273932917,0.006797409781160344,1af52cc9db4a129973d413b64ca8faa31c2c5b9d49acfa8494628189852fe5ce,diabetic_retinopathy_debrecen,True,cpu,0.025413036346435547,all_samples,0.02541351318359375,,,,False,KMeans,2,19,1151,/data/luolie/ToPoGate/result/topogate_baseline_transductive_default_20260911_024913/runs/KMeans/diabetic_retinopathy_debrecen/seed42,,same_samples,transductive,42,new_run,completed,not_applicable
0.5447437011294527,0.007115655273932917,0.006797409781160344,1af52cc9db4a129973d413b64ca8faa31c2c5b9d49acfa8494628189852fe5ce,diabetic_retinopathy_debrecen,True,cpu,0.0238797664642334,all_samples,0.0238802433013916,,,,False,KMeans,2,19,1151,/data/luolie/ToPoGate/result/topogate_baseline_transductive_default_20260911_024913/runs/KMeans/diabetic_retinopathy_debrecen/seed123,,same_samples,transductive,123,new_run,completed,not_applicable
0.5447437011294527,0.007115655273932917,0.006797409781160344,1af52cc9db4a129973d413b64ca8faa31c2c5b9d49acfa8494628189852fe5ce,diabetic_retinopathy_debrecen,True,cpu,0.025308609008789062,all_samples,0.025309085845947266,,,,False,KMeans,2,19,1151,/data/luolie/ToPoGate/result/topogate_baseline_transductive_default_20260911_024913/runs/KMeans/diabetic_retinopathy_debrecen/seed7,,same_samples,transductive,7,new_run,completed,not_applicable
0.5447437011294527,0.007115655273932917,0.006797409781160344,1af52cc9db4a129973d413b64ca8faa31c2c5b9d49acfa8494628189852fe5ce,diabetic_retinopathy_debrecen,True,cpu,0.024985313415527344,all_samples,0.024985551834106445,,,,False,PCA+KMeans,2,19,1151,/data/luolie/ToPoGate/result/topogate_baseline_transductive_default_20260911_024913/runs/PCA+KMeans/diabetic_retinopathy_debrecen/seed42,,same_samples,transductive,42,new_run,completed,not_applicable
0.5447437011294527,0.007115655273932917,0.006797409781160344,1af52cc9db4a129973d413b64ca8faa31c2c5b9d49acfa8494628189852fe5ce,diabetic_retinopathy_debrecen,True,cpu,0.024269580841064453,all_samples,0.024270057678222656,,,,False,PCA+KMeans,2,19,1151,/data/luolie/ToPoGate/result/topogate_baseline_transductive_default_20260911_024913/runs/PCA+KMeans/diabetic_retinopathy_debrecen/seed123,,same_samples,transductive,123,new_run,completed,not_applicable
0.5447437011294527,0.007115655273932917,0.006797409781160344,1af52cc9db4a129973d413b64ca8faa31c2c5b9d49acfa8494628189852fe5ce,diabetic_retinopathy_debrecen,True,cpu,0.02588176727294922,all_samples,0.025882244110107422,,,,False,PCA+KMeans,2,19,1151,/data/luolie/ToPoGate/result/topogate_baseline_transductive_default_20260911_024913/runs/PCA+KMeans/diabetic_retinopathy_debrecen/seed7,,same_samples,transductive,7,new_run,completed,not_applicable
0.3432,0.05182297549323739,0.0819622672091693,20f3652805b617a7fdbb5ee50cfe0443fe9f55bdbccc700f97cd13e2d7b65e48,dilbert,True,cpu,7.323299884796143,all_samples,7.323300838470459,,,,False,KMeans,5,2000,10000,/data/luolie/ToPoGate/result/topogate_baseline_transductive_default_20260911_024913/runs/KMeans/dilbert/seed42,,same_samples,transductive,42,new_run,completed,not_applicable
0.3427,0.05145036150025708,0.08168278999136713,20f3652805b617a7fdbb5ee50cfe0443fe9f55bdbccc700f97cd13e2d7b65e48,dilbert,True,cpu,7.689754486083984,all_samples,7.689754962921143,,,,False,KMeans,5,2000,10000,/data/luolie/ToPoGate/result/topogate_baseline_transductive_default_20260911_024913/runs/KMeans/dilbert/seed123,,same_samples,transductive,123,new_run,completed,not_applicable
0.3426,0.05146555799733362,0.08165798745532261,20f3652805b617a7fdbb5ee50cfe0443fe9f55bdbccc700f97cd13e2d7b65e48,dilbert,True,cpu,6.923905611038208,all_samples,6.923906326293945,,,,False,KMeans,5,2000,10000,/data/luolie/ToPoGate/result/topogate_baseline_transductive_default_20260911_024913/runs/KMeans/dilbert/seed7,,same_samples,transductive,7,new_run,completed,not_applicable
0.3431,0.051752001911793535,0.08179664594341654,20f3652805b617a7fdbb5ee50cfe0443fe9f55bdbccc700f97cd13e2d7b65e48,dilbert,True,cpu,0.9097185134887695,all_samples,0.9097189903259277,,,,False,PCA+KMeans,5,2000,10000,/data/luolie/ToPoGate/result/topogate_baseline_transductive_default_20260911_024913/runs/PCA+KMeans/dilbert/seed42,,same_samples,transductive,42,new_run,completed,not_applicable
0.3431,0.05155830584860157,0.08168054509006968,20f3652805b617a7fdbb5ee50cfe0443fe9f55bdbccc700f97cd13e2d7b65e48,dilbert,True,cpu,0.9203472137451172,all_samples,0.9203474521636963,,,,False,PCA+KMeans,5,2000,10000,/data/luolie/ToPoGate/result/topogate_baseline_transductive_default_20260911_024913/runs/PCA+KMeans/dilbert/seed123,,same_samples,transductive,123,new_run,completed,not_applicable
0.3431,0.05155217725656851,0.08168617232514747,20f3652805b617a7fdbb5ee50cfe0443fe9f55bdbccc700f97cd13e2d7b65e48,dilbert,True,cpu,0.895392656326294,all_samples,0.8953931331634521,,,,False,PCA+KMeans,5,2000,10000,/data/luolie/ToPoGate/result/topogate_baseline_transductive_default_20260911_024913/runs/PCA+KMeans/dilbert/seed7,,same_samples,transductive,7,new_run,completed,not_applicable
0.30074328187535737,0.008676999982566871,0.010356433471208263,3cdd87d998466a00bc2268586be544530a2c89d488fb685b34e0e41f5ef04759,Drug_Consumption,True,cpu,0.06914973258972168,all_samples,0.06915020942687988,,,,False,KMeans,4,12,1749,/data/luolie/ToPoGate/result/topogate_baseline_transductive_default_20260911_024913/runs/KMeans/Drug_Consumption/seed42,,same_samples,transductive,42,new_run,completed,not_applicable
0.2967409948542024,0.005863701973892243,0.009249523509613567,3cdd87d998466a00bc2268586be544530a2c89d488fb685b34e0e41f5ef04759,Drug_Consumption,True,cpu,0.06379008293151855,all_samples,0.06379079818725586,,,,False,KMeans,4,12,1749,/data/luolie/ToPoGate/result/topogate_baseline_transductive_default_20260911_024913/runs/KMeans/Drug_Consumption/seed123,,same_samples,transductive,123,new_run,completed,not_applicable
0.30074328187535737,0.009114896945564836,0.010393359353969019,3cdd87d998466a00bc2268586be544530a2c89d488fb685b34e0e41f5ef04759,Drug_Consumption,True,cpu,0.0654146671295166,all_samples,0.0654151439666748,,,,False,KMeans,4,12,1749,/data/luolie/ToPoGate/result/topogate_baseline_transductive_default_20260911_024913/runs/KMeans/Drug_Consumption/seed7,,same_samples,transductive,7,new_run,completed,not_applicable
0.30074328187535737,0.008676999982566871,0.010356433471208263,3cdd87d998466a00bc2268586be544530a2c89d488fb685b34e0e41f5ef04759,Drug_Consumption,True,cpu,0.07098555564880371,all_samples,0.07098603248596191,,,,False,PCA+KMeans,4,12,1749,/data/luolie/ToPoGate/result/topogate_baseline_transductive_default_20260911_024913/runs/PCA+KMeans/Drug_Consumption/seed42,,same_samples,transductive,42,new_run,completed,not_applicable
0.2967409948542024,0.005863701973892243,0.009249523509613567,3cdd87d998466a00bc2268586be544530a2c89d488fb685b34e0e41f5ef04759,Drug_Consumption,True,cpu,0.0639963150024414,all_samples,0.06399679183959961,,,,False,PCA+KMeans,4,12,1749,/data/luolie/ToPoGate/result/topogate_baseline_transductive_default_20260911_024913/runs/PCA+KMeans/Drug_Consumption/seed123,,same_samples,transductive,123,new_run,completed,not_applicable
0.30074328187535737,0.009114896945564836,0.010393359353969019,3cdd87d998466a00bc2268586be544530a2c89d488fb685b34e0e41f5ef04759,Drug_Consumption,True,cpu,0.0655202865600586,all_samples,0.0655207633972168,,,,False,PCA+KMeans,4,12,1749,/data/luolie/ToPoGate/result/topogate_baseline_transductive_default_20260911_024913/runs/PCA+KMeans/Drug_Consumption/seed7,,same_samples,transductive,7,new_run,completed,not_applicable
0.7843353005901771,0.6670318702007655,0.713509892612529,7bf64321e94f34c435c1d545917cda00911c9d1921f4ecde598371a57cb49e4c,dry_bean,True,cpu,0.12804198265075684,all_samples,0.12804245948791504,,,,False,KMeans,7,16,9997,/data/luolie/ToPoGate/result/topogate_baseline_transductive_default_20260911_024913/runs/KMeans/dry_bean/seed42,,same_samples,transductive,42,new_run,completed,not_applicable
0.785335600680204,0.6667888414503274,0.7129413204686332,7bf64321e94f34c435c1d545917cda00911c9d1921f4ecde598371a57cb49e4c,dry_bean,True,cpu,0.11775565147399902,all_samples,0.11775636672973633,,,,False,KMeans,7,16,9997,/data/luolie/ToPoGate/result/topogate_baseline_transductive_default_20260911_024913/runs/KMeans/dry_bean/seed123,,same_samples,transductive,123,new_run,completed,not_applicable
0.785335600680204,0.6667888414503274,0.7129413204686335,7bf64321e94f34c435c1d545917cda00911c9d1921f4ecde598371a57cb49e4c,dry_bean,True,cpu,0.12961077690124512,all_samples,0.12961125373840332,,,,False,KMeans,7,16,9997,/data/luolie/ToPoGate/result/topogate_baseline_transductive_default_20260911_024913/runs/KMeans/dry_bean/seed7,,same_samples,transductive,7,new_run,completed,not_applicable
0.7843353005901771,0.6670318702007655,0.713509892612529,7bf64321e94f34c435c1d545917cda00911c9d1921f4ecde598371a57cb49e4c,dry_bean,True,cpu,0.13932490348815918,all_samples,0.13932538032531738,,,,False,PCA+KMeans,7,16,9997,/data/luolie/ToPoGate/result/topogate_baseline_transductive_default_20260911_024913/runs/PCA+KMeans/dry_bean/seed42,,same_samples,transductive,42,new_run,completed,not_applicable
0.785335600680204,0.6667888414503274,0.7129413204686332,7bf64321e94f34c435c1d545917cda00911c9d1921f4ecde598371a57cb49e4c,dry_bean,True,cpu,0.12946224212646484,all_samples,0.12946271896362305,,,,False,PCA+KMeans,7,16,9997,/data/luolie/ToPoGate/result/topogate_baseline_transductive_default_20260911_024913/runs/PCA+KMeans/dry_bean/seed123,,same_samples,transductive,123,new_run,completed,not_applicable
0.785335600680204,0.6667888414503274,0.7129413204686335,7bf64321e94f34c435c1d545917cda00911c9d1921f4ecde598371a57cb49e4c,dry_bean,True,cpu,0.1350841522216797,all_samples,0.135084867477417,,,,False,PCA+KMeans,7,16,9997,/data/luolie/ToPoGate/result/topogate_baseline_transductive_default_20260911_024913/runs/PCA+KMeans/dry_bean/seed7,,same_samples,transductive,7,new_run,completed,not_applicable
0.4865555555555556,0.3550504831091666,0.5208579876020678,fcd590ba701dd29777185964dda7fad1d436377fdd0ba662c7248265d92f9e25,durum_wheat_features,True,cpu,0.26262736320495605,all_samples,0.26262784004211426,,,,False,KMeans,3,236,9000,/data/luolie/ToPoGate/result/topogate_baseline_transductive_default_20260911_024913/runs/KMeans/durum_wheat_features/seed42,,same_samples,transductive,42,new_run,completed,not_applicable
0.4865555555555556,0.3550504831091666,0.5208579876020678,fcd590ba701dd29777185964dda7fad1d436377fdd0ba662c7248265d92f9e25,durum_wheat_features,True,cpu,0.2616612911224365,all_samples,0.2616615295410156,,,,False,KMeans,3,236,9000,/data/luolie/ToPoGate/result/topogate_baseline_transductive_default_20260911_024913/runs/KMeans/durum_wheat_features/seed123,,same_samples,transductive,123,new_run,completed,not_applicable
0.4865555555555556,0.3550504831091666,0.5208579876020678,fcd590ba701dd29777185964dda7fad1d436377fdd0ba662c7248265d92f9e25,durum_wheat_features,True,cpu,0.27478885650634766,all_samples,0.27478933334350586,,,,False,KMeans,3,236,9000,/data/luolie/ToPoGate/result/topogate_baseline_transductive_default_20260911_024913/runs/KMeans/durum_wheat_features/seed7,,same_samples,transductive,7,new_run,completed,not_applicable
0.4865555555555556,0.3550504831091666,0.5208579876020678,fcd590ba701dd29777185964dda7fad1d436377fdd0ba662c7248265d92f9e25,durum_wheat_features,True,cpu,0.12660765647888184,all_samples,0.12660837173461914,,,,False,PCA+KMeans,3,236,9000,/data/luolie/ToPoGate/result/topogate_baseline_transductive_default_20260911_024913/runs/PCA+KMeans/durum_wheat_features/seed42,,same_samples,transductive,42,new_run,completed,not_applicable
0.4865555555555556,0.3550504831091666,0.5208579876020678,fcd590ba701dd29777185964dda7fad1d436377fdd0ba662c7248265d92f9e25,durum_wheat_features,True,cpu,0.11958718299865723,all_samples,0.11958765983581543,,,,False,PCA+KMeans,3,236,9000,/data/luolie/ToPoGate/result/topogate_baseline_transductive_default_20260911_024913/runs/PCA+KMeans/durum_wheat_features/seed123,,same_samples,transductive,123,new_run,completed,not_applicable
0.4865555555555556,0.3550504831091666,0.5208579876020678,fcd590ba701dd29777185964dda7fad1d436377fdd0ba662c7248265d92f9e25,durum_wheat_features,True,cpu,0.12176275253295898,all_samples,0.12176299095153809,,,,False,PCA+KMeans,3,236,9000,/data/luolie/ToPoGate/result/topogate_baseline_transductive_default_20260911_024913/runs/PCA+KMeans/durum_wheat_features/seed7,,same_samples,transductive,7,new_run,completed,not_applicable
0.8688524590163934,0.5255391433875596,0.3878364824212517,120daafe425aeb25de45097a53ddce9dc63e3f791212bbb7ad660ff8d98138b3,echocardiogram,True,cpu,0.00953984260559082,all_samples,0.009540081024169922,,,,False,KMeans,2,10,61,/data/luolie/ToPoGate/result/topogate_baseline_transductive_default_20260911_024913/runs/KMeans/echocardiogram/seed42,,same_samples,transductive,42,new_run,completed,not_applicable
0.8688524590163934,0.5255391433875596,0.3878364824212516,120daafe425aeb25de45097a53ddce9dc63e3f791212bbb7ad660ff8d98138b3,echocardiogram,True,cpu,0.009569644927978516,all_samples,0.009569883346557617,,,,False,KMeans,2,10,61,/data/luolie/ToPoGate/result/topogate_baseline_transductive_default_20260911_024913/runs/KMeans/echocardiogram/seed123,,same_samples,transductive,123,new_run,completed,not_applicable
0.8688524590163934,0.5255391433875596,0.3878364824212516,120daafe425aeb25de45097a53ddce9dc63e3f791212bbb7ad660ff8d98138b3,echocardiogram,True,cpu,0.00960683822631836,all_samples,0.009607076644897461,,,,False,KMeans,2,10,61,/data/luolie/ToPoGate/result/topogate_baseline_transductive_default_20260911_024913/runs/KMeans/echocardiogram/seed7,,same_samples,transductive,7,new_run,completed,not_applicable
0.8688524590163934,0.5255391433875596,0.3878364824212517,120daafe425aeb25de45097a53ddce9dc63e3f791212bbb7ad660ff8d98138b3,echocardiogram,True,cpu,0.00985264778137207,all_samples,0.009852886199951172,,,,False,PCA+KMeans,2,10,61,/data/luolie/ToPoGate/result/topogate_baseline_transductive_default_20260911_024913/runs/PCA+KMeans/echocardiogram/seed42,,same_samples,transductive,42,new_run,completed,not_applicable
0.8688524590163934,0.5255391433875596,0.3878364824212516,120daafe425aeb25de45097a53ddce9dc63e3f791212bbb7ad660ff8d98138b3,echocardiogram,True,cpu,0.010110855102539062,all_samples,0.010111570358276367,,,,False,PCA+KMeans,2,10,61,/data/luolie/ToPoGate/result/topogate_baseline_transductive_default_20260911_024913/runs/PCA+KMeans/echocardiogram/seed123,,same_samples,transductive,123,new_run,completed,not_applicable
0.8688524590163934,0.5255391433875596,0.3878364824212516,120daafe425aeb25de45097a53ddce9dc63e3f791212bbb7ad660ff8d98138b3,echocardiogram,True,cpu,0.010159492492675781,all_samples,0.010159730911254883,,,,False,PCA+KMeans,2,10,61,/data/luolie/ToPoGate/result/topogate_baseline_transductive_default_20260911_024913/runs/PCA+KMeans/echocardiogram/seed7,,same_samples,transductive,7,new_run,completed,not_applicable
0.8165137614678899,0.724276609279142,0.6714515879843834,a8c7517b3e68c1d27f2f6920d4cd705281b1e12c207be82839de627b97f629e6,ecoli,True,cpu,0.02943253517150879,all_samples,0.02943277359008789,,,,False,KMeans,5,7,327,/data/luolie/ToPoGate/result/topogate_baseline_transductive_default_20260911_024913/runs/KMeans/ecoli/seed42,,same_samples,transductive,42,new_run,completed,not_applicable
0.8195718654434251,0.7269321027196105,0.6810479642350216,a8c7517b3e68c1d27f2f6920d4cd705281b1e12c207be82839de627b97f629e6,ecoli,True,cpu,0.028551101684570312,all_samples,0.028551578521728516,,,,False,KMeans,5,7,327,/data/luolie/ToPoGate/result/topogate_baseline_transductive_default_20260911_024913/runs/KMeans/ecoli/seed123,,same_samples,transductive,123,new_run,completed,not_applicable
0.8195718654434251,0.7267726174194202,0.6767184631634555,a8c7517b3e68c1d27f2f6920d4cd705281b1e12c207be82839de627b97f629e6,ecoli,True,cpu,0.028084754943847656,all_samples,0.02808523178100586,,,,False,KMeans,5,7,327,/data/luolie/ToPoGate/result/topogate_baseline_transductive_default_20260911_024913/runs/KMeans/ecoli/seed7,,same_samples,transductive,7,new_run,completed,not_applicable
0.8165137614678899,0.724276609279142,0.6714515879843834,a8c7517b3e68c1d27f2f6920d4cd705281b1e12c207be82839de627b97f629e6,ecoli,True,cpu,0.02950263023376465,all_samples,0.029503345489501953,,,,False,PCA+KMeans,5,7,327,/data/luolie/ToPoGate/result/topogate_baseline_transductive_default_20260911_024913/runs/PCA+KMeans/ecoli/seed42,,same_samples,transductive,42,new_run,completed,not_applicable
0.8195718654434251,0.7269321027196105,0.6810479642350216,a8c7517b3e68c1d27f2f6920d4cd705281b1e12c207be82839de627b97f629e6,ecoli,True,cpu,0.028432369232177734,all_samples,0.028432846069335938,,,,False,PCA+KMeans,5,7,327,/data/luolie/ToPoGate/result/topogate_baseline_transductive_default_20260911_024913/runs/PCA+KMeans/ecoli/seed123,,same_samples,transductive,123,new_run,completed,not_applicable
0.8195718654434251,0.7267726174194202,0.6767184631634555,a8c7517b3e68c1d27f2f6920d4cd705281b1e12c207be82839de627b97f629e6,ecoli,True,cpu,0.028008222579956055,all_samples,0.02800893783569336,,,,False,PCA+KMeans,5,7,327,/data/luolie/ToPoGate/result/topogate_baseline_transductive_default_20260911_024913/runs/PCA+KMeans/ecoli/seed7,,same_samples,transductive,7,new_run,completed,not_applicable
0.9564956495649565,0.8335365456900116,0.7835236451610145,b948a134030457668937d969f8848d81aaff669a2a730475b2ea83addbab9347,enron,True,cpu,4.972316265106201,all_samples,4.9723169803619385,,,,False,KMeans,2,4096,9999,/data/luolie/ToPoGate/result/topogate_baseline_transductive_default_20260911_024913/runs/KMeans/enron/seed42,,same_samples,transductive,42,new_run,completed,not_applicable
0.9564956495649565,0.8335365456900116,0.7835236451610145,b948a134030457668937d969f8848d81aaff669a2a730475b2ea83addbab9347,enron,True,cpu,4.600327730178833,all_samples,4.60032844543457,,,,False,KMeans,2,4096,9999,/data/luolie/ToPoGate/result/topogate_baseline_transductive_default_20260911_024913/runs/KMeans/enron/seed123,,same_samples,transductive,123,new_run,completed,not_applicable
0.9564956495649565,0.8335365456900116,0.7835236451610145,b948a134030457668937d969f8848d81aaff669a2a730475b2ea83addbab9347,enron,True,cpu,4.4249725341796875,all_samples,4.424973011016846,,,,False,KMeans,2,4096,9999,/data/luolie/ToPoGate/result/topogate_baseline_transductive_default_20260911_024913/runs/KMeans/enron/seed7,,same_samples,transductive,7,new_run,completed,not_applicable
0.9564956495649565,0.8335365456900116,0.7835236451610145,b948a134030457668937d969f8848d81aaff669a2a730475b2ea83addbab9347,enron,True,cpu,1.0660021305084229,all_samples,1.066002368927002,,,,False,PCA+KMeans,2,4096,9999,/data/luolie/ToPoGate/result/topogate_baseline_transductive_default_20260911_024913/runs/PCA+KMeans/enron/seed42,,same_samples,transductive,42,new_run,completed,not_applicable
0.9554955495549555,0.8298878571149466,0.7799870516408649,b948a134030457668937d969f8848d81aaff669a2a730475b2ea83addbab9347,enron,True,cpu,1.1121973991394043,all_samples,1.1121978759765625,,,,False,PCA+KMeans,2,4096,9999,/data/luolie/ToPoGate/result/topogate_baseline_transductive_default_20260911_024913/runs/PCA+KMeans/enron/seed123,,same_samples,transductive,123,new_run,completed,not_applicable
0.9554955495549555,0.8298878571149466,0.7799870516408649,b948a134030457668937d969f8848d81aaff669a2a730475b2ea83addbab9347,enron,True,cpu,1.1055803298950195,all_samples,1.1055805683135986,,,,False,PCA+KMeans,2,4096,9999,/data/luolie/ToPoGate/result/topogate_baseline_transductive_default_20260911_024913/runs/PCA+KMeans/enron/seed7,,same_samples,transductive,7,new_run,completed,not_applicable
0.24382608695652175,0.0179004665358202,0.09735645139848129,d063f1bcaf76e895d6befd1eae36b05f30cf78320cbd1b7cce5fd230d36b40ef,epileptic_seizure_recognition,True,cpu,0.31351327896118164,all_samples,0.31351351737976074,,,,False,KMeans,5,178,5750,/data/luolie/ToPoGate/result/topogate_baseline_transductive_default_20260911_024913/runs/KMeans/epileptic_seizure_recognition/seed42,,same_samples,transductive,42,new_run,completed,not_applicable
0.24730434782608696,0.022547367157838505,0.1104893602703924,d063f1bcaf76e895d6befd1eae36b05f30cf78320cbd1b7cce5fd230d36b40ef,epileptic_seizure_recognition,True,cpu,0.2745945453643799,all_samples,0.2745950222015381,,,,False,KMeans,5,178,5750,/data/luolie/ToPoGate/result/topogate_baseline_transductive_default_20260911_024913/runs/KMeans/epileptic_seizure_recognition/seed123,,same_samples,transductive,123,new_run,completed,not_applicable
0.24556521739130435,0.02151372078505599,0.10852806526895627,d063f1bcaf76e895d6befd1eae36b05f30cf78320cbd1b7cce5fd230d36b40ef,epileptic_seizure_recognition,True,cpu,0.27517223358154297,all_samples,0.27517271041870117,,,,False,KMeans,5,178,5750,/data/luolie/ToPoGate/result/topogate_baseline_transductive_default_20260911_024913/runs/KMeans/epileptic_seizure_recognition/seed7,,same_samples,transductive,7,new_run,completed,not_applicable
0.2445217391304348,0.017698040135430946,0.09730629862570085,d063f1bcaf76e895d6befd1eae36b05f30cf78320cbd1b7cce5fd230d36b40ef,epileptic_seizure_recognition,True,cpu,0.14522671699523926,all_samples,0.14522719383239746,,,,False,PCA+KMeans,5,178,5750,/data/luolie/ToPoGate/result/topogate_baseline_transductive_default_20260911_024913/runs/PCA+KMeans/epileptic_seizure_recognition/seed42,,same_samples,transductive,42,new_run,completed,not_applicable
0.24747826086956523,0.018074050695213253,0.09719053123873711,d063f1bcaf76e895d6befd1eae36b05f30cf78320cbd1b7cce5fd230d36b40ef,epileptic_seizure_recognition,True,cpu,0.1436293125152588,all_samples,0.143629789352417,,,,False,PCA+KMeans,5,178,5750,/data/luolie/ToPoGate/result/topogate_baseline_transductive_default_20260911_024913/runs/PCA+KMeans/epileptic_seizure_recognition/seed123,,same_samples,transductive,123,new_run,completed,not_applicable
0.24365217391304347,0.018693336907933764,0.10068295040866095,d063f1bcaf76e895d6befd1eae36b05f30cf78320cbd1b7cce5fd230d36b40ef,epileptic_seizure_recognition,True,cpu,0.14751696586608887,all_samples,0.14751768112182617,,,,False,PCA+KMeans,5,178,5750,/data/luolie/ToPoGate/result/topogate_baseline_transductive_default_20260911_024913/runs/PCA+KMeans/epileptic_seizure_recognition/seed7,,same_samples,transductive,7,new_run,completed,not_applicable
0.6238244514106583,0.21202967414457582,0.5019984493234209,4be8a8d10b157be84878cdc168c6fda60e5311eb831a384bdf9708bf237b4dab,extyaleb,True,cpu,0.031095266342163086,all_samples,0.03109598159790039,,,,False,KMeans,5,30,319,/data/luolie/ToPoGate/result/topogate_baseline_transductive_default_20260911_024913/runs/KMeans/extyaleb/seed42,,same_samples,transductive,42,new_run,completed,not_applicable
0.5830721003134797,0.21619447808374345,0.38769078798018086,4be8a8d10b157be84878cdc168c6fda60e5311eb831a384bdf9708bf237b4dab,extyaleb,True,cpu,0.030730485916137695,all_samples,0.030731201171875,,,,False,KMeans,5,30,319,/data/luolie/ToPoGate/result/topogate_baseline_transductive_default_20260911_024913/runs/KMeans/extyaleb/seed123,,same_samples,transductive,123,new_run,completed,not_applicable
0.5329153605015674,0.23013925499926233,0.5091698583943393,4be8a8d10b157be84878cdc168c6fda60e5311eb831a384bdf9708bf237b4dab,extyaleb,True,cpu,0.030168533325195312,all_samples,0.030169010162353516,,,,False,KMeans,5,30,319,/data/luolie/ToPoGate/result/topogate_baseline_transductive_default_20260911_024913/runs/KMeans/extyaleb/seed7,,same_samples,transductive,7,new_run,completed,not_applicable
0.6238244514106583,0.21202967414457582,0.5019984493234209,4be8a8d10b157be84878cdc168c6fda60e5311eb831a384bdf9708bf237b4dab,extyaleb,True,cpu,0.03197622299194336,all_samples,0.031977176666259766,,,,False,PCA+KMeans,5,30,319,/data/luolie/ToPoGate/result/topogate_baseline_transductive_default_20260911_024913/runs/PCA+KMeans/extyaleb/seed42,,same_samples,transductive,42,new_run,completed,not_applicable
0.5830721003134797,0.21619447808374345,0.38769078798018086,4be8a8d10b157be84878cdc168c6fda60e5311eb831a384bdf9708bf237b4dab,extyaleb,True,cpu,0.030875444412231445,all_samples,0.03087592124938965,,,,False,PCA+KMeans,5,30,319,/data/luolie/ToPoGate/result/topogate_baseline_transductive_default_20260911_024913/runs/PCA+KMeans/extyaleb/seed123,,same_samples,transductive,123,new_run,completed,not_applicable
0.5329153605015674,0.23013925499926233,0.5091698583943393,4be8a8d10b157be84878cdc168c6fda60e5311eb831a384bdf9708bf237b4dab,extyaleb,True,cpu,0.031154632568359375,all_samples,0.031155109405517578,,,,False,PCA+KMeans,5,30,319,/data/luolie/ToPoGate/result/topogate_baseline_transductive_default_20260911_024913/runs/PCA+KMeans/extyaleb/seed7,,same_samples,transductive,7,new_run,completed,not_applicable
0.21986160009712274,0.0012324725003354492,0.021202297756447486,afec068227c7cd5b9f10f383bb06b0cc848417ed47a163e7b74a8e543b2084ca,fabert,True,cpu,2.348071336746216,all_samples,2.348072052001953,,,,False,KMeans,7,800,8237,/data/luolie/ToPoGate/result/topogate_baseline_transductive_default_20260911_024913/runs/KMeans/fabert/seed42,,same_samples,transductive,42,new_run,completed,not_applicable
0.22629598154667963,-0.0011344656143936374,0.031526147778555336,afec068227c7cd5b9f10f383bb06b0cc848417ed47a163e7b74a8e543b2084ca,fabert,True,cpu,2.2568960189819336,all_samples,2.2568962574005127,,,,False,KMeans,7,800,8237,/data/luolie/ToPoGate/result/topogate_baseline_transductive_default_20260911_024913/runs/KMeans/fabert/seed123,,same_samples,transductive,123,new_run,completed,not_applicable
0.2527619278863664,0.005130888364078766,0.07056911310378612,afec068227c7cd5b9f10f383bb06b0cc848417ed47a163e7b74a8e543b2084ca,fabert,True,cpu,2.176100969314575,all_samples,2.1761014461517334,,,,False,KMeans,7,800,8237,/data/luolie/ToPoGate/result/topogate_baseline_transductive_default_20260911_024913/runs/KMeans/fabert/seed7,,same_samples,transductive,7,new_run,completed,not_applicable
0.23188053903120068,1.3942741217092535e-05,0.037882127548567,afec068227c7cd5b9f10f383bb06b0cc848417ed47a163e7b74a8e543b2084ca,fabert,True,cpu,0.3726999759674072,all_samples,0.37270069122314453,,,,False,PCA+KMeans,7,800,8237,/data/luolie/ToPoGate/result/topogate_baseline_transductive_default_20260911_024913/runs/PCA+KMeans/fabert/seed42,,same_samples,transductive,42,new_run,completed,not_applicable
0.23612965885637974,0.0009353830966601002,0.040486121123664606,afec068227c7cd5b9f10f383bb06b0cc848417ed47a163e7b74a8e543b2084ca,fabert,True,cpu,0.3715667724609375,all_samples,0.3715670108795166,,,,False,PCA+KMeans,7,800,8237,/data/luolie/ToPoGate/result/topogate_baseline_transductive_default_20260911_024913/runs/PCA+KMeans/fabert/seed123,,same_samples,transductive,123,new_run,completed,not_applicable
0.22119703775646474,0.006561762155741185,0.02827533543665508,afec068227c7cd5b9f10f383bb06b0cc848417ed47a163e7b74a8e543b2084ca,fabert,True,cpu,0.39510607719421387,all_samples,0.39510631561279297,,,,False,PCA+KMeans,7,800,8237,/data/luolie/ToPoGate/result/topogate_baseline_transductive_default_20260911_024913/runs/PCA+KMeans/fabert/seed7,,same_samples,transductive,7,new_run,completed,not_applicable
0.48533333333333334,0.3349207815713593,0.5123749374869165,00fd65f40b783d1bbcb7b933c232e990096735f6d4da156702da2541d8c62044,fashion_mnist,True,cpu,1.3343141078948975,all_samples,1.3343145847320557,,,,False,KMeans,10,784,3000,/data/luolie/ToPoGate/result/topogate_baseline_transductive_default_20260911_024913/runs/KMeans/fashion_mnist/seed42,,same_samples,transductive,42,new_run,completed,not_applicable
0.45766666666666667,0.32927130362254453,0.515837832921719,00fd65f40b783d1bbcb7b933c232e990096735f6d4da156702da2541d8c62044,fashion_mnist,True,cpu,1.3951566219329834,all_samples,1.3951570987701416,,,,False,KMeans,10,784,3000,/data/luolie/ToPoGate/result/topogate_baseline_transductive_default_20260911_024913/runs/KMeans/fashion_mnist/seed123,,same_samples,transductive,123,new_run,completed,not_applicable
0.4573333333333333,0.32787826277420157,0.5120002948142037,00fd65f40b783d1bbcb7b933c232e990096735f6d4da156702da2541d8c62044,fashion_mnist,True,cpu,1.3330626487731934,all_samples,1.3330631256103516,,,,False,KMeans,10,784,3000,/data/luolie/ToPoGate/result/topogate_baseline_transductive_default_20260911_024913/runs/KMeans/fashion_mnist/seed7,,same_samples,transductive,7,new_run,completed,not_applicable
0.4746666666666667,0.3361960831037187,0.5213829869942475,00fd65f40b783d1bbcb7b933c232e990096735f6d4da156702da2541d8c62044,fashion_mnist,True,cpu,0.2628929615020752,all_samples,0.2628936767578125,,,,False,PCA+KMeans,10,784,3000,/data/luolie/ToPoGate/result/topogate_baseline_transductive_default_20260911_024913/runs/PCA+KMeans/fashion_mnist/seed42,,same_samples,transductive,42,new_run,completed,not_applicable
0.4806666666666667,0.3398940247770004,0.5234461687719477,00fd65f40b783d1bbcb7b933c232e990096735f6d4da156702da2541d8c62044,fashion_mnist,True,cpu,0.2775382995605469,all_samples,0.277538537979126,,,,False,PCA+KMeans,10,784,3000,/data/luolie/ToPoGate/result/topogate_baseline_transductive_default_20260911_024913/runs/PCA+KMeans/fashion_mnist/seed123,,same_samples,transductive,123,new_run,completed,not_applicable
0.456,0.32708503098662933,0.5115807936354766,00fd65f40b783d1bbcb7b933c232e990096735f6d4da156702da2541d8c62044,fashion_mnist,True,cpu,0.2689681053161621,all_samples,0.2689685821533203,,,,False,PCA+KMeans,10,784,3000,/data/luolie/ToPoGate/result/topogate_baseline_transductive_default_20260911_024913/runs/PCA+KMeans/fashion_mnist/seed7,,same_samples,transductive,7,new_run,completed,not_applicable
0.6392,0.5191815253617315,0.6643947748917874,3c4b95037c85b48d865d197de9f38b82ab411ef48ae66fe33da5c03529546afb,FashionMNIST_CLIP,True,cpu,2.447669267654419,all_samples,2.4476702213287354,,,,False,KMeans,10,512,10000,/data/luolie/ToPoGate/result/topogate_baseline_transductive_default_20260911_024913/runs/KMeans/FashionMNIST_CLIP/seed42,,same_samples,transductive,42,new_run,completed,not_applicable
0.6398,0.5197987727725969,0.6642993159646529,3c4b95037c85b48d865d197de9f38b82ab411ef48ae66fe33da5c03529546afb,FashionMNIST_CLIP,True,cpu,2.260317087173462,all_samples,2.260317802429199,,,,False,KMeans,10,512,10000,/data/luolie/ToPoGate/result/topogate_baseline_transductive_default_20260911_024913/runs/KMeans/FashionMNIST_CLIP/seed123,,same_samples,transductive,123,new_run,completed,not_applicable
0.6295,0.5232496644166605,0.6733092634258431,3c4b95037c85b48d865d197de9f38b82ab411ef48ae66fe33da5c03529546afb,FashionMNIST_CLIP,True,cpu,2.249469518661499,all_samples,2.2494699954986572,,,,False,KMeans,10,512,10000,/data/luolie/ToPoGate/result/topogate_baseline_transductive_default_20260911_024913/runs/KMeans/FashionMNIST_CLIP/seed7,,same_samples,transductive,7,new_run,completed,not_applicable
0.6373,0.5169875672497454,0.6633154202610069,3c4b95037c85b48d865d197de9f38b82ab411ef48ae66fe33da5c03529546afb,FashionMNIST_CLIP,True,cpu,0.4309999942779541,all_samples,0.4310004711151123,,,,False,PCA+KMeans,10,512,10000,/data/luolie/ToPoGate/result/topogate_baseline_transductive_default_20260911_024913/runs/PCA+KMeans/FashionMNIST_CLIP/seed42,,same_samples,transductive,42,new_run,completed,not_applicable
0.6369,0.5162221313877785,0.6626307474955729,3c4b95037c85b48d865d197de9f38b82ab411ef48ae66fe33da5c03529546afb,FashionMNIST_CLIP,True,cpu,0.43332910537719727,all_samples,0.43332934379577637,,,,False,PCA+KMeans,10,512,10000,/data/luolie/ToPoGate/result/topogate_baseline_transductive_default_20260911_024913/runs/PCA+KMeans/FashionMNIST_CLIP/seed123,,same_samples,transductive,123,new_run,completed,not_applicable
0.6394,0.5193761903876623,0.6646223447647165,3c4b95037c85b48d865d197de9f38b82ab411ef48ae66fe33da5c03529546afb,FashionMNIST_CLIP,True,cpu,0.4138002395629883,all_samples,0.4138007164001465,,,,False,PCA+KMeans,10,512,10000,/data/luolie/ToPoGate/result/topogate_baseline_transductive_default_20260911_024913/runs/PCA+KMeans/FashionMNIST_CLIP/seed7,,same_samples,transductive,7,new_run,completed,not_applicable
0.24225865209471767,-0.007016382816752031,0.07456710698342925,4c6426783b253f08d6be75aaa2a6e165f93691ac6bfa0b970c2ec142644a0aa6,fbis.wc,True,cpu,1.8430185317993164,all_samples,1.8430187702178955,,,,False,KMeans,11,2000,2196,/data/luolie/ToPoGate/result/topogate_baseline_transductive_default_20260911_024913/runs/KMeans/fbis.wc/seed42,,same_samples,transductive,42,new_run,completed,not_applicable
0.24225865209471767,-0.009190117533172755,0.08693205303113404,4c6426783b253f08d6be75aaa2a6e165f93691ac6bfa0b970c2ec142644a0aa6,fbis.wc,True,cpu,1.8188164234161377,all_samples,1.8188166618347168,,,,False,KMeans,11,2000,2196,/data/luolie/ToPoGate/result/topogate_baseline_transductive_default_20260911_024913/runs/KMeans/fbis.wc/seed123,,same_samples,transductive,123,new_run,completed,not_applicable
0.22768670309653916,-0.007998605488205258,0.07512529716422038,4c6426783b253f08d6be75aaa2a6e165f93691ac6bfa0b970c2ec142644a0aa6,fbis.wc,True,cpu,1.7115232944488525,all_samples,1.7115237712860107,,,,False,KMeans,11,2000,2196,/data/luolie/ToPoGate/result/topogate_baseline_transductive_default_20260911_024913/runs/KMeans/fbis.wc/seed7,,same_samples,transductive,7,new_run,completed,not_applicable
0.22085610200364297,-0.012205273174995701,0.055710329547790594,4c6426783b253f08d6be75aaa2a6e165f93691ac6bfa0b970c2ec142644a0aa6,fbis.wc,True,cpu,0.24530434608459473,all_samples,0.24530482292175293,,,,False,PCA+KMeans,11,2000,2196,/data/luolie/ToPoGate/result/topogate_baseline_transductive_default_20260911_024913/runs/PCA+KMeans/fbis.wc/seed42,,same_samples,transductive,42,new_run,completed,not_applicable
0.2185792349726776,-0.011774330572580321,0.05162481316239941,4c6426783b253f08d6be75aaa2a6e165f93691ac6bfa0b970c2ec142644a0aa6,fbis.wc,True,cpu,0.2497875690460205,all_samples,0.2497878074645996,,,,False,PCA+KMeans,11,2000,2196,/data/luolie/ToPoGate/result/topogate_baseline_transductive_default_20260911_024913/runs/PCA+KMeans/fbis.wc/seed123,,same_samples,transductive,123,new_run,completed,not_applicable
0.21948998178506376,-0.01042579431180134,0.05066651071908554,4c6426783b253f08d6be75aaa2a6e165f93691ac6bfa0b970c2ec142644a0aa6,fbis.wc,True,cpu,0.25019240379333496,all_samples,0.25019288063049316,,,,False,PCA+KMeans,11,2000,2196,/data/luolie/ToPoGate/result/topogate_baseline_transductive_default_20260911_024913/runs/PCA+KMeans/fbis.wc/seed7,,same_samples,transductive,7,new_run,completed,not_applicable
0.654280338664158,0.19963943749214955,0.20355263613510885,a378d109394a69625eb5672a39fe6563a31761f24e964ac856c9e2dbf7409e4a,fetal_health_classification,True,cpu,0.0815439224243164,all_samples,0.08154463768005371,,,,False,KMeans,3,21,2126,/data/luolie/ToPoGate/result/topogate_baseline_transductive_default_20260911_024913/runs/KMeans/fetal_health_classification/seed42,,same_samples,transductive,42,new_run,completed,not_applicable
0.654280338664158,0.19963943749214955,0.20355263613510885,a378d109394a69625eb5672a39fe6563a31761f24e964ac856c9e2dbf7409e4a,fetal_health_classification,True,cpu,0.08754611015319824,all_samples,0.08754658699035645,,,,False,KMeans,3,21,2126,/data/luolie/ToPoGate/result/topogate_baseline_transductive_default_20260911_024913/runs/KMeans/fetal_health_classification/seed123,,same_samples,transductive,123,new_run,completed,not_applicable
0.654280338664158,0.19963943749214955,0.20355263613510885,a378d109394a69625eb5672a39fe6563a31761f24e964ac856c9e2dbf7409e4a,fetal_health_classification,True,cpu,0.078857421875,all_samples,0.0788578987121582,,,,False,KMeans,3,21,2126,/data/luolie/ToPoGate/result/topogate_baseline_transductive_default_20260911_024913/runs/KMeans/fetal_health_classification/seed7,,same_samples,transductive,7,new_run,completed,not_applicable
0.654280338664158,0.19963943749214955,0.20355263613510885,a378d109394a69625eb5672a39fe6563a31761f24e964ac856c9e2dbf7409e4a,fetal_health_classification,True,cpu,0.07459020614624023,all_samples,0.07459068298339844,,,,False,PCA+KMeans,3,21,2126,/data/luolie/ToPoGate/result/topogate_baseline_transductive_default_20260911_024913/runs/PCA+KMeans/fetal_health_classification/seed42,,same_samples,transductive,42,new_run,completed,not_applicable
0.654280338664158,0.19963943749214955,0.20355263613510885,a378d109394a69625eb5672a39fe6563a31761f24e964ac856c9e2dbf7409e4a,fetal_health_classification,True,cpu,0.08898258209228516,all_samples,0.08898282051086426,,,,False,PCA+KMeans,3,21,2126,/data/luolie/ToPoGate/result/topogate_baseline_transductive_default_20260911_024913/runs/PCA+KMeans/fetal_health_classification/seed123,,same_samples,transductive,123,new_run,completed,not_applicable
0.654280338664158,0.19963943749214955,0.20355263613510885,a378d109394a69625eb5672a39fe6563a31761f24e964ac856c9e2dbf7409e4a,fetal_health_classification,True,cpu,0.07958006858825684,all_samples,0.07958078384399414,,,,False,PCA+KMeans,3,21,2126,/data/luolie/ToPoGate/result/topogate_baseline_transductive_default_20260911_024913/runs/PCA+KMeans/fetal_health_classification/seed7,,same_samples,transductive,7,new_run,completed,not_applicable
0.2530238640078457,-0.010758213701478218,0.0456828395944752,667cca3fb6e9ddc0c531ab776d2bc8fbbe071272068283e300bf5be459ab0069,first-order-theorem-proving,True,cpu,0.15537190437316895,all_samples,0.15537238121032715,,,,False,KMeans,6,51,6118,/data/luolie/ToPoGate/result/topogate_baseline_transductive_default_20260911_024913/runs/KMeans/first-order-theorem-proving/seed42,,same_samples,transductive,42,new_run,completed,not_applicable
0.2530238640078457,-0.010620539176997625,0.04573215576599526,667cca3fb6e9ddc0c531ab776d2bc8fbbe071272068283e300bf5be459ab0069,first-order-theorem-proving,True,cpu,0.1511526107788086,all_samples,0.1511530876159668,,,,False,KMeans,6,51,6118,/data/luolie/ToPoGate/result/topogate_baseline_transductive_default_20260911_024913/runs/KMeans/first-order-theorem-proving/seed123,,same_samples,transductive,123,new_run,completed,not_applicable
0.3200392285060477,0.024296700209245767,0.02539125034043791,667cca3fb6e9ddc0c531ab776d2bc8fbbe071272068283e300bf5be459ab0069,first-order-theorem-proving,True,cpu,0.14406514167785645,all_samples,0.14406561851501465,,,,False,KMeans,6,51,6118,/data/luolie/ToPoGate/result/topogate_baseline_transductive_default_20260911_024913/runs/KMeans/first-order-theorem-proving/seed7,,same_samples,transductive,7,new_run,completed,not_applicable
0.2530238640078457,-0.010758213701478218,0.0456828395944752,667cca3fb6e9ddc0c531ab776d2bc8fbbe071272068283e300bf5be459ab0069,first-order-theorem-proving,True,cpu,0.15816068649291992,all_samples,0.15816116333007812,,,,False,PCA+KMeans,6,51,6118,/data/luolie/ToPoGate/result/topogate_baseline_transductive_default_20260911_024913/runs/PCA+KMeans/first-order-theorem-proving/seed42,,same_samples,transductive,42,new_run,completed,not_applicable
0.2530238640078457,-0.010620539176997625,0.04573215576599526,667cca3fb6e9ddc0c531ab776d2bc8fbbe071272068283e300bf5be459ab0069,first-order-theorem-proving,True,cpu,0.15021586418151855,all_samples,0.15021634101867676,,,,False,PCA+KMeans,6,51,6118,/data/luolie/ToPoGate/result/topogate_baseline_transductive_default_20260911_024913/runs/PCA+KMeans/first-order-theorem-proving/seed123,,same_samples,transductive,123,new_run,completed,not_applicable
0.3200392285060477,0.024296700209245767,0.02539125034043791,667cca3fb6e9ddc0c531ab776d2bc8fbbe071272068283e300bf5be459ab0069,first-order-theorem-proving,True,cpu,0.14412522315979004,all_samples,0.14412569999694824,,,,False,PCA+KMeans,6,51,6118,/data/luolie/ToPoGate/result/topogate_baseline_transductive_default_20260911_024913/runs/PCA+KMeans/first-order-theorem-proving/seed7,,same_samples,transductive,7,new_run,completed,not_applicable
0.3299899699097292,0.12886478649733416,0.25781827952178077,1be9ec6098fcb721f47c4fddf04047b6f6c6b96623174db9ef700343e009b444,flickr_material_database,True,cpu,0.7126471996307373,all_samples,0.7126479148864746,,,,False,KMeans,10,1536,997,/data/luolie/ToPoGate/result/topogate_baseline_transductive_default_20260911_024913/runs/KMeans/flickr_material_database/seed42,,same_samples,transductive,42,new_run,completed,not_applicable
0.32698094282848544,0.12079504647512766,0.2519600367284428,1be9ec6098fcb721f47c4fddf04047b6f6c6b96623174db9ef700343e009b444,flickr_material_database,True,cpu,0.7351272106170654,all_samples,0.7351276874542236,,,,False,KMeans,10,1536,997,/data/luolie/ToPoGate/result/topogate_baseline_transductive_default_20260911_024913/runs/KMeans/flickr_material_database/seed123,,same_samples,transductive,123,new_run,completed,not_applicable
0.38415245737211634,0.15879069739857163,0.29263093654228867,1be9ec6098fcb721f47c4fddf04047b6f6c6b96623174db9ef700343e009b444,flickr_material_database,True,cpu,0.7487764358520508,all_samples,0.7487771511077881,,,,False,KMeans,10,1536,997,/data/luolie/ToPoGate/result/topogate_baseline_transductive_default_20260911_024913/runs/KMeans/flickr_material_database/seed7,,same_samples,transductive,7,new_run,completed,not_applicable
0.3600802407221665,0.1541122212166249,0.2925139376153116,1be9ec6098fcb721f47c4fddf04047b6f6c6b96623174db9ef700343e009b444,flickr_material_database,True,cpu,0.1409895420074463,all_samples,0.1409897804260254,,,,False,PCA+KMeans,10,1536,997,/data/luolie/ToPoGate/result/topogate_baseline_transductive_default_20260911_024913/runs/PCA+KMeans/flickr_material_database/seed42,,same_samples,transductive,42,new_run,completed,not_applicable
0.34904714142427284,0.14533946745073933,0.27484410062634645,1be9ec6098fcb721f47c4fddf04047b6f6c6b96623174db9ef700343e009b444,flickr_material_database,True,cpu,0.1576523780822754,all_samples,0.1576528549194336,,,,False,PCA+KMeans,10,1536,997,/data/luolie/ToPoGate/result/topogate_baseline_transductive_default_20260911_024913/runs/PCA+KMeans/flickr_material_database/seed123,,same_samples,transductive,123,new_run,completed,not_applicable
0.34904714142427284,0.14129041104982512,0.269372209011499,1be9ec6098fcb721f47c4fddf04047b6f6c6b96623174db9ef700343e009b444,flickr_material_database,True,cpu,0.15209460258483887,all_samples,0.15209531784057617,,,,False,PCA+KMeans,10,1536,997,/data/luolie/ToPoGate/result/topogate_baseline_transductive_default_20260911_024913/runs/PCA+KMeans/flickr_material_database/seed7,,same_samples,transductive,7,new_run,completed,not_applicable
0.7344734473447345,0.00035293230441480665,0.0004573124176058329,2bd698a08ab9dceed52b4bcfedb9435b385a72456badf90febcac07a42c66eba,fraud_detection_bank,True,cpu,0.16474056243896484,all_samples,0.16474127769470215,,,,False,KMeans,2,112,9999,/data/luolie/ToPoGate/result/topogate_baseline_transductive_default_20260911_024913/runs/KMeans/fraud_detection_bank/seed42,,same_samples,transductive,42,new_run,completed,not_applicable
0.7344734473447345,0.00035293230441480665,0.0004573124176058329,2bd698a08ab9dceed52b4bcfedb9435b385a72456badf90febcac07a42c66eba,fraud_detection_bank,True,cpu,0.20163369178771973,all_samples,0.20163393020629883,,,,False,KMeans,2,112,9999,/data/luolie/ToPoGate/result/topogate_baseline_transductive_default_20260911_024913/runs/KMeans/fraud_detection_bank/seed123,,same_samples,transductive,123,new_run,completed,not_applicable
0.7344734473447345,0.00035293230441480665,0.0004573124176058329,2bd698a08ab9dceed52b4bcfedb9435b385a72456badf90febcac07a42c66eba,fraud_detection_bank,True,cpu,0.16861581802368164,all_samples,0.16861629486083984,,,,False,KMeans,2,112,9999,/data/luolie/ToPoGate/result/topogate_baseline_transductive_default_20260911_024913/runs/KMeans/fraud_detection_bank/seed7,,same_samples,transductive,7,new_run,completed,not_applicable
0.7344734473447345,0.00035293230441480665,0.0004573124176058329,2bd698a08ab9dceed52b4bcfedb9435b385a72456badf90febcac07a42c66eba,fraud_detection_bank,True,cpu,0.13445806503295898,all_samples,0.1344585418701172,,,,False,PCA+KMeans,2,112,9999,/data/luolie/ToPoGate/result/topogate_baseline_transductive_default_20260911_024913/runs/PCA+KMeans/fraud_detection_bank/seed42,,same_samples,transductive,42,new_run,completed,not_applicable
0.7344734473447345,0.00035293230441480665,0.0004573124176058329,2bd698a08ab9dceed52b4bcfedb9435b385a72456badf90febcac07a42c66eba,fraud_detection_bank,True,cpu,0.13460874557495117,all_samples,0.13460922241210938,,,,False,PCA+KMeans,2,112,9999,/data/luolie/ToPoGate/result/topogate_baseline_transductive_default_20260911_024913/runs/PCA+KMeans/fraud_detection_bank/seed123,,same_samples,transductive,123,new_run,completed,not_applicable
0.7344734473447345,0.00035293230441480665,0.0004573124176058329,2bd698a08ab9dceed52b4bcfedb9435b385a72456badf90febcac07a42c66eba,fraud_detection_bank,True,cpu,0.14896392822265625,all_samples,0.14896440505981445,,,,False,PCA+KMeans,2,112,9999,/data/luolie/ToPoGate/result/topogate_baseline_transductive_default_20260911_024913/runs/PCA+KMeans/fraud_detection_bank/seed7,,same_samples,transductive,7,new_run,completed,not_applicable
0.3644,0.07582979405140325,0.2013835453168478,58b41daa32784a0d0bfb03bbddd960d6da080e6d278835af1adff01621787b94,gas-drift,True,cpu,0.3615837097167969,all_samples,0.3615844249725342,,,,False,KMeans,6,128,10000,/data/luolie/ToPoGate/result/topogate_baseline_transductive_default_20260911_024913/runs/KMeans/gas-drift/seed42,,same_samples,transductive,42,new_run,completed,not_applicable
0.3645,0.07582957404065242,0.20136915294557897,58b41daa32784a0d0bfb03bbddd960d6da080e6d278835af1adff01621787b94,gas-drift,True,cpu,0.39189815521240234,all_samples,0.39189863204956055,,,,False,KMeans,6,128,10000,/data/luolie/ToPoGate/result/topogate_baseline_transductive_default_20260911_024913/runs/KMeans/gas-drift/seed123,,same_samples,transductive,123,new_run,completed,not_applicable
0.3644,0.07582979405140325,0.20138354531684782,58b41daa32784a0d0bfb03bbddd960d6da080e6d278835af1adff01621787b94,gas-drift,True,cpu,0.37958717346191406,all_samples,0.37958765029907227,,,,False,KMeans,6,128,10000,/data/luolie/ToPoGate/result/topogate_baseline_transductive_default_20260911_024913/runs/KMeans/gas-drift/seed7,,same_samples,transductive,7,new_run,completed,not_applicable
0.3645,0.07592343688793733,0.2016725532324259,58b41daa32784a0d0bfb03bbddd960d6da080e6d278835af1adff01621787b94,gas-drift,True,cpu,0.2296898365020752,all_samples,0.2296900749206543,,,,False,PCA+KMeans,6,128,10000,/data/luolie/ToPoGate/result/topogate_baseline_transductive_default_20260911_024913/runs/PCA+KMeans/gas-drift/seed42,,same_samples,transductive,42,new_run,completed,not_applicable
0.3644,0.07582979405140325,0.2013835453168478,58b41daa32784a0d0bfb03bbddd960d6da080e6d278835af1adff01621787b94,gas-drift,True,cpu,0.23204922676086426,all_samples,0.23204946517944336,,,,False,PCA+KMeans,6,128,10000,/data/luolie/ToPoGate/result/topogate_baseline_transductive_default_20260911_024913/runs/PCA+KMeans/gas-drift/seed123,,same_samples,transductive,123,new_run,completed,not_applicable
0.3644,0.07582979405140325,0.2013835453168478,58b41daa32784a0d0bfb03bbddd960d6da080e6d278835af1adff01621787b94,gas-drift,True,cpu,0.23063445091247559,all_samples,0.2306351661682129,,,,False,PCA+KMeans,6,128,10000,/data/luolie/ToPoGate/result/topogate_baseline_transductive_default_20260911_024913/runs/PCA+KMeans/gas-drift/seed7,,same_samples,transductive,7,new_run,completed,not_applicable
0.45876585928489044,0.30142398478318716,0.4253549634900824,9f63ba9a466d7cb69ba25de618a1e33882c808e0125f08d47a73d3f8f4c5d068,gina_prior2,True,cpu,1.7003238201141357,all_samples,1.700324296951294,,,,False,KMeans,10,784,3468,/data/luolie/ToPoGate/result/topogate_baseline_transductive_default_20260911_024913/runs/KMeans/gina_prior2/seed42,,same_samples,transductive,42,new_run,completed,not_applicable
0.51239907727797,0.3334544699487405,0.45213109612124996,9f63ba9a466d7cb69ba25de618a1e33882c808e0125f08d47a73d3f8f4c5d068,gina_prior2,True,cpu,1.6069989204406738,all_samples,1.606999397277832,,,,False,KMeans,10,784,3468,/data/luolie/ToPoGate/result/topogate_baseline_transductive_default_20260911_024913/runs/KMeans/gina_prior2/seed123,,same_samples,transductive,123,new_run,completed,not_applicable
0.47923875432525953,0.3111023700535365,0.4268372237655397,9f63ba9a466d7cb69ba25de618a1e33882c808e0125f08d47a73d3f8f4c5d068,gina_prior2,True,cpu,1.530325174331665,all_samples,1.5303256511688232,,,,False,KMeans,10,784,3468,/data/luolie/ToPoGate/result/topogate_baseline_transductive_default_20260911_024913/runs/KMeans/gina_prior2/seed7,,same_samples,transductive,7,new_run,completed,not_applicable
0.4777970011534025,0.31469579432051537,0.42810484235527607,9f63ba9a466d7cb69ba25de618a1e33882c808e0125f08d47a73d3f8f4c5d068,gina_prior2,True,cpu,0.31214046478271484,all_samples,0.31214094161987305,,,,False,PCA+KMeans,10,784,3468,/data/luolie/ToPoGate/result/topogate_baseline_transductive_default_20260911_024913/runs/PCA+KMeans/gina_prior2/seed42,,same_samples,transductive,42,new_run,completed,not_applicable
0.47058823529411764,0.308070111252893,0.42555310952626035,9f63ba9a466d7cb69ba25de618a1e33882c808e0125f08d47a73d3f8f4c5d068,gina_prior2,True,cpu,0.3082387447357178,all_samples,0.308239221572876,,,,False,PCA+KMeans,10,784,3468,/data/luolie/ToPoGate/result/topogate_baseline_transductive_default_20260911_024913/runs/PCA+KMeans/gina_prior2/seed123,,same_samples,transductive,123,new_run,completed,not_applicable
0.4717416378316032,0.30646577489511573,0.423446275394115,9f63ba9a466d7cb69ba25de618a1e33882c808e0125f08d47a73d3f8f4c5d068,gina_prior2,True,cpu,0.34395480155944824,all_samples,0.34395527839660645,,,,False,PCA+KMeans,10,784,3468,/data/luolie/ToPoGate/result/topogate_baseline_transductive_default_20260911_024913/runs/PCA+KMeans/gina_prior2/seed7,,same_samples,transductive,7,new_run,completed,not_applicable
0.4532710280373832,0.16995347421044565,0.3134307776122715,bd1e797ec7e193469b008935e0c0540e20bf0367cde44ef2f3854f5dbc9df92d,glass_identification,True,cpu,0.021212339401245117,all_samples,0.02121257781982422,,,,False,KMeans,6,9,214,/data/luolie/ToPoGate/result/topogate_baseline_transductive_default_20260911_024913/runs/KMeans/glass_identification/seed42,,same_samples,transductive,42,new_run,completed,not_applicable
0.4392523364485981,0.16420176720843732,0.3043953531543923,bd1e797ec7e193469b008935e0c0540e20bf0367cde44ef2f3854f5dbc9df92d,glass_identification,True,cpu,0.02094292640686035,all_samples,0.020943164825439453,,,,False,KMeans,6,9,214,/data/luolie/ToPoGate/result/topogate_baseline_transductive_default_20260911_024913/runs/KMeans/glass_identification/seed123,,same_samples,transductive,123,new_run,completed,not_applicable
0.4485981308411215,0.16732826897452815,0.30605691254790823,bd1e797ec7e193469b008935e0c0540e20bf0367cde44ef2f3854f5dbc9df92d,glass_identification,True,cpu,0.021627426147460938,all_samples,0.02162766456604004,,,,False,KMeans,6,9,214,/data/luolie/ToPoGate/result/topogate_baseline_transductive_default_20260911_024913/runs/KMeans/glass_identification/seed7,,same_samples,transductive,7,new_run,completed,not_applicable
0.4532710280373832,0.16995347421044565,0.3134307776122715,bd1e797ec7e193469b008935e0c0540e20bf0367cde44ef2f3854f5dbc9df92d,glass_identification,True,cpu,0.021453142166137695,all_samples,0.0214536190032959,,,,False,PCA+KMeans,6,9,214,/data/luolie/ToPoGate/result/topogate_baseline_transductive_default_20260911_024913/runs/PCA+KMeans/glass_identification/seed42,,same_samples,transductive,42,new_run,completed,not_applicable
0.4392523364485981,0.16420176720843732,0.3043953531543923,bd1e797ec7e193469b008935e0c0540e20bf0367cde44ef2f3854f5dbc9df92d,glass_identification,True,cpu,0.02208709716796875,all_samples,0.022087574005126953,,,,False,PCA+KMeans,6,9,214,/data/luolie/ToPoGate/result/topogate_baseline_transductive_default_20260911_024913/runs/PCA+KMeans/glass_identification/seed123,,same_samples,transductive,123,new_run,completed,not_applicable
0.4485981308411215,0.16732826897452815,0.30605691254790823,bd1e797ec7e193469b008935e0c0540e20bf0367cde44ef2f3854f5dbc9df92d,glass_identification,True,cpu,0.021545886993408203,all_samples,0.021546125411987305,,,,False,PCA+KMeans,6,9,214,/data/luolie/ToPoGate/result/topogate_baseline_transductive_default_20260911_024913/runs/PCA+KMeans/glass_identification/seed7,,same_samples,transductive,7,new_run,completed,not_applicable
0.4,0.26412436483871615,0.4415414500026906,d721df683494b0b820863c166038634f0ca7922b87d51820b15c6bcc9b6aa9f6,har,True,cpu,0.16702985763549805,all_samples,0.16703033447265625,,,,False,KMeans,6,561,735,/data/luolie/ToPoGate/result/topogate_baseline_transductive_default_20260911_024913/runs/KMeans/har/seed42,,same_samples,transductive,42,new_run,completed,not_applicable
0.42448979591836733,0.2657920438991891,0.4457937540974623,d721df683494b0b820863c166038634f0ca7922b87d51820b15c6bcc9b6aa9f6,har,True,cpu,0.16183137893676758,all_samples,0.16183209419250488,,,,False,KMeans,6,561,735,/data/luolie/ToPoGate/result/topogate_baseline_transductive_default_20260911_024913/runs/KMeans/har/seed123,,same_samples,transductive,123,new_run,completed,not_applicable
0.39183673469387753,0.2669905343478181,0.44983406750081634,d721df683494b0b820863c166038634f0ca7922b87d51820b15c6bcc9b6aa9f6,har,True,cpu,0.1567831039428711,all_samples,0.1567835807800293,,,,False,KMeans,6,561,735,/data/luolie/ToPoGate/result/topogate_baseline_transductive_default_20260911_024913/runs/KMeans/har/seed7,,same_samples,transductive,7,new_run,completed,not_applicable
0.5183673469387755,0.32923807460791576,0.5171805208604273,d721df683494b0b820863c166038634f0ca7922b87d51820b15c6bcc9b6aa9f6,har,True,cpu,0.07102346420288086,all_samples,0.07102394104003906,,,,False,PCA+KMeans,6,561,735,/data/luolie/ToPoGate/result/topogate_baseline_transductive_default_20260911_024913/runs/PCA+KMeans/har/seed42,,same_samples,transductive,42,new_run,completed,not_applicable
0.39319727891156464,0.2637719733680561,0.444933772488621,d721df683494b0b820863c166038634f0ca7922b87d51820b15c6bcc9b6aa9f6,har,True,cpu,0.07313919067382812,all_samples,0.07313966751098633,,,,False,PCA+KMeans,6,561,735,/data/luolie/ToPoGate/result/topogate_baseline_transductive_default_20260911_024913/runs/PCA+KMeans/har/seed123,,same_samples,transductive,123,new_run,completed,not_applicable
0.39727891156462586,0.26482799488720804,0.45209704111701265,d721df683494b0b820863c166038634f0ca7922b87d51820b15c6bcc9b6aa9f6,har,True,cpu,0.07333040237426758,all_samples,0.07333087921142578,,,,False,PCA+KMeans,6,561,735,/data/luolie/ToPoGate/result/topogate_baseline_transductive_default_20260911_024913/runs/PCA+KMeans/har/seed7,,same_samples,transductive,7,new_run,completed,not_applicable
0.5196078431372549,-0.001101807536824497,0.0009092019729114728,5605ce8669238f7294821a4d403ea9e914f2f86354f0fc046233990dcfbc96c7,harbermans_survival,True,cpu,0.019112110137939453,all_samples,0.019112586975097656,,,,False,KMeans,2,3,306,/data/luolie/ToPoGate/result/topogate_baseline_transductive_default_20260911_024913/runs/KMeans/harbermans_survival/seed42,,same_samples,transductive,42,new_run,completed,not_applicable
0.5196078431372549,-0.001101807536824497,0.0009092019729114728,5605ce8669238f7294821a4d403ea9e914f2f86354f0fc046233990dcfbc96c7,harbermans_survival,True,cpu,0.017777442932128906,all_samples,0.017777681350708008,,,,False,KMeans,2,3,306,/data/luolie/ToPoGate/result/topogate_baseline_transductive_default_20260911_024913/runs/KMeans/harbermans_survival/seed123,,same_samples,transductive,123,new_run,completed,not_applicable
0.5196078431372549,-0.001101807536824497,0.0009092019729114728,5605ce8669238f7294821a4d403ea9e914f2f86354f0fc046233990dcfbc96c7,harbermans_survival,True,cpu,0.018940210342407227,all_samples,0.01894092559814453,,,,False,KMeans,2,3,306,/data/luolie/ToPoGate/result/topogate_baseline_transductive_default_20260911_024913/runs/KMeans/harbermans_survival/seed7,,same_samples,transductive,7,new_run,completed,not_applicable
0.5196078431372549,-0.001101807536824497,0.0009092019729114728,5605ce8669238f7294821a4d403ea9e914f2f86354f0fc046233990dcfbc96c7,harbermans_survival,True,cpu,0.019371509552001953,all_samples,0.019371986389160156,,,,False,PCA+KMeans,2,3,306,/data/luolie/ToPoGate/result/topogate_baseline_transductive_default_20260911_024913/runs/PCA+KMeans/harbermans_survival/seed42,,same_samples,transductive,42,new_run,completed,not_applicable
0.5196078431372549,-0.001101807536824497,0.0009092019729114728,5605ce8669238f7294821a4d403ea9e914f2f86354f0fc046233990dcfbc96c7,harbermans_survival,True,cpu,0.017637968063354492,all_samples,0.017638206481933594,,,,False,PCA+KMeans,2,3,306,/data/luolie/ToPoGate/result/topogate_baseline_transductive_default_20260911_024913/runs/PCA+KMeans/harbermans_survival/seed123,,same_samples,transductive,123,new_run,completed,not_applicable
0.5196078431372549,-0.001101807536824497,0.0009092019729114728,5605ce8669238f7294821a4d403ea9e914f2f86354f0fc046233990dcfbc96c7,harbermans_survival,True,cpu,0.019016027450561523,all_samples,0.019016504287719727,,,,False,PCA+KMeans,2,3,306,/data/luolie/ToPoGate/result/topogate_baseline_transductive_default_20260911_024913/runs/PCA+KMeans/harbermans_survival/seed7,,same_samples,transductive,7,new_run,completed,not_applicable
0.719962744489289,0.03290247388286331,0.00909930951076435,c39fc08366c0423b8a2f4e3543df6d5b06f2e0b065813e120263b99e7d1e44bb,hate_speech,True,cpu,0.0683298110961914,all_samples,0.06833028793334961,,,,False,KMeans,3,100,3221,/data/luolie/ToPoGate/result/topogate_baseline_transductive_default_20260911_024913/runs/KMeans/hate_speech/seed42,,same_samples,transductive,42,new_run,completed,not_applicable
0.7426265135051227,0.0379963064474484,0.03670818759808297,c39fc08366c0423b8a2f4e3543df6d5b06f2e0b065813e120263b99e7d1e44bb,hate_speech,True,cpu,0.06242823600769043,all_samples,0.06242871284484863,,,,False,KMeans,3,100,3221,/data/luolie/ToPoGate/result/topogate_baseline_transductive_default_20260911_024913/runs/KMeans/hate_speech/seed123,,same_samples,transductive,123,new_run,completed,not_applicable
0.7407637379695746,0.11134093781110918,0.044845734815021354,c39fc08366c0423b8a2f4e3543df6d5b06f2e0b065813e120263b99e7d1e44bb,hate_speech,True,cpu,0.06163382530212402,all_samples,0.06163430213928223,,,,False,KMeans,3,100,3221,/data/luolie/ToPoGate/result/topogate_baseline_transductive_default_20260911_024913/runs/KMeans/hate_speech/seed7,,same_samples,transductive,7,new_run,completed,not_applicable
0.6830176963675877,0.0832934400189149,0.02558438424414957,c39fc08366c0423b8a2f4e3543df6d5b06f2e0b065813e120263b99e7d1e44bb,hate_speech,True,cpu,0.0682518482208252,all_samples,0.0682525634765625,,,,False,PCA+KMeans,3,100,3221,/data/luolie/ToPoGate/result/topogate_baseline_transductive_default_20260911_024913/runs/PCA+KMeans/hate_speech/seed42,,same_samples,transductive,42,new_run,completed,not_applicable
0.6407947842285004,-0.06139246730451813,0.012331925006015803,c39fc08366c0423b8a2f4e3543df6d5b06f2e0b065813e120263b99e7d1e44bb,hate_speech,True,cpu,0.06012129783630371,all_samples,0.060121774673461914,,,,False,PCA+KMeans,3,100,3221,/data/luolie/ToPoGate/result/topogate_baseline_transductive_default_20260911_024913/runs/PCA+KMeans/hate_speech/seed123,,same_samples,transductive,123,new_run,completed,not_applicable
0.7354858739521888,0.11088411375028594,0.03945330229182984,c39fc08366c0423b8a2f4e3543df6d5b06f2e0b065813e120263b99e7d1e44bb,hate_speech,True,cpu,0.06266379356384277,all_samples,0.06266403198242188,,,,False,PCA+KMeans,3,100,3221,/data/luolie/ToPoGate/result/topogate_baseline_transductive_default_20260911_024913/runs/PCA+KMeans/hate_speech/seed7,,same_samples,transductive,7,new_run,completed,not_applicable
0.8118811881188119,0.3867962148223543,0.3234119460357689,3a4c4a7b5a8274047f01743383a3820a31f402938804e5c8449eda611a6f3367,heart_attack_analysis_prediction_dataset,True,cpu,0.020084381103515625,all_samples,0.020084857940673828,,,,False,KMeans,2,13,303,/data/luolie/ToPoGate/result/topogate_baseline_transductive_default_20260911_024913/runs/KMeans/heart_attack_analysis_prediction_dataset/seed42,,same_samples,transductive,42,new_run,completed,not_applicable
0.8118811881188119,0.3867962148223543,0.3234119460357689,3a4c4a7b5a8274047f01743383a3820a31f402938804e5c8449eda611a6f3367,heart_attack_analysis_prediction_dataset,True,cpu,0.018150806427001953,all_samples,0.018151283264160156,,,,False,KMeans,2,13,303,/data/luolie/ToPoGate/result/topogate_baseline_transductive_default_20260911_024913/runs/KMeans/heart_attack_analysis_prediction_dataset/seed123,,same_samples,transductive,123,new_run,completed,not_applicable
0.8151815181518152,0.3951165387976023,0.32967483885081533,3a4c4a7b5a8274047f01743383a3820a31f402938804e5c8449eda611a6f3367,heart_attack_analysis_prediction_dataset,True,cpu,0.01839423179626465,all_samples,0.01839470863342285,,,,False,KMeans,2,13,303,/data/luolie/ToPoGate/result/topogate_baseline_transductive_default_20260911_024913/runs/KMeans/heart_attack_analysis_prediction_dataset/seed7,,same_samples,transductive,7,new_run,completed,not_applicable
0.8118811881188119,0.3867962148223543,0.3234119460357689,3a4c4a7b5a8274047f01743383a3820a31f402938804e5c8449eda611a6f3367,heart_attack_analysis_prediction_dataset,True,cpu,0.01953291893005371,all_samples,0.019533395767211914,,,,False,PCA+KMeans,2,13,303,/data/luolie/ToPoGate/result/topogate_baseline_transductive_default_20260911_024913/runs/PCA+KMeans/heart_attack_analysis_prediction_dataset/seed42,,same_samples,transductive,42,new_run,completed,not_applicable
0.8118811881188119,0.3867962148223543,0.3234119460357689,3a4c4a7b5a8274047f01743383a3820a31f402938804e5c8449eda611a6f3367,heart_attack_analysis_prediction_dataset,True,cpu,0.018510103225708008,all_samples,0.01851034164428711,,,,False,PCA+KMeans,2,13,303,/data/luolie/ToPoGate/result/topogate_baseline_transductive_default_20260911_024913/runs/PCA+KMeans/heart_attack_analysis_prediction_dataset/seed123,,same_samples,transductive,123,new_run,completed,not_applicable
0.8151815181518152,0.3951165387976023,0.32967483885081533,3a4c4a7b5a8274047f01743383a3820a31f402938804e5c8449eda611a6f3367,heart_attack_analysis_prediction_dataset,True,cpu,0.018871068954467773,all_samples,0.018871545791625977,,,,False,PCA+KMeans,2,13,303,/data/luolie/ToPoGate/result/topogate_baseline_transductive_default_20260911_024913/runs/PCA+KMeans/heart_attack_analysis_prediction_dataset/seed7,,same_samples,transductive,7,new_run,completed,not_applicable
0.3602693602693603,0.13361882726494226,0.22317127381891375,c5f173a31064fe2aa49da20b4da1d3a73da41420e0c308a52680b8fd604bc412,heart_disease,True,cpu,0.03075861930847168,all_samples,0.030759096145629883,,,,False,KMeans,5,13,297,/data/luolie/ToPoGate/result/topogate_baseline_transductive_default_20260911_024913/runs/KMeans/heart_disease/seed42,,same_samples,transductive,42,new_run,completed,not_applicable
0.39730639730639733,0.17735261345655506,0.22102001715786054,c5f173a31064fe2aa49da20b4da1d3a73da41420e0c308a52680b8fd604bc412,heart_disease,True,cpu,0.03081059455871582,all_samples,0.030811071395874023,,,,False,KMeans,5,13,297,/data/luolie/ToPoGate/result/topogate_baseline_transductive_default_20260911_024913/runs/KMeans/heart_disease/seed123,,same_samples,transductive,123,new_run,completed,not_applicable
0.36363636363636365,0.13819647393108778,0.1999433175992491,c5f173a31064fe2aa49da20b4da1d3a73da41420e0c308a52680b8fd604bc412,heart_disease,True,cpu,0.030536651611328125,all_samples,0.030536890029907227,,,,False,KMeans,5,13,297,/data/luolie/ToPoGate/result/topogate_baseline_transductive_default_20260911_024913/runs/KMeans/heart_disease/seed7,,same_samples,transductive,7,new_run,completed,not_applicable
0.3602693602693603,0.13361882726494226,0.22317127381891375,c5f173a31064fe2aa49da20b4da1d3a73da41420e0c308a52680b8fd604bc412,heart_disease,True,cpu,0.03010272979736328,all_samples,0.030103206634521484,,,,False,PCA+KMeans,5,13,297,/data/luolie/ToPoGate/result/topogate_baseline_transductive_default_20260911_024913/runs/PCA+KMeans/heart_disease/seed42,,same_samples,transductive,42,new_run,completed,not_applicable
0.39730639730639733,0.17735261345655506,0.22102001715786054,c5f173a31064fe2aa49da20b4da1d3a73da41420e0c308a52680b8fd604bc412,heart_disease,True,cpu,0.030480384826660156,all_samples,0.03048086166381836,,,,False,PCA+KMeans,5,13,297,/data/luolie/ToPoGate/result/topogate_baseline_transductive_default_20260911_024913/runs/PCA+KMeans/heart_disease/seed123,,same_samples,transductive,123,new_run,completed,not_applicable
0.36363636363636365,0.13819647393108778,0.1999433175992491,c5f173a31064fe2aa49da20b4da1d3a73da41420e0c308a52680b8fd604bc412,heart_disease,True,cpu,0.030745983123779297,all_samples,0.0307462215423584,,,,False,PCA+KMeans,5,13,297,/data/luolie/ToPoGate/result/topogate_baseline_transductive_default_20260911_024913/runs/PCA+KMeans/heart_disease/seed7,,same_samples,transductive,7,new_run,completed,not_applicable
0.7625,0.2278598221634531,0.1534371153804449,a52ea2fd9e5c34ce82573a4d2ddcd17ec32e2e04504495e41c868da89c31abf9,hepatitis,True,cpu,0.01101541519165039,all_samples,0.011015653610229492,,,,False,KMeans,2,19,80,/data/luolie/ToPoGate/result/topogate_baseline_transductive_default_20260911_024913/runs/KMeans/hepatitis/seed42,,same_samples,transductive,42,new_run,completed,not_applicable
0.7625,0.2278598221634531,0.15343711538044494,a52ea2fd9e5c34ce82573a4d2ddcd17ec32e2e04504495e41c868da89c31abf9,hepatitis,True,cpu,0.011381864547729492,all_samples,0.011382102966308594,,,,False,KMeans,2,19,80,/data/luolie/ToPoGate/result/topogate_baseline_transductive_default_20260911_024913/runs/KMeans/hepatitis/seed123,,same_samples,transductive,123,new_run,completed,not_applicable
0.7625,0.2278598221634531,0.1534371153804449,a52ea2fd9e5c34ce82573a4d2ddcd17ec32e2e04504495e41c868da89c31abf9,hepatitis,True,cpu,0.01149892807006836,all_samples,0.011499166488647461,,,,False,KMeans,2,19,80,/data/luolie/ToPoGate/result/topogate_baseline_transductive_default_20260911_024913/runs/KMeans/hepatitis/seed7,,same_samples,transductive,7,new_run,completed,not_applicable
0.7625,0.2278598221634531,0.1534371153804449,a52ea2fd9e5c34ce82573a4d2ddcd17ec32e2e04504495e41c868da89c31abf9,hepatitis,True,cpu,0.011270761489868164,all_samples,0.011271238327026367,,,,False,PCA+KMeans,2,19,80,/data/luolie/ToPoGate/result/topogate_baseline_transductive_default_20260911_024913/runs/PCA+KMeans/hepatitis/seed42,,same_samples,transductive,42,new_run,completed,not_applicable
0.7625,0.2278598221634531,0.15343711538044494,a52ea2fd9e5c34ce82573a4d2ddcd17ec32e2e04504495e41c868da89c31abf9,hepatitis,True,cpu,0.011620044708251953,all_samples,0.011620521545410156,,,,False,PCA+KMeans,2,19,80,/data/luolie/ToPoGate/result/topogate_baseline_transductive_default_20260911_024913/runs/PCA+KMeans/hepatitis/seed123,,same_samples,transductive,123,new_run,completed,not_applicable
0.7625,0.2278598221634531,0.1534371153804449,a52ea2fd9e5c34ce82573a4d2ddcd17ec32e2e04504495e41c868da89c31abf9,hepatitis,True,cpu,0.011871814727783203,all_samples,0.011872053146362305,,,,False,PCA+KMeans,2,19,80,/data/luolie/ToPoGate/result/topogate_baseline_transductive_default_20260911_024913/runs/PCA+KMeans/hepatitis/seed7,,same_samples,transductive,7,new_run,completed,not_applicable
0.937993799379938,0.6100673449746251,0.40606034300417504,3c712cf75174bf7f4e3f0a021e80b2b5482c6c706e1b69d6e3f1ab49f0d99510,htru2,True,cpu,0.05591940879821777,all_samples,0.05591988563537598,,,,False,KMeans,2,8,9999,/data/luolie/ToPoGate/result/topogate_baseline_transductive_default_20260911_024913/runs/KMeans/htru2/seed42,,same_samples,transductive,42,new_run,completed,not_applicable
0.937993799379938,0.6100673449746251,0.406060343004175,3c712cf75174bf7f4e3f0a021e80b2b5482c6c706e1b69d6e3f1ab49f0d99510,htru2,True,cpu,0.05123090744018555,all_samples,0.05123138427734375,,,,False,KMeans,2,8,9999,/data/luolie/ToPoGate/result/topogate_baseline_transductive_default_20260911_024913/runs/KMeans/htru2/seed123,,same_samples,transductive,123,new_run,completed,not_applicable
0.937993799379938,0.6100673449746251,0.40606034300417504,3c712cf75174bf7f4e3f0a021e80b2b5482c6c706e1b69d6e3f1ab49f0d99510,htru2,True,cpu,0.05295157432556152,all_samples,0.052951812744140625,,,,False,KMeans,2,8,9999,/data/luolie/ToPoGate/result/topogate_baseline_transductive_default_20260911_024913/runs/KMeans/htru2/seed7,,same_samples,transductive,7,new_run,completed,not_applicable
0.937993799379938,0.6100673449746251,0.40606034300417504,3c712cf75174bf7f4e3f0a021e80b2b5482c6c706e1b69d6e3f1ab49f0d99510,htru2,True,cpu,0.052025556564331055,all_samples,0.05202603340148926,,,,False,PCA+KMeans,2,8,9999,/data/luolie/ToPoGate/result/topogate_baseline_transductive_default_20260911_024913/runs/PCA+KMeans/htru2/seed42,,same_samples,transductive,42,new_run,completed,not_applicable
0.937993799379938,0.6100673449746251,0.406060343004175,3c712cf75174bf7f4e3f0a021e80b2b5482c6c706e1b69d6e3f1ab49f0d99510,htru2,True,cpu,0.05078554153442383,all_samples,0.05078577995300293,,,,False,PCA+KMeans,2,8,9999,/data/luolie/ToPoGate/result/topogate_baseline_transductive_default_20260911_024913/runs/PCA+KMeans/htru2/seed123,,same_samples,transductive,123,new_run,completed,not_applicable
0.937993799379938,0.6100673449746251,0.40606034300417504,3c712cf75174bf7f4e3f0a021e80b2b5482c6c706e1b69d6e3f1ab49f0d99510,htru2,True,cpu,0.054181814193725586,all_samples,0.05418229103088379,,,,False,PCA+KMeans,2,8,9999,/data/luolie/ToPoGate/result/topogate_baseline_transductive_default_20260911_024913/runs/PCA+KMeans/htru2/seed7,,same_samples,transductive,7,new_run,completed,not_applicable
0.823088455772114,0.6195227630932234,0.6997841952537341,7420d9fdb12712c37177303425846f51a2dc55bc770c7bd4cb23e76912c7e3fa,human_stress_detection,True,cpu,0.030707120895385742,all_samples,0.030707359313964844,,,,False,KMeans,3,3,2001,/data/luolie/ToPoGate/result/topogate_baseline_transductive_default_20260911_024913/runs/KMeans/human_stress_detection/seed42,,same_samples,transductive,42,new_run,completed,not_applicable
0.8245877061469266,0.6226857974203575,0.7030397605295106,7420d9fdb12712c37177303425846f51a2dc55bc770c7bd4cb23e76912c7e3fa,human_stress_detection,True,cpu,0.03191232681274414,all_samples,0.031912803649902344,,,,False,KMeans,3,3,2001,/data/luolie/ToPoGate/result/topogate_baseline_transductive_default_20260911_024913/runs/KMeans/human_stress_detection/seed123,,same_samples,transductive,123,new_run,completed,not_applicable
0.823088455772114,0.6195227630932234,0.699784195253734,7420d9fdb12712c37177303425846f51a2dc55bc770c7bd4cb23e76912c7e3fa,human_stress_detection,True,cpu,0.031252384185791016,all_samples,0.03125286102294922,,,,False,KMeans,3,3,2001,/data/luolie/ToPoGate/result/topogate_baseline_transductive_default_20260911_024913/runs/KMeans/human_stress_detection/seed7,,same_samples,transductive,7,new_run,completed,not_applicable
0.823088455772114,0.6195227630932234,0.6997841952537341,7420d9fdb12712c37177303425846f51a2dc55bc770c7bd4cb23e76912c7e3fa,human_stress_detection,True,cpu,0.03101348876953125,all_samples,0.03101372718811035,,,,False,PCA+KMeans,3,3,2001,/data/luolie/ToPoGate/result/topogate_baseline_transductive_default_20260911_024913/runs/PCA+KMeans/human_stress_detection/seed42,,same_samples,transductive,42,new_run,completed,not_applicable
0.8245877061469266,0.6226857974203575,0.7030397605295106,7420d9fdb12712c37177303425846f51a2dc55bc770c7bd4cb23e76912c7e3fa,human_stress_detection,True,cpu,0.031701087951660156,all_samples,0.03170132637023926,,,,False,PCA+KMeans,3,3,2001,/data/luolie/ToPoGate/result/topogate_baseline_transductive_default_20260911_024913/runs/PCA+KMeans/human_stress_detection/seed123,,same_samples,transductive,123,new_run,completed,not_applicable
0.823088455772114,0.6195227630932234,0.699784195253734,7420d9fdb12712c37177303425846f51a2dc55bc770c7bd4cb23e76912c7e3fa,human_stress_detection,True,cpu,0.03135371208190918,all_samples,0.03135395050048828,,,,False,PCA+KMeans,3,3,2001,/data/luolie/ToPoGate/result/topogate_baseline_transductive_default_20260911_024913/runs/PCA+KMeans/human_stress_detection/seed7,,same_samples,transductive,7,new_run,completed,not_applicable
0.580952380952381,0.461942111904741,0.6494369725685157,fa7e9febb8b33ed322453d237ee9aa4787219c66f42d53e3c54b37a67c722f4a,image_segmentation,True,cpu,0.023091793060302734,all_samples,0.023092269897460938,,,,False,KMeans,7,19,210,/data/luolie/ToPoGate/result/topogate_baseline_transductive_default_20260911_024913/runs/KMeans/image_segmentation/seed42,,same_samples,transductive,42,new_run,completed,not_applicable
0.580952380952381,0.4632269723019173,0.648758617258143,fa7e9febb8b33ed322453d237ee9aa4787219c66f42d53e3c54b37a67c722f4a,image_segmentation,True,cpu,0.02298283576965332,all_samples,0.022983312606811523,,,,False,KMeans,7,19,210,/data/luolie/ToPoGate/result/topogate_baseline_transductive_default_20260911_024913/runs/KMeans/image_segmentation/seed123,,same_samples,transductive,123,new_run,completed,not_applicable
0.5857142857142857,0.47828822307759955,0.6803668881796764,fa7e9febb8b33ed322453d237ee9aa4787219c66f42d53e3c54b37a67c722f4a,image_segmentation,True,cpu,0.02374744415283203,all_samples,0.023748159408569336,,,,False,KMeans,7,19,210,/data/luolie/ToPoGate/result/topogate_baseline_transductive_default_20260911_024913/runs/KMeans/image_segmentation/seed7,,same_samples,transductive,7,new_run,completed,not_applicable
0.580952380952381,0.461942111904741,0.6494369725685157,fa7e9febb8b33ed322453d237ee9aa4787219c66f42d53e3c54b37a67c722f4a,image_segmentation,True,cpu,0.024412870407104492,all_samples,0.024413347244262695,,,,False,PCA+KMeans,7,19,210,/data/luolie/ToPoGate/result/topogate_baseline_transductive_default_20260911_024913/runs/PCA+KMeans/image_segmentation/seed42,,same_samples,transductive,42,new_run,completed,not_applicable
0.580952380952381,0.4632269723019173,0.648758617258143,fa7e9febb8b33ed322453d237ee9aa4787219c66f42d53e3c54b37a67c722f4a,image_segmentation,True,cpu,0.024478673934936523,all_samples,0.024479150772094727,,,,False,PCA+KMeans,7,19,210,/data/luolie/ToPoGate/result/topogate_baseline_transductive_default_20260911_024913/runs/PCA+KMeans/image_segmentation/seed123,,same_samples,transductive,123,new_run,completed,not_applicable
0.5857142857142857,0.47828822307759955,0.6803668881796764,fa7e9febb8b33ed322453d237ee9aa4787219c66f42d53e3c54b37a67c722f4a,image_segmentation,True,cpu,0.024440765380859375,all_samples,0.024441003799438477,,,,False,PCA+KMeans,7,19,210,/data/luolie/ToPoGate/result/topogate_baseline_transductive_default_20260911_024913/runs/PCA+KMeans/image_segmentation/seed7,,same_samples,transductive,7,new_run,completed,not_applicable
0.6187692307692307,0.056137228961003635,0.04174390369984563,2b4e1db921dbe16c094844ada1f02f36bcc6781886f8c3a07830776de84200cc,imdb,True,cpu,0.25129199028015137,all_samples,0.25129246711730957,,,,False,KMeans,2,700,3250,/data/luolie/ToPoGate/result/topogate_baseline_transductive_default_20260911_024913/runs/KMeans/imdb/seed42,,same_samples,transductive,42,new_run,completed,not_applicable
0.6495384615384615,0.08917112619388716,0.06705520864333983,2b4e1db921dbe16c094844ada1f02f36bcc6781886f8c3a07830776de84200cc,imdb,True,cpu,0.26134395599365234,all_samples,0.26134443283081055,,,,False,KMeans,2,700,3250,/data/luolie/ToPoGate/result/topogate_baseline_transductive_default_20260911_024913/runs/KMeans/imdb/seed123,,same_samples,transductive,123,new_run,completed,not_applicable
0.6101538461538462,0.048248360020724884,0.03630749811328833,2b4e1db921dbe16c094844ada1f02f36bcc6781886f8c3a07830776de84200cc,imdb,True,cpu,0.22526144981384277,all_samples,0.22526216506958008,,,,False,KMeans,2,700,3250,/data/luolie/ToPoGate/result/topogate_baseline_transductive_default_20260911_024913/runs/KMeans/imdb/seed7,,same_samples,transductive,7,new_run,completed,not_applicable
0.6258461538461538,0.06306191418029358,0.04648245233782492,2b4e1db921dbe16c094844ada1f02f36bcc6781886f8c3a07830776de84200cc,imdb,True,cpu,0.14763832092285156,all_samples,0.14763879776000977,,,,False,PCA+KMeans,2,700,3250,/data/luolie/ToPoGate/result/topogate_baseline_transductive_default_20260911_024913/runs/PCA+KMeans/imdb/seed42,,same_samples,transductive,42,new_run,completed,not_applicable
0.632,0.06940978641357781,0.05092907042406476,2b4e1db921dbe16c094844ada1f02f36bcc6781886f8c3a07830776de84200cc,imdb,True,cpu,0.1655566692352295,all_samples,0.1655569076538086,,,,False,PCA+KMeans,2,700,3250,/data/luolie/ToPoGate/result/topogate_baseline_transductive_default_20260911_024913/runs/PCA+KMeans/imdb/seed123,,same_samples,transductive,123,new_run,completed,not_applicable
0.6323076923076923,0.06973521788030475,0.051177229840206694,2b4e1db921dbe16c094844ada1f02f36bcc6781886f8c3a07830776de84200cc,imdb,True,cpu,0.16412138938903809,all_samples,0.1641216278076172,,,,False,PCA+KMeans,2,700,3250,/data/luolie/ToPoGate/result/topogate_baseline_transductive_default_20260911_024913/runs/PCA+KMeans/imdb/seed7,,same_samples,transductive,7,new_run,completed,not_applicable
0.5724768570783473,0.30194877432140277,0.47224517597989946,67ab1a25361c559aea7244a63122453116eeb89493647e88a66fd15acf1ff83a,Indian_pines,True,cpu,0.5236854553222656,all_samples,0.5236859321594238,,,,False,KMeans,5,220,8858,/data/luolie/ToPoGate/result/topogate_baseline_transductive_default_20260911_024913/runs/KMeans/Indian_pines/seed42,,same_samples,transductive,42,new_run,completed,not_applicable
0.5724768570783473,0.30194877432140277,0.47224517597989946,67ab1a25361c559aea7244a63122453116eeb89493647e88a66fd15acf1ff83a,Indian_pines,True,cpu,0.5373764038085938,all_samples,0.537376880645752,,,,False,KMeans,5,220,8858,/data/luolie/ToPoGate/result/topogate_baseline_transductive_default_20260911_024913/runs/KMeans/Indian_pines/seed123,,same_samples,transductive,123,new_run,completed,not_applicable
0.5724768570783473,0.30194877432140277,0.4722451759798995,67ab1a25361c559aea7244a63122453116eeb89493647e88a66fd15acf1ff83a,Indian_pines,True,cpu,0.5252792835235596,all_samples,0.5252797603607178,,,,False,KMeans,5,220,8858,/data/luolie/ToPoGate/result/topogate_baseline_transductive_default_20260911_024913/runs/KMeans/Indian_pines/seed7,,same_samples,transductive,7,new_run,completed,not_applicable
0.5727026416798374,0.30210474592939185,0.47245030877667854,67ab1a25361c559aea7244a63122453116eeb89493647e88a66fd15acf1ff83a,Indian_pines,True,cpu,0.1892867088317871,all_samples,0.1892869472503662,,,,False,PCA+KMeans,5,220,8858,/data/luolie/ToPoGate/result/topogate_baseline_transductive_default_20260911_024913/runs/PCA+KMeans/Indian_pines/seed42,,same_samples,transductive,42,new_run,completed,not_applicable
0.5727026416798374,0.30210474592939185,0.47245030877667865,67ab1a25361c559aea7244a63122453116eeb89493647e88a66fd15acf1ff83a,Indian_pines,True,cpu,0.1888265609741211,all_samples,0.1888270378112793,,,,False,PCA+KMeans,5,220,8858,/data/luolie/ToPoGate/result/topogate_baseline_transductive_default_20260911_024913/runs/PCA+KMeans/Indian_pines/seed123,,same_samples,transductive,123,new_run,completed,not_applicable
0.5727026416798374,0.30210474592939185,0.47245030877667865,67ab1a25361c559aea7244a63122453116eeb89493647e88a66fd15acf1ff83a,Indian_pines,True,cpu,0.19147086143493652,all_samples,0.19147157669067383,,,,False,PCA+KMeans,5,220,8858,/data/luolie/ToPoGate/result/topogate_baseline_transductive_default_20260911_024913/runs/PCA+KMeans/Indian_pines/seed7,,same_samples,transductive,7,new_run,completed,not_applicable
0.6320851940913775,0.024910602663139533,0.012665622233559926,d1919a74df67090f8eff1ebcf23b06d6befa562eb1f965c83b4b79e9e303b6cf,insurance_company_benchmark,True,cpu,0.07138586044311523,all_samples,0.07138633728027344,,,,False,KMeans,2,85,5822,/data/luolie/ToPoGate/result/topogate_baseline_transductive_default_20260911_024913/runs/KMeans/insurance_company_benchmark/seed42,,same_samples,transductive,42,new_run,completed,not_applicable
0.6324287186533837,0.02502609595455098,0.012711848486488896,d1919a74df67090f8eff1ebcf23b06d6befa562eb1f965c83b4b79e9e303b6cf,insurance_company_benchmark,True,cpu,0.0766448974609375,all_samples,0.0766453742980957,,,,False,KMeans,2,85,5822,/data/luolie/ToPoGate/result/topogate_baseline_transductive_default_20260911_024913/runs/KMeans/insurance_company_benchmark/seed123,,same_samples,transductive,123,new_run,completed,not_applicable
0.6324287186533837,0.02502609595455098,0.012711848486488896,d1919a74df67090f8eff1ebcf23b06d6befa562eb1f965c83b4b79e9e303b6cf,insurance_company_benchmark,True,cpu,0.07099652290344238,all_samples,0.07099699974060059,,,,False,KMeans,2,85,5822,/data/luolie/ToPoGate/result/topogate_baseline_transductive_default_20260911_024913/runs/KMeans/insurance_company_benchmark/seed7,,same_samples,transductive,7,new_run,completed,not_applicable
0.6324287186533837,0.02502609595455098,0.012711848486488896,d1919a74df67090f8eff1ebcf23b06d6befa562eb1f965c83b4b79e9e303b6cf,insurance_company_benchmark,True,cpu,0.06196928024291992,all_samples,0.061969757080078125,,,,False,PCA+KMeans,2,85,5822,/data/luolie/ToPoGate/result/topogate_baseline_transductive_default_20260911_024913/runs/PCA+KMeans/insurance_company_benchmark/seed42,,same_samples,transductive,42,new_run,completed,not_applicable
0.6324287186533837,0.02502609595455098,0.012711848486488896,d1919a74df67090f8eff1ebcf23b06d6befa562eb1f965c83b4b79e9e303b6cf,insurance_company_benchmark,True,cpu,0.06306791305541992,all_samples,0.06306838989257812,,,,False,PCA+KMeans,2,85,5822,/data/luolie/ToPoGate/result/topogate_baseline_transductive_default_20260911_024913/runs/PCA+KMeans/insurance_company_benchmark/seed123,,same_samples,transductive,123,new_run,completed,not_applicable
0.6324287186533837,0.02502609595455098,0.012711848486488896,d1919a74df67090f8eff1ebcf23b06d6befa562eb1f965c83b4b79e9e303b6cf,insurance_company_benchmark,True,cpu,0.06411886215209961,all_samples,0.06411933898925781,,,,False,PCA+KMeans,2,85,5822,/data/luolie/ToPoGate/result/topogate_baseline_transductive_default_20260911_024913/runs/PCA+KMeans/insurance_company_benchmark/seed7,,same_samples,transductive,7,new_run,completed,not_applicable
0.7065527065527065,0.1679020141425987,0.12499703986592618,8a1cce5b11f2699fe6da2f6a0379d605b42cf6290ec312e6fbd6f220c2c736b7,ionosphere,True,cpu,0.020234107971191406,all_samples,0.020234346389770508,,,,False,KMeans,2,34,351,/data/luolie/ToPoGate/result/topogate_baseline_transductive_default_20260911_024913/runs/KMeans/ionosphere/seed42,,same_samples,transductive,42,new_run,completed,not_applicable
0.7065527065527065,0.1679020141425987,0.12499703986592618,8a1cce5b11f2699fe6da2f6a0379d605b42cf6290ec312e6fbd6f220c2c736b7,ionosphere,True,cpu,0.019235849380493164,all_samples,0.019236326217651367,,,,False,KMeans,2,34,351,/data/luolie/ToPoGate/result/topogate_baseline_transductive_default_20260911_024913/runs/KMeans/ionosphere/seed123,,same_samples,transductive,123,new_run,completed,not_applicable
0.7065527065527065,0.1679020141425987,0.12499703986592618,8a1cce5b11f2699fe6da2f6a0379d605b42cf6290ec312e6fbd6f220c2c736b7,ionosphere,True,cpu,0.01841568946838379,all_samples,0.018416166305541992,,,,False,KMeans,2,34,351,/data/luolie/ToPoGate/result/topogate_baseline_transductive_default_20260911_024913/runs/KMeans/ionosphere/seed7,,same_samples,transductive,7,new_run,completed,not_applicable
0.7065527065527065,0.1679020141425987,0.12499703986592618,8a1cce5b11f2699fe6da2f6a0379d605b42cf6290ec312e6fbd6f220c2c736b7,ionosphere,True,cpu,0.020395994186401367,all_samples,0.02039623260498047,,,,False,PCA+KMeans,2,34,351,/data/luolie/ToPoGate/result/topogate_baseline_transductive_default_20260911_024913/runs/PCA+KMeans/ionosphere/seed42,,same_samples,transductive,42,new_run,completed,not_applicable
0.7065527065527065,0.1679020141425987,0.12499703986592618,8a1cce5b11f2699fe6da2f6a0379d605b42cf6290ec312e6fbd6f220c2c736b7,ionosphere,True,cpu,0.020106077194213867,all_samples,0.02010655403137207,,,,False,PCA+KMeans,2,34,351,/data/luolie/ToPoGate/result/topogate_baseline_transductive_default_20260911_024913/runs/PCA+KMeans/ionosphere/seed123,,same_samples,transductive,123,new_run,completed,not_applicable
0.7065527065527065,0.1679020141425987,0.12499703986592618,8a1cce5b11f2699fe6da2f6a0379d605b42cf6290ec312e6fbd6f220c2c736b7,ionosphere,True,cpu,0.019353151321411133,all_samples,0.019353389739990234,,,,False,PCA+KMeans,2,34,351,/data/luolie/ToPoGate/result/topogate_baseline_transductive_default_20260911_024913/runs/PCA+KMeans/ionosphere/seed7,,same_samples,transductive,7,new_run,completed,not_applicable
0.8333333333333334,0.6201351808870379,0.6594868927249182,c31ba1e4f6d7a1dbeb7287dac646598d95986cf0d5a6b26705f684da53f33fd5,iris,True,cpu,0.014339685440063477,all_samples,0.014340400695800781,,,,False,KMeans,3,4,150,/data/luolie/ToPoGate/result/topogate_baseline_transductive_default_20260911_024913/runs/KMeans/iris/seed42,,same_samples,transductive,42,new_run,completed,not_applicable
0.8333333333333334,0.6201351808870379,0.6594868927249182,c31ba1e4f6d7a1dbeb7287dac646598d95986cf0d5a6b26705f684da53f33fd5,iris,True,cpu,0.014501333236694336,all_samples,0.014501571655273438,,,,False,KMeans,3,4,150,/data/luolie/ToPoGate/result/topogate_baseline_transductive_default_20260911_024913/runs/KMeans/iris/seed123,,same_samples,transductive,123,new_run,completed,not_applicable
0.8333333333333334,0.6201351808870379,0.6594868927249182,c31ba1e4f6d7a1dbeb7287dac646598d95986cf0d5a6b26705f684da53f33fd5,iris,True,cpu,0.014306306838989258,all_samples,0.01430654525756836,,,,False,KMeans,3,4,150,/data/luolie/ToPoGate/result/topogate_baseline_transductive_default_20260911_024913/runs/KMeans/iris/seed7,,same_samples,transductive,7,new_run,completed,not_applicable
0.8333333333333334,0.6201351808870379,0.6594868927249182,c31ba1e4f6d7a1dbeb7287dac646598d95986cf0d5a6b26705f684da53f33fd5,iris,True,cpu,0.014632463455200195,all_samples,0.014632940292358398,,,,False,PCA+KMeans,3,4,150,/data/luolie/ToPoGate/result/topogate_baseline_transductive_default_20260911_024913/runs/PCA+KMeans/iris/seed42,,same_samples,transductive,42,new_run,completed,not_applicable
0.8333333333333334,0.6201351808870379,0.6594868927249182,c31ba1e4f6d7a1dbeb7287dac646598d95986cf0d5a6b26705f684da53f33fd5,iris,True,cpu,0.014564037322998047,all_samples,0.01456451416015625,,,,False,PCA+KMeans,3,4,150,/data/luolie/ToPoGate/result/topogate_baseline_transductive_default_20260911_024913/runs/PCA+KMeans/iris/seed123,,same_samples,transductive,123,new_run,completed,not_applicable
0.8333333333333334,0.6201351808870379,0.6594868927249182,c31ba1e4f6d7a1dbeb7287dac646598d95986cf0d5a6b26705f684da53f33fd5,iris,True,cpu,0.014095306396484375,all_samples,0.014095544815063477,,,,False,PCA+KMeans,3,4,150,/data/luolie/ToPoGate/result/topogate_baseline_transductive_default_20260911_024913/runs/PCA+KMeans/iris/seed7,,same_samples,transductive,7,new_run,completed,not_applicable
0.5522636911632679,0.47729965085896076,0.7143926224913193,6b4853a4b97c8649722d2d28460060d23898246bad5025bd298e9aa27c9b1083,ISOLET,True,cpu,4.986030578613281,all_samples,4.9860310554504395,,,,False,KMeans,26,617,7797,/data/luolie/ToPoGate/result/topogate_baseline_transductive_default_20260911_024913/runs/KMeans/ISOLET/seed42,,same_samples,transductive,42,new_run,completed,not_applicable
0.5422598435295627,0.4672474913452982,0.7106894699702735,6b4853a4b97c8649722d2d28460060d23898246bad5025bd298e9aa27c9b1083,ISOLET,True,cpu,4.948950529098511,all_samples,4.948951005935669,,,,False,KMeans,26,617,7797,/data/luolie/ToPoGate/result/topogate_baseline_transductive_default_20260911_024913/runs/KMeans/ISOLET/seed123,,same_samples,transductive,123,new_run,completed,not_applicable
0.5431576247274593,0.4630776582144317,0.7077376163723788,6b4853a4b97c8649722d2d28460060d23898246bad5025bd298e9aa27c9b1083,ISOLET,True,cpu,5.05165696144104,all_samples,5.051657438278198,,,,False,KMeans,26,617,7797,/data/luolie/ToPoGate/result/topogate_baseline_transductive_default_20260911_024913/runs/KMeans/ISOLET/seed7,,same_samples,transductive,7,new_run,completed,not_applicable
0.5514941644222137,0.46407319216661486,0.7067517251612736,6b4853a4b97c8649722d2d28460060d23898246bad5025bd298e9aa27c9b1083,ISOLET,True,cpu,0.7650556564331055,all_samples,0.7650561332702637,,,,False,PCA+KMeans,26,617,7797,/data/luolie/ToPoGate/result/topogate_baseline_transductive_default_20260911_024913/runs/PCA+KMeans/ISOLET/seed42,,same_samples,transductive,42,new_run,completed,not_applicable
0.5790688726433244,0.5051226504771944,0.7196301813057501,6b4853a4b97c8649722d2d28460060d23898246bad5025bd298e9aa27c9b1083,ISOLET,True,cpu,0.7970764636993408,all_samples,0.7970767021179199,,,,False,PCA+KMeans,26,617,7797,/data/luolie/ToPoGate/result/topogate_baseline_transductive_default_20260911_024913/runs/PCA+KMeans/ISOLET/seed123,,same_samples,transductive,123,new_run,completed,not_applicable
0.5607284853148647,0.47386972818670603,0.709759840592023,6b4853a4b97c8649722d2d28460060d23898246bad5025bd298e9aa27c9b1083,ISOLET,True,cpu,0.7413730621337891,all_samples,0.7413733005523682,,,,False,PCA+KMeans,26,617,7797,/data/luolie/ToPoGate/result/topogate_baseline_transductive_default_20260911_024913/runs/PCA+KMeans/ISOLET/seed7,,same_samples,transductive,7,new_run,completed,not_applicable
0.37536391928521234,0.21518443482480765,0.37171427288872017,46cf4191f158a04353de1daa1180b204db81196b6c6aa4c7a91e9b575aea7edc,JapaneseVowels,True,cpu,0.29295969009399414,all_samples,0.29295992851257324,,,,False,KMeans,9,14,9961,/data/luolie/ToPoGate/result/topogate_baseline_transductive_default_20260911_024913/runs/KMeans/JapaneseVowels/seed42,,same_samples,transductive,42,new_run,completed,not_applicable
0.3752635277582572,0.21303046197238318,0.3694910558011235,46cf4191f158a04353de1daa1180b204db81196b6c6aa4c7a91e9b575aea7edc,JapaneseVowels,True,cpu,0.2696421146392822,all_samples,0.26964259147644043,,,,False,KMeans,9,14,9961,/data/luolie/ToPoGate/result/topogate_baseline_transductive_default_20260911_024913/runs/KMeans/JapaneseVowels/seed123,,same_samples,transductive,123,new_run,completed,not_applicable
0.3808854532677442,0.21840988533956285,0.37924171128658835,46cf4191f158a04353de1daa1180b204db81196b6c6aa4c7a91e9b575aea7edc,JapaneseVowels,True,cpu,0.3097357749938965,all_samples,0.3097362518310547,,,,False,KMeans,9,14,9961,/data/luolie/ToPoGate/result/topogate_baseline_transductive_default_20260911_024913/runs/KMeans/JapaneseVowels/seed7,,same_samples,transductive,7,new_run,completed,not_applicable
0.37536391928521234,0.21518443482480765,0.37171427288872017,46cf4191f158a04353de1daa1180b204db81196b6c6aa4c7a91e9b575aea7edc,JapaneseVowels,True,cpu,0.28383684158325195,all_samples,0.28383731842041016,,,,False,PCA+KMeans,9,14,9961,/data/luolie/ToPoGate/result/topogate_baseline_transductive_default_20260911_024913/runs/PCA+KMeans/JapaneseVowels/seed42,,same_samples,transductive,42,new_run,completed,not_applicable
0.3752635277582572,0.21303046197238318,0.3694910558011235,46cf4191f158a04353de1daa1180b204db81196b6c6aa4c7a91e9b575aea7edc,JapaneseVowels,True,cpu,0.2743377685546875,all_samples,0.2743380069732666,,,,False,PCA+KMeans,9,14,9961,/data/luolie/ToPoGate/result/topogate_baseline_transductive_default_20260911_024913/runs/PCA+KMeans/JapaneseVowels/seed123,,same_samples,transductive,123,new_run,completed,not_applicable
0.3808854532677442,0.21840988533956285,0.37924171128658835,46cf4191f158a04353de1daa1180b204db81196b6c6aa4c7a91e9b575aea7edc,JapaneseVowels,True,cpu,0.32012128829956055,all_samples,0.32012152671813965,,,,False,PCA+KMeans,9,14,9961,/data/luolie/ToPoGate/result/topogate_baseline_transductive_default_20260911_024913/runs/PCA+KMeans/JapaneseVowels/seed7,,same_samples,transductive,7,new_run,completed,not_applicable
0.5227272727272727,0.0016169752313485188,0.0015129880019182633,0733fb284af6c65e22c2247cb097e40381ff607b7ee65364854bc80d8a8446df,labeled_faces_in_the_wild,True,cpu,1.663022518157959,all_samples,1.6630229949951172,,,,False,KMeans,2,5828,2200,/data/luolie/ToPoGate/result/topogate_baseline_transductive_default_20260911_024913/runs/KMeans/labeled_faces_in_the_wild/seed42,,same_samples,transductive,42,new_run,completed,not_applicable
0.5227272727272727,0.0016169752313485188,0.0015129880019182633,0733fb284af6c65e22c2247cb097e40381ff607b7ee65364854bc80d8a8446df,labeled_faces_in_the_wild,True,cpu,1.7856504917144775,all_samples,1.7856512069702148,,,,False,KMeans,2,5828,2200,/data/luolie/ToPoGate/result/topogate_baseline_transductive_default_20260911_024913/runs/KMeans/labeled_faces_in_the_wild/seed123,,same_samples,transductive,123,new_run,completed,not_applicable
0.5227272727272727,0.0016169752313485188,0.0015129880019182633,0733fb284af6c65e22c2247cb097e40381ff607b7ee65364854bc80d8a8446df,labeled_faces_in_the_wild,True,cpu,1.9663660526275635,all_samples,1.9663665294647217,,,,False,KMeans,2,5828,2200,/data/luolie/ToPoGate/result/topogate_baseline_transductive_default_20260911_024913/runs/KMeans/labeled_faces_in_the_wild/seed7,,same_samples,transductive,7,new_run,completed,not_applicable
0.5236363636363637,0.0017858188022252376,0.0016373529495619982,0733fb284af6c65e22c2247cb097e40381ff607b7ee65364854bc80d8a8446df,labeled_faces_in_the_wild,True,cpu,0.4490036964416504,all_samples,0.4490044116973877,,,,False,PCA+KMeans,2,5828,2200,/data/luolie/ToPoGate/result/topogate_baseline_transductive_default_20260911_024913/runs/PCA+KMeans/labeled_faces_in_the_wild/seed42,,same_samples,transductive,42,new_run,completed,not_applicable
0.5227272727272727,0.0016169752313485188,0.0015129880019182633,0733fb284af6c65e22c2247cb097e40381ff607b7ee65364854bc80d8a8446df,labeled_faces_in_the_wild,True,cpu,0.4383366107940674,all_samples,0.4383370876312256,,,,False,PCA+KMeans,2,5828,2200,/data/luolie/ToPoGate/result/topogate_baseline_transductive_default_20260911_024913/runs/PCA+KMeans/labeled_faces_in_the_wild/seed123,,same_samples,transductive,123,new_run,completed,not_applicable
0.5231818181818182,0.001700569830561213,0.0015745459019491513,0733fb284af6c65e22c2247cb097e40381ff607b7ee65364854bc80d8a8446df,labeled_faces_in_the_wild,True,cpu,0.3984839916229248,all_samples,0.398484468460083,,,,False,PCA+KMeans,2,5828,2200,/data/luolie/ToPoGate/result/topogate_baseline_transductive_default_20260911_024913/runs/PCA+KMeans/labeled_faces_in_the_wild/seed7,,same_samples,transductive,7,new_run,completed,not_applicable
0.2901321056845476,0.14992576434515723,0.3699194876435351,5179303d010fd9765be3a4156e0dee887ec47efd7190fa24c0ca1e66423ad3a0,letter_recognition,True,cpu,0.6354410648345947,all_samples,0.6354415416717529,,,,False,KMeans,26,16,9992,/data/luolie/ToPoGate/result/topogate_baseline_transductive_default_20260911_024913/runs/KMeans/letter_recognition/seed42,,same_samples,transductive,42,new_run,completed,not_applicable
0.30214171337069656,0.1557462196089093,0.3786911271121033,5179303d010fd9765be3a4156e0dee887ec47efd7190fa24c0ca1e66423ad3a0,letter_recognition,True,cpu,0.6015210151672363,all_samples,0.6015219688415527,,,,False,KMeans,26,16,9992,/data/luolie/ToPoGate/result/topogate_baseline_transductive_default_20260911_024913/runs/KMeans/letter_recognition/seed123,,same_samples,transductive,123,new_run,completed,not_applicable
0.29923939151321055,0.16040476687567468,0.3915061729916258,5179303d010fd9765be3a4156e0dee887ec47efd7190fa24c0ca1e66423ad3a0,letter_recognition,True,cpu,0.6507048606872559,all_samples,0.6507058143615723,,,,False,KMeans,26,16,9992,/data/luolie/ToPoGate/result/topogate_baseline_transductive_default_20260911_024913/runs/KMeans/letter_recognition/seed7,,same_samples,transductive,7,new_run,completed,not_applicable
0.2901321056845476,0.14992576434515723,0.3699194876435351,5179303d010fd9765be3a4156e0dee887ec47efd7190fa24c0ca1e66423ad3a0,letter_recognition,True,cpu,0.5530602931976318,all_samples,0.55306077003479,,,,False,PCA+KMeans,26,16,9992,/data/luolie/ToPoGate/result/topogate_baseline_transductive_default_20260911_024913/runs/PCA+KMeans/letter_recognition/seed42,,same_samples,transductive,42,new_run,completed,not_applicable
0.30214171337069656,0.1557462196089093,0.3786911271121033,5179303d010fd9765be3a4156e0dee887ec47efd7190fa24c0ca1e66423ad3a0,letter_recognition,True,cpu,0.5655856132507324,all_samples,0.5655860900878906,,,,False,PCA+KMeans,26,16,9992,/data/luolie/ToPoGate/result/topogate_baseline_transductive_default_20260911_024913/runs/PCA+KMeans/letter_recognition/seed123,,same_samples,transductive,123,new_run,completed,not_applicable
0.29923939151321055,0.16040476687567468,0.3915061729916258,5179303d010fd9765be3a4156e0dee887ec47efd7190fa24c0ca1e66423ad3a0,letter_recognition,True,cpu,0.6069521903991699,all_samples,0.6069526672363281,,,,False,PCA+KMeans,26,16,9992,/data/luolie/ToPoGate/result/topogate_baseline_transductive_default_20260911_024913/runs/PCA+KMeans/letter_recognition/seed7,,same_samples,transductive,7,new_run,completed,not_applicable
0.5534553455345534,0.00836982402174492,0.002323510344900227,60b6fd364ba4346542614956ea42fc344dc70144e3e98597bdcd70f92494adaf,magic_gamma_telescope,True,cpu,0.08200621604919434,all_samples,0.08200669288635254,,,,False,KMeans,2,10,9999,/data/luolie/ToPoGate/result/topogate_baseline_transductive_default_20260911_024913/runs/KMeans/magic_gamma_telescope/seed42,,same_samples,transductive,42,new_run,completed,not_applicable
0.5534553455345534,0.00836982402174492,0.002323510344900227,60b6fd364ba4346542614956ea42fc344dc70144e3e98597bdcd70f92494adaf,magic_gamma_telescope,True,cpu,0.08591580390930176,all_samples,0.08591628074645996,,,,False,KMeans,2,10,9999,/data/luolie/ToPoGate/result/topogate_baseline_transductive_default_20260911_024913/runs/KMeans/magic_gamma_telescope/seed123,,same_samples,transductive,123,new_run,completed,not_applicable
0.5522552255225522,0.008013825644788718,0.0022322198314722224,60b6fd364ba4346542614956ea42fc344dc70144e3e98597bdcd70f92494adaf,magic_gamma_telescope,True,cpu,0.0767672061920166,all_samples,0.0767676830291748,,,,False,KMeans,2,10,9999,/data/luolie/ToPoGate/result/topogate_baseline_transductive_default_20260911_024913/runs/KMeans/magic_gamma_telescope/seed7,,same_samples,transductive,7,new_run,completed,not_applicable
0.5534553455345534,0.00836982402174492,0.002323510344900227,60b6fd364ba4346542614956ea42fc344dc70144e3e98597bdcd70f92494adaf,magic_gamma_telescope,True,cpu,0.08124613761901855,all_samples,0.08124661445617676,,,,False,PCA+KMeans,2,10,9999,/data/luolie/ToPoGate/result/topogate_baseline_transductive_default_20260911_024913/runs/PCA+KMeans/magic_gamma_telescope/seed42,,same_samples,transductive,42,new_run,completed,not_applicable
0.5534553455345534,0.00836982402174492,0.002323510344900227,60b6fd364ba4346542614956ea42fc344dc70144e3e98597bdcd70f92494adaf,magic_gamma_telescope,True,cpu,0.08659029006958008,all_samples,0.08659052848815918,,,,False,PCA+KMeans,2,10,9999,/data/luolie/ToPoGate/result/topogate_baseline_transductive_default_20260911_024913/runs/PCA+KMeans/magic_gamma_telescope/seed123,,same_samples,transductive,123,new_run,completed,not_applicable
0.5522552255225522,0.008013825644788718,0.0022322198314722224,60b6fd364ba4346542614956ea42fc344dc70144e3e98597bdcd70f92494adaf,magic_gamma_telescope,True,cpu,0.07641053199768066,all_samples,0.07641100883483887,,,,False,PCA+KMeans,2,10,9999,/data/luolie/ToPoGate/result/topogate_baseline_transductive_default_20260911_024913/runs/PCA+KMeans/magic_gamma_telescope/seed7,,same_samples,transductive,7,new_run,completed,not_applicable
0.7975903614457831,0.35346652553410773,0.2926062894788027,82143d6fd3cdee084a96f5e87ea60b55589103f20e99bc3e292f99e06aeeffd5,mammographic_mass,True,cpu,0.020033597946166992,all_samples,0.020033836364746094,,,,False,KMeans,2,5,830,/data/luolie/ToPoGate/result/topogate_baseline_transductive_default_20260911_024913/runs/KMeans/mammographic_mass/seed42,,same_samples,transductive,42,new_run,completed,not_applicable
0.7975903614457831,0.35346652553410773,0.2926062894788027,82143d6fd3cdee084a96f5e87ea60b55589103f20e99bc3e292f99e06aeeffd5,mammographic_mass,True,cpu,0.018718481063842773,all_samples,0.018719196319580078,,,,False,KMeans,2,5,830,/data/luolie/ToPoGate/result/topogate_baseline_transductive_default_20260911_024913/runs/KMeans/mammographic_mass/seed123,,same_samples,transductive,123,new_run,completed,not_applicable
0.7975903614457831,0.35346652553410773,0.2926062894788027,82143d6fd3cdee084a96f5e87ea60b55589103f20e99bc3e292f99e06aeeffd5,mammographic_mass,True,cpu,0.018912553787231445,all_samples,0.01891303062438965,,,,False,KMeans,2,5,830,/data/luolie/ToPoGate/result/topogate_baseline_transductive_default_20260911_024913/runs/KMeans/mammographic_mass/seed7,,same_samples,transductive,7,new_run,completed,not_applicable
0.7975903614457831,0.35346652553410773,0.2926062894788027,82143d6fd3cdee084a96f5e87ea60b55589103f20e99bc3e292f99e06aeeffd5,mammographic_mass,True,cpu,0.019624948501586914,all_samples,0.019625186920166016,,,,False,PCA+KMeans,2,5,830,/data/luolie/ToPoGate/result/topogate_baseline_transductive_default_20260911_024913/runs/PCA+KMeans/mammographic_mass/seed42,,same_samples,transductive,42,new_run,completed,not_applicable
0.7975903614457831,0.35346652553410773,0.2926062894788027,82143d6fd3cdee084a96f5e87ea60b55589103f20e99bc3e292f99e06aeeffd5,mammographic_mass,True,cpu,0.01901555061340332,all_samples,0.019016265869140625,,,,False,PCA+KMeans,2,5,830,/data/luolie/ToPoGate/result/topogate_baseline_transductive_default_20260911_024913/runs/PCA+KMeans/mammographic_mass/seed123,,same_samples,transductive,123,new_run,completed,not_applicable
0.7975903614457831,0.35346652553410773,0.2926062894788027,82143d6fd3cdee084a96f5e87ea60b55589103f20e99bc3e292f99e06aeeffd5,mammographic_mass,True,cpu,0.01942276954650879,all_samples,0.019423246383666992,,,,False,PCA+KMeans,2,5,830,/data/luolie/ToPoGate/result/topogate_baseline_transductive_default_20260911_024913/runs/PCA+KMeans/mammographic_mass/seed7,,same_samples,transductive,7,new_run,completed,not_applicable
0.738,0.6352543661117862,0.7302281719531238,c2846bfff61071cb25f2bcb1830261ae6d6b08646091e663d82670f56f333255,mfeat-factors,True,cpu,0.22311019897460938,all_samples,0.22311067581176758,,,,False,KMeans,10,216,2000,/data/luolie/ToPoGate/result/topogate_baseline_transductive_default_20260911_024913/runs/KMeans/mfeat-factors/seed42,,same_samples,transductive,42,new_run,completed,not_applicable
0.7265,0.6165304750369092,0.7166418102044454,c2846bfff61071cb25f2bcb1830261ae6d6b08646091e663d82670f56f333255,mfeat-factors,True,cpu,0.2088634967803955,all_samples,0.2088637351989746,,,,False,KMeans,10,216,2000,/data/luolie/ToPoGate/result/topogate_baseline_transductive_default_20260911_024913/runs/KMeans/mfeat-factors/seed123,,same_samples,transductive,123,new_run,completed,not_applicable
0.7175,0.6112138056452683,0.715394330641794,c2846bfff61071cb25f2bcb1830261ae6d6b08646091e663d82670f56f333255,mfeat-factors,True,cpu,0.20994853973388672,all_samples,0.20994901657104492,,,,False,KMeans,10,216,2000,/data/luolie/ToPoGate/result/topogate_baseline_transductive_default_20260911_024913/runs/KMeans/mfeat-factors/seed7,,same_samples,transductive,7,new_run,completed,not_applicable
0.7165,0.604716231871764,0.7104773917213368,c2846bfff61071cb25f2bcb1830261ae6d6b08646091e663d82670f56f333255,mfeat-factors,True,cpu,0.13042330741882324,all_samples,0.13042354583740234,,,,False,PCA+KMeans,10,216,2000,/data/luolie/ToPoGate/result/topogate_baseline_transductive_default_20260911_024913/runs/PCA+KMeans/mfeat-factors/seed42,,same_samples,transductive,42,new_run,completed,not_applicable
0.7205,0.61180901633489,0.7150090611067388,c2846bfff61071cb25f2bcb1830261ae6d6b08646091e663d82670f56f333255,mfeat-factors,True,cpu,0.12641406059265137,all_samples,0.12641429901123047,,,,False,PCA+KMeans,10,216,2000,/data/luolie/ToPoGate/result/topogate_baseline_transductive_default_20260911_024913/runs/PCA+KMeans/mfeat-factors/seed123,,same_samples,transductive,123,new_run,completed,not_applicable
0.736,0.6310370188087632,0.72556470444094,c2846bfff61071cb25f2bcb1830261ae6d6b08646091e663d82670f56f333255,mfeat-factors,True,cpu,0.1338939666748047,all_samples,0.1338944435119629,,,,False,PCA+KMeans,10,216,2000,/data/luolie/ToPoGate/result/topogate_baseline_transductive_default_20260911_024913/runs/PCA+KMeans/mfeat-factors/seed7,,same_samples,transductive,7,new_run,completed,not_applicable
0.532,0.3723840002576274,0.5014808194217909,06cd9b3fb8e6293daef1c8c31c79abb699c3e2ba228e466984c0c02cb70ec977,mfeat-fourier,True,cpu,0.14038848876953125,all_samples,0.14038896560668945,,,,False,KMeans,10,76,2000,/data/luolie/ToPoGate/result/topogate_baseline_transductive_default_20260911_024913/runs/KMeans/mfeat-fourier/seed42,,same_samples,transductive,42,new_run,completed,not_applicable
0.544,0.3826483570858124,0.5196668159040568,06cd9b3fb8e6293daef1c8c31c79abb699c3e2ba228e466984c0c02cb70ec977,mfeat-fourier,True,cpu,0.132188081741333,all_samples,0.1321887969970703,,,,False,KMeans,10,76,2000,/data/luolie/ToPoGate/result/topogate_baseline_transductive_default_20260911_024913/runs/KMeans/mfeat-fourier/seed123,,same_samples,transductive,123,new_run,completed,not_applicable
0.557,0.4047080363063325,0.5319366745502302,06cd9b3fb8e6293daef1c8c31c79abb699c3e2ba228e466984c0c02cb70ec977,mfeat-fourier,True,cpu,0.12662172317504883,all_samples,0.12662243843078613,,,,False,KMeans,10,76,2000,/data/luolie/ToPoGate/result/topogate_baseline_transductive_default_20260911_024913/runs/KMeans/mfeat-fourier/seed7,,same_samples,transductive,7,new_run,completed,not_applicable
0.547,0.39426155658553586,0.5240670286405188,06cd9b3fb8e6293daef1c8c31c79abb699c3e2ba228e466984c0c02cb70ec977,mfeat-fourier,True,cpu,0.11661481857299805,all_samples,0.11661505699157715,,,,False,PCA+KMeans,10,76,2000,/data/luolie/ToPoGate/result/topogate_baseline_transductive_default_20260911_024913/runs/PCA+KMeans/mfeat-fourier/seed42,,same_samples,transductive,42,new_run,completed,not_applicable
0.525,0.3662603061419303,0.49849551598557024,06cd9b3fb8e6293daef1c8c31c79abb699c3e2ba228e466984c0c02cb70ec977,mfeat-fourier,True,cpu,0.11968016624450684,all_samples,0.11968088150024414,,,,False,PCA+KMeans,10,76,2000,/data/luolie/ToPoGate/result/topogate_baseline_transductive_default_20260911_024913/runs/PCA+KMeans/mfeat-fourier/seed123,,same_samples,transductive,123,new_run,completed,not_applicable
0.563,0.4203158329259974,0.5465173168261099,06cd9b3fb8e6293daef1c8c31c79abb699c3e2ba228e466984c0c02cb70ec977,mfeat-fourier,True,cpu,0.12318301200866699,all_samples,0.1231837272644043,,,,False,PCA+KMeans,10,76,2000,/data/luolie/ToPoGate/result/topogate_baseline_transductive_default_20260911_024913/runs/PCA+KMeans/mfeat-fourier/seed7,,same_samples,transductive,7,new_run,completed,not_applicable
0.737,0.5584144606253302,0.6640296210971964,8a72b97187ef262202fd7335ac17f5540b43517c8b82cd074de909137fbe687f,mfeat-karhunen,True,cpu,0.14000701904296875,all_samples,0.14000844955444336,,,,False,KMeans,10,64,2000,/data/luolie/ToPoGate/result/topogate_baseline_transductive_default_20260911_024913/runs/KMeans/mfeat-karhunen/seed42,,same_samples,transductive,42,new_run,completed,not_applicable
0.735,0.5542007409300925,0.6539447333050774,8a72b97187ef262202fd7335ac17f5540b43517c8b82cd074de909137fbe687f,mfeat-karhunen,True,cpu,0.12259387969970703,all_samples,0.12259435653686523,,,,False,KMeans,10,64,2000,/data/luolie/ToPoGate/result/topogate_baseline_transductive_default_20260911_024913/runs/KMeans/mfeat-karhunen/seed123,,same_samples,transductive,123,new_run,completed,not_applicable
0.7375,0.5615112666744603,0.6638188511899948,8a72b97187ef262202fd7335ac17f5540b43517c8b82cd074de909137fbe687f,mfeat-karhunen,True,cpu,0.12188339233398438,all_samples,0.12188386917114258,,,,False,KMeans,10,64,2000,/data/luolie/ToPoGate/result/topogate_baseline_transductive_default_20260911_024913/runs/KMeans/mfeat-karhunen/seed7,,same_samples,transductive,7,new_run,completed,not_applicable
0.761,0.5746084249441676,0.668592693910941,8a72b97187ef262202fd7335ac17f5540b43517c8b82cd074de909137fbe687f,mfeat-karhunen,True,cpu,0.11780977249145508,all_samples,0.11781048774719238,,,,False,PCA+KMeans,10,64,2000,/data/luolie/ToPoGate/result/topogate_baseline_transductive_default_20260911_024913/runs/PCA+KMeans/mfeat-karhunen/seed42,,same_samples,transductive,42,new_run,completed,not_applicable
0.6395,0.5171234275437508,0.64644352152228,8a72b97187ef262202fd7335ac17f5540b43517c8b82cd074de909137fbe687f,mfeat-karhunen,True,cpu,0.10795235633850098,all_samples,0.10795283317565918,,,,False,PCA+KMeans,10,64,2000,/data/luolie/ToPoGate/result/topogate_baseline_transductive_default_20260911_024913/runs/PCA+KMeans/mfeat-karhunen/seed123,,same_samples,transductive,123,new_run,completed,not_applicable
0.738,0.558656987096618,0.6617602371431621,8a72b97187ef262202fd7335ac17f5540b43517c8b82cd074de909137fbe687f,mfeat-karhunen,True,cpu,0.10839009284973145,all_samples,0.10839080810546875,,,,False,PCA+KMeans,10,64,2000,/data/luolie/ToPoGate/result/topogate_baseline_transductive_default_20260911_024913/runs/PCA+KMeans/mfeat-karhunen/seed7,,same_samples,transductive,7,new_run,completed,not_applicable
0.638,0.5483113855896715,0.6809828296077884,54a56fcd40797345556d235bee9c429a3b6b83fe47ffe2ee653e713adbd17e62,mfeat-morphological,True,cpu,0.06272649765014648,all_samples,0.06272697448730469,,,,False,KMeans,10,6,2000,/data/luolie/ToPoGate/result/topogate_baseline_transductive_default_20260911_024913/runs/KMeans/mfeat-morphological/seed42,,same_samples,transductive,42,new_run,completed,not_applicable
0.6415,0.5505341544865712,0.6829493838203633,54a56fcd40797345556d235bee9c429a3b6b83fe47ffe2ee653e713adbd17e62,mfeat-morphological,True,cpu,0.06305360794067383,all_samples,0.06305384635925293,,,,False,KMeans,10,6,2000,/data/luolie/ToPoGate/result/topogate_baseline_transductive_default_20260911_024913/runs/KMeans/mfeat-morphological/seed123,,same_samples,transductive,123,new_run,completed,not_applicable
0.642,0.5509344931456663,0.6847410610108516,54a56fcd40797345556d235bee9c429a3b6b83fe47ffe2ee653e713adbd17e62,mfeat-morphological,True,cpu,0.06024670600891113,all_samples,0.060247182846069336,,,,False,KMeans,10,6,2000,/data/luolie/ToPoGate/result/topogate_baseline_transductive_default_20260911_024913/runs/KMeans/mfeat-morphological/seed7,,same_samples,transductive,7,new_run,completed,not_applicable
0.638,0.5483113855896715,0.6809828296077884,54a56fcd40797345556d235bee9c429a3b6b83fe47ffe2ee653e713adbd17e62,mfeat-morphological,True,cpu,0.06255435943603516,all_samples,0.06255483627319336,,,,False,PCA+KMeans,10,6,2000,/data/luolie/ToPoGate/result/topogate_baseline_transductive_default_20260911_024913/runs/PCA+KMeans/mfeat-morphological/seed42,,same_samples,transductive,42,new_run,completed,not_applicable
0.6415,0.5505341544865712,0.6829493838203633,54a56fcd40797345556d235bee9c429a3b6b83fe47ffe2ee653e713adbd17e62,mfeat-morphological,True,cpu,0.06104159355163574,all_samples,0.06104230880737305,,,,False,PCA+KMeans,10,6,2000,/data/luolie/ToPoGate/result/topogate_baseline_transductive_default_20260911_024913/runs/PCA+KMeans/mfeat-morphological/seed123,,same_samples,transductive,123,new_run,completed,not_applicable
0.642,0.5509344931456663,0.6847410610108516,54a56fcd40797345556d235bee9c429a3b6b83fe47ffe2ee653e713adbd17e62,mfeat-morphological,True,cpu,0.05800890922546387,all_samples,0.05800914764404297,,,,False,PCA+KMeans,10,6,2000,/data/luolie/ToPoGate/result/topogate_baseline_transductive_default_20260911_024913/runs/PCA+KMeans/mfeat-morphological/seed7,,same_samples,transductive,7,new_run,completed,not_applicable
0.5055555555555555,0.30233871326525674,0.6080880106170609,bd69f15acd129faf2ffd7e19a85037870884c801a6187c68e74fe897d629b40c,micro-mass,True,cpu,0.22072410583496094,all_samples,0.22072434425354004,,,,False,KMeans,10,1300,360,/data/luolie/ToPoGate/result/topogate_baseline_transductive_default_20260911_024913/runs/KMeans/micro-mass/seed42,,same_samples,transductive,42,new_run,completed,not_applicable
0.4777777777777778,0.3347458758982829,0.6168779931918449,bd69f15acd129faf2ffd7e19a85037870884c801a6187c68e74fe897d629b40c,micro-mass,True,cpu,0.22158288955688477,all_samples,0.22158360481262207,,,,False,KMeans,10,1300,360,/data/luolie/ToPoGate/result/topogate_baseline_transductive_default_20260911_024913/runs/KMeans/micro-mass/seed123,,same_samples,transductive,123,new_run,completed,not_applicable
0.5194444444444445,0.36978297480015954,0.6274937066568612,bd69f15acd129faf2ffd7e19a85037870884c801a6187c68e74fe897d629b40c,micro-mass,True,cpu,0.23073053359985352,all_samples,0.23073101043701172,,,,False,KMeans,10,1300,360,/data/luolie/ToPoGate/result/topogate_baseline_transductive_default_20260911_024913/runs/KMeans/micro-mass/seed7,,same_samples,transductive,7,new_run,completed,not_applicable
0.5055555555555555,0.3289737178932789,0.6113246651357601,bd69f15acd129faf2ffd7e19a85037870884c801a6187c68e74fe897d629b40c,micro-mass,True,cpu,0.06743097305297852,all_samples,0.06743121147155762,,,,False,PCA+KMeans,10,1300,360,/data/luolie/ToPoGate/result/topogate_baseline_transductive_default_20260911_024913/runs/PCA+KMeans/micro-mass/seed42,,same_samples,transductive,42,new_run,completed,not_applicable
0.5472222222222223,0.379278796475287,0.6505965331244068,bd69f15acd129faf2ffd7e19a85037870884c801a6187c68e74fe897d629b40c,micro-mass,True,cpu,0.0690000057220459,all_samples,0.069000244140625,,,,False,PCA+KMeans,10,1300,360,/data/luolie/ToPoGate/result/topogate_baseline_transductive_default_20260911_024913/runs/PCA+KMeans/micro-mass/seed123,,same_samples,transductive,123,new_run,completed,not_applicable
0.5583333333333333,0.4135066579456801,0.6694773595552208,bd69f15acd129faf2ffd7e19a85037870884c801a6187c68e74fe897d629b40c,micro-mass,True,cpu,0.06902837753295898,all_samples,0.06902909278869629,,,,False,PCA+KMeans,10,1300,360,/data/luolie/ToPoGate/result/topogate_baseline_transductive_default_20260911_024913/runs/PCA+KMeans/micro-mass/seed7,,same_samples,transductive,7,new_run,completed,not_applicable
0.18999499749874937,0.02533487553395612,0.06524377498796423,59fecdf62717b78aaff904682a285015f26834abf75745c539a50b5266f34100,microbes,True,cpu,0.2356433868408203,all_samples,0.23564386367797852,,,,False,KMeans,10,24,9995,/data/luolie/ToPoGate/result/topogate_baseline_transductive_default_20260911_024913/runs/KMeans/microbes/seed42,,same_samples,transductive,42,new_run,completed,not_applicable
0.1889944972486243,0.02509075691168322,0.06501887010725008,59fecdf62717b78aaff904682a285015f26834abf75745c539a50b5266f34100,microbes,True,cpu,0.23334527015686035,all_samples,0.23334574699401855,,,,False,KMeans,10,24,9995,/data/luolie/ToPoGate/result/topogate_baseline_transductive_default_20260911_024913/runs/KMeans/microbes/seed123,,same_samples,transductive,123,new_run,completed,not_applicable
0.19079539769884943,0.02504967748282645,0.06482201357686401,59fecdf62717b78aaff904682a285015f26834abf75745c539a50b5266f34100,microbes,True,cpu,0.2422184944152832,all_samples,0.2422189712524414,,,,False,KMeans,10,24,9995,/data/luolie/ToPoGate/result/topogate_baseline_transductive_default_20260911_024913/runs/KMeans/microbes/seed7,,same_samples,transductive,7,new_run,completed,not_applicable
0.18999499749874937,0.02533487553395612,0.06524377498796423,59fecdf62717b78aaff904682a285015f26834abf75745c539a50b5266f34100,microbes,True,cpu,0.2451164722442627,all_samples,0.2451171875,,,,False,PCA+KMeans,10,24,9995,/data/luolie/ToPoGate/result/topogate_baseline_transductive_default_20260911_024913/runs/PCA+KMeans/microbes/seed42,,same_samples,transductive,42,new_run,completed,not_applicable
0.1889944972486243,0.02509075691168322,0.06501887010725008,59fecdf62717b78aaff904682a285015f26834abf75745c539a50b5266f34100,microbes,True,cpu,0.25633835792541504,all_samples,0.25633883476257324,,,,False,PCA+KMeans,10,24,9995,/data/luolie/ToPoGate/result/topogate_baseline_transductive_default_20260911_024913/runs/PCA+KMeans/microbes/seed123,,same_samples,transductive,123,new_run,completed,not_applicable
0.19079539769884943,0.02504967748282645,0.06482201357686401,59fecdf62717b78aaff904682a285015f26834abf75745c539a50b5266f34100,microbes,True,cpu,0.2508726119995117,all_samples,0.2508730888366699,,,,False,PCA+KMeans,10,24,9995,/data/luolie/ToPoGate/result/topogate_baseline_transductive_default_20260911_024913/runs/PCA+KMeans/microbes/seed7,,same_samples,transductive,7,new_run,completed,not_applicable
0.8724584103512015,0.7309801696705117,0.7683708457463481,54c25f1bf649919a6a302fe7b283c4cd0674f956771e41f0eee02a0ac03d1c93,mnist64,True,cpu,0.0652167797088623,all_samples,0.06521773338317871,,,,False,KMeans,6,64,1082,/data/luolie/ToPoGate/result/topogate_baseline_transductive_default_20260911_024913/runs/KMeans/mnist64/seed42,,same_samples,transductive,42,new_run,completed,not_applicable
0.8733826247689463,0.7330041493482657,0.7717186756378379,54c25f1bf649919a6a302fe7b283c4cd0674f956771e41f0eee02a0ac03d1c93,mnist64,True,cpu,0.060391902923583984,all_samples,0.06039237976074219,,,,False,KMeans,6,64,1082,/data/luolie/ToPoGate/result/topogate_baseline_transductive_default_20260911_024913/runs/KMeans/mnist64/seed123,,same_samples,transductive,123,new_run,completed,not_applicable
0.8724584103512015,0.7309801696705117,0.7683708457463482,54c25f1bf649919a6a302fe7b283c4cd0674f956771e41f0eee02a0ac03d1c93,mnist64,True,cpu,0.060790300369262695,all_samples,0.0607907772064209,,,,False,KMeans,6,64,1082,/data/luolie/ToPoGate/result/topogate_baseline_transductive_default_20260911_024913/runs/KMeans/mnist64/seed7,,same_samples,transductive,7,new_run,completed,not_applicable
0.8733826247689463,0.7330041493482657,0.7717186756378376,54c25f1bf649919a6a302fe7b283c4cd0674f956771e41f0eee02a0ac03d1c93,mnist64,True,cpu,0.06681108474731445,all_samples,0.06681156158447266,,,,False,PCA+KMeans,6,64,1082,/data/luolie/ToPoGate/result/topogate_baseline_transductive_default_20260911_024913/runs/PCA+KMeans/mnist64/seed42,,same_samples,transductive,42,new_run,completed,not_applicable
0.8743068391866913,0.7344363177917976,0.7703532330080795,54c25f1bf649919a6a302fe7b283c4cd0674f956771e41f0eee02a0ac03d1c93,mnist64,True,cpu,0.06399965286254883,all_samples,0.06400012969970703,,,,False,PCA+KMeans,6,64,1082,/data/luolie/ToPoGate/result/topogate_baseline_transductive_default_20260911_024913/runs/PCA+KMeans/mnist64/seed123,,same_samples,transductive,123,new_run,completed,not_applicable
0.8733826247689463,0.732274339030217,0.7681625082935795,54c25f1bf649919a6a302fe7b283c4cd0674f956771e41f0eee02a0ac03d1c93,mnist64,True,cpu,0.06544947624206543,all_samples,0.06544995307922363,,,,False,PCA+KMeans,6,64,1082,/data/luolie/ToPoGate/result/topogate_baseline_transductive_default_20260911_024913/runs/PCA+KMeans/mnist64/seed7,,same_samples,transductive,7,new_run,completed,not_applicable
0.569827931172469,0.39751235382811545,0.5189991106768588,c53a53c42b84900972e51fb3273d9beedb8ade688ca34a14cf2961c1b798478c,MNIST_CLIP,True,cpu,2.9798495769500732,all_samples,2.9798502922058105,,,,False,KMeans,10,512,9996,/data/luolie/ToPoGate/result/topogate_baseline_transductive_default_20260911_024913/runs/KMeans/MNIST_CLIP/seed42,,same_samples,transductive,42,new_run,completed,not_applicable
0.5714285714285714,0.39806450029889334,0.5197808167286503,c53a53c42b84900972e51fb3273d9beedb8ade688ca34a14cf2961c1b798478c,MNIST_CLIP,True,cpu,2.7443275451660156,all_samples,2.744328022003174,,,,False,KMeans,10,512,9996,/data/luolie/ToPoGate/result/topogate_baseline_transductive_default_20260911_024913/runs/KMeans/MNIST_CLIP/seed123,,same_samples,transductive,123,new_run,completed,not_applicable
0.5704281712685074,0.3978267422604566,0.519260130205246,c53a53c42b84900972e51fb3273d9beedb8ade688ca34a14cf2961c1b798478c,MNIST_CLIP,True,cpu,3.12111234664917,all_samples,3.121112823486328,,,,False,KMeans,10,512,9996,/data/luolie/ToPoGate/result/topogate_baseline_transductive_default_20260911_024913/runs/KMeans/MNIST_CLIP/seed7,,same_samples,transductive,7,new_run,completed,not_applicable
0.570328131252501,0.3967437070824779,0.5173284375407886,c53a53c42b84900972e51fb3273d9beedb8ade688ca34a14cf2961c1b798478c,MNIST_CLIP,True,cpu,0.5334889888763428,all_samples,0.533489465713501,,,,False,PCA+KMeans,10,512,9996,/data/luolie/ToPoGate/result/topogate_baseline_transductive_default_20260911_024913/runs/PCA+KMeans/MNIST_CLIP/seed42,,same_samples,transductive,42,new_run,completed,not_applicable
0.5699279711884754,0.39697478837654726,0.5180536854647836,c53a53c42b84900972e51fb3273d9beedb8ade688ca34a14cf2961c1b798478c,MNIST_CLIP,True,cpu,0.5431935787200928,all_samples,0.5431942939758301,,,,False,PCA+KMeans,10,512,9996,/data/luolie/ToPoGate/result/topogate_baseline_transductive_default_20260911_024913/runs/PCA+KMeans/MNIST_CLIP/seed123,,same_samples,transductive,123,new_run,completed,not_applicable
0.5699279711884754,0.3971595070758272,0.5181266506764582,c53a53c42b84900972e51fb3273d9beedb8ade688ca34a14cf2961c1b798478c,MNIST_CLIP,True,cpu,0.539574146270752,all_samples,0.5395746231079102,,,,False,PCA+KMeans,10,512,9996,/data/luolie/ToPoGate/result/topogate_baseline_transductive_default_20260911_024913/runs/PCA+KMeans/MNIST_CLIP/seed7,,same_samples,transductive,7,new_run,completed,not_applicable
0.2945,0.005334830964454789,0.007244115483787574,1ca76f152a8388edd4c585cecd6b1030cd8b4ecd45d712d8bb011b03d0b144ac,mobile_price_classification,True,cpu,0.08181619644165039,all_samples,0.0818166732788086,,,,False,KMeans,4,20,2000,/data/luolie/ToPoGate/result/topogate_baseline_transductive_default_20260911_024913/runs/KMeans/mobile_price_classification/seed42,,same_samples,transductive,42,new_run,completed,not_applicable
0.2955,0.005514442420154159,0.007498253236641577,1ca76f152a8388edd4c585cecd6b1030cd8b4ecd45d712d8bb011b03d0b144ac,mobile_price_classification,True,cpu,0.08943414688110352,all_samples,0.08943462371826172,,,,False,KMeans,4,20,2000,/data/luolie/ToPoGate/result/topogate_baseline_transductive_default_20260911_024913/runs/KMeans/mobile_price_classification/seed123,,same_samples,transductive,123,new_run,completed,not_applicable
0.294,0.00519792973531608,0.007109125027891831,1ca76f152a8388edd4c585cecd6b1030cd8b4ecd45d712d8bb011b03d0b144ac,mobile_price_classification,True,cpu,0.08862137794494629,all_samples,0.08862161636352539,,,,False,KMeans,4,20,2000,/data/luolie/ToPoGate/result/topogate_baseline_transductive_default_20260911_024913/runs/KMeans/mobile_price_classification/seed7,,same_samples,transductive,7,new_run,completed,not_applicable
0.2945,0.005334830964454789,0.007244115483787574,1ca76f152a8388edd4c585cecd6b1030cd8b4ecd45d712d8bb011b03d0b144ac,mobile_price_classification,True,cpu,0.08522820472717285,all_samples,0.08522868156433105,,,,False,PCA+KMeans,4,20,2000,/data/luolie/ToPoGate/result/topogate_baseline_transductive_default_20260911_024913/runs/PCA+KMeans/mobile_price_classification/seed42,,same_samples,transductive,42,new_run,completed,not_applicable
0.2955,0.005514442420154159,0.007498253236641577,1ca76f152a8388edd4c585cecd6b1030cd8b4ecd45d712d8bb011b03d0b144ac,mobile_price_classification,True,cpu,0.08904218673706055,all_samples,0.08904266357421875,,,,False,PCA+KMeans,4,20,2000,/data/luolie/ToPoGate/result/topogate_baseline_transductive_default_20260911_024913/runs/PCA+KMeans/mobile_price_classification/seed123,,same_samples,transductive,123,new_run,completed,not_applicable
0.294,0.00519792973531608,0.007109125027891831,1ca76f152a8388edd4c585cecd6b1030cd8b4ecd45d712d8bb011b03d0b144ac,mobile_price_classification,True,cpu,0.08693623542785645,all_samples,0.08693671226501465,,,,False,PCA+KMeans,4,20,2000,/data/luolie/ToPoGate/result/topogate_baseline_transductive_default_20260911_024913/runs/PCA+KMeans/mobile_price_classification/seed7,,same_samples,transductive,7,new_run,completed,not_applicable
0.9068486590038314,0.811792582727388,0.6588952158951794,d3bc2eb08d95acd12d324f668c537ae4208de57c355862f8e5800d4ba1e727c1,Mouse_retina,True,cpu,10.703145742416382,all_samples,10.70314621925354,,,,False,KMeans,5,6198,8352,/data/luolie/ToPoGate/result/topogate_baseline_transductive_default_20260911_024913/runs/KMeans/Mouse_retina/seed42,,same_samples,transductive,42,new_run,completed,not_applicable
0.9212164750957854,0.6918981846727574,0.6747483599002579,d3bc2eb08d95acd12d324f668c537ae4208de57c355862f8e5800d4ba1e727c1,Mouse_retina,True,cpu,11.204796314239502,all_samples,11.204797267913818,,,,False,KMeans,5,6198,8352,/data/luolie/ToPoGate/result/topogate_baseline_transductive_default_20260911_024913/runs/KMeans/Mouse_retina/seed123,,same_samples,transductive,123,new_run,completed,not_applicable
0.9061302681992337,0.8112223934781823,0.6566658268419867,d3bc2eb08d95acd12d324f668c537ae4208de57c355862f8e5800d4ba1e727c1,Mouse_retina,True,cpu,10.444945096969604,all_samples,10.444945573806763,,,,False,KMeans,5,6198,8352,/data/luolie/ToPoGate/result/topogate_baseline_transductive_default_20260911_024913/runs/KMeans/Mouse_retina/seed7,,same_samples,transductive,7,new_run,completed,not_applicable
0.9224137931034483,0.6965662502167295,0.681019796085578,d3bc2eb08d95acd12d324f668c537ae4208de57c355862f8e5800d4ba1e727c1,Mouse_retina,True,cpu,1.4749510288238525,all_samples,1.4749512672424316,,,,False,PCA+KMeans,5,6198,8352,/data/luolie/ToPoGate/result/topogate_baseline_transductive_default_20260911_024913/runs/PCA+KMeans/Mouse_retina/seed42,,same_samples,transductive,42,new_run,completed,not_applicable
0.9224137931034483,0.6965662502167295,0.681019796085578,d3bc2eb08d95acd12d324f668c537ae4208de57c355862f8e5800d4ba1e727c1,Mouse_retina,True,cpu,1.4092741012573242,all_samples,1.4092745780944824,,,,False,PCA+KMeans,5,6198,8352,/data/luolie/ToPoGate/result/topogate_baseline_transductive_default_20260911_024913/runs/PCA+KMeans/Mouse_retina/seed123,,same_samples,transductive,123,new_run,completed,not_applicable
0.9224137931034483,0.6965662502167295,0.6810197960855778,d3bc2eb08d95acd12d324f668c537ae4208de57c355862f8e5800d4ba1e727c1,Mouse_retina,True,cpu,1.486257791519165,all_samples,1.4862580299377441,,,,False,PCA+KMeans,5,6198,8352,/data/luolie/ToPoGate/result/topogate_baseline_transductive_default_20260911_024913/runs/PCA+KMeans/Mouse_retina/seed7,,same_samples,transductive,7,new_run,completed,not_applicable
0.333,0.16672803523620736,0.3119473265289307,30491c6533a5096eb238592fe5b70191a93ec6991dfe821ede7eefebafe635ce,music_genre_classification,True,cpu,0.07365918159484863,all_samples,0.07365989685058594,,,,False,KMeans,10,26,1000,/data/luolie/ToPoGate/result/topogate_baseline_transductive_default_20260911_024913/runs/KMeans/music_genre_classification/seed42,,same_samples,transductive,42,new_run,completed,not_applicable
0.339,0.17272138184533897,0.3146131279265684,30491c6533a5096eb238592fe5b70191a93ec6991dfe821ede7eefebafe635ce,music_genre_classification,True,cpu,0.0732583999633789,all_samples,0.07325887680053711,,,,False,KMeans,10,26,1000,/data/luolie/ToPoGate/result/topogate_baseline_transductive_default_20260911_024913/runs/KMeans/music_genre_classification/seed123,,same_samples,transductive,123,new_run,completed,not_applicable
0.354,0.17585282532896054,0.31915992326268783,30491c6533a5096eb238592fe5b70191a93ec6991dfe821ede7eefebafe635ce,music_genre_classification,True,cpu,0.07336878776550293,all_samples,0.07336950302124023,,,,False,KMeans,10,26,1000,/data/luolie/ToPoGate/result/topogate_baseline_transductive_default_20260911_024913/runs/KMeans/music_genre_classification/seed7,,same_samples,transductive,7,new_run,completed,not_applicable
0.333,0.16672803523620736,0.3119473265289307,30491c6533a5096eb238592fe5b70191a93ec6991dfe821ede7eefebafe635ce,music_genre_classification,True,cpu,0.07648038864135742,all_samples,0.07648110389709473,,,,False,PCA+KMeans,10,26,1000,/data/luolie/ToPoGate/result/topogate_baseline_transductive_default_20260911_024913/runs/PCA+KMeans/music_genre_classification/seed42,,same_samples,transductive,42,new_run,completed,not_applicable
0.339,0.17272138184533897,0.3146131279265684,30491c6533a5096eb238592fe5b70191a93ec6991dfe821ede7eefebafe635ce,music_genre_classification,True,cpu,0.07347989082336426,all_samples,0.07348060607910156,,,,False,PCA+KMeans,10,26,1000,/data/luolie/ToPoGate/result/topogate_baseline_transductive_default_20260911_024913/runs/PCA+KMeans/music_genre_classification/seed123,,same_samples,transductive,123,new_run,completed,not_applicable
0.354,0.17585282532896054,0.31915992326268783,30491c6533a5096eb238592fe5b70191a93ec6991dfe821ede7eefebafe635ce,music_genre_classification,True,cpu,0.07335638999938965,all_samples,0.07335686683654785,,,,False,PCA+KMeans,10,26,1000,/data/luolie/ToPoGate/result/topogate_baseline_transductive_default_20260911_024913/runs/PCA+KMeans/music_genre_classification/seed7,,same_samples,transductive,7,new_run,completed,not_applicable
0.58,0.4523289616716513,0.7826068702437743,392d3df0955d81240a34e931b51b88067c9a4eaa69459a53290c60c704ee7a9f,olivetti_faces,True,cpu,2.231241464614868,all_samples,2.2312419414520264,,,,False,KMeans,40,4096,400,/data/luolie/ToPoGate/result/topogate_baseline_transductive_default_20260911_024913/runs/KMeans/olivetti_faces/seed42,,same_samples,transductive,42,new_run,completed,not_applicable
0.5675,0.4315677970204517,0.7735625751039696,392d3df0955d81240a34e931b51b88067c9a4eaa69459a53290c60c704ee7a9f,olivetti_faces,True,cpu,2.3389484882354736,all_samples,2.338948965072632,,,,False,KMeans,40,4096,400,/data/luolie/ToPoGate/result/topogate_baseline_transductive_default_20260911_024913/runs/KMeans/olivetti_faces/seed123,,same_samples,transductive,123,new_run,completed,not_applicable
0.61,0.44987997266095675,0.7811384384140243,392d3df0955d81240a34e931b51b88067c9a4eaa69459a53290c60c704ee7a9f,olivetti_faces,True,cpu,2.231309413909912,all_samples,2.2313101291656494,,,,False,KMeans,40,4096,400,/data/luolie/ToPoGate/result/topogate_baseline_transductive_default_20260911_024913/runs/KMeans/olivetti_faces/seed7,,same_samples,transductive,7,new_run,completed,not_applicable
0.5825,0.4467486838398179,0.7843073837504748,392d3df0955d81240a34e931b51b88067c9a4eaa69459a53290c60c704ee7a9f,olivetti_faces,True,cpu,0.19730877876281738,all_samples,0.1973094940185547,,,,False,PCA+KMeans,40,4096,400,/data/luolie/ToPoGate/result/topogate_baseline_transductive_default_20260911_024913/runs/PCA+KMeans/olivetti_faces/seed42,,same_samples,transductive,42,new_run,completed,not_applicable
0.5875,0.42959526180914676,0.775571499337125,392d3df0955d81240a34e931b51b88067c9a4eaa69459a53290c60c704ee7a9f,olivetti_faces,True,cpu,0.2019331455230713,all_samples,0.2019336223602295,,,,False,PCA+KMeans,40,4096,400,/data/luolie/ToPoGate/result/topogate_baseline_transductive_default_20260911_024913/runs/PCA+KMeans/olivetti_faces/seed123,,same_samples,transductive,123,new_run,completed,not_applicable
0.6,0.47859242350807524,0.7926143975522413,392d3df0955d81240a34e931b51b88067c9a4eaa69459a53290c60c704ee7a9f,olivetti_faces,True,cpu,0.20413851737976074,all_samples,0.20413899421691895,,,,False,PCA+KMeans,40,4096,400,/data/luolie/ToPoGate/result/topogate_baseline_transductive_default_20260911_024913/runs/PCA+KMeans/olivetti_faces/seed7,,same_samples,transductive,7,new_run,completed,not_applicable
0.6115616008370389,0.47222348405593245,0.6287843656201425,18474ef1ac1437ea5b0679418a2655d94c5323346e711cb469b13cb185406221,optical_recognition_of_handwritten_digits,True,cpu,0.18268966674804688,all_samples,0.18268990516662598,,,,False,KMeans,10,64,3823,/data/luolie/ToPoGate/result/topogate_baseline_transductive_default_20260911_024913/runs/KMeans/optical_recognition_of_handwritten_digits/seed42,,same_samples,transductive,42,new_run,completed,not_applicable
0.6693696050222339,0.533425273175817,0.6548806908264081,18474ef1ac1437ea5b0679418a2655d94c5323346e711cb469b13cb185406221,optical_recognition_of_handwritten_digits,True,cpu,0.15923142433166504,all_samples,0.15923190116882324,,,,False,KMeans,10,64,3823,/data/luolie/ToPoGate/result/topogate_baseline_transductive_default_20260911_024913/runs/KMeans/optical_recognition_of_handwritten_digits/seed123,,same_samples,transductive,123,new_run,completed,not_applicable
0.671462202458802,0.5319382987853554,0.655992159771869,18474ef1ac1437ea5b0679418a2655d94c5323346e711cb469b13cb185406221,optical_recognition_of_handwritten_digits,True,cpu,0.16745591163635254,all_samples,0.16745638847351074,,,,False,KMeans,10,64,3823,/data/luolie/ToPoGate/result/topogate_baseline_transductive_default_20260911_024913/runs/KMeans/optical_recognition_of_handwritten_digits/seed7,,same_samples,transductive,7,new_run,completed,not_applicable
0.671985351817944,0.5395597927242566,0.6600782227813695,18474ef1ac1437ea5b0679418a2655d94c5323346e711cb469b13cb185406221,optical_recognition_of_handwritten_digits,True,cpu,0.16108274459838867,all_samples,0.16108345985412598,,,,False,PCA+KMeans,10,64,3823,/data/luolie/ToPoGate/result/topogate_baseline_transductive_default_20260911_024913/runs/PCA+KMeans/optical_recognition_of_handwritten_digits/seed42,,same_samples,transductive,42,new_run,completed,not_applicable
0.6685848809835208,0.5287168329882783,0.651327530899574,18474ef1ac1437ea5b0679418a2655d94c5323346e711cb469b13cb185406221,optical_recognition_of_handwritten_digits,True,cpu,0.16576313972473145,all_samples,0.16576361656188965,,,,False,PCA+KMeans,10,64,3823,/data/luolie/ToPoGate/result/topogate_baseline_transductive_default_20260911_024913/runs/PCA+KMeans/optical_recognition_of_handwritten_digits/seed123,,same_samples,transductive,123,new_run,completed,not_applicable
0.6413811143081349,0.48949302207966316,0.6497719722870295,18474ef1ac1437ea5b0679418a2655d94c5323346e711cb469b13cb185406221,optical_recognition_of_handwritten_digits,True,cpu,0.1720595359802246,all_samples,0.1720600128173828,,,,False,PCA+KMeans,10,64,3823,/data/luolie/ToPoGate/result/topogate_baseline_transductive_default_20260911_024913/runs/PCA+KMeans/optical_recognition_of_handwritten_digits/seed7,,same_samples,transductive,7,new_run,completed,not_applicable
0.5662020905923345,0.03459917267521965,0.11065060673368815,bdb0ca09a4651089a97c1366de085e7b66d9020012701e74e1e7e4c69d1d02c5,orbit_classification_for_prediction_nasa,True,cpu,0.059739112854003906,all_samples,0.05973958969116211,,,,False,KMeans,3,11,1722,/data/luolie/ToPoGate/result/topogate_baseline_transductive_default_20260911_024913/runs/KMeans/orbit_classification_for_prediction_nasa/seed42,,same_samples,transductive,42,new_run,completed,not_applicable
0.5685249709639953,0.036183641387991565,0.11140729161258907,bdb0ca09a4651089a97c1366de085e7b66d9020012701e74e1e7e4c69d1d02c5,orbit_classification_for_prediction_nasa,True,cpu,0.0655820369720459,all_samples,0.0655825138092041,,,,False,KMeans,3,11,1722,/data/luolie/ToPoGate/result/topogate_baseline_transductive_default_20260911_024913/runs/KMeans/orbit_classification_for_prediction_nasa/seed123,,same_samples,transductive,123,new_run,completed,not_applicable
0.5685249709639953,0.036183641387991565,0.11140729161258907,bdb0ca09a4651089a97c1366de085e7b66d9020012701e74e1e7e4c69d1d02c5,orbit_classification_for_prediction_nasa,True,cpu,0.05932450294494629,all_samples,0.05932497978210449,,,,False,KMeans,3,11,1722,/data/luolie/ToPoGate/result/topogate_baseline_transductive_default_20260911_024913/runs/KMeans/orbit_classification_for_prediction_nasa/seed7,,same_samples,transductive,7,new_run,completed,not_applicable
0.5662020905923345,0.03459917267521965,0.11065060673368815,bdb0ca09a4651089a97c1366de085e7b66d9020012701e74e1e7e4c69d1d02c5,orbit_classification_for_prediction_nasa,True,cpu,0.05966663360595703,all_samples,0.059667110443115234,,,,False,PCA+KMeans,3,11,1722,/data/luolie/ToPoGate/result/topogate_baseline_transductive_default_20260911_024913/runs/PCA+KMeans/orbit_classification_for_prediction_nasa/seed42,,same_samples,transductive,42,new_run,completed,not_applicable
0.5685249709639953,0.036183641387991565,0.11140729161258907,bdb0ca09a4651089a97c1366de085e7b66d9020012701e74e1e7e4c69d1d02c5,orbit_classification_for_prediction_nasa,True,cpu,0.0684502124786377,all_samples,0.0684504508972168,,,,False,PCA+KMeans,3,11,1722,/data/luolie/ToPoGate/result/topogate_baseline_transductive_default_20260911_024913/runs/PCA+KMeans/orbit_classification_for_prediction_nasa/seed123,,same_samples,transductive,123,new_run,completed,not_applicable
0.5685249709639953,0.036183641387991565,0.11140729161258907,bdb0ca09a4651089a97c1366de085e7b66d9020012701e74e1e7e4c69d1d02c5,orbit_classification_for_prediction_nasa,True,cpu,0.05982804298400879,all_samples,0.05982828140258789,,,,False,PCA+KMeans,3,11,1722,/data/luolie/ToPoGate/result/topogate_baseline_transductive_default_20260911_024913/runs/PCA+KMeans/orbit_classification_for_prediction_nasa/seed7,,same_samples,transductive,7,new_run,completed,not_applicable
0.5041,-2.7640060322142676e-06,2.0535068813335156e-05,ce7e2bee8632f38514995e7114392f4df5f157614a8d8e56851eaf1017c01609,paris_housing_classification,True,cpu,0.07028985023498535,all_samples,0.07029032707214355,,,,False,KMeans,2,17,10000,/data/luolie/ToPoGate/result/topogate_baseline_transductive_default_20260911_024913/runs/KMeans/paris_housing_classification/seed42,,same_samples,transductive,42,new_run,completed,not_applicable
0.5039,-8.613495160187294e-07,2.7587947785383185e-05,ce7e2bee8632f38514995e7114392f4df5f157614a8d8e56851eaf1017c01609,paris_housing_classification,True,cpu,0.0669255256652832,all_samples,0.0669260025024414,,,,False,KMeans,2,17,10000,/data/luolie/ToPoGate/result/topogate_baseline_transductive_default_20260911_024913/runs/KMeans/paris_housing_classification/seed123,,same_samples,transductive,123,new_run,completed,not_applicable
0.5034,-9.77060269754338e-06,2.3863117195205406e-05,ce7e2bee8632f38514995e7114392f4df5f157614a8d8e56851eaf1017c01609,paris_housing_classification,True,cpu,0.06876564025878906,all_samples,0.06876635551452637,,,,False,KMeans,2,17,10000,/data/luolie/ToPoGate/result/topogate_baseline_transductive_default_20260911_024913/runs/KMeans/paris_housing_classification/seed7,,same_samples,transductive,7,new_run,completed,not_applicable
0.5041,-2.7640060322142676e-06,2.0535068813335156e-05,ce7e2bee8632f38514995e7114392f4df5f157614a8d8e56851eaf1017c01609,paris_housing_classification,True,cpu,0.0716097354888916,all_samples,0.0716099739074707,,,,False,PCA+KMeans,2,17,10000,/data/luolie/ToPoGate/result/topogate_baseline_transductive_default_20260911_024913/runs/PCA+KMeans/paris_housing_classification/seed42,,same_samples,transductive,42,new_run,completed,not_applicable
0.5039,-8.613495160187294e-07,2.7587947785383185e-05,ce7e2bee8632f38514995e7114392f4df5f157614a8d8e56851eaf1017c01609,paris_housing_classification,True,cpu,0.07072734832763672,all_samples,0.07072782516479492,,,,False,PCA+KMeans,2,17,10000,/data/luolie/ToPoGate/result/topogate_baseline_transductive_default_20260911_024913/runs/PCA+KMeans/paris_housing_classification/seed123,,same_samples,transductive,123,new_run,completed,not_applicable
0.5037,-6.941724683048949e-06,2.1823178828748567e-05,ce7e2bee8632f38514995e7114392f4df5f157614a8d8e56851eaf1017c01609,paris_housing_classification,True,cpu,0.07284283638000488,all_samples,0.07284331321716309,,,,False,PCA+KMeans,2,17,10000,/data/luolie/ToPoGate/result/topogate_baseline_transductive_default_20260911_024913/runs/PCA+KMeans/paris_housing_classification/seed7,,same_samples,transductive,7,new_run,completed,not_applicable
0.6,-0.09780773979294843,0.09696260671158334,f2d9725e336aa805860318a3971011d749ab8983c5fae910d7036a6cdad12480,parkinsons,True,cpu,0.012685060501098633,all_samples,0.012685298919677734,,,,False,KMeans,2,22,195,/data/luolie/ToPoGate/result/topogate_baseline_transductive_default_20260911_024913/runs/KMeans/parkinsons/seed42,,same_samples,transductive,42,new_run,completed,not_applicable
0.6,-0.09780773979294843,0.09696260671158334,f2d9725e336aa805860318a3971011d749ab8983c5fae910d7036a6cdad12480,parkinsons,True,cpu,0.012690305709838867,all_samples,0.012690544128417969,,,,False,KMeans,2,22,195,/data/luolie/ToPoGate/result/topogate_baseline_transductive_default_20260911_024913/runs/KMeans/parkinsons/seed123,,same_samples,transductive,123,new_run,completed,not_applicable
0.6,-0.09780773979294843,0.09696260671158334,f2d9725e336aa805860318a3971011d749ab8983c5fae910d7036a6cdad12480,parkinsons,True,cpu,0.011194705963134766,all_samples,0.011195182800292969,,,,False,KMeans,2,22,195,/data/luolie/ToPoGate/result/topogate_baseline_transductive_default_20260911_024913/runs/KMeans/parkinsons/seed7,,same_samples,transductive,7,new_run,completed,not_applicable
0.6,-0.09780773979294843,0.09696260671158334,f2d9725e336aa805860318a3971011d749ab8983c5fae910d7036a6cdad12480,parkinsons,True,cpu,0.013131141662597656,all_samples,0.01313161849975586,,,,False,PCA+KMeans,2,22,195,/data/luolie/ToPoGate/result/topogate_baseline_transductive_default_20260911_024913/runs/PCA+KMeans/parkinsons/seed42,,same_samples,transductive,42,new_run,completed,not_applicable
0.6,-0.09780773979294843,0.09696260671158334,f2d9725e336aa805860318a3971011d749ab8983c5fae910d7036a6cdad12480,parkinsons,True,cpu,0.012705326080322266,all_samples,0.012705564498901367,,,,False,PCA+KMeans,2,22,195,/data/luolie/ToPoGate/result/topogate_baseline_transductive_default_20260911_024913/runs/PCA+KMeans/parkinsons/seed123,,same_samples,transductive,123,new_run,completed,not_applicable
0.6,-0.09780773979294843,0.09696260671158334,f2d9725e336aa805860318a3971011d749ab8983c5fae910d7036a6cdad12480,parkinsons,True,cpu,0.012052536010742188,all_samples,0.01205301284790039,,,,False,PCA+KMeans,2,22,195,/data/luolie/ToPoGate/result/topogate_baseline_transductive_default_20260911_024913/runs/PCA+KMeans/parkinsons/seed7,,same_samples,transductive,7,new_run,completed,not_applicable
0.6069809610154125,0.045318973815952436,0.030048299083432213,632de83b2daeca0230d6d44c38eaf469c531d6024b626f39f29ec7c72b07c07b,patient_treatment_classification,True,cpu,0.06602931022644043,all_samples,0.06603002548217773,,,,False,KMeans,2,10,4412,/data/luolie/ToPoGate/result/topogate_baseline_transductive_default_20260911_024913/runs/KMeans/patient_treatment_classification/seed42,,same_samples,transductive,42,new_run,completed,not_applicable
0.6106074342701723,0.0482323023045812,0.030496204587193057,632de83b2daeca0230d6d44c38eaf469c531d6024b626f39f29ec7c72b07c07b,patient_treatment_classification,True,cpu,0.07426047325134277,all_samples,0.07426071166992188,,,,False,KMeans,2,10,4412,/data/luolie/ToPoGate/result/topogate_baseline_transductive_default_20260911_024913/runs/KMeans/patient_treatment_classification/seed123,,same_samples,transductive,123,new_run,completed,not_applicable
0.60766092475068,0.04589493771189441,0.030393291107678366,632de83b2daeca0230d6d44c38eaf469c531d6024b626f39f29ec7c72b07c07b,patient_treatment_classification,True,cpu,0.0671234130859375,all_samples,0.0671236515045166,,,,False,KMeans,2,10,4412,/data/luolie/ToPoGate/result/topogate_baseline_transductive_default_20260911_024913/runs/KMeans/patient_treatment_classification/seed7,,same_samples,transductive,7,new_run,completed,not_applicable
0.6069809610154125,0.045318973815952436,0.030048299083432213,632de83b2daeca0230d6d44c38eaf469c531d6024b626f39f29ec7c72b07c07b,patient_treatment_classification,True,cpu,0.06462669372558594,all_samples,0.06462717056274414,,,,False,PCA+KMeans,2,10,4412,/data/luolie/ToPoGate/result/topogate_baseline_transductive_default_20260911_024913/runs/PCA+KMeans/patient_treatment_classification/seed42,,same_samples,transductive,42,new_run,completed,not_applicable
0.6106074342701723,0.0482323023045812,0.030496204587193057,632de83b2daeca0230d6d44c38eaf469c531d6024b626f39f29ec7c72b07c07b,patient_treatment_classification,True,cpu,0.07379007339477539,all_samples,0.0737905502319336,,,,False,PCA+KMeans,2,10,4412,/data/luolie/ToPoGate/result/topogate_baseline_transductive_default_20260911_024913/runs/PCA+KMeans/patient_treatment_classification/seed123,,same_samples,transductive,123,new_run,completed,not_applicable
0.60766092475068,0.04589493771189441,0.030393291107678366,632de83b2daeca0230d6d44c38eaf469c531d6024b626f39f29ec7c72b07c07b,patient_treatment_classification,True,cpu,0.06693315505981445,all_samples,0.06693363189697266,,,,False,PCA+KMeans,2,10,4412,/data/luolie/ToPoGate/result/topogate_baseline_transductive_default_20260911_024913/runs/PCA+KMeans/patient_treatment_classification/seed7,,same_samples,transductive,7,new_run,completed,not_applicable
0.55575,0.012190110201063037,0.00993697163087669,ab640878f228489c64c6df74d876373f3d793186d58853f7edf9658f88951b3a,PCam,True,cpu,14.43432879447937,all_samples,14.434329271316528,,,,False,KMeans,2,27648,4000,/data/luolie/ToPoGate/result/topogate_baseline_transductive_default_20260911_024913/runs/KMeans/PCam/seed42,,same_samples,transductive,42,new_run,completed,not_applicable
0.55575,0.012190110201063037,0.00993697163087669,ab640878f228489c64c6df74d876373f3d793186d58853f7edf9658f88951b3a,PCam,True,cpu,16.207134008407593,all_samples,16.20713448524475,,,,False,KMeans,2,27648,4000,/data/luolie/ToPoGate/result/topogate_baseline_transductive_default_20260911_024913/runs/KMeans/PCam/seed123,,same_samples,transductive,123,new_run,completed,not_applicable
0.55575,0.012190110201063037,0.00993697163087669,ab640878f228489c64c6df74d876373f3d793186d58853f7edf9658f88951b3a,PCam,True,cpu,24.833842277526855,all_samples,24.833842754364014,,,,False,KMeans,2,27648,4000,/data/luolie/ToPoGate/result/topogate_baseline_transductive_default_20260911_024913/runs/KMeans/PCam/seed7,,same_samples,transductive,7,new_run,completed,not_applicable
0.55575,0.012190110201063037,0.00993697163087669,ab640878f228489c64c6df74d876373f3d793186d58853f7edf9658f88951b3a,PCam,True,cpu,3.2660086154937744,all_samples,3.2660093307495117,,,,False,PCA+KMeans,2,27648,4000,/data/luolie/ToPoGate/result/topogate_baseline_transductive_default_20260911_024913/runs/PCA+KMeans/PCam/seed42,,same_samples,transductive,42,new_run,completed,not_applicable
0.55575,0.012190110201063037,0.00993697163087669,ab640878f228489c64c6df74d876373f3d793186d58853f7edf9658f88951b3a,PCam,True,cpu,3.469791889190674,all_samples,3.469792366027832,,,,False,PCA+KMeans,2,27648,4000,/data/luolie/ToPoGate/result/topogate_baseline_transductive_default_20260911_024913/runs/PCA+KMeans/PCam/seed123,,same_samples,transductive,123,new_run,completed,not_applicable
0.55575,0.012190110201063037,0.00993697163087669,ab640878f228489c64c6df74d876373f3d793186d58853f7edf9658f88951b3a,PCam,True,cpu,3.1888837814331055,all_samples,3.1888842582702637,,,,False,PCA+KMeans,2,27648,4000,/data/luolie/ToPoGate/result/topogate_baseline_transductive_default_20260911_024913/runs/PCA+KMeans/PCam/seed7,,same_samples,transductive,7,new_run,completed,not_applicable
0.6953562850280224,0.5759804763800342,0.7106174763566391,c84d60518da920e23c757e751e42bbea213d5e68b751790e69fd6d4cc8d6d2a3,pen_based_recognition_of_handwritten_digits,True,cpu,0.19878649711608887,all_samples,0.19878721237182617,,,,False,KMeans,10,16,7494,/data/luolie/ToPoGate/result/topogate_baseline_transductive_default_20260911_024913/runs/KMeans/pen_based_recognition_of_handwritten_digits/seed42,,same_samples,transductive,42,new_run,completed,not_applicable
0.7775553776354417,0.6313244139349844,0.7240663245602581,c84d60518da920e23c757e751e42bbea213d5e68b751790e69fd6d4cc8d6d2a3,pen_based_recognition_of_handwritten_digits,True,cpu,0.19854402542114258,all_samples,0.19854450225830078,,,,False,KMeans,10,16,7494,/data/luolie/ToPoGate/result/topogate_baseline_transductive_default_20260911_024913/runs/KMeans/pen_based_recognition_of_handwritten_digits/seed123,,same_samples,transductive,123,new_run,completed,not_applicable
0.6953562850280224,0.5760613862901309,0.710740857726227,c84d60518da920e23c757e751e42bbea213d5e68b751790e69fd6d4cc8d6d2a3,pen_based_recognition_of_handwritten_digits,True,cpu,0.19683074951171875,all_samples,0.19683146476745605,,,,False,KMeans,10,16,7494,/data/luolie/ToPoGate/result/topogate_baseline_transductive_default_20260911_024913/runs/KMeans/pen_based_recognition_of_handwritten_digits/seed7,,same_samples,transductive,7,new_run,completed,not_applicable
0.6953562850280224,0.5759804763800342,0.7106174763566391,c84d60518da920e23c757e751e42bbea213d5e68b751790e69fd6d4cc8d6d2a3,pen_based_recognition_of_handwritten_digits,True,cpu,0.18493270874023438,all_samples,0.18493318557739258,,,,False,PCA+KMeans,10,16,7494,/data/luolie/ToPoGate/result/topogate_baseline_transductive_default_20260911_024913/runs/PCA+KMeans/pen_based_recognition_of_handwritten_digits/seed42,,same_samples,transductive,42,new_run,completed,not_applicable
0.7775553776354417,0.6313244139349844,0.7240663245602581,c84d60518da920e23c757e751e42bbea213d5e68b751790e69fd6d4cc8d6d2a3,pen_based_recognition_of_handwritten_digits,True,cpu,0.19228649139404297,all_samples,0.19228744506835938,,,,False,PCA+KMeans,10,16,7494,/data/luolie/ToPoGate/result/topogate_baseline_transductive_default_20260911_024913/runs/PCA+KMeans/pen_based_recognition_of_handwritten_digits/seed123,,same_samples,transductive,123,new_run,completed,not_applicable
0.6953562850280224,0.5760613862901309,0.710740857726227,c84d60518da920e23c757e751e42bbea213d5e68b751790e69fd6d4cc8d6d2a3,pen_based_recognition_of_handwritten_digits,True,cpu,0.2003016471862793,all_samples,0.2003023624420166,,,,False,PCA+KMeans,10,16,7494,/data/luolie/ToPoGate/result/topogate_baseline_transductive_default_20260911_024913/runs/PCA+KMeans/pen_based_recognition_of_handwritten_digits/seed7,,same_samples,transductive,7,new_run,completed,not_applicable
0.5911179173047473,0.403962533107697,0.6155699425088017,fe299bc9920ffaa870fb8fd294482cb0a74db4759f5d6342880b9eeec06d7370,ph_recognition,True,cpu,0.059496402740478516,all_samples,0.05949664115905762,,,,False,KMeans,15,3,653,/data/luolie/ToPoGate/result/topogate_baseline_transductive_default_20260911_024913/runs/KMeans/ph_recognition/seed42,,same_samples,transductive,42,new_run,completed,not_applicable
0.5604900459418071,0.38672144350047105,0.6010461173105726,fe299bc9920ffaa870fb8fd294482cb0a74db4759f5d6342880b9eeec06d7370,ph_recognition,True,cpu,0.06104159355163574,all_samples,0.061042070388793945,,,,False,KMeans,15,3,653,/data/luolie/ToPoGate/result/topogate_baseline_transductive_default_20260911_024913/runs/KMeans/ph_recognition/seed123,,same_samples,transductive,123,new_run,completed,not_applicable
0.5467075038284839,0.3858773323886179,0.6044610264346754,fe299bc9920ffaa870fb8fd294482cb0a74db4759f5d6342880b9eeec06d7370,ph_recognition,True,cpu,0.05811953544616699,all_samples,0.058120012283325195,,,,False,KMeans,15,3,653,/data/luolie/ToPoGate/result/topogate_baseline_transductive_default_20260911_024913/runs/KMeans/ph_recognition/seed7,,same_samples,transductive,7,new_run,completed,not_applicable
0.5911179173047473,0.403962533107697,0.6155699425088017,fe299bc9920ffaa870fb8fd294482cb0a74db4759f5d6342880b9eeec06d7370,ph_recognition,True,cpu,0.05893540382385254,all_samples,0.05893588066101074,,,,False,PCA+KMeans,15,3,653,/data/luolie/ToPoGate/result/topogate_baseline_transductive_default_20260911_024913/runs/PCA+KMeans/ph_recognition/seed42,,same_samples,transductive,42,new_run,completed,not_applicable
0.5604900459418071,0.38672144350047105,0.6010461173105726,fe299bc9920ffaa870fb8fd294482cb0a74db4759f5d6342880b9eeec06d7370,ph_recognition,True,cpu,0.05932736396789551,all_samples,0.05932784080505371,,,,False,PCA+KMeans,15,3,653,/data/luolie/ToPoGate/result/topogate_baseline_transductive_default_20260911_024913/runs/PCA+KMeans/ph_recognition/seed123,,same_samples,transductive,123,new_run,completed,not_applicable
0.5467075038284839,0.3858773323886179,0.6044610264346754,fe299bc9920ffaa870fb8fd294482cb0a74db4759f5d6342880b9eeec06d7370,ph_recognition,True,cpu,0.05779743194580078,all_samples,0.057798147201538086,,,,False,PCA+KMeans,15,3,653,/data/luolie/ToPoGate/result/topogate_baseline_transductive_default_20260911_024913/runs/PCA+KMeans/ph_recognition/seed7,,same_samples,transductive,7,new_run,completed,not_applicable
0.6744791666666666,0.11368602044072854,0.061726746694245715,0d7cfea8778d1747e1f5528dfe30a3377c803f00927e1b2f194a29171dc7878b,pima_indians_diabetes_database,True,cpu,0.022669076919555664,all_samples,0.022669553756713867,,,,False,KMeans,2,8,768,/data/luolie/ToPoGate/result/topogate_baseline_transductive_default_20260911_024913/runs/KMeans/pima_indians_diabetes_database/seed42,,same_samples,transductive,42,new_run,completed,not_applicable
0.6731770833333334,0.11173324610509507,0.060241825558866216,0d7cfea8778d1747e1f5528dfe30a3377c803f00927e1b2f194a29171dc7878b,pima_indians_diabetes_database,True,cpu,0.024659395217895508,all_samples,0.02465987205505371,,,,False,KMeans,2,8,768,/data/luolie/ToPoGate/result/topogate_baseline_transductive_default_20260911_024913/runs/KMeans/pima_indians_diabetes_database/seed123,,same_samples,transductive,123,new_run,completed,not_applicable
0.6770833333333334,0.11786908019810104,0.06526190042579923,0d7cfea8778d1747e1f5528dfe30a3377c803f00927e1b2f194a29171dc7878b,pima_indians_diabetes_database,True,cpu,0.02298259735107422,all_samples,0.022983074188232422,,,,False,KMeans,2,8,768,/data/luolie/ToPoGate/result/topogate_baseline_transductive_default_20260911_024913/runs/KMeans/pima_indians_diabetes_database/seed7,,same_samples,transductive,7,new_run,completed,not_applicable
0.6744791666666666,0.11368602044072854,0.061726746694245715,0d7cfea8778d1747e1f5528dfe30a3377c803f00927e1b2f194a29171dc7878b,pima_indians_diabetes_database,True,cpu,0.0238955020904541,all_samples,0.023895740509033203,,,,False,PCA+KMeans,2,8,768,/data/luolie/ToPoGate/result/topogate_baseline_transductive_default_20260911_024913/runs/PCA+KMeans/pima_indians_diabetes_database/seed42,,same_samples,transductive,42,new_run,completed,not_applicable
0.6731770833333334,0.11173324610509507,0.060241825558866216,0d7cfea8778d1747e1f5528dfe30a3377c803f00927e1b2f194a29171dc7878b,pima_indians_diabetes_database,True,cpu,0.02661919593811035,all_samples,0.026619672775268555,,,,False,PCA+KMeans,2,8,768,/data/luolie/ToPoGate/result/topogate_baseline_transductive_default_20260911_024913/runs/PCA+KMeans/pima_indians_diabetes_database/seed123,,same_samples,transductive,123,new_run,completed,not_applicable
0.6770833333333334,0.11786908019810104,0.06526190042579923,0d7cfea8778d1747e1f5528dfe30a3377c803f00927e1b2f194a29171dc7878b,pima_indians_diabetes_database,True,cpu,0.023758649826049805,all_samples,0.023758888244628906,,,,False,PCA+KMeans,2,8,768,/data/luolie/ToPoGate/result/topogate_baseline_transductive_default_20260911_024913/runs/PCA+KMeans/pima_indians_diabetes_database/seed7,,same_samples,transductive,7,new_run,completed,not_applicable
0.7602420856610801,0.2702408361647763,0.24757896821299766,4b46e833ef8c8c10612db7619a32f8f43dc5bb7115ece53392fdf58563c8d91c,pistachio,True,cpu,0.04327058792114258,all_samples,0.04327106475830078,,,,False,KMeans,2,28,2148,/data/luolie/ToPoGate/result/topogate_baseline_transductive_default_20260911_024913/runs/KMeans/pistachio/seed42,,same_samples,transductive,42,new_run,completed,not_applicable
0.7602420856610801,0.2702408361647763,0.24757896821299766,4b46e833ef8c8c10612db7619a32f8f43dc5bb7115ece53392fdf58563c8d91c,pistachio,True,cpu,0.051560163497924805,all_samples,0.05156064033508301,,,,False,KMeans,2,28,2148,/data/luolie/ToPoGate/result/topogate_baseline_transductive_default_20260911_024913/runs/KMeans/pistachio/seed123,,same_samples,transductive,123,new_run,completed,not_applicable
0.7602420856610801,0.2702408361647763,0.24757896821299766,4b46e833ef8c8c10612db7619a32f8f43dc5bb7115ece53392fdf58563c8d91c,pistachio,True,cpu,0.05224156379699707,all_samples,0.05224204063415527,,,,False,KMeans,2,28,2148,/data/luolie/ToPoGate/result/topogate_baseline_transductive_default_20260911_024913/runs/KMeans/pistachio/seed7,,same_samples,transductive,7,new_run,completed,not_applicable
0.7602420856610801,0.2702408361647763,0.24757896821299766,4b46e833ef8c8c10612db7619a32f8f43dc5bb7115ece53392fdf58563c8d91c,pistachio,True,cpu,0.048531532287597656,all_samples,0.04853200912475586,,,,False,PCA+KMeans,2,28,2148,/data/luolie/ToPoGate/result/topogate_baseline_transductive_default_20260911_024913/runs/PCA+KMeans/pistachio/seed42,,same_samples,transductive,42,new_run,completed,not_applicable
0.7602420856610801,0.2702408361647763,0.24757896821299766,4b46e833ef8c8c10612db7619a32f8f43dc5bb7115ece53392fdf58563c8d91c,pistachio,True,cpu,0.05111074447631836,all_samples,0.05111122131347656,,,,False,PCA+KMeans,2,28,2148,/data/luolie/ToPoGate/result/topogate_baseline_transductive_default_20260911_024913/runs/PCA+KMeans/pistachio/seed123,,same_samples,transductive,123,new_run,completed,not_applicable
0.7602420856610801,0.2702408361647763,0.24757896821299766,4b46e833ef8c8c10612db7619a32f8f43dc5bb7115ece53392fdf58563c8d91c,pistachio,True,cpu,0.052976369857788086,all_samples,0.05297660827636719,,,,False,PCA+KMeans,2,28,2148,/data/luolie/ToPoGate/result/topogate_baseline_transductive_default_20260911_024913/runs/PCA+KMeans/pistachio/seed7,,same_samples,transductive,7,new_run,completed,not_applicable
0.5494505494505495,0.0026724929059904544,0.0021405804866061425,93fcf72ee36ee679432d7f1baa1815c984d9c6169d455f755954ee9235c07a37,planning_relax,True,cpu,0.0182647705078125,all_samples,0.018265247344970703,,,,False,KMeans,2,12,182,/data/luolie/ToPoGate/result/topogate_baseline_transductive_default_20260911_024913/runs/KMeans/planning_relax/seed42,,same_samples,transductive,42,new_run,completed,not_applicable
0.554945054945055,0.004484432846309635,0.0027582886664338268,93fcf72ee36ee679432d7f1baa1815c984d9c6169d455f755954ee9235c07a37,planning_relax,True,cpu,0.018248319625854492,all_samples,0.018248796463012695,,,,False,KMeans,2,12,182,/data/luolie/ToPoGate/result/topogate_baseline_transductive_default_20260911_024913/runs/KMeans/planning_relax/seed123,,same_samples,transductive,123,new_run,completed,not_applicable
0.5494505494505495,0.0026724929059904544,0.0021405804866061425,93fcf72ee36ee679432d7f1baa1815c984d9c6169d455f755954ee9235c07a37,planning_relax,True,cpu,0.018464326858520508,all_samples,0.01846480369567871,,,,False,KMeans,2,12,182,/data/luolie/ToPoGate/result/topogate_baseline_transductive_default_20260911_024913/runs/KMeans/planning_relax/seed7,,same_samples,transductive,7,new_run,completed,not_applicable
0.5494505494505495,0.0026724929059904544,0.0021405804866061425,93fcf72ee36ee679432d7f1baa1815c984d9c6169d455f755954ee9235c07a37,planning_relax,True,cpu,0.018572330474853516,all_samples,0.018572568893432617,,,,False,PCA+KMeans,2,12,182,/data/luolie/ToPoGate/result/topogate_baseline_transductive_default_20260911_024913/runs/PCA+KMeans/planning_relax/seed42,,same_samples,transductive,42,new_run,completed,not_applicable
0.554945054945055,0.004484432846309635,0.0027582886664338268,93fcf72ee36ee679432d7f1baa1815c984d9c6169d455f755954ee9235c07a37,planning_relax,True,cpu,0.01860833168029785,all_samples,0.018608808517456055,,,,False,PCA+KMeans,2,12,182,/data/luolie/ToPoGate/result/topogate_baseline_transductive_default_20260911_024913/runs/PCA+KMeans/planning_relax/seed123,,same_samples,transductive,123,new_run,completed,not_applicable
0.5494505494505495,0.0026724929059904544,0.0021405804866061425,93fcf72ee36ee679432d7f1baa1815c984d9c6169d455f755954ee9235c07a37,planning_relax,True,cpu,0.01872539520263672,all_samples,0.01872563362121582,,,,False,PCA+KMeans,2,12,182,/data/luolie/ToPoGate/result/topogate_baseline_transductive_default_20260911_024913/runs/PCA+KMeans/planning_relax/seed7,,same_samples,transductive,7,new_run,completed,not_applicable
0.5041,-3.2359126209144426e-05,5.593982956355702e-05,b2f8c5de07630322a8dd827aff3c7046e4ba91a84d0a2590a70bed663db00ce5,poker-hand,True,cpu,0.09354519844055176,all_samples,0.09354567527770996,,,,False,KMeans,2,10,10000,/data/luolie/ToPoGate/result/topogate_baseline_transductive_default_20260911_024913/runs/KMeans/poker-hand/seed42,,same_samples,transductive,42,new_run,completed,not_applicable
0.5041,-3.2359126209144426e-05,5.593982956355702e-05,b2f8c5de07630322a8dd827aff3c7046e4ba91a84d0a2590a70bed663db00ce5,poker-hand,True,cpu,0.09401392936706543,all_samples,0.09401440620422363,,,,False,KMeans,2,10,10000,/data/luolie/ToPoGate/result/topogate_baseline_transductive_default_20260911_024913/runs/KMeans/poker-hand/seed123,,same_samples,transductive,123,new_run,completed,not_applicable
0.5041,-3.2359126209144426e-05,5.593982956355702e-05,b2f8c5de07630322a8dd827aff3c7046e4ba91a84d0a2590a70bed663db00ce5,poker-hand,True,cpu,0.08242535591125488,all_samples,0.08242583274841309,,,,False,KMeans,2,10,10000,/data/luolie/ToPoGate/result/topogate_baseline_transductive_default_20260911_024913/runs/KMeans/poker-hand/seed7,,same_samples,transductive,7,new_run,completed,not_applicable
0.5041,-3.2359126209144426e-05,5.593982956355702e-05,b2f8c5de07630322a8dd827aff3c7046e4ba91a84d0a2590a70bed663db00ce5,poker-hand,True,cpu,0.08955764770507812,all_samples,0.08955836296081543,,,,False,PCA+KMeans,2,10,10000,/data/luolie/ToPoGate/result/topogate_baseline_transductive_default_20260911_024913/runs/PCA+KMeans/poker-hand/seed42,,same_samples,transductive,42,new_run,completed,not_applicable
0.5041,-3.2359126209144426e-05,5.593982956355702e-05,b2f8c5de07630322a8dd827aff3c7046e4ba91a84d0a2590a70bed663db00ce5,poker-hand,True,cpu,0.11238598823547363,all_samples,0.11238646507263184,,,,False,PCA+KMeans,2,10,10000,/data/luolie/ToPoGate/result/topogate_baseline_transductive_default_20260911_024913/runs/PCA+KMeans/poker-hand/seed123,,same_samples,transductive,123,new_run,completed,not_applicable
0.5041,-3.2359126209144426e-05,5.593982956355702e-05,b2f8c5de07630322a8dd827aff3c7046e4ba91a84d0a2590a70bed663db00ce5,poker-hand,True,cpu,0.10810160636901855,all_samples,0.10810232162475586,,,,False,PCA+KMeans,2,10,10000,/data/luolie/ToPoGate/result/topogate_baseline_transductive_default_20260911_024913/runs/PCA+KMeans/poker-hand/seed7,,same_samples,transductive,7,new_run,completed,not_applicable
0.9345411409468349,0.5970995228555848,0.39557092382852893,0ec9e5f111758950239301729cf7fed236abeb5426b61d74163732f57dc7113d,predicting_pulsar_star,True,cpu,0.06589436531066895,all_samples,0.06589484214782715,,,,False,KMeans,2,8,9273,/data/luolie/ToPoGate/result/topogate_baseline_transductive_default_20260911_024913/runs/KMeans/predicting_pulsar_star/seed42,,same_samples,transductive,42,new_run,completed,not_applicable
0.9345411409468349,0.5970995228555848,0.39557092382852893,0ec9e5f111758950239301729cf7fed236abeb5426b61d74163732f57dc7113d,predicting_pulsar_star,True,cpu,0.06406617164611816,all_samples,0.06406664848327637,,,,False,KMeans,2,8,9273,/data/luolie/ToPoGate/result/topogate_baseline_transductive_default_20260911_024913/runs/KMeans/predicting_pulsar_star/seed123,,same_samples,transductive,123,new_run,completed,not_applicable
0.9345411409468349,0.5970995228555848,0.39557092382852893,0ec9e5f111758950239301729cf7fed236abeb5426b61d74163732f57dc7113d,predicting_pulsar_star,True,cpu,0.06727266311645508,all_samples,0.06727337837219238,,,,False,KMeans,2,8,9273,/data/luolie/ToPoGate/result/topogate_baseline_transductive_default_20260911_024913/runs/KMeans/predicting_pulsar_star/seed7,,same_samples,transductive,7,new_run,completed,not_applicable
0.9345411409468349,0.5970995228555848,0.39557092382852893,0ec9e5f111758950239301729cf7fed236abeb5426b61d74163732f57dc7113d,predicting_pulsar_star,True,cpu,0.06638312339782715,all_samples,0.06638383865356445,,,,False,PCA+KMeans,2,8,9273,/data/luolie/ToPoGate/result/topogate_baseline_transductive_default_20260911_024913/runs/PCA+KMeans/predicting_pulsar_star/seed42,,same_samples,transductive,42,new_run,completed,not_applicable
0.9345411409468349,0.5970995228555848,0.39557092382852893,0ec9e5f111758950239301729cf7fed236abeb5426b61d74163732f57dc7113d,predicting_pulsar_star,True,cpu,0.06463456153869629,all_samples,0.06463503837585449,,,,False,PCA+KMeans,2,8,9273,/data/luolie/ToPoGate/result/topogate_baseline_transductive_default_20260911_024913/runs/PCA+KMeans/predicting_pulsar_star/seed123,,same_samples,transductive,123,new_run,completed,not_applicable
0.9345411409468349,0.5970995228555848,0.39557092382852893,0ec9e5f111758950239301729cf7fed236abeb5426b61d74163732f57dc7113d,predicting_pulsar_star,True,cpu,0.06736445426940918,all_samples,0.06736493110656738,,,,False,PCA+KMeans,2,8,9273,/data/luolie/ToPoGate/result/topogate_baseline_transductive_default_20260911_024913/runs/PCA+KMeans/predicting_pulsar_star/seed7,,same_samples,transductive,7,new_run,completed,not_applicable
0.7976,0.35398346997953195,0.27917425603736074,31dbf3e77a71494a687ec609a6c7d478c1995a763a0055d2f95f7991c99e1da4,pumpkin_seeds,True,cpu,0.049510955810546875,all_samples,0.04951143264770508,,,,False,KMeans,2,12,2500,/data/luolie/ToPoGate/result/topogate_baseline_transductive_default_20260911_024913/runs/KMeans/pumpkin_seeds/seed42,,same_samples,transductive,42,new_run,completed,not_applicable
0.7976,0.35398346997953195,0.27917425603736074,31dbf3e77a71494a687ec609a6c7d478c1995a763a0055d2f95f7991c99e1da4,pumpkin_seeds,True,cpu,0.0496821403503418,all_samples,0.0496828556060791,,,,False,KMeans,2,12,2500,/data/luolie/ToPoGate/result/topogate_baseline_transductive_default_20260911_024913/runs/KMeans/pumpkin_seeds/seed123,,same_samples,transductive,123,new_run,completed,not_applicable
0.7976,0.35398346997953195,0.27917425603736074,31dbf3e77a71494a687ec609a6c7d478c1995a763a0055d2f95f7991c99e1da4,pumpkin_seeds,True,cpu,0.0472872257232666,all_samples,0.047287940979003906,,,,False,KMeans,2,12,2500,/data/luolie/ToPoGate/result/topogate_baseline_transductive_default_20260911_024913/runs/KMeans/pumpkin_seeds/seed7,,same_samples,transductive,7,new_run,completed,not_applicable
0.7976,0.35398346997953195,0.27917425603736074,31dbf3e77a71494a687ec609a6c7d478c1995a763a0055d2f95f7991c99e1da4,pumpkin_seeds,True,cpu,0.04895639419555664,all_samples,0.048956871032714844,,,,False,PCA+KMeans,2,12,2500,/data/luolie/ToPoGate/result/topogate_baseline_transductive_default_20260911_024913/runs/PCA+KMeans/pumpkin_seeds/seed42,,same_samples,transductive,42,new_run,completed,not_applicable
0.7976,0.35398346997953195,0.27917425603736074,31dbf3e77a71494a687ec609a6c7d478c1995a763a0055d2f95f7991c99e1da4,pumpkin_seeds,True,cpu,0.05102229118347168,all_samples,0.051023006439208984,,,,False,PCA+KMeans,2,12,2500,/data/luolie/ToPoGate/result/topogate_baseline_transductive_default_20260911_024913/runs/PCA+KMeans/pumpkin_seeds/seed123,,same_samples,transductive,123,new_run,completed,not_applicable
0.7976,0.35398346997953195,0.27917425603736074,31dbf3e77a71494a687ec609a6c7d478c1995a763a0055d2f95f7991c99e1da4,pumpkin_seeds,True,cpu,0.04757285118103027,all_samples,0.04757356643676758,,,,False,PCA+KMeans,2,12,2500,/data/luolie/ToPoGate/result/topogate_baseline_transductive_default_20260911_024913/runs/PCA+KMeans/pumpkin_seeds/seed7,,same_samples,transductive,7,new_run,completed,not_applicable
0.7677777777777778,0.28618101650067673,0.3377067428452351,a714d731ce7c003b050dcd61bb26637a5808f0600a53aa8f6971655b8c12f709,raisin,True,cpu,0.02965831756591797,all_samples,0.029658794403076172,,,,False,KMeans,2,7,900,/data/luolie/ToPoGate/result/topogate_baseline_transductive_default_20260911_024913/runs/KMeans/raisin/seed42,,same_samples,transductive,42,new_run,completed,not_applicable
0.7688888888888888,0.2885667850518784,0.3393982897014221,a714d731ce7c003b050dcd61bb26637a5808f0600a53aa8f6971655b8c12f709,raisin,True,cpu,0.029984474182128906,all_samples,0.02998518943786621,,,,False,KMeans,2,7,900,/data/luolie/ToPoGate/result/topogate_baseline_transductive_default_20260911_024913/runs/KMeans/raisin/seed123,,same_samples,transductive,123,new_run,completed,not_applicable
0.7688888888888888,0.2885667850518784,0.3393982897014221,a714d731ce7c003b050dcd61bb26637a5808f0600a53aa8f6971655b8c12f709,raisin,True,cpu,0.02924942970275879,all_samples,0.029249906539916992,,,,False,KMeans,2,7,900,/data/luolie/ToPoGate/result/topogate_baseline_transductive_default_20260911_024913/runs/KMeans/raisin/seed7,,same_samples,transductive,7,new_run,completed,not_applicable
0.7677777777777778,0.28618101650067673,0.3377067428452351,a714d731ce7c003b050dcd61bb26637a5808f0600a53aa8f6971655b8c12f709,raisin,True,cpu,0.029090166091918945,all_samples,0.02909064292907715,,,,False,PCA+KMeans,2,7,900,/data/luolie/ToPoGate/result/topogate_baseline_transductive_default_20260911_024913/runs/PCA+KMeans/raisin/seed42,,same_samples,transductive,42,new_run,completed,not_applicable
0.7688888888888888,0.2885667850518784,0.3393982897014221,a714d731ce7c003b050dcd61bb26637a5808f0600a53aa8f6971655b8c12f709,raisin,True,cpu,0.030681848526000977,all_samples,0.03068232536315918,,,,False,PCA+KMeans,2,7,900,/data/luolie/ToPoGate/result/topogate_baseline_transductive_default_20260911_024913/runs/PCA+KMeans/raisin/seed123,,same_samples,transductive,123,new_run,completed,not_applicable
0.7688888888888888,0.2885667850518784,0.3393982897014221,a714d731ce7c003b050dcd61bb26637a5808f0600a53aa8f6971655b8c12f709,raisin,True,cpu,0.02954888343811035,all_samples,0.029549360275268555,,,,False,PCA+KMeans,2,7,900,/data/luolie/ToPoGate/result/topogate_baseline_transductive_default_20260911_024913/runs/PCA+KMeans/raisin/seed7,,same_samples,transductive,7,new_run,completed,not_applicable
0.5308698296836983,0.19618967737225632,0.28413114322626765,d1f30aa9700da83e903cc1d726e75be2623ac5c99efe476fcdf19eced589c27e,reuters,True,cpu,5.096562147140503,all_samples,5.09656286239624,,,,False,KMeans,3,4096,6576,/data/luolie/ToPoGate/result/topogate_baseline_transductive_default_20260911_024913/runs/KMeans/reuters/seed42,,same_samples,transductive,42,new_run,completed,not_applicable
0.5308698296836983,0.19618967737225632,0.28413114322626765,d1f30aa9700da83e903cc1d726e75be2623ac5c99efe476fcdf19eced589c27e,reuters,True,cpu,5.177759408950806,all_samples,5.177760124206543,,,,False,KMeans,3,4096,6576,/data/luolie/ToPoGate/result/topogate_baseline_transductive_default_20260911_024913/runs/KMeans/reuters/seed123,,same_samples,transductive,123,new_run,completed,not_applicable
0.531021897810219,0.19620996578907096,0.2839345374262988,d1f30aa9700da83e903cc1d726e75be2623ac5c99efe476fcdf19eced589c27e,reuters,True,cpu,4.798216819763184,all_samples,4.798217058181763,,,,False,KMeans,3,4096,6576,/data/luolie/ToPoGate/result/topogate_baseline_transductive_default_20260911_024913/runs/KMeans/reuters/seed7,,same_samples,transductive,7,new_run,completed,not_applicable
0.5308698296836983,0.19633480940733733,0.28349165413813,d1f30aa9700da83e903cc1d726e75be2623ac5c99efe476fcdf19eced589c27e,reuters,True,cpu,0.7707653045654297,all_samples,0.7707655429840088,,,,False,PCA+KMeans,3,4096,6576,/data/luolie/ToPoGate/result/topogate_baseline_transductive_default_20260911_024913/runs/PCA+KMeans/reuters/seed42,,same_samples,transductive,42,new_run,completed,not_applicable
0.5308698296836983,0.19674903365548851,0.2843356350886546,d1f30aa9700da83e903cc1d726e75be2623ac5c99efe476fcdf19eced589c27e,reuters,True,cpu,0.7872860431671143,all_samples,0.7872867584228516,,,,False,PCA+KMeans,3,4096,6576,/data/luolie/ToPoGate/result/topogate_baseline_transductive_default_20260911_024913/runs/PCA+KMeans/reuters/seed123,,same_samples,transductive,123,new_run,completed,not_applicable
0.5308698296836983,0.1966858979662715,0.28440614251257645,d1f30aa9700da83e903cc1d726e75be2623ac5c99efe476fcdf19eced589c27e,reuters,True,cpu,0.7485578060150146,all_samples,0.748558521270752,,,,False,PCA+KMeans,3,4096,6576,/data/luolie/ToPoGate/result/topogate_baseline_transductive_default_20260911_024913/runs/PCA+KMeans/reuters/seed7,,same_samples,transductive,7,new_run,completed,not_applicable
0.9128608923884515,0.6815391024991305,0.5685091524488927,67bc38e177b997cda847b19c565ccb4bc52f10a6656ba03bd126e3bb2218e7c5,rice_dataset_cammeo_and_osmancik,True,cpu,0.03871798515319824,all_samples,0.038718461990356445,,,,False,KMeans,2,7,3810,/data/luolie/ToPoGate/result/topogate_baseline_transductive_default_20260911_024913/runs/KMeans/rice_dataset_cammeo_and_osmancik/seed42,,same_samples,transductive,42,new_run,completed,not_applicable
0.9128608923884515,0.6815391024991305,0.5685091524488927,67bc38e177b997cda847b19c565ccb4bc52f10a6656ba03bd126e3bb2218e7c5,rice_dataset_cammeo_and_osmancik,True,cpu,0.03651618957519531,all_samples,0.036516666412353516,,,,False,KMeans,2,7,3810,/data/luolie/ToPoGate/result/topogate_baseline_transductive_default_20260911_024913/runs/KMeans/rice_dataset_cammeo_and_osmancik/seed123,,same_samples,transductive,123,new_run,completed,not_applicable
0.9128608923884515,0.6815391024991305,0.5685091524488927,67bc38e177b997cda847b19c565ccb4bc52f10a6656ba03bd126e3bb2218e7c5,rice_dataset_cammeo_and_osmancik,True,cpu,0.03440070152282715,all_samples,0.03440117835998535,,,,False,KMeans,2,7,3810,/data/luolie/ToPoGate/result/topogate_baseline_transductive_default_20260911_024913/runs/KMeans/rice_dataset_cammeo_and_osmancik/seed7,,same_samples,transductive,7,new_run,completed,not_applicable
0.9128608923884515,0.6815391024991305,0.5685091524488927,67bc38e177b997cda847b19c565ccb4bc52f10a6656ba03bd126e3bb2218e7c5,rice_dataset_cammeo_and_osmancik,True,cpu,0.03546643257141113,all_samples,0.035466909408569336,,,,False,PCA+KMeans,2,7,3810,/data/luolie/ToPoGate/result/topogate_baseline_transductive_default_20260911_024913/runs/PCA+KMeans/rice_dataset_cammeo_and_osmancik/seed42,,same_samples,transductive,42,new_run,completed,not_applicable
0.9128608923884515,0.6815391024991305,0.5685091524488927,67bc38e177b997cda847b19c565ccb4bc52f10a6656ba03bd126e3bb2218e7c5,rice_dataset_cammeo_and_osmancik,True,cpu,0.034482717514038086,all_samples,0.03448295593261719,,,,False,PCA+KMeans,2,7,3810,/data/luolie/ToPoGate/result/topogate_baseline_transductive_default_20260911_024913/runs/PCA+KMeans/rice_dataset_cammeo_and_osmancik/seed123,,same_samples,transductive,123,new_run,completed,not_applicable
0.9128608923884515,0.6815391024991305,0.5685091524488927,67bc38e177b997cda847b19c565ccb4bc52f10a6656ba03bd126e3bb2218e7c5,rice_dataset_cammeo_and_osmancik,True,cpu,0.033356428146362305,all_samples,0.033356666564941406,,,,False,PCA+KMeans,2,7,3810,/data/luolie/ToPoGate/result/topogate_baseline_transductive_default_20260911_024913/runs/PCA+KMeans/rice_dataset_cammeo_and_osmancik/seed7,,same_samples,transductive,7,new_run,completed,not_applicable
0.976897689768977,0.909699647898613,0.8574900289256621,bda6ab1ea99e568bf76986c7136166d9423034c2c58a690a5a50945fd1e3e176,rice_seed_gonen_jasmine,True,cpu,0.049668073654174805,all_samples,0.04966855049133301,,,,False,KMeans,2,10,9999,/data/luolie/ToPoGate/result/topogate_baseline_transductive_default_20260911_024913/runs/KMeans/rice_seed_gonen_jasmine/seed42,,same_samples,transductive,42,new_run,completed,not_applicable
0.976897689768977,0.909699647898613,0.8574900289256622,bda6ab1ea99e568bf76986c7136166d9423034c2c58a690a5a50945fd1e3e176,rice_seed_gonen_jasmine,True,cpu,0.04612541198730469,all_samples,0.04612612724304199,,,,False,KMeans,2,10,9999,/data/luolie/ToPoGate/result/topogate_baseline_transductive_default_20260911_024913/runs/KMeans/rice_seed_gonen_jasmine/seed123,,same_samples,transductive,123,new_run,completed,not_applicable
0.976897689768977,0.909699647898613,0.8574900289256621,bda6ab1ea99e568bf76986c7136166d9423034c2c58a690a5a50945fd1e3e176,rice_seed_gonen_jasmine,True,cpu,0.04949188232421875,all_samples,0.04949235916137695,,,,False,KMeans,2,10,9999,/data/luolie/ToPoGate/result/topogate_baseline_transductive_default_20260911_024913/runs/KMeans/rice_seed_gonen_jasmine/seed7,,same_samples,transductive,7,new_run,completed,not_applicable
0.976897689768977,0.909699647898613,0.8574900289256621,bda6ab1ea99e568bf76986c7136166d9423034c2c58a690a5a50945fd1e3e176,rice_seed_gonen_jasmine,True,cpu,0.049213409423828125,all_samples,0.04921412467956543,,,,False,PCA+KMeans,2,10,9999,/data/luolie/ToPoGate/result/topogate_baseline_transductive_default_20260911_024913/runs/PCA+KMeans/rice_seed_gonen_jasmine/seed42,,same_samples,transductive,42,new_run,completed,not_applicable
0.976897689768977,0.909699647898613,0.8574900289256622,bda6ab1ea99e568bf76986c7136166d9423034c2c58a690a5a50945fd1e3e176,rice_seed_gonen_jasmine,True,cpu,0.04690361022949219,all_samples,0.04690408706665039,,,,False,PCA+KMeans,2,10,9999,/data/luolie/ToPoGate/result/topogate_baseline_transductive_default_20260911_024913/runs/PCA+KMeans/rice_seed_gonen_jasmine/seed123,,same_samples,transductive,123,new_run,completed,not_applicable
0.976897689768977,0.909699647898613,0.8574900289256621,bda6ab1ea99e568bf76986c7136166d9423034c2c58a690a5a50945fd1e3e176,rice_seed_gonen_jasmine,True,cpu,0.04993557929992676,all_samples,0.04993629455566406,,,,False,PCA+KMeans,2,10,9999,/data/luolie/ToPoGate/result/topogate_baseline_transductive_default_20260911_024913/runs/PCA+KMeans/rice_seed_gonen_jasmine/seed7,,same_samples,transductive,7,new_run,completed,not_applicable
0.3505859375,0.03275301571375869,0.03459681001403981,ca90d0492615e02ee1f24a057df8d8aa6a369171523e2d8954c6daaa31f17a38,rmftsa_sleepdata,True,cpu,0.03137850761413574,all_samples,0.031378984451293945,,,,False,KMeans,4,2,1024,/data/luolie/ToPoGate/result/topogate_baseline_transductive_default_20260911_024913/runs/KMeans/rmftsa_sleepdata/seed42,,same_samples,transductive,42,new_run,completed,not_applicable
0.3505859375,0.03275301571375869,0.03459681001403981,ca90d0492615e02ee1f24a057df8d8aa6a369171523e2d8954c6daaa31f17a38,rmftsa_sleepdata,True,cpu,0.03143310546875,all_samples,0.0314335823059082,,,,False,KMeans,4,2,1024,/data/luolie/ToPoGate/result/topogate_baseline_transductive_default_20260911_024913/runs/KMeans/rmftsa_sleepdata/seed123,,same_samples,transductive,123,new_run,completed,not_applicable
0.3505859375,0.03275301571375869,0.03459681001403981,ca90d0492615e02ee1f24a057df8d8aa6a369171523e2d8954c6daaa31f17a38,rmftsa_sleepdata,True,cpu,0.03070521354675293,all_samples,0.030705928802490234,,,,False,KMeans,4,2,1024,/data/luolie/ToPoGate/result/topogate_baseline_transductive_default_20260911_024913/runs/KMeans/rmftsa_sleepdata/seed7,,same_samples,transductive,7,new_run,completed,not_applicable
0.3505859375,0.03275301571375869,0.03459681001403981,ca90d0492615e02ee1f24a057df8d8aa6a369171523e2d8954c6daaa31f17a38,rmftsa_sleepdata,True,cpu,0.030727624893188477,all_samples,0.03072810173034668,,,,False,PCA+KMeans,4,2,1024,/data/luolie/ToPoGate/result/topogate_baseline_transductive_default_20260911_024913/runs/PCA+KMeans/rmftsa_sleepdata/seed42,,same_samples,transductive,42,new_run,completed,not_applicable
0.3505859375,0.03275301571375869,0.03459681001403981,ca90d0492615e02ee1f24a057df8d8aa6a369171523e2d8954c6daaa31f17a38,rmftsa_sleepdata,True,cpu,0.03072834014892578,all_samples,0.030728816986083984,,,,False,PCA+KMeans,4,2,1024,/data/luolie/ToPoGate/result/topogate_baseline_transductive_default_20260911_024913/runs/PCA+KMeans/rmftsa_sleepdata/seed123,,same_samples,transductive,123,new_run,completed,not_applicable
0.3505859375,0.03275301571375869,0.03459681001403981,ca90d0492615e02ee1f24a057df8d8aa6a369171523e2d8954c6daaa31f17a38,rmftsa_sleepdata,True,cpu,0.029834508895874023,all_samples,0.029834985733032227,,,,False,PCA+KMeans,4,2,1024,/data/luolie/ToPoGate/result/topogate_baseline_transductive_default_20260911_024913/runs/PCA+KMeans/rmftsa_sleepdata/seed7,,same_samples,transductive,7,new_run,completed,not_applicable
0.6786324786324787,0.5293653740542353,0.6130627242945644,173f3f03a97f62105fe8539de98b08841da0e206032b83fa40eb21c1bf5b8cdd,satellite_image,True,cpu,0.13568401336669922,all_samples,0.13568449020385742,,,,False,KMeans,6,36,6435,/data/luolie/ToPoGate/result/topogate_baseline_transductive_default_20260911_024913/runs/KMeans/satellite_image/seed42,,same_samples,transductive,42,new_run,completed,not_applicable
0.6786324786324787,0.5293653740542353,0.6130627242945644,173f3f03a97f62105fe8539de98b08841da0e206032b83fa40eb21c1bf5b8cdd,satellite_image,True,cpu,0.12784123420715332,all_samples,0.12784171104431152,,,,False,KMeans,6,36,6435,/data/luolie/ToPoGate/result/topogate_baseline_transductive_default_20260911_024913/runs/KMeans/satellite_image/seed123,,same_samples,transductive,123,new_run,completed,not_applicable
0.6786324786324787,0.5293653740542353,0.6130627242945643,173f3f03a97f62105fe8539de98b08841da0e206032b83fa40eb21c1bf5b8cdd,satellite_image,True,cpu,0.12436676025390625,all_samples,0.12436747550964355,,,,False,KMeans,6,36,6435,/data/luolie/ToPoGate/result/topogate_baseline_transductive_default_20260911_024913/runs/KMeans/satellite_image/seed7,,same_samples,transductive,7,new_run,completed,not_applicable
0.6786324786324787,0.5293653740542353,0.6130627242945644,173f3f03a97f62105fe8539de98b08841da0e206032b83fa40eb21c1bf5b8cdd,satellite_image,True,cpu,0.13294243812561035,all_samples,0.13294291496276855,,,,False,PCA+KMeans,6,36,6435,/data/luolie/ToPoGate/result/topogate_baseline_transductive_default_20260911_024913/runs/PCA+KMeans/satellite_image/seed42,,same_samples,transductive,42,new_run,completed,not_applicable
0.6786324786324787,0.5293653740542353,0.6130627242945644,173f3f03a97f62105fe8539de98b08841da0e206032b83fa40eb21c1bf5b8cdd,satellite_image,True,cpu,0.13503050804138184,all_samples,0.13503098487854004,,,,False,PCA+KMeans,6,36,6435,/data/luolie/ToPoGate/result/topogate_baseline_transductive_default_20260911_024913/runs/PCA+KMeans/satellite_image/seed123,,same_samples,transductive,123,new_run,completed,not_applicable
0.6786324786324787,0.5293653740542353,0.6130627242945643,173f3f03a97f62105fe8539de98b08841da0e206032b83fa40eb21c1bf5b8cdd,satellite_image,True,cpu,0.14331912994384766,all_samples,0.14331960678100586,,,,False,PCA+KMeans,6,36,6435,/data/luolie/ToPoGate/result/topogate_baseline_transductive_default_20260911_024913/runs/PCA+KMeans/satellite_image/seed7,,same_samples,transductive,7,new_run,completed,not_applicable
0.9323548181238035,0.012670517663329123,0.0032744533916340347,6e5388e9efa60a50961c8faa5bc2c448909c09cac124f43eb472c12864fd207a,secom,True,cpu,0.0951545238494873,all_samples,0.09515500068664551,,,,False,KMeans,2,590,1567,/data/luolie/ToPoGate/result/topogate_baseline_transductive_default_20260911_024913/runs/KMeans/secom/seed42,,same_samples,transductive,42,new_run,completed,not_applicable
0.9323548181238035,0.012670517663329123,0.0032744533916340347,6e5388e9efa60a50961c8faa5bc2c448909c09cac124f43eb472c12864fd207a,secom,True,cpu,0.09772849082946777,all_samples,0.09772896766662598,,,,False,KMeans,2,590,1567,/data/luolie/ToPoGate/result/topogate_baseline_transductive_default_20260911_024913/runs/KMeans/secom/seed123,,same_samples,transductive,123,new_run,completed,not_applicable
0.9323548181238035,0.012670517663329123,0.0032744533916340347,6e5388e9efa60a50961c8faa5bc2c448909c09cac124f43eb472c12864fd207a,secom,True,cpu,0.10021305084228516,all_samples,0.10021400451660156,,,,False,KMeans,2,590,1567,/data/luolie/ToPoGate/result/topogate_baseline_transductive_default_20260911_024913/runs/KMeans/secom/seed7,,same_samples,transductive,7,new_run,completed,not_applicable
0.9221442246330568,0.06769032823093701,0.014927369560993829,6e5388e9efa60a50961c8faa5bc2c448909c09cac124f43eb472c12864fd207a,secom,True,cpu,0.07566618919372559,all_samples,0.07566642761230469,,,,False,PCA+KMeans,2,590,1567,/data/luolie/ToPoGate/result/topogate_baseline_transductive_default_20260911_024913/runs/PCA+KMeans/secom/seed42,,same_samples,transductive,42,new_run,completed,not_applicable
0.9323548181238035,0.012670517663329123,0.0032744533916340347,6e5388e9efa60a50961c8faa5bc2c448909c09cac124f43eb472c12864fd207a,secom,True,cpu,0.07600855827331543,all_samples,0.07600903511047363,,,,False,PCA+KMeans,2,590,1567,/data/luolie/ToPoGate/result/topogate_baseline_transductive_default_20260911_024913/runs/PCA+KMeans/secom/seed123,,same_samples,transductive,123,new_run,completed,not_applicable
0.9323548181238035,0.012670517663329123,0.0032744533916340347,6e5388e9efa60a50961c8faa5bc2c448909c09cac124f43eb472c12864fd207a,secom,True,cpu,0.08036541938781738,all_samples,0.08036589622497559,,,,False,PCA+KMeans,2,590,1567,/data/luolie/ToPoGate/result/topogate_baseline_transductive_default_20260911_024913/runs/PCA+KMeans/secom/seed7,,same_samples,transductive,7,new_run,completed,not_applicable
0.919047619047619,0.7732937360806309,0.7278641446984667,9c1375865055e07edb6daad3abc6896e1aba52f1473428297b1767991d5627a6,seeds,True,cpu,0.01529383659362793,all_samples,0.015294075012207031,,,,False,KMeans,3,7,210,/data/luolie/ToPoGate/result/topogate_baseline_transductive_default_20260911_024913/runs/KMeans/seeds/seed42,,same_samples,transductive,42,new_run,completed,not_applicable
0.919047619047619,0.7732937360806309,0.7278641446984667,9c1375865055e07edb6daad3abc6896e1aba52f1473428297b1767991d5627a6,seeds,True,cpu,0.015199422836303711,all_samples,0.015199661254882812,,,,False,KMeans,3,7,210,/data/luolie/ToPoGate/result/topogate_baseline_transductive_default_20260911_024913/runs/KMeans/seeds/seed123,,same_samples,transductive,123,new_run,completed,not_applicable
0.919047619047619,0.7732937360806309,0.7278641446984667,9c1375865055e07edb6daad3abc6896e1aba52f1473428297b1767991d5627a6,seeds,True,cpu,0.014250993728637695,all_samples,0.014251232147216797,,,,False,KMeans,3,7,210,/data/luolie/ToPoGate/result/topogate_baseline_transductive_default_20260911_024913/runs/KMeans/seeds/seed7,,same_samples,transductive,7,new_run,completed,not_applicable
0.919047619047619,0.7732937360806309,0.7278641446984667,9c1375865055e07edb6daad3abc6896e1aba52f1473428297b1767991d5627a6,seeds,True,cpu,0.015121221542358398,all_samples,0.0151214599609375,,,,False,PCA+KMeans,3,7,210,/data/luolie/ToPoGate/result/topogate_baseline_transductive_default_20260911_024913/runs/PCA+KMeans/seeds/seed42,,same_samples,transductive,42,new_run,completed,not_applicable
0.919047619047619,0.7732937360806309,0.7278641446984667,9c1375865055e07edb6daad3abc6896e1aba52f1473428297b1767991d5627a6,seeds,True,cpu,0.015435218811035156,all_samples,0.015435457229614258,,,,False,PCA+KMeans,3,7,210,/data/luolie/ToPoGate/result/topogate_baseline_transductive_default_20260911_024913/runs/PCA+KMeans/seeds/seed123,,same_samples,transductive,123,new_run,completed,not_applicable
0.919047619047619,0.7732937360806309,0.7278641446984667,9c1375865055e07edb6daad3abc6896e1aba52f1473428297b1767991d5627a6,seeds,True,cpu,0.01494598388671875,all_samples,0.014946222305297852,,,,False,PCA+KMeans,3,7,210,/data/luolie/ToPoGate/result/topogate_baseline_transductive_default_20260911_024913/runs/PCA+KMeans/seeds/seed7,,same_samples,transductive,7,new_run,completed,not_applicable
0.6424148606811145,-0.01599564396604229,0.0031588324589204727,af892def384c597fb4ab361a7738c5757d152f3d5fa4a9ccc2785cdd6c93d97a,seismic_bumps,True,cpu,0.023469924926757812,all_samples,0.023470401763916016,,,,False,KMeans,2,24,646,/data/luolie/ToPoGate/result/topogate_baseline_transductive_default_20260911_024913/runs/KMeans/seismic_bumps/seed42,,same_samples,transductive,42,new_run,completed,not_applicable
0.6424148606811145,-0.01599564396604229,0.0031588324589204727,af892def384c597fb4ab361a7738c5757d152f3d5fa4a9ccc2785cdd6c93d97a,seismic_bumps,True,cpu,0.022015810012817383,all_samples,0.022016048431396484,,,,False,KMeans,2,24,646,/data/luolie/ToPoGate/result/topogate_baseline_transductive_default_20260911_024913/runs/KMeans/seismic_bumps/seed123,,same_samples,transductive,123,new_run,completed,not_applicable
0.6424148606811145,-0.01599564396604229,0.0031588324589204727,af892def384c597fb4ab361a7738c5757d152f3d5fa4a9ccc2785cdd6c93d97a,seismic_bumps,True,cpu,0.021361589431762695,all_samples,0.021361827850341797,,,,False,KMeans,2,24,646,/data/luolie/ToPoGate/result/topogate_baseline_transductive_default_20260911_024913/runs/KMeans/seismic_bumps/seed7,,same_samples,transductive,7,new_run,completed,not_applicable
0.6424148606811145,-0.01599564396604229,0.0031588324589204727,af892def384c597fb4ab361a7738c5757d152f3d5fa4a9ccc2785cdd6c93d97a,seismic_bumps,True,cpu,0.023882627487182617,all_samples,0.02388286590576172,,,,False,PCA+KMeans,2,24,646,/data/luolie/ToPoGate/result/topogate_baseline_transductive_default_20260911_024913/runs/PCA+KMeans/seismic_bumps/seed42,,same_samples,transductive,42,new_run,completed,not_applicable
0.6424148606811145,-0.01599564396604229,0.0031588324589204727,af892def384c597fb4ab361a7738c5757d152f3d5fa4a9ccc2785cdd6c93d97a,seismic_bumps,True,cpu,0.022822856903076172,all_samples,0.022823333740234375,,,,False,PCA+KMeans,2,24,646,/data/luolie/ToPoGate/result/topogate_baseline_transductive_default_20260911_024913/runs/PCA+KMeans/seismic_bumps/seed123,,same_samples,transductive,123,new_run,completed,not_applicable
0.6424148606811145,-0.01599564396604229,0.0031588324589204727,af892def384c597fb4ab361a7738c5757d152f3d5fa4a9ccc2785cdd6c93d97a,seismic_bumps,True,cpu,0.022285938262939453,all_samples,0.022286176681518555,,,,False,PCA+KMeans,2,24,646,/data/luolie/ToPoGate/result/topogate_baseline_transductive_default_20260911_024913/runs/PCA+KMeans/seismic_bumps/seed7,,same_samples,transductive,7,new_run,completed,not_applicable
0.5178311499272198,0.0011619390983032844,0.008026656722779548,8f5363cdbad8dcd77cbcac71306c1ddcfbd71d386d37a096b4d765c316845051,sentiment_labeld_sentences,True,cpu,0.06138944625854492,all_samples,0.061389923095703125,,,,False,KMeans,2,200,2748,/data/luolie/ToPoGate/result/topogate_baseline_transductive_default_20260911_024913/runs/KMeans/sentiment_labeld_sentences/seed42,,same_samples,transductive,42,new_run,completed,not_applicable
0.514919941775837,0.000775818998254506,0.0042477354702616784,8f5363cdbad8dcd77cbcac71306c1ddcfbd71d386d37a096b4d765c316845051,sentiment_labeld_sentences,True,cpu,0.06142115592956543,all_samples,0.06142163276672363,,,,False,KMeans,2,200,2748,/data/luolie/ToPoGate/result/topogate_baseline_transductive_default_20260911_024913/runs/KMeans/sentiment_labeld_sentences/seed123,,same_samples,transductive,123,new_run,completed,not_applicable
0.5083697234352256,0.00017102707580779995,0.0007701490739812077,8f5363cdbad8dcd77cbcac71306c1ddcfbd71d386d37a096b4d765c316845051,sentiment_labeld_sentences,True,cpu,0.057906150817871094,all_samples,0.0579066276550293,,,,False,KMeans,2,200,2748,/data/luolie/ToPoGate/result/topogate_baseline_transductive_default_20260911_024913/runs/KMeans/sentiment_labeld_sentences/seed7,,same_samples,transductive,7,new_run,completed,not_applicable
0.5192867540029112,0.0013940429016196852,0.02420595575371101,8f5363cdbad8dcd77cbcac71306c1ddcfbd71d386d37a096b4d765c316845051,sentiment_labeld_sentences,True,cpu,0.05700230598449707,all_samples,0.057003021240234375,,,,False,PCA+KMeans,2,200,2748,/data/luolie/ToPoGate/result/topogate_baseline_transductive_default_20260911_024913/runs/PCA+KMeans/sentiment_labeld_sentences/seed42,,same_samples,transductive,42,new_run,completed,not_applicable
0.5192867540029112,0.0013940429016196852,0.02420595575371101,8f5363cdbad8dcd77cbcac71306c1ddcfbd71d386d37a096b4d765c316845051,sentiment_labeld_sentences,True,cpu,0.06239175796508789,all_samples,0.06239199638366699,,,,False,PCA+KMeans,2,200,2748,/data/luolie/ToPoGate/result/topogate_baseline_transductive_default_20260911_024913/runs/PCA+KMeans/sentiment_labeld_sentences/seed123,,same_samples,transductive,123,new_run,completed,not_applicable
0.5094614264919942,0.00022995671588470817,0.0007629562164876907,8f5363cdbad8dcd77cbcac71306c1ddcfbd71d386d37a096b4d765c316845051,sentiment_labeld_sentences,True,cpu,0.0570070743560791,all_samples,0.057007551193237305,,,,False,PCA+KMeans,2,200,2748,/data/luolie/ToPoGate/result/topogate_baseline_transductive_default_20260911_024913/runs/PCA+KMeans/sentiment_labeld_sentences/seed7,,same_samples,transductive,7,new_run,completed,not_applicable
0.8549,0.3677804431967516,0.18674179767038632,2a453368c3298e679273e61a909209116fed1860b18075e595c5c77c55a8fb7b,shuttle,True,cpu,0.06153678894042969,all_samples,0.06153726577758789,,,,False,KMeans,2,9,10000,/data/luolie/ToPoGate/result/topogate_baseline_transductive_default_20260911_024913/runs/KMeans/shuttle/seed42,,same_samples,transductive,42,new_run,completed,not_applicable
0.8543,0.36621629532912703,0.1855413907178845,2a453368c3298e679273e61a909209116fed1860b18075e595c5c77c55a8fb7b,shuttle,True,cpu,0.05402398109436035,all_samples,0.05402421951293945,,,,False,KMeans,2,9,10000,/data/luolie/ToPoGate/result/topogate_baseline_transductive_default_20260911_024913/runs/KMeans/shuttle/seed123,,same_samples,transductive,123,new_run,completed,not_applicable
0.8543,0.36621629532912703,0.1855413907178845,2a453368c3298e679273e61a909209116fed1860b18075e595c5c77c55a8fb7b,shuttle,True,cpu,0.06130790710449219,all_samples,0.061308860778808594,,,,False,KMeans,2,9,10000,/data/luolie/ToPoGate/result/topogate_baseline_transductive_default_20260911_024913/runs/KMeans/shuttle/seed7,,same_samples,transductive,7,new_run,completed,not_applicable
0.8549,0.3677804431967516,0.18674179767038632,2a453368c3298e679273e61a909209116fed1860b18075e595c5c77c55a8fb7b,shuttle,True,cpu,0.06374073028564453,all_samples,0.06374096870422363,,,,False,PCA+KMeans,2,9,10000,/data/luolie/ToPoGate/result/topogate_baseline_transductive_default_20260911_024913/runs/PCA+KMeans/shuttle/seed42,,same_samples,transductive,42,new_run,completed,not_applicable
0.8543,0.36621629532912703,0.1855413907178845,2a453368c3298e679273e61a909209116fed1860b18075e595c5c77c55a8fb7b,shuttle,True,cpu,0.056288957595825195,all_samples,0.0562894344329834,,,,False,PCA+KMeans,2,9,10000,/data/luolie/ToPoGate/result/topogate_baseline_transductive_default_20260911_024913/runs/PCA+KMeans/shuttle/seed123,,same_samples,transductive,123,new_run,completed,not_applicable
0.8543,0.36621629532912703,0.1855413907178845,2a453368c3298e679273e61a909209116fed1860b18075e595c5c77c55a8fb7b,shuttle,True,cpu,0.06271886825561523,all_samples,0.06271934509277344,,,,False,PCA+KMeans,2,9,10000,/data/luolie/ToPoGate/result/topogate_baseline_transductive_default_20260911_024913/runs/PCA+KMeans/shuttle/seed7,,same_samples,transductive,7,new_run,completed,not_applicable
0.3169864960909737,0.028427397711607693,0.09610943285391997,4614473a793412163c14e08e8edf6ca6f6454882989eeef39c30bb4112f9c63c,siberian_weather_stats,True,cpu,0.06652569770812988,all_samples,0.06652617454528809,,,,False,KMeans,7,11,1407,/data/luolie/ToPoGate/result/topogate_baseline_transductive_default_20260911_024913/runs/KMeans/siberian_weather_stats/seed42,,same_samples,transductive,42,new_run,completed,not_applicable
0.31982942430703626,0.029465884808259558,0.10160716447470869,4614473a793412163c14e08e8edf6ca6f6454882989eeef39c30bb4112f9c63c,siberian_weather_stats,True,cpu,0.06477880477905273,all_samples,0.06477928161621094,,,,False,KMeans,7,11,1407,/data/luolie/ToPoGate/result/topogate_baseline_transductive_default_20260911_024913/runs/KMeans/siberian_weather_stats/seed123,,same_samples,transductive,123,new_run,completed,not_applicable
0.3205401563610519,0.02954423147349146,0.09838029730287956,4614473a793412163c14e08e8edf6ca6f6454882989eeef39c30bb4112f9c63c,siberian_weather_stats,True,cpu,0.06355738639831543,all_samples,0.06355786323547363,,,,False,KMeans,7,11,1407,/data/luolie/ToPoGate/result/topogate_baseline_transductive_default_20260911_024913/runs/KMeans/siberian_weather_stats/seed7,,same_samples,transductive,7,new_run,completed,not_applicable
0.3169864960909737,0.028427397711607693,0.09610943285391997,4614473a793412163c14e08e8edf6ca6f6454882989eeef39c30bb4112f9c63c,siberian_weather_stats,True,cpu,0.06912374496459961,all_samples,0.06912422180175781,,,,False,PCA+KMeans,7,11,1407,/data/luolie/ToPoGate/result/topogate_baseline_transductive_default_20260911_024913/runs/PCA+KMeans/siberian_weather_stats/seed42,,same_samples,transductive,42,new_run,completed,not_applicable
0.31982942430703626,0.029465884808259558,0.10160716447470869,4614473a793412163c14e08e8edf6ca6f6454882989eeef39c30bb4112f9c63c,siberian_weather_stats,True,cpu,0.06504559516906738,all_samples,0.06504607200622559,,,,False,PCA+KMeans,7,11,1407,/data/luolie/ToPoGate/result/topogate_baseline_transductive_default_20260911_024913/runs/PCA+KMeans/siberian_weather_stats/seed123,,same_samples,transductive,123,new_run,completed,not_applicable
0.3205401563610519,0.02954423147349146,0.09838029730287956,4614473a793412163c14e08e8edf6ca6f6454882989eeef39c30bb4112f9c63c,siberian_weather_stats,True,cpu,0.06379270553588867,all_samples,0.06379318237304688,,,,False,PCA+KMeans,7,11,1407,/data/luolie/ToPoGate/result/topogate_baseline_transductive_default_20260911_024913/runs/PCA+KMeans/siberian_weather_stats/seed7,,same_samples,transductive,7,new_run,completed,not_applicable
0.31970935513169846,0.07843621032007345,0.14411352297459962,7b631b837dc2d2c3897048b738760758ee264fa265d39f8d64b5342ed1d0c4e6,skillcraft1_master_table_dataset,True,cpu,0.1105039119720459,all_samples,0.110504150390625,,,,False,KMeans,6,18,3303,/data/luolie/ToPoGate/result/topogate_baseline_transductive_default_20260911_024913/runs/KMeans/skillcraft1_master_table_dataset/seed42,,same_samples,transductive,42,new_run,completed,not_applicable
0.31970935513169846,0.07779782767452786,0.1432107924757656,7b631b837dc2d2c3897048b738760758ee264fa265d39f8d64b5342ed1d0c4e6,skillcraft1_master_table_dataset,True,cpu,0.10672760009765625,all_samples,0.10672783851623535,,,,False,KMeans,6,18,3303,/data/luolie/ToPoGate/result/topogate_baseline_transductive_default_20260911_024913/runs/KMeans/skillcraft1_master_table_dataset/seed123,,same_samples,transductive,123,new_run,completed,not_applicable
0.32515894641235243,0.08123874726059198,0.1472753622052382,7b631b837dc2d2c3897048b738760758ee264fa265d39f8d64b5342ed1d0c4e6,skillcraft1_master_table_dataset,True,cpu,0.10358309745788574,all_samples,0.10358381271362305,,,,False,KMeans,6,18,3303,/data/luolie/ToPoGate/result/topogate_baseline_transductive_default_20260911_024913/runs/KMeans/skillcraft1_master_table_dataset/seed7,,same_samples,transductive,7,new_run,completed,not_applicable
0.31970935513169846,0.07843621032007345,0.14411352297459962,7b631b837dc2d2c3897048b738760758ee264fa265d39f8d64b5342ed1d0c4e6,skillcraft1_master_table_dataset,True,cpu,0.10446047782897949,all_samples,0.1044611930847168,,,,False,PCA+KMeans,6,18,3303,/data/luolie/ToPoGate/result/topogate_baseline_transductive_default_20260911_024913/runs/PCA+KMeans/skillcraft1_master_table_dataset/seed42,,same_samples,transductive,42,new_run,completed,not_applicable
0.31970935513169846,0.07779782767452786,0.1432107924757656,7b631b837dc2d2c3897048b738760758ee264fa265d39f8d64b5342ed1d0c4e6,skillcraft1_master_table_dataset,True,cpu,0.10607218742370605,all_samples,0.10607242584228516,,,,False,PCA+KMeans,6,18,3303,/data/luolie/ToPoGate/result/topogate_baseline_transductive_default_20260911_024913/runs/PCA+KMeans/skillcraft1_master_table_dataset/seed123,,same_samples,transductive,123,new_run,completed,not_applicable
0.32515894641235243,0.08123874726059198,0.1472753622052382,7b631b837dc2d2c3897048b738760758ee264fa265d39f8d64b5342ed1d0c4e6,skillcraft1_master_table_dataset,True,cpu,0.1041414737701416,all_samples,0.1041419506072998,,,,False,PCA+KMeans,6,18,3303,/data/luolie/ToPoGate/result/topogate_baseline_transductive_default_20260911_024913/runs/PCA+KMeans/skillcraft1_master_table_dataset/seed7,,same_samples,transductive,7,new_run,completed,not_applicable
0.9881422924901185,0.9530082643948444,0.905610083660548,72059a5b8a91cb4e79a8104e37e3e8a72c9c59f033d55316f4d6ca4a3d953015,smoker_condition,True,cpu,0.020142078399658203,all_samples,0.020142555236816406,,,,False,KMeans,2,7,1012,/data/luolie/ToPoGate/result/topogate_baseline_transductive_default_20260911_024913/runs/KMeans/smoker_condition/seed42,,same_samples,transductive,42,new_run,completed,not_applicable
0.9881422924901185,0.9530082643948444,0.905610083660548,72059a5b8a91cb4e79a8104e37e3e8a72c9c59f033d55316f4d6ca4a3d953015,smoker_condition,True,cpu,0.0184023380279541,all_samples,0.018402576446533203,,,,False,KMeans,2,7,1012,/data/luolie/ToPoGate/result/topogate_baseline_transductive_default_20260911_024913/runs/KMeans/smoker_condition/seed123,,same_samples,transductive,123,new_run,completed,not_applicable
0.9881422924901185,0.9530082643948444,0.905610083660548,72059a5b8a91cb4e79a8104e37e3e8a72c9c59f033d55316f4d6ca4a3d953015,smoker_condition,True,cpu,0.0203554630279541,all_samples,0.020355939865112305,,,,False,KMeans,2,7,1012,/data/luolie/ToPoGate/result/topogate_baseline_transductive_default_20260911_024913/runs/KMeans/smoker_condition/seed7,,same_samples,transductive,7,new_run,completed,not_applicable
0.9881422924901185,0.9530082643948444,0.905610083660548,72059a5b8a91cb4e79a8104e37e3e8a72c9c59f033d55316f4d6ca4a3d953015,smoker_condition,True,cpu,0.020190000534057617,all_samples,0.02019047737121582,,,,False,PCA+KMeans,2,7,1012,/data/luolie/ToPoGate/result/topogate_baseline_transductive_default_20260911_024913/runs/PCA+KMeans/smoker_condition/seed42,,same_samples,transductive,42,new_run,completed,not_applicable
0.9881422924901185,0.9530082643948444,0.905610083660548,72059a5b8a91cb4e79a8104e37e3e8a72c9c59f033d55316f4d6ca4a3d953015,smoker_condition,True,cpu,0.018613100051879883,all_samples,0.018613576889038086,,,,False,PCA+KMeans,2,7,1012,/data/luolie/ToPoGate/result/topogate_baseline_transductive_default_20260911_024913/runs/PCA+KMeans/smoker_condition/seed123,,same_samples,transductive,123,new_run,completed,not_applicable
0.9881422924901185,0.9530082643948444,0.905610083660548,72059a5b8a91cb4e79a8104e37e3e8a72c9c59f033d55316f4d6ca4a3d953015,smoker_condition,True,cpu,0.020347118377685547,all_samples,0.02034735679626465,,,,False,PCA+KMeans,2,7,1012,/data/luolie/ToPoGate/result/topogate_baseline_transductive_default_20260911_024913/runs/PCA+KMeans/smoker_condition/seed7,,same_samples,transductive,7,new_run,completed,not_applicable
0.8682634730538922,0.025860351177743122,0.023505202033537738,1d9c068c43dc4f58e759169906dae9dff0ac6a8def7315ce7e4989a3b28d7070,sms_spam_collection,True,cpu,0.049269914627075195,all_samples,0.0492703914642334,,,,False,KMeans,2,500,835,/data/luolie/ToPoGate/result/topogate_baseline_transductive_default_20260911_024913/runs/KMeans/sms_spam_collection/seed42,,same_samples,transductive,42,new_run,completed,not_applicable
0.8718562874251496,0.06370225628171049,0.0563962493956848,1d9c068c43dc4f58e759169906dae9dff0ac6a8def7315ce7e4989a3b28d7070,sms_spam_collection,True,cpu,0.04908943176269531,all_samples,0.049089670181274414,,,,False,KMeans,2,500,835,/data/luolie/ToPoGate/result/topogate_baseline_transductive_default_20260911_024913/runs/KMeans/sms_spam_collection/seed123,,same_samples,transductive,123,new_run,completed,not_applicable
0.8694610778443114,0.03859825909947475,0.03473796359025688,1d9c068c43dc4f58e759169906dae9dff0ac6a8def7315ce7e4989a3b28d7070,sms_spam_collection,True,cpu,0.05055689811706543,all_samples,0.05055737495422363,,,,False,KMeans,2,500,835,/data/luolie/ToPoGate/result/topogate_baseline_transductive_default_20260911_024913/runs/KMeans/sms_spam_collection/seed7,,same_samples,transductive,7,new_run,completed,not_applicable
0.9604790419161676,0.7671135004915643,0.6430525379258709,1d9c068c43dc4f58e759169906dae9dff0ac6a8def7315ce7e4989a3b28d7070,sms_spam_collection,True,cpu,0.04290509223937988,all_samples,0.042905569076538086,,,,False,PCA+KMeans,2,500,835,/data/luolie/ToPoGate/result/topogate_baseline_transductive_default_20260911_024913/runs/PCA+KMeans/sms_spam_collection/seed42,,same_samples,transductive,42,new_run,completed,not_applicable
0.8718562874251496,0.06370225628171049,0.0563962493956848,1d9c068c43dc4f58e759169906dae9dff0ac6a8def7315ce7e4989a3b28d7070,sms_spam_collection,True,cpu,0.043123483657836914,all_samples,0.043123722076416016,,,,False,PCA+KMeans,2,500,835,/data/luolie/ToPoGate/result/topogate_baseline_transductive_default_20260911_024913/runs/PCA+KMeans/sms_spam_collection/seed123,,same_samples,transductive,123,new_run,completed,not_applicable
0.8730538922155688,0.0760732418683664,0.06687657809740523,1d9c068c43dc4f58e759169906dae9dff0ac6a8def7315ce7e4989a3b28d7070,sms_spam_collection,True,cpu,0.04340410232543945,all_samples,0.043404579162597656,,,,False,PCA+KMeans,2,500,835,/data/luolie/ToPoGate/result/topogate_baseline_transductive_default_20260911_024913/runs/PCA+KMeans/sms_spam_collection/seed7,,same_samples,transductive,7,new_run,completed,not_applicable
0.5985655292327755,-0.00494969888751088,0.010417215421594125,28ecfe66283f4220b62aa7a5afeb3c5e17d04eb9b5f17c99c2fb3cfcbe371bbc,spambase,True,cpu,0.0714874267578125,all_samples,0.0714881420135498,,,,False,KMeans,2,57,4601,/data/luolie/ToPoGate/result/topogate_baseline_transductive_default_20260911_024913/runs/KMeans/spambase/seed42,,same_samples,transductive,42,new_run,completed,not_applicable
0.5985655292327755,-0.00494969888751088,0.010417215421594125,28ecfe66283f4220b62aa7a5afeb3c5e17d04eb9b5f17c99c2fb3cfcbe371bbc,spambase,True,cpu,0.06657791137695312,all_samples,0.06657838821411133,,,,False,KMeans,2,57,4601,/data/luolie/ToPoGate/result/topogate_baseline_transductive_default_20260911_024913/runs/KMeans/spambase/seed123,,same_samples,transductive,123,new_run,completed,not_applicable
0.5985655292327755,-0.00494969888751088,0.010417215421594125,28ecfe66283f4220b62aa7a5afeb3c5e17d04eb9b5f17c99c2fb3cfcbe371bbc,spambase,True,cpu,0.0643773078918457,all_samples,0.0643777847290039,,,,False,KMeans,2,57,4601,/data/luolie/ToPoGate/result/topogate_baseline_transductive_default_20260911_024913/runs/KMeans/spambase/seed7,,same_samples,transductive,7,new_run,completed,not_applicable
0.5985655292327755,-0.00494969888751088,0.010417215421594125,28ecfe66283f4220b62aa7a5afeb3c5e17d04eb9b5f17c99c2fb3cfcbe371bbc,spambase,True,cpu,0.06047511100769043,all_samples,0.06047558784484863,,,,False,PCA+KMeans,2,57,4601,/data/luolie/ToPoGate/result/topogate_baseline_transductive_default_20260911_024913/runs/PCA+KMeans/spambase/seed42,,same_samples,transductive,42,new_run,completed,not_applicable
0.5985655292327755,-0.00494969888751088,0.010417215421594125,28ecfe66283f4220b62aa7a5afeb3c5e17d04eb9b5f17c99c2fb3cfcbe371bbc,spambase,True,cpu,0.06581807136535645,all_samples,0.06581878662109375,,,,False,PCA+KMeans,2,57,4601,/data/luolie/ToPoGate/result/topogate_baseline_transductive_default_20260911_024913/runs/PCA+KMeans/spambase/seed123,,same_samples,transductive,123,new_run,completed,not_applicable
0.5985655292327755,-0.00494969888751088,0.010417215421594125,28ecfe66283f4220b62aa7a5afeb3c5e17d04eb9b5f17c99c2fb3cfcbe371bbc,spambase,True,cpu,0.06535983085632324,all_samples,0.06536030769348145,,,,False,PCA+KMeans,2,57,4601,/data/luolie/ToPoGate/result/topogate_baseline_transductive_default_20260911_024913/runs/PCA+KMeans/spambase/seed7,,same_samples,transductive,7,new_run,completed,not_applicable
0.55,0.007613247049866768,0.08068918390116712,8fa734ef46443d2fb8728d2cd316cc40997063bc56abe05edab1ed722ea36db1,spectf_heart,True,cpu,0.010808706283569336,all_samples,0.010808944702148438,,,,False,KMeans,2,44,80,/data/luolie/ToPoGate/result/topogate_baseline_transductive_default_20260911_024913/runs/KMeans/spectf_heart/seed42,,same_samples,transductive,42,new_run,completed,not_applicable
0.55,0.007613247049866768,0.08068918390116712,8fa734ef46443d2fb8728d2cd316cc40997063bc56abe05edab1ed722ea36db1,spectf_heart,True,cpu,0.011122703552246094,all_samples,0.011122941970825195,,,,False,KMeans,2,44,80,/data/luolie/ToPoGate/result/topogate_baseline_transductive_default_20260911_024913/runs/KMeans/spectf_heart/seed123,,same_samples,transductive,123,new_run,completed,not_applicable
0.55,0.007613247049866768,0.08068918390116712,8fa734ef46443d2fb8728d2cd316cc40997063bc56abe05edab1ed722ea36db1,spectf_heart,True,cpu,0.010588884353637695,all_samples,0.010589122772216797,,,,False,KMeans,2,44,80,/data/luolie/ToPoGate/result/topogate_baseline_transductive_default_20260911_024913/runs/KMeans/spectf_heart/seed7,,same_samples,transductive,7,new_run,completed,not_applicable
0.55,0.007613247049866768,0.08068918390116712,8fa734ef46443d2fb8728d2cd316cc40997063bc56abe05edab1ed722ea36db1,spectf_heart,True,cpu,0.012014150619506836,all_samples,0.012014389038085938,,,,False,PCA+KMeans,2,44,80,/data/luolie/ToPoGate/result/topogate_baseline_transductive_default_20260911_024913/runs/PCA+KMeans/spectf_heart/seed42,,same_samples,transductive,42,new_run,completed,not_applicable
0.55,0.007613247049866768,0.08068918390116712,8fa734ef46443d2fb8728d2cd316cc40997063bc56abe05edab1ed722ea36db1,spectf_heart,True,cpu,0.012115240097045898,all_samples,0.012115478515625,,,,False,PCA+KMeans,2,44,80,/data/luolie/ToPoGate/result/topogate_baseline_transductive_default_20260911_024913/runs/PCA+KMeans/spectf_heart/seed123,,same_samples,transductive,123,new_run,completed,not_applicable
0.55,0.007613247049866768,0.08068918390116712,8fa734ef46443d2fb8728d2cd316cc40997063bc56abe05edab1ed722ea36db1,spectf_heart,True,cpu,0.011847734451293945,all_samples,0.011847972869873047,,,,False,PCA+KMeans,2,44,80,/data/luolie/ToPoGate/result/topogate_baseline_transductive_default_20260911_024913/runs/PCA+KMeans/spectf_heart/seed7,,same_samples,transductive,7,new_run,completed,not_applicable
0.64,0.04990057807522542,0.013868877350145963,6ce6830eb434bc2e7a19f4a7d4d26ec637a4b3991708148c6ea3cd5479c49e1e,statlog_german_credit,True,cpu,0.028883934020996094,all_samples,0.028884172439575195,,,,False,KMeans,2,24,1000,/data/luolie/ToPoGate/result/topogate_baseline_transductive_default_20260911_024913/runs/KMeans/statlog_german_credit/seed42,,same_samples,transductive,42,new_run,completed,not_applicable
0.64,0.04990057807522542,0.013868877350145963,6ce6830eb434bc2e7a19f4a7d4d26ec637a4b3991708148c6ea3cd5479c49e1e,statlog_german_credit,True,cpu,0.028604745864868164,all_samples,0.028604984283447266,,,,False,KMeans,2,24,1000,/data/luolie/ToPoGate/result/topogate_baseline_transductive_default_20260911_024913/runs/KMeans/statlog_german_credit/seed123,,same_samples,transductive,123,new_run,completed,not_applicable
0.64,0.04990057807522542,0.013868877350145963,6ce6830eb434bc2e7a19f4a7d4d26ec637a4b3991708148c6ea3cd5479c49e1e,statlog_german_credit,True,cpu,0.02606487274169922,all_samples,0.02606511116027832,,,,False,KMeans,2,24,1000,/data/luolie/ToPoGate/result/topogate_baseline_transductive_default_20260911_024913/runs/KMeans/statlog_german_credit/seed7,,same_samples,transductive,7,new_run,completed,not_applicable
0.64,0.04990057807522542,0.013868877350145963,6ce6830eb434bc2e7a19f4a7d4d26ec637a4b3991708148c6ea3cd5479c49e1e,statlog_german_credit,True,cpu,0.029216289520263672,all_samples,0.029216766357421875,,,,False,PCA+KMeans,2,24,1000,/data/luolie/ToPoGate/result/topogate_baseline_transductive_default_20260911_024913/runs/PCA+KMeans/statlog_german_credit/seed42,,same_samples,transductive,42,new_run,completed,not_applicable
0.64,0.04990057807522542,0.013868877350145963,6ce6830eb434bc2e7a19f4a7d4d26ec637a4b3991708148c6ea3cd5479c49e1e,statlog_german_credit,True,cpu,0.028430461883544922,all_samples,0.028430938720703125,,,,False,PCA+KMeans,2,24,1000,/data/luolie/ToPoGate/result/topogate_baseline_transductive_default_20260911_024913/runs/PCA+KMeans/statlog_german_credit/seed123,,same_samples,transductive,123,new_run,completed,not_applicable
0.64,0.04990057807522542,0.013868877350145963,6ce6830eb434bc2e7a19f4a7d4d26ec637a4b3991708148c6ea3cd5479c49e1e,statlog_german_credit,True,cpu,0.026137590408325195,all_samples,0.0261380672454834,,,,False,PCA+KMeans,2,24,1000,/data/luolie/ToPoGate/result/topogate_baseline_transductive_default_20260911_024913/runs/PCA+KMeans/statlog_german_credit/seed7,,same_samples,transductive,7,new_run,completed,not_applicable
0.5454545454545454,0.46045841574338936,0.5839993012366004,91e660327f9bf4d975b85f2f6976112be7f6f6a8e9d4b3da73dd802e9373e110,statlog_image_segmentation,True,cpu,0.07150435447692871,all_samples,0.07150483131408691,,,,False,KMeans,7,19,2310,/data/luolie/ToPoGate/result/topogate_baseline_transductive_default_20260911_024913/runs/KMeans/statlog_image_segmentation/seed42,,same_samples,transductive,42,new_run,completed,not_applicable
0.5454545454545454,0.46045841574338936,0.5839993012366004,91e660327f9bf4d975b85f2f6976112be7f6f6a8e9d4b3da73dd802e9373e110,statlog_image_segmentation,True,cpu,0.06843852996826172,all_samples,0.06843900680541992,,,,False,KMeans,7,19,2310,/data/luolie/ToPoGate/result/topogate_baseline_transductive_default_20260911_024913/runs/KMeans/statlog_image_segmentation/seed123,,same_samples,transductive,123,new_run,completed,not_applicable
0.5445887445887446,0.45950889886550134,0.58259842262769,91e660327f9bf4d975b85f2f6976112be7f6f6a8e9d4b3da73dd802e9373e110,statlog_image_segmentation,True,cpu,0.07010412216186523,all_samples,0.07010436058044434,,,,False,KMeans,7,19,2310,/data/luolie/ToPoGate/result/topogate_baseline_transductive_default_20260911_024913/runs/KMeans/statlog_image_segmentation/seed7,,same_samples,transductive,7,new_run,completed,not_applicable
0.5454545454545454,0.46045841574338936,0.5839993012366004,91e660327f9bf4d975b85f2f6976112be7f6f6a8e9d4b3da73dd802e9373e110,statlog_image_segmentation,True,cpu,0.07079815864562988,all_samples,0.07079887390136719,,,,False,PCA+KMeans,7,19,2310,/data/luolie/ToPoGate/result/topogate_baseline_transductive_default_20260911_024913/runs/PCA+KMeans/statlog_image_segmentation/seed42,,same_samples,transductive,42,new_run,completed,not_applicable
0.5454545454545454,0.46045841574338936,0.5839993012366004,91e660327f9bf4d975b85f2f6976112be7f6f6a8e9d4b3da73dd802e9373e110,statlog_image_segmentation,True,cpu,0.06970024108886719,all_samples,0.06970071792602539,,,,False,PCA+KMeans,7,19,2310,/data/luolie/ToPoGate/result/topogate_baseline_transductive_default_20260911_024913/runs/PCA+KMeans/statlog_image_segmentation/seed123,,same_samples,transductive,123,new_run,completed,not_applicable
0.5445887445887446,0.45950889886550134,0.58259842262769,91e660327f9bf4d975b85f2f6976112be7f6f6a8e9d4b3da73dd802e9373e110,statlog_image_segmentation,True,cpu,0.07055902481079102,all_samples,0.07055974006652832,,,,False,PCA+KMeans,7,19,2310,/data/luolie/ToPoGate/result/topogate_baseline_transductive_default_20260911_024913/runs/PCA+KMeans/statlog_image_segmentation/seed7,,same_samples,transductive,7,new_run,completed,not_applicable
0.5100463678516228,-0.03759638462585028,0.08668903417087935,db99b1a19d8b255925957763845f147ec66d2fff22e3c13dde8f01becd51a8f3,steel-plates-fault,True,cpu,0.03150296211242676,all_samples,0.03150343894958496,,,,False,KMeans,2,33,1941,/data/luolie/ToPoGate/result/topogate_baseline_transductive_default_20260911_024913/runs/KMeans/steel-plates-fault/seed42,,same_samples,transductive,42,new_run,completed,not_applicable
0.5100463678516228,-0.03759638462585028,0.08668903417087935,db99b1a19d8b255925957763845f147ec66d2fff22e3c13dde8f01becd51a8f3,steel-plates-fault,True,cpu,0.029737472534179688,all_samples,0.02973794937133789,,,,False,KMeans,2,33,1941,/data/luolie/ToPoGate/result/topogate_baseline_transductive_default_20260911_024913/runs/KMeans/steel-plates-fault/seed123,,same_samples,transductive,123,new_run,completed,not_applicable
0.5100463678516228,-0.03759638462585028,0.08668903417087935,db99b1a19d8b255925957763845f147ec66d2fff22e3c13dde8f01becd51a8f3,steel-plates-fault,True,cpu,0.029969453811645508,all_samples,0.02996993064880371,,,,False,KMeans,2,33,1941,/data/luolie/ToPoGate/result/topogate_baseline_transductive_default_20260911_024913/runs/KMeans/steel-plates-fault/seed7,,same_samples,transductive,7,new_run,completed,not_applicable
0.5100463678516228,-0.03759638462585028,0.08668903417087935,db99b1a19d8b255925957763845f147ec66d2fff22e3c13dde8f01becd51a8f3,steel-plates-fault,True,cpu,0.03320622444152832,all_samples,0.03320670127868652,,,,False,PCA+KMeans,2,33,1941,/data/luolie/ToPoGate/result/topogate_baseline_transductive_default_20260911_024913/runs/PCA+KMeans/steel-plates-fault/seed42,,same_samples,transductive,42,new_run,completed,not_applicable
0.5100463678516228,-0.03759638462585028,0.08668903417087935,db99b1a19d8b255925957763845f147ec66d2fff22e3c13dde8f01becd51a8f3,steel-plates-fault,True,cpu,0.033202171325683594,all_samples,0.033202409744262695,,,,False,PCA+KMeans,2,33,1941,/data/luolie/ToPoGate/result/topogate_baseline_transductive_default_20260911_024913/runs/PCA+KMeans/steel-plates-fault/seed123,,same_samples,transductive,123,new_run,completed,not_applicable
0.5100463678516228,-0.03759638462585028,0.08668903417087935,db99b1a19d8b255925957763845f147ec66d2fff22e3c13dde8f01becd51a8f3,steel-plates-fault,True,cpu,0.03191971778869629,all_samples,0.03191995620727539,,,,False,PCA+KMeans,2,33,1941,/data/luolie/ToPoGate/result/topogate_baseline_transductive_default_20260911_024913/runs/PCA+KMeans/steel-plates-fault/seed7,,same_samples,transductive,7,new_run,completed,not_applicable
0.15846994535519127,0.0020790098266687657,0.029492269625387514,ae9bc60050c7acdaeb5679edda33939f3b13dbe3686fe6430eae83b6bcef0b4b,street_view_house_numbers,True,cpu,0.3907182216644287,all_samples,0.3907186985015869,,,,False,KMeans,10,1024,732,/data/luolie/ToPoGate/result/topogate_baseline_transductive_default_20260911_024913/runs/KMeans/street_view_house_numbers/seed42,,same_samples,transductive,42,new_run,completed,not_applicable
0.15437158469945356,9.387369054821818e-05,0.02988931041811908,ae9bc60050c7acdaeb5679edda33939f3b13dbe3686fe6430eae83b6bcef0b4b,street_view_house_numbers,True,cpu,0.40093445777893066,all_samples,0.40093517303466797,,,,False,KMeans,10,1024,732,/data/luolie/ToPoGate/result/topogate_baseline_transductive_default_20260911_024913/runs/KMeans/street_view_house_numbers/seed123,,same_samples,transductive,123,new_run,completed,not_applicable
0.14207650273224043,-0.003747294434916549,0.025456995834094182,ae9bc60050c7acdaeb5679edda33939f3b13dbe3686fe6430eae83b6bcef0b4b,street_view_house_numbers,True,cpu,0.4002835750579834,all_samples,0.4002845287322998,,,,False,KMeans,10,1024,732,/data/luolie/ToPoGate/result/topogate_baseline_transductive_default_20260911_024913/runs/KMeans/street_view_house_numbers/seed7,,same_samples,transductive,7,new_run,completed,not_applicable
0.14617486338797814,-0.0022782209577440204,0.023739982799057056,ae9bc60050c7acdaeb5679edda33939f3b13dbe3686fe6430eae83b6bcef0b4b,street_view_house_numbers,True,cpu,0.12676763534545898,all_samples,0.1267681121826172,,,,False,PCA+KMeans,10,1024,732,/data/luolie/ToPoGate/result/topogate_baseline_transductive_default_20260911_024913/runs/PCA+KMeans/street_view_house_numbers/seed42,,same_samples,transductive,42,new_run,completed,not_applicable
0.15846994535519127,0.0022649559698677143,0.03452696023936271,ae9bc60050c7acdaeb5679edda33939f3b13dbe3686fe6430eae83b6bcef0b4b,street_view_house_numbers,True,cpu,0.12386655807495117,all_samples,0.12386703491210938,,,,False,PCA+KMeans,10,1024,732,/data/luolie/ToPoGate/result/topogate_baseline_transductive_default_20260911_024913/runs/PCA+KMeans/street_view_house_numbers/seed123,,same_samples,transductive,123,new_run,completed,not_applicable
0.15710382513661203,-0.0006610292582359096,0.032265785731769,ae9bc60050c7acdaeb5679edda33939f3b13dbe3686fe6430eae83b6bcef0b4b,street_view_house_numbers,True,cpu,0.12527084350585938,all_samples,0.12527155876159668,,,,False,PCA+KMeans,10,1024,732,/data/luolie/ToPoGate/result/topogate_baseline_transductive_default_20260911_024913/runs/PCA+KMeans/street_view_house_numbers/seed7,,same_samples,transductive,7,new_run,completed,not_applicable
0.7873417721518987,0.3206932327361987,0.21316148083880593,e2c9a3acc90310063588b92ad3ae4fb221cfe1392ed32773054bca04900fbd45,student_grade,True,cpu,0.028455018997192383,all_samples,0.028455257415771484,,,,False,KMeans,2,29,395,/data/luolie/ToPoGate/result/topogate_baseline_transductive_default_20260911_024913/runs/KMeans/student_grade/seed42,,same_samples,transductive,42,new_run,completed,not_applicable
0.789873417721519,0.3268746234208101,0.21879590609560873,e2c9a3acc90310063588b92ad3ae4fb221cfe1392ed32773054bca04900fbd45,student_grade,True,cpu,0.027126550674438477,all_samples,0.027126789093017578,,,,False,KMeans,2,29,395,/data/luolie/ToPoGate/result/topogate_baseline_transductive_default_20260911_024913/runs/KMeans/student_grade/seed123,,same_samples,transductive,123,new_run,completed,not_applicable
0.7848101265822784,0.3145551400637707,0.2076156651443074,e2c9a3acc90310063588b92ad3ae4fb221cfe1392ed32773054bca04900fbd45,student_grade,True,cpu,0.028118371963500977,all_samples,0.02811884880065918,,,,False,KMeans,2,29,395,/data/luolie/ToPoGate/result/topogate_baseline_transductive_default_20260911_024913/runs/KMeans/student_grade/seed7,,same_samples,transductive,7,new_run,completed,not_applicable
0.7873417721518987,0.3206932327361987,0.21316148083880593,e2c9a3acc90310063588b92ad3ae4fb221cfe1392ed32773054bca04900fbd45,student_grade,True,cpu,0.02659773826599121,all_samples,0.026598453521728516,,,,False,PCA+KMeans,2,29,395,/data/luolie/ToPoGate/result/topogate_baseline_transductive_default_20260911_024913/runs/PCA+KMeans/student_grade/seed42,,same_samples,transductive,42,new_run,completed,not_applicable
0.789873417721519,0.3268746234208101,0.21879590609560873,e2c9a3acc90310063588b92ad3ae4fb221cfe1392ed32773054bca04900fbd45,student_grade,True,cpu,0.024233341217041016,all_samples,0.02423381805419922,,,,False,PCA+KMeans,2,29,395,/data/luolie/ToPoGate/result/topogate_baseline_transductive_default_20260911_024913/runs/PCA+KMeans/student_grade/seed123,,same_samples,transductive,123,new_run,completed,not_applicable
0.7848101265822784,0.3145551400637707,0.2076156651443074,e2c9a3acc90310063588b92ad3ae4fb221cfe1392ed32773054bca04900fbd45,student_grade,True,cpu,0.023877859115600586,all_samples,0.02387833595275879,,,,False,PCA+KMeans,2,29,395,/data/luolie/ToPoGate/result/topogate_baseline_transductive_default_20260911_024913/runs/PCA+KMeans/student_grade/seed7,,same_samples,transductive,7,new_run,completed,not_applicable
0.5683333333333334,0.568100291666193,0.741081286332282,91b516372b9816404f4e3cbf26ac50f0620f18c314c2ca3d65bd5dbafda470b9,synthetic_control,True,cpu,0.042668819427490234,all_samples,0.04266929626464844,,,,False,KMeans,6,60,600,/data/luolie/ToPoGate/result/topogate_baseline_transductive_default_20260911_024913/runs/KMeans/synthetic_control/seed42,,same_samples,transductive,42,new_run,completed,not_applicable
0.5716666666666667,0.5673786665154438,0.7403738876012944,91b516372b9816404f4e3cbf26ac50f0620f18c314c2ca3d65bd5dbafda470b9,synthetic_control,True,cpu,0.04310178756713867,all_samples,0.043102264404296875,,,,False,KMeans,6,60,600,/data/luolie/ToPoGate/result/topogate_baseline_transductive_default_20260911_024913/runs/KMeans/synthetic_control/seed123,,same_samples,transductive,123,new_run,completed,not_applicable
0.5683333333333334,0.5669872651700011,0.7401949024508153,91b516372b9816404f4e3cbf26ac50f0620f18c314c2ca3d65bd5dbafda470b9,synthetic_control,True,cpu,0.0425572395324707,all_samples,0.04255819320678711,,,,False,KMeans,6,60,600,/data/luolie/ToPoGate/result/topogate_baseline_transductive_default_20260911_024913/runs/KMeans/synthetic_control/seed7,,same_samples,transductive,7,new_run,completed,not_applicable
0.5716666666666667,0.5684912683586967,0.7412605126093572,91b516372b9816404f4e3cbf26ac50f0620f18c314c2ca3d65bd5dbafda470b9,synthetic_control,True,cpu,0.04207181930541992,all_samples,0.042072296142578125,,,,False,PCA+KMeans,6,60,600,/data/luolie/ToPoGate/result/topogate_baseline_transductive_default_20260911_024913/runs/PCA+KMeans/synthetic_control/seed42,,same_samples,transductive,42,new_run,completed,not_applicable
0.5683333333333334,0.5719163738881182,0.7433405751275507,91b516372b9816404f4e3cbf26ac50f0620f18c314c2ca3d65bd5dbafda470b9,synthetic_control,True,cpu,0.04227876663208008,all_samples,0.04227924346923828,,,,False,PCA+KMeans,6,60,600,/data/luolie/ToPoGate/result/topogate_baseline_transductive_default_20260911_024913/runs/PCA+KMeans/synthetic_control/seed123,,same_samples,transductive,123,new_run,completed,not_applicable
0.5683333333333334,0.568100291666193,0.741081286332282,91b516372b9816404f4e3cbf26ac50f0620f18c314c2ca3d65bd5dbafda470b9,synthetic_control,True,cpu,0.0423426628112793,all_samples,0.0423431396484375,,,,False,PCA+KMeans,6,60,600,/data/luolie/ToPoGate/result/topogate_baseline_transductive_default_20260911_024913/runs/PCA+KMeans/synthetic_control/seed7,,same_samples,transductive,7,new_run,completed,not_applicable
0.0655,-4.38051722844679e-05,0.005988852225532407,090a28981e760cc3c04d8410e767e9461d2fa2ba837157d0db03a205f756f567,tamilnadu-electricity,True,cpu,0.27388882637023926,all_samples,0.27388930320739746,,,,False,KMeans,20,2,10000,/data/luolie/ToPoGate/result/topogate_baseline_transductive_default_20260911_024913/runs/KMeans/tamilnadu-electricity/seed42,,same_samples,transductive,42,new_run,completed,not_applicable
0.0667,5.666248481160339e-05,0.00630465352139554,090a28981e760cc3c04d8410e767e9461d2fa2ba837157d0db03a205f756f567,tamilnadu-electricity,True,cpu,0.28016066551208496,all_samples,0.28016138076782227,,,,False,KMeans,20,2,10000,/data/luolie/ToPoGate/result/topogate_baseline_transductive_default_20260911_024913/runs/KMeans/tamilnadu-electricity/seed123,,same_samples,transductive,123,new_run,completed,not_applicable
0.0659,-6.611463247384815e-05,0.006012509925405759,090a28981e760cc3c04d8410e767e9461d2fa2ba837157d0db03a205f756f567,tamilnadu-electricity,True,cpu,0.35190534591674805,all_samples,0.35190606117248535,,,,False,KMeans,20,2,10000,/data/luolie/ToPoGate/result/topogate_baseline_transductive_default_20260911_024913/runs/KMeans/tamilnadu-electricity/seed7,,same_samples,transductive,7,new_run,completed,not_applicable
0.0655,-4.38051722844679e-05,0.005988852225532407,090a28981e760cc3c04d8410e767e9461d2fa2ba837157d0db03a205f756f567,tamilnadu-electricity,True,cpu,0.4056060314178467,all_samples,0.405606746673584,,,,False,PCA+KMeans,20,2,10000,/data/luolie/ToPoGate/result/topogate_baseline_transductive_default_20260911_024913/runs/PCA+KMeans/tamilnadu-electricity/seed42,,same_samples,transductive,42,new_run,completed,not_applicable
0.0667,5.666248481160339e-05,0.00630465352139554,090a28981e760cc3c04d8410e767e9461d2fa2ba837157d0db03a205f756f567,tamilnadu-electricity,True,cpu,0.4214010238647461,all_samples,0.4214017391204834,,,,False,PCA+KMeans,20,2,10000,/data/luolie/ToPoGate/result/topogate_baseline_transductive_default_20260911_024913/runs/PCA+KMeans/tamilnadu-electricity/seed123,,same_samples,transductive,123,new_run,completed,not_applicable
0.0659,-6.611463247384815e-05,0.006012509925405759,090a28981e760cc3c04d8410e767e9461d2fa2ba837157d0db03a205f756f567,tamilnadu-electricity,True,cpu,0.43602752685546875,all_samples,0.43602848052978516,,,,False,PCA+KMeans,20,2,10000,/data/luolie/ToPoGate/result/topogate_baseline_transductive_default_20260911_024913/runs/PCA+KMeans/tamilnadu-electricity/seed7,,same_samples,transductive,7,new_run,completed,not_applicable
0.23816568047337278,-0.003998194906011488,0.03272400839509046,7781fae2d4cea9f63aac18285a1b54e9097d4f4254c9c0e2ebafb60b6d13973c,tr45.wc,True,cpu,2.1572179794311523,all_samples,2.1572184562683105,,,,False,KMeans,9,8261,676,/data/luolie/ToPoGate/result/topogate_baseline_transductive_default_20260911_024913/runs/KMeans/tr45.wc/seed42,,same_samples,transductive,42,new_run,completed,not_applicable
0.22189349112426035,-0.009355943126838798,0.056390924047574904,7781fae2d4cea9f63aac18285a1b54e9097d4f4254c9c0e2ebafb60b6d13973c,tr45.wc,True,cpu,2.081207752227783,all_samples,2.0812084674835205,,,,False,KMeans,9,8261,676,/data/luolie/ToPoGate/result/topogate_baseline_transductive_default_20260911_024913/runs/KMeans/tr45.wc/seed123,,same_samples,transductive,123,new_run,completed,not_applicable
0.21597633136094674,-0.008924832139927468,0.04693929222056355,7781fae2d4cea9f63aac18285a1b54e9097d4f4254c9c0e2ebafb60b6d13973c,tr45.wc,True,cpu,2.0580596923828125,all_samples,2.05806040763855,,,,False,KMeans,9,8261,676,/data/luolie/ToPoGate/result/topogate_baseline_transductive_default_20260911_024913/runs/KMeans/tr45.wc/seed7,,same_samples,transductive,7,new_run,completed,not_applicable
0.21449704142011836,-0.00932268752058099,0.048856156676066326,7781fae2d4cea9f63aac18285a1b54e9097d4f4254c9c0e2ebafb60b6d13973c,tr45.wc,True,cpu,0.2407221794128418,all_samples,0.24072265625,,,,False,PCA+KMeans,9,8261,676,/data/luolie/ToPoGate/result/topogate_baseline_transductive_default_20260911_024913/runs/PCA+KMeans/tr45.wc/seed42,,same_samples,transductive,42,new_run,completed,not_applicable
0.21449704142011836,-0.00884328865004068,0.04737321118209064,7781fae2d4cea9f63aac18285a1b54e9097d4f4254c9c0e2ebafb60b6d13973c,tr45.wc,True,cpu,0.23885250091552734,all_samples,0.23885273933410645,,,,False,PCA+KMeans,9,8261,676,/data/luolie/ToPoGate/result/topogate_baseline_transductive_default_20260911_024913/runs/PCA+KMeans/tr45.wc/seed123,,same_samples,transductive,123,new_run,completed,not_applicable
0.21449704142011836,-0.009874737849939651,0.045900523392841314,7781fae2d4cea9f63aac18285a1b54e9097d4f4254c9c0e2ebafb60b6d13973c,tr45.wc,True,cpu,0.24350476264953613,all_samples,0.24350523948669434,,,,False,PCA+KMeans,9,8261,676,/data/luolie/ToPoGate/result/topogate_baseline_transductive_default_20260911_024913/runs/PCA+KMeans/tr45.wc/seed7,,same_samples,transductive,7,new_run,completed,not_applicable
0.5675,0.2810634421542838,0.3229963037886678,a5bdf1cc255babc19277e10f7abb2907cb8e3aea5fb1870438723dcfd1a7d714,turkish_music_emotion,True,cpu,0.034201622009277344,all_samples,0.03420209884643555,,,,False,KMeans,4,50,400,/data/luolie/ToPoGate/result/topogate_baseline_transductive_default_20260911_024913/runs/KMeans/turkish_music_emotion/seed42,,same_samples,transductive,42,new_run,completed,not_applicable
0.595,0.3195295888294918,0.3490355251018594,a5bdf1cc255babc19277e10f7abb2907cb8e3aea5fb1870438723dcfd1a7d714,turkish_music_emotion,True,cpu,0.0355830192565918,all_samples,0.03558349609375,,,,False,KMeans,4,50,400,/data/luolie/ToPoGate/result/topogate_baseline_transductive_default_20260911_024913/runs/KMeans/turkish_music_emotion/seed123,,same_samples,transductive,123,new_run,completed,not_applicable
0.5675,0.2810403871734639,0.32273472839898354,a5bdf1cc255babc19277e10f7abb2907cb8e3aea5fb1870438723dcfd1a7d714,turkish_music_emotion,True,cpu,0.03309130668640137,all_samples,0.03309178352355957,,,,False,KMeans,4,50,400,/data/luolie/ToPoGate/result/topogate_baseline_transductive_default_20260911_024913/runs/KMeans/turkish_music_emotion/seed7,,same_samples,transductive,7,new_run,completed,not_applicable
0.5675,0.2810634421542838,0.3229963037886678,a5bdf1cc255babc19277e10f7abb2907cb8e3aea5fb1870438723dcfd1a7d714,turkish_music_emotion,True,cpu,0.03651857376098633,all_samples,0.03651905059814453,,,,False,PCA+KMeans,4,50,400,/data/luolie/ToPoGate/result/topogate_baseline_transductive_default_20260911_024913/runs/PCA+KMeans/turkish_music_emotion/seed42,,same_samples,transductive,42,new_run,completed,not_applicable
0.595,0.3195295888294918,0.3490355251018594,a5bdf1cc255babc19277e10f7abb2907cb8e3aea5fb1870438723dcfd1a7d714,turkish_music_emotion,True,cpu,0.03815174102783203,all_samples,0.038152217864990234,,,,False,PCA+KMeans,4,50,400,/data/luolie/ToPoGate/result/topogate_baseline_transductive_default_20260911_024913/runs/PCA+KMeans/turkish_music_emotion/seed123,,same_samples,transductive,123,new_run,completed,not_applicable
0.5675,0.2810403871734639,0.32273472839898354,a5bdf1cc255babc19277e10f7abb2907cb8e3aea5fb1870438723dcfd1a7d714,turkish_music_emotion,True,cpu,0.03591203689575195,all_samples,0.035912513732910156,,,,False,PCA+KMeans,4,50,400,/data/luolie/ToPoGate/result/topogate_baseline_transductive_default_20260911_024913/runs/PCA+KMeans/turkish_music_emotion/seed7,,same_samples,transductive,7,new_run,completed,not_applicable
0.4496124031007752,0.15860633712476455,0.21620959951853508,1d14976bba930fe9f1cbaab97f3ee497b847d606f0d3b2247eaa0f0bf5f48737,user_knowledge_modeling,True,cpu,0.030505895614624023,all_samples,0.030506372451782227,,,,False,KMeans,4,5,258,/data/luolie/ToPoGate/result/topogate_baseline_transductive_default_20260911_024913/runs/KMeans/user_knowledge_modeling/seed42,,same_samples,transductive,42,new_run,completed,not_applicable
0.437984496124031,0.13988964314156774,0.1990121056858822,1d14976bba930fe9f1cbaab97f3ee497b847d606f0d3b2247eaa0f0bf5f48737,user_knowledge_modeling,True,cpu,0.027925729751586914,all_samples,0.02792644500732422,,,,False,KMeans,4,5,258,/data/luolie/ToPoGate/result/topogate_baseline_transductive_default_20260911_024913/runs/KMeans/user_knowledge_modeling/seed123,,same_samples,transductive,123,new_run,completed,not_applicable
0.4496124031007752,0.17788945079122898,0.2536506203270808,1d14976bba930fe9f1cbaab97f3ee497b847d606f0d3b2247eaa0f0bf5f48737,user_knowledge_modeling,True,cpu,0.02914118766784668,all_samples,0.029141664505004883,,,,False,KMeans,4,5,258,/data/luolie/ToPoGate/result/topogate_baseline_transductive_default_20260911_024913/runs/KMeans/user_knowledge_modeling/seed7,,same_samples,transductive,7,new_run,completed,not_applicable
0.4496124031007752,0.15860633712476455,0.21620959951853508,1d14976bba930fe9f1cbaab97f3ee497b847d606f0d3b2247eaa0f0bf5f48737,user_knowledge_modeling,True,cpu,0.02860879898071289,all_samples,0.028609275817871094,,,,False,PCA+KMeans,4,5,258,/data/luolie/ToPoGate/result/topogate_baseline_transductive_default_20260911_024913/runs/PCA+KMeans/user_knowledge_modeling/seed42,,same_samples,transductive,42,new_run,completed,not_applicable
0.437984496124031,0.13988964314156774,0.1990121056858822,1d14976bba930fe9f1cbaab97f3ee497b847d606f0d3b2247eaa0f0bf5f48737,user_knowledge_modeling,True,cpu,0.027980327606201172,all_samples,0.027980804443359375,,,,False,PCA+KMeans,4,5,258,/data/luolie/ToPoGate/result/topogate_baseline_transductive_default_20260911_024913/runs/PCA+KMeans/user_knowledge_modeling/seed123,,same_samples,transductive,123,new_run,completed,not_applicable
0.4496124031007752,0.17788945079122898,0.2536506203270808,1d14976bba930fe9f1cbaab97f3ee497b847d606f0d3b2247eaa0f0bf5f48737,user_knowledge_modeling,True,cpu,0.028498172760009766,all_samples,0.02849864959716797,,,,False,PCA+KMeans,4,5,258,/data/luolie/ToPoGate/result/topogate_baseline_transductive_default_20260911_024913/runs/PCA+KMeans/user_knowledge_modeling/seed7,,same_samples,transductive,7,new_run,completed,not_applicable
0.3557919621749409,0.07406727403700203,0.11418999131542613,2e8709f54a322f2d93b142a820062d2be1f6b154682a12954cfe804224fe65ef,vehicle,True,cpu,0.038279056549072266,all_samples,0.03827953338623047,,,,False,KMeans,4,18,846,/data/luolie/ToPoGate/result/topogate_baseline_transductive_default_20260911_024913/runs/KMeans/vehicle/seed42,,same_samples,transductive,42,new_run,completed,not_applicable
0.35815602836879434,0.0760410408020482,0.11622297983898577,2e8709f54a322f2d93b142a820062d2be1f6b154682a12954cfe804224fe65ef,vehicle,True,cpu,0.036900997161865234,all_samples,0.03690147399902344,,,,False,KMeans,4,18,846,/data/luolie/ToPoGate/result/topogate_baseline_transductive_default_20260911_024913/runs/KMeans/vehicle/seed123,,same_samples,transductive,123,new_run,completed,not_applicable
0.3557919621749409,0.07406727403700203,0.11418999131542613,2e8709f54a322f2d93b142a820062d2be1f6b154682a12954cfe804224fe65ef,vehicle,True,cpu,0.038263559341430664,all_samples,0.03826451301574707,,,,False,KMeans,4,18,846,/data/luolie/ToPoGate/result/topogate_baseline_transductive_default_20260911_024913/runs/KMeans/vehicle/seed7,,same_samples,transductive,7,new_run,completed,not_applicable
0.3557919621749409,0.07406727403700203,0.11418999131542613,2e8709f54a322f2d93b142a820062d2be1f6b154682a12954cfe804224fe65ef,vehicle,True,cpu,0.03946852684020996,all_samples,0.039469003677368164,,,,False,PCA+KMeans,4,18,846,/data/luolie/ToPoGate/result/topogate_baseline_transductive_default_20260911_024913/runs/PCA+KMeans/vehicle/seed42,,same_samples,transductive,42,new_run,completed,not_applicable
0.35815602836879434,0.0760410408020482,0.11622297983898577,2e8709f54a322f2d93b142a820062d2be1f6b154682a12954cfe804224fe65ef,vehicle,True,cpu,0.04215097427368164,all_samples,0.042151451110839844,,,,False,PCA+KMeans,4,18,846,/data/luolie/ToPoGate/result/topogate_baseline_transductive_default_20260911_024913/runs/PCA+KMeans/vehicle/seed123,,same_samples,transductive,123,new_run,completed,not_applicable
0.3557919621749409,0.07406727403700203,0.11418999131542613,2e8709f54a322f2d93b142a820062d2be1f6b154682a12954cfe804224fe65ef,vehicle,True,cpu,0.04271531105041504,all_samples,0.042716026306152344,,,,False,PCA+KMeans,4,18,846,/data/luolie/ToPoGate/result/topogate_baseline_transductive_default_20260911_024913/runs/PCA+KMeans/vehicle/seed7,,same_samples,transductive,7,new_run,completed,not_applicable
0.4184384164222874,0.05183768872848684,0.09533660962198465,07e5cb2d298c7bc582016afc7d6693fae9c7ac3f051fe5a81b8f2db6a0eb5900,wall-robot-navigation,True,cpu,0.09889793395996094,all_samples,0.09889841079711914,,,,False,KMeans,4,24,5456,/data/luolie/ToPoGate/result/topogate_baseline_transductive_default_20260911_024913/runs/KMeans/wall-robot-navigation/seed42,,same_samples,transductive,42,new_run,completed,not_applicable
0.4173387096774194,0.05146671098624948,0.09526229668385014,07e5cb2d298c7bc582016afc7d6693fae9c7ac3f051fe5a81b8f2db6a0eb5900,wall-robot-navigation,True,cpu,0.0926976203918457,all_samples,0.09269833564758301,,,,False,KMeans,4,24,5456,/data/luolie/ToPoGate/result/topogate_baseline_transductive_default_20260911_024913/runs/KMeans/wall-robot-navigation/seed123,,same_samples,transductive,123,new_run,completed,not_applicable
0.4175219941348974,0.05156762981237478,0.09532606605556079,07e5cb2d298c7bc582016afc7d6693fae9c7ac3f051fe5a81b8f2db6a0eb5900,wall-robot-navigation,True,cpu,0.10519623756408691,all_samples,0.10519647598266602,,,,False,KMeans,4,24,5456,/data/luolie/ToPoGate/result/topogate_baseline_transductive_default_20260911_024913/runs/KMeans/wall-robot-navigation/seed7,,same_samples,transductive,7,new_run,completed,not_applicable
0.4184384164222874,0.05183768872848684,0.09533660962198465,07e5cb2d298c7bc582016afc7d6693fae9c7ac3f051fe5a81b8f2db6a0eb5900,wall-robot-navigation,True,cpu,0.09912800788879395,all_samples,0.09912824630737305,,,,False,PCA+KMeans,4,24,5456,/data/luolie/ToPoGate/result/topogate_baseline_transductive_default_20260911_024913/runs/PCA+KMeans/wall-robot-navigation/seed42,,same_samples,transductive,42,new_run,completed,not_applicable
0.4173387096774194,0.05146671098624948,0.09526229668385014,07e5cb2d298c7bc582016afc7d6693fae9c7ac3f051fe5a81b8f2db6a0eb5900,wall-robot-navigation,True,cpu,0.10087943077087402,all_samples,0.10088014602661133,,,,False,PCA+KMeans,4,24,5456,/data/luolie/ToPoGate/result/topogate_baseline_transductive_default_20260911_024913/runs/PCA+KMeans/wall-robot-navigation/seed123,,same_samples,transductive,123,new_run,completed,not_applicable
0.4175219941348974,0.05156762981237478,0.09532606605556079,07e5cb2d298c7bc582016afc7d6693fae9c7ac3f051fe5a81b8f2db6a0eb5900,wall-robot-navigation,True,cpu,0.13651514053344727,all_samples,0.13651561737060547,,,,False,PCA+KMeans,4,24,5456,/data/luolie/ToPoGate/result/topogate_baseline_transductive_default_20260911_024913/runs/PCA+KMeans/wall-robot-navigation/seed7,,same_samples,transductive,7,new_run,completed,not_applicable
0.5141720537046246,0.00031893753772079496,0.000718655685052638,2f0495718a18a5a589d6706932bb17693cf76a738760dabd0b491a9dbd2ff1dc,water_quality,True,cpu,0.09179234504699707,all_samples,0.09179282188415527,,,,False,KMeans,2,9,2011,/data/luolie/ToPoGate/result/topogate_baseline_transductive_default_20260911_024913/runs/KMeans/water_quality/seed42,,same_samples,transductive,42,new_run,completed,not_applicable
0.512680258577822,0.00014057244180384673,0.0006968039530667558,2f0495718a18a5a589d6706932bb17693cf76a738760dabd0b491a9dbd2ff1dc,water_quality,True,cpu,0.10561943054199219,all_samples,0.10561990737915039,,,,False,KMeans,2,9,2011,/data/luolie/ToPoGate/result/topogate_baseline_transductive_default_20260911_024913/runs/KMeans/water_quality/seed123,,same_samples,transductive,123,new_run,completed,not_applicable
0.5141720537046246,0.0003206184525035505,0.000700724187134009,2f0495718a18a5a589d6706932bb17693cf76a738760dabd0b491a9dbd2ff1dc,water_quality,True,cpu,0.10218286514282227,all_samples,0.10218358039855957,,,,False,KMeans,2,9,2011,/data/luolie/ToPoGate/result/topogate_baseline_transductive_default_20260911_024913/runs/KMeans/water_quality/seed7,,same_samples,transductive,7,new_run,completed,not_applicable
0.5141720537046246,0.00031893753772079496,0.000718655685052638,2f0495718a18a5a589d6706932bb17693cf76a738760dabd0b491a9dbd2ff1dc,water_quality,True,cpu,0.09470963478088379,all_samples,0.0947103500366211,,,,False,PCA+KMeans,2,9,2011,/data/luolie/ToPoGate/result/topogate_baseline_transductive_default_20260911_024913/runs/PCA+KMeans/water_quality/seed42,,same_samples,transductive,42,new_run,completed,not_applicable
0.512680258577822,0.00014057244180384673,0.0006968039530667558,2f0495718a18a5a589d6706932bb17693cf76a738760dabd0b491a9dbd2ff1dc,water_quality,True,cpu,0.10783910751342773,all_samples,0.10783958435058594,,,,False,PCA+KMeans,2,9,2011,/data/luolie/ToPoGate/result/topogate_baseline_transductive_default_20260911_024913/runs/PCA+KMeans/water_quality/seed123,,same_samples,transductive,123,new_run,completed,not_applicable
0.5141720537046246,0.0003206184525035505,0.000700724187134009,2f0495718a18a5a589d6706932bb17693cf76a738760dabd0b491a9dbd2ff1dc,water_quality,True,cpu,0.10210728645324707,all_samples,0.10210800170898438,,,,False,PCA+KMeans,2,9,2011,/data/luolie/ToPoGate/result/topogate_baseline_transductive_default_20260911_024913/runs/PCA+KMeans/water_quality/seed7,,same_samples,transductive,7,new_run,completed,not_applicable
0.5036,0.25359027165493164,0.3649134266646342,2d67472ed4d551afa339acf8f2407bc7b82eb62e89444f6f772dc1fcfb998dc0,Waveform,True,cpu,0.07547545433044434,all_samples,0.07547640800476074,,,,False,KMeans,3,21,5000,/data/luolie/ToPoGate/result/topogate_baseline_transductive_default_20260911_024913/runs/KMeans/Waveform/seed42,,same_samples,transductive,42,new_run,completed,not_applicable
0.5028,0.2536120168588258,0.36492010904041056,2d67472ed4d551afa339acf8f2407bc7b82eb62e89444f6f772dc1fcfb998dc0,Waveform,True,cpu,0.083465576171875,all_samples,0.0834662914276123,,,,False,KMeans,3,21,5000,/data/luolie/ToPoGate/result/topogate_baseline_transductive_default_20260911_024913/runs/KMeans/Waveform/seed123,,same_samples,transductive,123,new_run,completed,not_applicable
0.5032,0.25357532088641394,0.36490241789190053,2d67472ed4d551afa339acf8f2407bc7b82eb62e89444f6f772dc1fcfb998dc0,Waveform,True,cpu,0.0782473087310791,all_samples,0.0782477855682373,,,,False,KMeans,3,21,5000,/data/luolie/ToPoGate/result/topogate_baseline_transductive_default_20260911_024913/runs/KMeans/Waveform/seed7,,same_samples,transductive,7,new_run,completed,not_applicable
0.5036,0.25359027165493164,0.3649134266646342,2d67472ed4d551afa339acf8f2407bc7b82eb62e89444f6f772dc1fcfb998dc0,Waveform,True,cpu,0.0768136978149414,all_samples,0.07681441307067871,,,,False,PCA+KMeans,3,21,5000,/data/luolie/ToPoGate/result/topogate_baseline_transductive_default_20260911_024913/runs/PCA+KMeans/Waveform/seed42,,same_samples,transductive,42,new_run,completed,not_applicable
0.5028,0.2536120168588258,0.36492010904041056,2d67472ed4d551afa339acf8f2407bc7b82eb62e89444f6f772dc1fcfb998dc0,Waveform,True,cpu,0.08604693412780762,all_samples,0.08604741096496582,,,,False,PCA+KMeans,3,21,5000,/data/luolie/ToPoGate/result/topogate_baseline_transductive_default_20260911_024913/runs/PCA+KMeans/Waveform/seed123,,same_samples,transductive,123,new_run,completed,not_applicable
0.5032,0.25357532088641394,0.36490241789190053,2d67472ed4d551afa339acf8f2407bc7b82eb62e89444f6f772dc1fcfb998dc0,Waveform,True,cpu,0.08072638511657715,all_samples,0.08072710037231445,,,,False,PCA+KMeans,3,21,5000,/data/luolie/ToPoGate/result/topogate_baseline_transductive_default_20260911_024913/runs/PCA+KMeans/Waveform/seed7,,same_samples,transductive,7,new_run,completed,not_applicable
1.0,1.0,1.0,0cbec6e78a038f320c99b15181ab0565ec124167dfcacc4ce350d1ecf6dad366,weather,True,cpu,0.060619354248046875,all_samples,0.06062006950378418,,,,False,KMeans,7,192,365,/data/luolie/ToPoGate/result/topogate_baseline_transductive_default_20260911_024913/runs/KMeans/weather/seed42,,same_samples,transductive,42,new_run,completed,not_applicable
1.0,1.0,1.0,0cbec6e78a038f320c99b15181ab0565ec124167dfcacc4ce350d1ecf6dad366,weather,True,cpu,0.06225109100341797,all_samples,0.062252044677734375,,,,False,KMeans,7,192,365,/data/luolie/ToPoGate/result/topogate_baseline_transductive_default_20260911_024913/runs/KMeans/weather/seed123,,same_samples,transductive,123,new_run,completed,not_applicable
1.0,1.0,1.0,0cbec6e78a038f320c99b15181ab0565ec124167dfcacc4ce350d1ecf6dad366,weather,True,cpu,0.06057238578796387,all_samples,0.06057286262512207,,,,False,KMeans,7,192,365,/data/luolie/ToPoGate/result/topogate_baseline_transductive_default_20260911_024913/runs/KMeans/weather/seed7,,same_samples,transductive,7,new_run,completed,not_applicable
1.0,1.0,1.0,0cbec6e78a038f320c99b15181ab0565ec124167dfcacc4ce350d1ecf6dad366,weather,True,cpu,0.062424421310424805,all_samples,0.06242513656616211,,,,False,PCA+KMeans,7,192,365,/data/luolie/ToPoGate/result/topogate_baseline_transductive_default_20260911_024913/runs/PCA+KMeans/weather/seed42,,same_samples,transductive,42,new_run,completed,not_applicable
1.0,1.0,1.0,0cbec6e78a038f320c99b15181ab0565ec124167dfcacc4ce350d1ecf6dad366,weather,True,cpu,0.06233358383178711,all_samples,0.062334537506103516,,,,False,PCA+KMeans,7,192,365,/data/luolie/ToPoGate/result/topogate_baseline_transductive_default_20260911_024913/runs/PCA+KMeans/weather/seed123,,same_samples,transductive,123,new_run,completed,not_applicable
1.0,1.0,1.0,0cbec6e78a038f320c99b15181ab0565ec124167dfcacc4ce350d1ecf6dad366,weather,True,cpu,0.060810089111328125,all_samples,0.06081080436706543,,,,False,PCA+KMeans,7,192,365,/data/luolie/ToPoGate/result/topogate_baseline_transductive_default_20260911_024913/runs/PCA+KMeans/weather/seed7,,same_samples,transductive,7,new_run,completed,not_applicable
0.7080561714708056,0.3419854177359349,0.24267213307855354,fc9f5a9662411b6422750dde291b73177bbfac7c08f5ce1e2b7f74e0d859f92e,website_phishing,True,cpu,0.04688096046447754,all_samples,0.046881675720214844,,,,False,KMeans,3,9,1353,/data/luolie/ToPoGate/result/topogate_baseline_transductive_default_20260911_024913/runs/KMeans/website_phishing/seed42,,same_samples,transductive,42,new_run,completed,not_applicable
0.7058388765705839,0.33662681053319643,0.23877342180155772,fc9f5a9662411b6422750dde291b73177bbfac7c08f5ce1e2b7f74e0d859f92e,website_phishing,True,cpu,0.04655146598815918,all_samples,0.046552181243896484,,,,False,KMeans,3,9,1353,/data/luolie/ToPoGate/result/topogate_baseline_transductive_default_20260911_024913/runs/KMeans/website_phishing/seed123,,same_samples,transductive,123,new_run,completed,not_applicable
0.7073170731707317,0.3401944356779497,0.24136460998946502,fc9f5a9662411b6422750dde291b73177bbfac7c08f5ce1e2b7f74e0d859f92e,website_phishing,True,cpu,0.05107283592224121,all_samples,0.051073312759399414,,,,False,KMeans,3,9,1353,/data/luolie/ToPoGate/result/topogate_baseline_transductive_default_20260911_024913/runs/KMeans/website_phishing/seed7,,same_samples,transductive,7,new_run,completed,not_applicable
0.7080561714708056,0.3419854177359349,0.24267213307855354,fc9f5a9662411b6422750dde291b73177bbfac7c08f5ce1e2b7f74e0d859f92e,website_phishing,True,cpu,0.05434608459472656,all_samples,0.05434679985046387,,,,False,PCA+KMeans,3,9,1353,/data/luolie/ToPoGate/result/topogate_baseline_transductive_default_20260911_024913/runs/PCA+KMeans/website_phishing/seed42,,same_samples,transductive,42,new_run,completed,not_applicable
0.7058388765705839,0.33662681053319643,0.23877342180155772,fc9f5a9662411b6422750dde291b73177bbfac7c08f5ce1e2b7f74e0d859f92e,website_phishing,True,cpu,0.054903507232666016,all_samples,0.05490422248840332,,,,False,PCA+KMeans,3,9,1353,/data/luolie/ToPoGate/result/topogate_baseline_transductive_default_20260911_024913/runs/PCA+KMeans/website_phishing/seed123,,same_samples,transductive,123,new_run,completed,not_applicable
0.7073170731707317,0.3401944356779497,0.24136460998946502,fc9f5a9662411b6422750dde291b73177bbfac7c08f5ce1e2b7f74e0d859f92e,website_phishing,True,cpu,0.058098793029785156,all_samples,0.05809950828552246,,,,False,PCA+KMeans,3,9,1353,/data/luolie/ToPoGate/result/topogate_baseline_transductive_default_20260911_024913/runs/PCA+KMeans/website_phishing/seed7,,same_samples,transductive,7,new_run,completed,not_applicable
0.9662921348314607,0.8974949815093207,0.8758935341223069,a594c68a514ba87162d48f25a27fc61c1f11301d50222770836c5796769f77a5,wine,True,cpu,0.027974843978881836,all_samples,0.02797555923461914,,,,False,KMeans,3,13,178,/data/luolie/ToPoGate/result/topogate_baseline_transductive_default_20260911_024913/runs/KMeans/wine/seed42,,same_samples,transductive,42,new_run,completed,not_applicable
0.9662921348314607,0.8974949815093207,0.8758935341223069,a594c68a514ba87162d48f25a27fc61c1f11301d50222770836c5796769f77a5,wine,True,cpu,0.02720022201538086,all_samples,0.027200698852539062,,,,False,KMeans,3,13,178,/data/luolie/ToPoGate/result/topogate_baseline_transductive_default_20260911_024913/runs/KMeans/wine/seed123,,same_samples,transductive,123,new_run,completed,not_applicable
0.9662921348314607,0.8974949815093207,0.8758935341223069,a594c68a514ba87162d48f25a27fc61c1f11301d50222770836c5796769f77a5,wine,True,cpu,0.027301788330078125,all_samples,0.02730274200439453,,,,False,KMeans,3,13,178,/data/luolie/ToPoGate/result/topogate_baseline_transductive_default_20260911_024913/runs/KMeans/wine/seed7,,same_samples,transductive,7,new_run,completed,not_applicable
0.9662921348314607,0.8974949815093207,0.8758935341223069,a594c68a514ba87162d48f25a27fc61c1f11301d50222770836c5796769f77a5,wine,True,cpu,0.02873396873474121,all_samples,0.028734683990478516,,,,False,PCA+KMeans,3,13,178,/data/luolie/ToPoGate/result/topogate_baseline_transductive_default_20260911_024913/runs/PCA+KMeans/wine/seed42,,same_samples,transductive,42,new_run,completed,not_applicable
0.9662921348314607,0.8974949815093207,0.8758935341223069,a594c68a514ba87162d48f25a27fc61c1f11301d50222770836c5796769f77a5,wine,True,cpu,0.027959823608398438,all_samples,0.027960538864135742,,,,False,PCA+KMeans,3,13,178,/data/luolie/ToPoGate/result/topogate_baseline_transductive_default_20260911_024913/runs/PCA+KMeans/wine/seed123,,same_samples,transductive,123,new_run,completed,not_applicable
0.9662921348314607,0.8974949815093207,0.8758935341223069,a594c68a514ba87162d48f25a27fc61c1f11301d50222770836c5796769f77a5,wine,True,cpu,0.027696847915649414,all_samples,0.02769756317138672,,,,False,PCA+KMeans,3,13,178,/data/luolie/ToPoGate/result/topogate_baseline_transductive_default_20260911_024913/runs/PCA+KMeans/wine/seed7,,same_samples,transductive,7,new_run,completed,not_applicable
0.9662921348314607,0.8974949815093207,0.8758935341223069,4f43b9af224dc61c8bd022d29cfc9af0aef18babe9b15deefce0d4a5846eab3a,wine_customer,True,cpu,0.027876615524291992,all_samples,0.027877092361450195,,,,False,KMeans,3,13,178,/data/luolie/ToPoGate/result/topogate_baseline_transductive_default_20260911_024913/runs/KMeans/wine_customer/seed42,,same_samples,transductive,42,new_run,completed,not_applicable
0.9662921348314607,0.8974949815093207,0.8758935341223069,4f43b9af224dc61c8bd022d29cfc9af0aef18babe9b15deefce0d4a5846eab3a,wine_customer,True,cpu,0.027036428451538086,all_samples,0.02703690528869629,,,,False,KMeans,3,13,178,/data/luolie/ToPoGate/result/topogate_baseline_transductive_default_20260911_024913/runs/KMeans/wine_customer/seed123,,same_samples,transductive,123,new_run,completed,not_applicable
0.9662921348314607,0.8974949815093207,0.8758935341223069,4f43b9af224dc61c8bd022d29cfc9af0aef18babe9b15deefce0d4a5846eab3a,wine_customer,True,cpu,0.02707219123840332,all_samples,0.027072668075561523,,,,False,KMeans,3,13,178,/data/luolie/ToPoGate/result/topogate_baseline_transductive_default_20260911_024913/runs/KMeans/wine_customer/seed7,,same_samples,transductive,7,new_run,completed,not_applicable
0.9662921348314607,0.8974949815093207,0.8758935341223069,4f43b9af224dc61c8bd022d29cfc9af0aef18babe9b15deefce0d4a5846eab3a,wine_customer,True,cpu,0.02849721908569336,all_samples,0.028497934341430664,,,,False,PCA+KMeans,3,13,178,/data/luolie/ToPoGate/result/topogate_baseline_transductive_default_20260911_024913/runs/PCA+KMeans/wine_customer/seed42,,same_samples,transductive,42,new_run,completed,not_applicable
0.9662921348314607,0.8974949815093207,0.8758935341223069,4f43b9af224dc61c8bd022d29cfc9af0aef18babe9b15deefce0d4a5846eab3a,wine_customer,True,cpu,0.02792048454284668,all_samples,0.027921199798583984,,,,False,PCA+KMeans,3,13,178,/data/luolie/ToPoGate/result/topogate_baseline_transductive_default_20260911_024913/runs/PCA+KMeans/wine_customer/seed123,,same_samples,transductive,123,new_run,completed,not_applicable
0.9662921348314607,0.8974949815093207,0.8758935341223069,4f43b9af224dc61c8bd022d29cfc9af0aef18babe9b15deefce0d4a5846eab3a,wine_customer,True,cpu,0.027665376663208008,all_samples,0.027666091918945312,,,,False,PCA+KMeans,3,13,178,/data/luolie/ToPoGate/result/topogate_baseline_transductive_default_20260911_024913/runs/PCA+KMeans/wine_customer/seed7,,same_samples,transductive,7,new_run,completed,not_applicable
0.3445516109172994,0.03772863863912416,0.05117676630418467,30550b65fd082c8b499a2082cf83c0d7045b3af8a2cc358de948ef78c63e045f,wine_quality,True,cpu,0.1394786834716797,all_samples,0.1394789218902588,,,,False,KMeans,5,11,4873,/data/luolie/ToPoGate/result/topogate_baseline_transductive_default_20260911_024913/runs/KMeans/wine_quality/seed42,,same_samples,transductive,42,new_run,completed,not_applicable
0.3449620357069567,0.0378127948198144,0.05115908795343979,30550b65fd082c8b499a2082cf83c0d7045b3af8a2cc358de948ef78c63e045f,wine_quality,True,cpu,0.12160658836364746,all_samples,0.12160706520080566,,,,False,KMeans,5,11,4873,/data/luolie/ToPoGate/result/topogate_baseline_transductive_default_20260911_024913/runs/KMeans/wine_quality/seed123,,same_samples,transductive,123,new_run,completed,not_applicable
0.34475682331212804,0.0378052688519275,0.051189533804403234,30550b65fd082c8b499a2082cf83c0d7045b3af8a2cc358de948ef78c63e045f,wine_quality,True,cpu,0.1287851333618164,all_samples,0.1287858486175537,,,,False,KMeans,5,11,4873,/data/luolie/ToPoGate/result/topogate_baseline_transductive_default_20260911_024913/runs/KMeans/wine_quality/seed7,,same_samples,transductive,7,new_run,completed,not_applicable
0.3445516109172994,0.03772863863912416,0.05117676630418467,30550b65fd082c8b499a2082cf83c0d7045b3af8a2cc358de948ef78c63e045f,wine_quality,True,cpu,0.1447618007659912,all_samples,0.14476275444030762,,,,False,PCA+KMeans,5,11,4873,/data/luolie/ToPoGate/result/topogate_baseline_transductive_default_20260911_024913/runs/PCA+KMeans/wine_quality/seed42,,same_samples,transductive,42,new_run,completed,not_applicable
0.3449620357069567,0.0378127948198144,0.05115908795343979,30550b65fd082c8b499a2082cf83c0d7045b3af8a2cc358de948ef78c63e045f,wine_quality,True,cpu,0.1401386260986328,all_samples,0.14013910293579102,,,,False,PCA+KMeans,5,11,4873,/data/luolie/ToPoGate/result/topogate_baseline_transductive_default_20260911_024913/runs/PCA+KMeans/wine_quality/seed123,,same_samples,transductive,123,new_run,completed,not_applicable
0.34475682331212804,0.0378052688519275,0.051189533804403234,30550b65fd082c8b499a2082cf83c0d7045b3af8a2cc358de948ef78c63e045f,wine_quality,True,cpu,0.13002967834472656,all_samples,0.13003015518188477,,,,False,PCA+KMeans,5,11,4873,/data/luolie/ToPoGate/result/topogate_baseline_transductive_default_20260911_024913/runs/PCA+KMeans/wine_quality/seed7,,same_samples,transductive,7,new_run,completed,not_applicable
0.9275,0.8182368859168976,0.8042300347182532,44b04751c1f3f6dd7010530029bf3edeaf8b9980e3bd256b6663e882226a8a82,wireless_indoor_localization,True,cpu,0.050460100173950195,all_samples,0.0504610538482666,,,,False,KMeans,4,7,2000,/data/luolie/ToPoGate/result/topogate_baseline_transductive_default_20260911_024913/runs/KMeans/wireless_indoor_localization/seed42,,same_samples,transductive,42,new_run,completed,not_applicable
0.9275,0.8182368859168976,0.8042300347182529,44b04751c1f3f6dd7010530029bf3edeaf8b9980e3bd256b6663e882226a8a82,wireless_indoor_localization,True,cpu,0.04555797576904297,all_samples,0.04555845260620117,,,,False,KMeans,4,7,2000,/data/luolie/ToPoGate/result/topogate_baseline_transductive_default_20260911_024913/runs/KMeans/wireless_indoor_localization/seed123,,same_samples,transductive,123,new_run,completed,not_applicable
0.9275,0.8182368859168976,0.8042300347182529,44b04751c1f3f6dd7010530029bf3edeaf8b9980e3bd256b6663e882226a8a82,wireless_indoor_localization,True,cpu,0.048392534255981445,all_samples,0.04839324951171875,,,,False,KMeans,4,7,2000,/data/luolie/ToPoGate/result/topogate_baseline_transductive_default_20260911_024913/runs/KMeans/wireless_indoor_localization/seed7,,same_samples,transductive,7,new_run,completed,not_applicable
0.9275,0.8182368859168976,0.8042300347182532,44b04751c1f3f6dd7010530029bf3edeaf8b9980e3bd256b6663e882226a8a82,wireless_indoor_localization,True,cpu,0.05110979080200195,all_samples,0.051110267639160156,,,,False,PCA+KMeans,4,7,2000,/data/luolie/ToPoGate/result/topogate_baseline_transductive_default_20260911_024913/runs/PCA+KMeans/wireless_indoor_localization/seed42,,same_samples,transductive,42,new_run,completed,not_applicable
0.9275,0.8182368859168976,0.8042300347182529,44b04751c1f3f6dd7010530029bf3edeaf8b9980e3bd256b6663e882226a8a82,wireless_indoor_localization,True,cpu,0.04729509353637695,all_samples,0.04729580879211426,,,,False,PCA+KMeans,4,7,2000,/data/luolie/ToPoGate/result/topogate_baseline_transductive_default_20260911_024913/runs/PCA+KMeans/wireless_indoor_localization/seed123,,same_samples,transductive,123,new_run,completed,not_applicable
0.9275,0.8182368859168976,0.8042300347182529,44b04751c1f3f6dd7010530029bf3edeaf8b9980e3bd256b6663e882226a8a82,wireless_indoor_localization,True,cpu,0.048306941986083984,all_samples,0.04830741882324219,,,,False,PCA+KMeans,4,7,2000,/data/luolie/ToPoGate/result/topogate_baseline_transductive_default_20260911_024913/runs/PCA+KMeans/wireless_indoor_localization/seed7,,same_samples,transductive,7,new_run,completed,not_applicable
0.8333333333333334,0.7644725373273662,0.7779195684970913,a373aae836adc5d864eb9dcca93a96fa811ef6d9067b1da2bc6a70f8f3cfeaae,world12d,True,cpu,0.030650615692138672,all_samples,0.030651330947875977,,,,False,KMeans,5,12,150,/data/luolie/ToPoGate/result/topogate_baseline_transductive_default_20260911_024913/runs/KMeans/world12d/seed42,,same_samples,transductive,42,new_run,completed,not_applicable
0.8066666666666666,0.7494955515567955,0.776208659155202,a373aae836adc5d864eb9dcca93a96fa811ef6d9067b1da2bc6a70f8f3cfeaae,world12d,True,cpu,0.03167009353637695,all_samples,0.03167080879211426,,,,False,KMeans,5,12,150,/data/luolie/ToPoGate/result/topogate_baseline_transductive_default_20260911_024913/runs/KMeans/world12d/seed123,,same_samples,transductive,123,new_run,completed,not_applicable
0.8133333333333334,0.748754625661144,0.7621350831042014,a373aae836adc5d864eb9dcca93a96fa811ef6d9067b1da2bc6a70f8f3cfeaae,world12d,True,cpu,0.03040766716003418,all_samples,0.030408143997192383,,,,False,KMeans,5,12,150,/data/luolie/ToPoGate/result/topogate_baseline_transductive_default_20260911_024913/runs/KMeans/world12d/seed7,,same_samples,transductive,7,new_run,completed,not_applicable
0.8333333333333334,0.7644725373273662,0.7779195684970913,a373aae836adc5d864eb9dcca93a96fa811ef6d9067b1da2bc6a70f8f3cfeaae,world12d,True,cpu,0.03148603439331055,all_samples,0.03148651123046875,,,,False,PCA+KMeans,5,12,150,/data/luolie/ToPoGate/result/topogate_baseline_transductive_default_20260911_024913/runs/PCA+KMeans/world12d/seed42,,same_samples,transductive,42,new_run,completed,not_applicable
0.8066666666666666,0.7494955515567955,0.776208659155202,a373aae836adc5d864eb9dcca93a96fa811ef6d9067b1da2bc6a70f8f3cfeaae,world12d,True,cpu,0.03169107437133789,all_samples,0.031691789627075195,,,,False,PCA+KMeans,5,12,150,/data/luolie/ToPoGate/result/topogate_baseline_transductive_default_20260911_024913/runs/PCA+KMeans/world12d/seed123,,same_samples,transductive,123,new_run,completed,not_applicable
0.8133333333333334,0.748754625661144,0.7621350831042014,a373aae836adc5d864eb9dcca93a96fa811ef6d9067b1da2bc6a70f8f3cfeaae,world12d,True,cpu,0.030665874481201172,all_samples,0.030666589736938477,,,,False,PCA+KMeans,5,12,150,/data/luolie/ToPoGate/result/topogate_baseline_transductive_default_20260911_024913/runs/PCA+KMeans/world12d/seed7,,same_samples,transductive,7,new_run,completed,not_applicable
0.43733119935980796,0.20908353989792045,0.3147642790004772,1064adcc7593a0cb419f575ac1ec0d1135cf641668706a6b94cd05525599e4ef,wos,True,cpu,14.573416233062744,all_samples,14.573416471481323,,,,False,KMeans,7,4096,9997,/data/luolie/ToPoGate/result/topogate_baseline_transductive_default_20260911_024913/runs/KMeans/wos/seed42,,same_samples,transductive,42,new_run,completed,not_applicable
0.43623086926077825,0.20784728509753203,0.31272716751052476,1064adcc7593a0cb419f575ac1ec0d1135cf641668706a6b94cd05525599e4ef,wos,True,cpu,13.083204507827759,all_samples,13.083205223083496,,,,False,KMeans,7,4096,9997,/data/luolie/ToPoGate/result/topogate_baseline_transductive_default_20260911_024913/runs/KMeans/wos/seed123,,same_samples,transductive,123,new_run,completed,not_applicable
0.4360308092427728,0.20832098196371318,0.31334852988491374,1064adcc7593a0cb419f575ac1ec0d1135cf641668706a6b94cd05525599e4ef,wos,True,cpu,13.456144571304321,all_samples,13.456145524978638,,,,False,KMeans,7,4096,9997,/data/luolie/ToPoGate/result/topogate_baseline_transductive_default_20260911_024913/runs/KMeans/wos/seed7,,same_samples,transductive,7,new_run,completed,not_applicable
0.43813143943182953,0.208797108104791,0.312858795339247,1064adcc7593a0cb419f575ac1ec0d1135cf641668706a6b94cd05525599e4ef,wos,True,cpu,1.3012335300445557,all_samples,1.3012340068817139,,,,False,PCA+KMeans,7,4096,9997,/data/luolie/ToPoGate/result/topogate_baseline_transductive_default_20260911_024913/runs/PCA+KMeans/wos/seed42,,same_samples,transductive,42,new_run,completed,not_applicable
0.43873161948584577,0.20907488584777395,0.3122632957428608,1064adcc7593a0cb419f575ac1ec0d1135cf641668706a6b94cd05525599e4ef,wos,True,cpu,1.3070414066314697,all_samples,1.307042121887207,,,,False,PCA+KMeans,7,4096,9997,/data/luolie/ToPoGate/result/topogate_baseline_transductive_default_20260911_024913/runs/PCA+KMeans/wos/seed123,,same_samples,transductive,123,new_run,completed,not_applicable
0.4359307792337701,0.2071028008838173,0.3117432391711223,1064adcc7593a0cb419f575ac1ec0d1135cf641668706a6b94cd05525599e4ef,wos,True,cpu,1.3047575950622559,all_samples,1.3047583103179932,,,,False,PCA+KMeans,7,4096,9997,/data/luolie/ToPoGate/result/topogate_baseline_transductive_default_20260911_024913/runs/PCA+KMeans/wos/seed7,,same_samples,transductive,7,new_run,completed,not_applicable
0.47498286497601094,0.2096121728510588,0.2908449376431918,76fe9a68337702474294d60f757f712aea91fba3924c1a967faf9cec2dd5e955,yeast,True,cpu,0.09494495391845703,all_samples,0.09494614601135254,,,,False,KMeans,8,8,1459,/data/luolie/ToPoGate/result/topogate_baseline_transductive_default_20260911_024913/runs/KMeans/yeast/seed42,,same_samples,transductive,42,new_run,completed,not_applicable
0.47498286497601094,0.21160591378263377,0.29239082007985084,76fe9a68337702474294d60f757f712aea91fba3924c1a967faf9cec2dd5e955,yeast,True,cpu,0.0916738510131836,all_samples,0.0916745662689209,,,,False,KMeans,8,8,1459,/data/luolie/ToPoGate/result/topogate_baseline_transductive_default_20260911_024913/runs/KMeans/yeast/seed123,,same_samples,transductive,123,new_run,completed,not_applicable
0.47498286497601094,0.21160591378263377,0.29239082007985084,76fe9a68337702474294d60f757f712aea91fba3924c1a967faf9cec2dd5e955,yeast,True,cpu,0.09744882583618164,all_samples,0.09744930267333984,,,,False,KMeans,8,8,1459,/data/luolie/ToPoGate/result/topogate_baseline_transductive_default_20260911_024913/runs/KMeans/yeast/seed7,,same_samples,transductive,7,new_run,completed,not_applicable
0.47498286497601094,0.2096121728510588,0.2908449376431918,76fe9a68337702474294d60f757f712aea91fba3924c1a967faf9cec2dd5e955,yeast,True,cpu,0.08049464225769043,all_samples,0.08049511909484863,,,,False,PCA+KMeans,8,8,1459,/data/luolie/ToPoGate/result/topogate_baseline_transductive_default_20260911_024913/runs/PCA+KMeans/yeast/seed42,,same_samples,transductive,42,new_run,completed,not_applicable
0.47498286497601094,0.21160591378263377,0.29239082007985084,76fe9a68337702474294d60f757f712aea91fba3924c1a967faf9cec2dd5e955,yeast,True,cpu,0.06850790977478027,all_samples,0.06850838661193848,,,,False,PCA+KMeans,8,8,1459,/data/luolie/ToPoGate/result/topogate_baseline_transductive_default_20260911_024913/runs/PCA+KMeans/yeast/seed123,,same_samples,transductive,123,new_run,completed,not_applicable
0.47498286497601094,0.21160591378263377,0.29239082007985084,76fe9a68337702474294d60f757f712aea91fba3924c1a967faf9cec2dd5e955,yeast,True,cpu,0.07436633110046387,all_samples,0.07436680793762207,,,,False,PCA+KMeans,8,8,1459,/data/luolie/ToPoGate/result/topogate_baseline_transductive_default_20260911_024913/runs/PCA+KMeans/yeast/seed7,,same_samples,transductive,7,new_run,completed,not_applicable
0.8316831683168316,0.7371817432387184,0.8252037190783997,fa8510d935fe4814620954faa6fd683deee27eee831f090e4d23fb33ab323d4e,zoo,True,cpu,0.02326512336730957,all_samples,0.023265600204467773,,,,False,KMeans,7,16,101,/data/luolie/ToPoGate/result/topogate_baseline_transductive_default_20260911_024913/runs/KMeans/zoo/seed42,,same_samples,transductive,42,new_run,completed,not_applicable
0.8217821782178217,0.7399489481735991,0.8340045483926648,fa8510d935fe4814620954faa6fd683deee27eee831f090e4d23fb33ab323d4e,zoo,True,cpu,0.021584272384643555,all_samples,0.021584749221801758,,,,False,KMeans,7,16,101,/data/luolie/ToPoGate/result/topogate_baseline_transductive_default_20260911_024913/runs/KMeans/zoo/seed123,,same_samples,transductive,123,new_run,completed,not_applicable
0.8217821782178217,0.7399489481735991,0.8340045483926648,fa8510d935fe4814620954faa6fd683deee27eee831f090e4d23fb33ab323d4e,zoo,True,cpu,0.020743846893310547,all_samples,0.02074408531188965,,,,False,KMeans,7,16,101,/data/luolie/ToPoGate/result/topogate_baseline_transductive_default_20260911_024913/runs/KMeans/zoo/seed7,,same_samples,transductive,7,new_run,completed,not_applicable
0.8316831683168316,0.7371817432387184,0.8252037190783997,fa8510d935fe4814620954faa6fd683deee27eee831f090e4d23fb33ab323d4e,zoo,True,cpu,0.02270960807800293,all_samples,0.022710084915161133,,,,False,PCA+KMeans,7,16,101,/data/luolie/ToPoGate/result/topogate_baseline_transductive_default_20260911_024913/runs/PCA+KMeans/zoo/seed42,,same_samples,transductive,42,new_run,completed,not_applicable
0.8217821782178217,0.7399489481735991,0.8340045483926648,fa8510d935fe4814620954faa6fd683deee27eee831f090e4d23fb33ab323d4e,zoo,True,cpu,0.020908594131469727,all_samples,0.02090930938720703,,,,False,PCA+KMeans,7,16,101,/data/luolie/ToPoGate/result/topogate_baseline_transductive_default_20260911_024913/runs/PCA+KMeans/zoo/seed123,,same_samples,transductive,123,new_run,completed,not_applicable
0.8217821782178217,0.7399489481735991,0.8340045483926648,fa8510d935fe4814620954faa6fd683deee27eee831f090e4d23fb33ab323d4e,zoo,True,cpu,0.020946025848388672,all_samples,0.020946502685546875,,,,False,PCA+KMeans,7,16,101,/data/luolie/ToPoGate/result/topogate_baseline_transductive_default_20260911_024913/runs/PCA+KMeans/zoo/seed7,,same_samples,transductive,7,new_run,completed,not_applicable
0.8228404099560761,0.41269813415868045,0.30057136558681824,,breast_cancer_wisconsin_original,wrapper_default_unverified,cuda,5.228082180023193,all_samples,4.212950229644775,5,/data/luolie/ToPoGate/result/baseline_5seed_20260905/breast_cancer_wisconsin_original/EDESC/seed42/run.json,/data/luolie/ToPoGate/datasets/breast_cancer_wisconsin_original.npz,False,EDESC,2,9,683,,,same_samples,transductive,42,historical_reuse,completed,not_applicable
0.7789165446559297,0.3095175676075943,0.242101749329701,,breast_cancer_wisconsin_original,wrapper_default_unverified,cuda,5.4972264766693115,all_samples,4.277104616165161,4,/data/luolie/ToPoGate/result/baseline_5seed_20260905/breast_cancer_wisconsin_original/EDESC/seed123/run.json,/data/luolie/ToPoGate/datasets/breast_cancer_wisconsin_original.npz,False,EDESC,2,9,683,,,same_samples,transductive,123,historical_reuse,completed,not_applicable
0.6881405563689604,0.14004730599318496,0.1391155218318227,,breast_cancer_wisconsin_original,wrapper_default_unverified,cuda,5.597283124923706,all_samples,4.562973499298096,5,/data/luolie/ToPoGate/result/baseline_5seed_20260905/breast_cancer_wisconsin_original/EDESC/seed7/run.json,/data/luolie/ToPoGate/datasets/breast_cancer_wisconsin_original.npz,False,EDESC,2,9,683,,,same_samples,transductive,7,historical_reuse,completed,not_applicable
0.5033688328624212,-0.011532061987849363,0.014954850150999708,,spambase,wrapper_default_unverified,cuda,8.121290683746338,all_samples,6.987149000167847,4,/data/luolie/ToPoGate/result/baseline_5seed_20260905/spambase/EDESC/seed42/run.json,/data/luolie/ToPoGate/datasets/spambase.npz,False,EDESC,2,57,4601,,,same_samples,transductive,42,historical_reuse,completed,not_applicable
0.5135840034775049,-0.0019789470182762126,0.005003005437219449,,spambase,wrapper_default_unverified,cuda,8.324332237243652,all_samples,7.233522653579712,5,/data/luolie/ToPoGate/result/baseline_5seed_20260905/spambase/EDESC/seed123/run.json,/data/luolie/ToPoGate/datasets/spambase.npz,False,EDESC,2,57,4601,,,same_samples,transductive,123,historical_reuse,completed,not_applicable
0.5790045642251684,0.0193087392185204,0.052463663820124976,,spambase,wrapper_default_unverified,cuda,9.179055213928223,all_samples,8.10986614227295,4,/data/luolie/ToPoGate/result/baseline_5seed_20260905/spambase/EDESC/seed7/run.json,/data/luolie/ToPoGate/datasets/spambase.npz,False,EDESC,2,57,4601,,,same_samples,transductive,7,historical_reuse,completed,not_applicable
0.5125748502994012,-0.0002016329000031565,0.003480995257075389,,sms_spam_collection,wrapper_default_unverified,cuda,5.4237282276153564,all_samples,4.271739721298218,4,/data/luolie/ToPoGate/result/baseline_5seed_20260905/sms_spam_collection/EDESC/seed42/run.json,/data/luolie/ToPoGate/datasets/sms_spam_collection.npz,False,EDESC,2,500,835,,,same_samples,transductive,42,historical_reuse,completed,not_applicable
0.7389221556886227,0.2075342578875196,0.24251383682353445,,sms_spam_collection,wrapper_default_unverified,cuda,5.735838174819946,all_samples,4.424851655960083,5,/data/luolie/ToPoGate/result/baseline_5seed_20260905/sms_spam_collection/EDESC/seed123/run.json,/data/luolie/ToPoGate/datasets/sms_spam_collection.npz,False,EDESC,2,500,835,,,same_samples,transductive,123,historical_reuse,completed,not_applicable
0.6131736526946108,0.04435997455989505,0.042702108175967576,,sms_spam_collection,wrapper_default_unverified,cuda,6.0794572830200195,all_samples,5.016462802886963,4,/data/luolie/ToPoGate/result/baseline_5seed_20260905/sms_spam_collection/EDESC/seed7/run.json,/data/luolie/ToPoGate/datasets/sms_spam_collection.npz,False,EDESC,2,500,835,,,same_samples,transductive,7,historical_reuse,completed,not_applicable
0.2998589200974734,0.13861436296724716,0.4684118847436308,,ISOLET,wrapper_default_unverified,cuda,13.27990174293518,all_samples,11.893038749694824,5,/data/luolie/ToPoGate/result/baseline_5seed_20260905/ISOLET/EDESC/seed42/run.json,/data/luolie/ToPoGate/datasets/ISOLET.npz,False,EDESC,26,617,7797,,,same_samples,transductive,42,historical_reuse,completed,not_applicable
0.2317558035141721,0.16519278723506128,0.42896579711813076,,ISOLET,wrapper_default_unverified,cuda,13.847202062606812,all_samples,12.265000820159912,4,/data/luolie/ToPoGate/result/baseline_5seed_20260905/ISOLET/EDESC/seed123/run.json,/data/luolie/ToPoGate/datasets/ISOLET.npz,False,EDESC,26,617,7797,,,same_samples,transductive,123,historical_reuse,completed,not_applicable
0.33538540464281136,0.21196038843995416,0.47590089303961214,,ISOLET,wrapper_default_unverified,cuda,13.4125337600708,all_samples,11.690459489822388,5,/data/luolie/ToPoGate/result/baseline_5seed_20260905/ISOLET/EDESC/seed7/run.json,/data/luolie/ToPoGate/datasets/ISOLET.npz,False,EDESC,26,617,7797,,,same_samples,transductive,7,historical_reuse,completed,not_applicable
0.633022030651341,0.24441277357356556,0.4688410211981911,,Mouse_retina,wrapper_default_unverified,cuda,17.621952295303345,all_samples,15.751707077026367,5,/data/luolie/ToPoGate/result/baseline_5seed_20260905/Mouse_retina/EDESC/seed42/run.json,/data/luolie/ToPoGate/datasets/Mouse_retina.npz,False,EDESC,5,6198,8352,,,same_samples,transductive,42,historical_reuse,completed,not_applicable
0.8685344827586207,0.677937949089811,0.6256584090192173,,Mouse_retina,wrapper_default_unverified,cuda,14.687732934951782,all_samples,13.472673892974854,4,/data/luolie/ToPoGate/result/baseline_5seed_20260905/Mouse_retina/EDESC/seed123/run.json,/data/luolie/ToPoGate/datasets/Mouse_retina.npz,False,EDESC,5,6198,8352,,,same_samples,transductive,123,historical_reuse,completed,not_applicable
0.9327107279693486,0.7547325638586975,0.7465726946490618,,Mouse_retina,wrapper_default_unverified,cuda,16.723241567611694,all_samples,14.909282445907593,5,/data/luolie/ToPoGate/result/baseline_5seed_20260905/Mouse_retina/EDESC/seed7/run.json,/data/luolie/ToPoGate/datasets/Mouse_retina.npz,False,EDESC,5,6198,8352,,,same_samples,transductive,7,historical_reuse,completed,not_applicable
0.9443631039531479,0.78711908880924,0.6803054200344903,,breast_cancer_wisconsin_original,wrapper_default_unverified,cuda,5.473710298538208,all_samples,3.956979751586914,1,/data/luolie/ToPoGate/result/baseline_5seed_20260905/breast_cancer_wisconsin_original/TableDC/seed42/run.json,/data/luolie/ToPoGate/datasets/breast_cancer_wisconsin_original.npz,False,TableDC,2,9,683,,,same_samples,transductive,42,historical_reuse,completed,not_applicable
0.8389458272327965,0.43952842994109736,0.42958197772754914,,breast_cancer_wisconsin_original,wrapper_default_unverified,cuda,5.033717393875122,all_samples,3.4796133041381836,1,/data/luolie/ToPoGate/result/baseline_5seed_20260905/breast_cancer_wisconsin_original/TableDC/seed123/run.json,/data/luolie/ToPoGate/datasets/breast_cancer_wisconsin_original.npz,False,TableDC,2,9,683,,,same_samples,transductive,123,historical_reuse,completed,not_applicable
0.8814055636896047,0.5705412110149265,0.5217693799054128,,breast_cancer_wisconsin_original,wrapper_default_unverified,cuda,6.64225172996521,all_samples,5.34196138381958,5,/data/luolie/ToPoGate/result/baseline_5seed_20260905/breast_cancer_wisconsin_original/TableDC/seed7/run.json,/data/luolie/ToPoGate/datasets/breast_cancer_wisconsin_original.npz,False,TableDC,2,9,683,,,same_samples,transductive,7,historical_reuse,completed,not_applicable
0.5842208215605303,0.004419292925201538,0.0003897158219703574,,spambase,wrapper_default_unverified,cuda,6.544396877288818,all_samples,4.902298212051392,1,/data/luolie/ToPoGate/result/baseline_5seed_20260905/spambase/TableDC/seed42/run.json,/data/luolie/ToPoGate/datasets/spambase.npz,False,TableDC,2,57,4601,,,same_samples,transductive,42,historical_reuse,completed,not_applicable
0.5703108019995653,0.00665777837446162,0.0008425447930172504,,spambase,wrapper_default_unverified,cuda,6.652421236038208,all_samples,4.928424119949341,1,/data/luolie/ToPoGate/result/baseline_5seed_20260905/spambase/TableDC/seed123/run.json,/data/luolie/ToPoGate/datasets/spambase.npz,False,TableDC,2,57,4601,,,same_samples,transductive,123,historical_reuse,completed,not_applicable
0.5655292327754836,0.0038976793526134634,0.0003221730497955408,,spambase,wrapper_default_unverified,cuda,6.545001745223999,all_samples,5.064519166946411,1,/data/luolie/ToPoGate/result/baseline_5seed_20260905/spambase/TableDC/seed7/run.json,/data/luolie/ToPoGate/datasets/spambase.npz,False,TableDC,2,57,4601,,,same_samples,transductive,7,historical_reuse,completed,not_applicable
0.8011976047904191,0.290792925125099,0.19553483141747718,,sms_spam_collection,wrapper_default_unverified,cuda,4.065961122512817,all_samples,2.9643797874450684,1,/data/luolie/ToPoGate/result/baseline_5seed_20260905/sms_spam_collection/TableDC/seed42/run.json,/data/luolie/ToPoGate/datasets/sms_spam_collection.npz,False,TableDC,2,500,835,,,same_samples,transductive,42,historical_reuse,completed,not_applicable
0.7664670658682635,0.20785241672516752,0.1184788027548701,,sms_spam_collection,wrapper_default_unverified,cuda,4.361239433288574,all_samples,3.269907236099243,1,/data/luolie/ToPoGate/result/baseline_5seed_20260905/sms_spam_collection/TableDC/seed123/run.json,/data/luolie/ToPoGate/datasets/sms_spam_collection.npz,False,TableDC,2,500,835,,,same_samples,transductive,123,historical_reuse,completed,not_applicable
0.7796407185628742,0.22309995513336608,0.11977002638229291,,sms_spam_collection,wrapper_default_unverified,cuda,4.709712028503418,all_samples,3.170167922973633,1,/data/luolie/ToPoGate/result/baseline_5seed_20260905/sms_spam_collection/TableDC/seed7/run.json,/data/luolie/ToPoGate/datasets/sms_spam_collection.npz,False,TableDC,2,500,835,,,same_samples,transductive,7,historical_reuse,completed,not_applicable
0.5189175323842503,0.40177769167540517,0.632165016726818,,ISOLET,wrapper_default_unverified,cuda,9.02031421661377,all_samples,7.559362411499023,1,/data/luolie/ToPoGate/result/baseline_5seed_20260905/ISOLET/TableDC/seed42/run.json,/data/luolie/ToPoGate/datasets/ISOLET.npz,False,TableDC,26,617,7797,,,same_samples,transductive,42,historical_reuse,completed,not_applicable
0.4397845325125048,0.297454571185282,0.5631933871235141,,ISOLET,wrapper_default_unverified,cuda,10.031368255615234,all_samples,8.41661286354065,1,/data/luolie/ToPoGate/result/baseline_5seed_20260905/ISOLET/TableDC/seed123/run.json,/data/luolie/ToPoGate/datasets/ISOLET.npz,False,TableDC,26,617,7797,,,same_samples,transductive,123,historical_reuse,completed,not_applicable
0.46133128126202383,0.3100469547248828,0.5963168844607794,,ISOLET,wrapper_default_unverified,cuda,9.275747060775757,all_samples,7.998187780380249,1,/data/luolie/ToPoGate/result/baseline_5seed_20260905/ISOLET/TableDC/seed7/run.json,/data/luolie/ToPoGate/datasets/ISOLET.npz,False,TableDC,26,617,7797,,,same_samples,transductive,7,historical_reuse,completed,not_applicable
0.6884578544061303,0.4237996071640268,0.37460640250769217,,Mouse_retina,wrapper_default_unverified,cuda,11.829404354095459,all_samples,10.029184103012085,1,/data/luolie/ToPoGate/result/baseline_5seed_20260905/Mouse_retina/TableDC/seed42/run.json,/data/luolie/ToPoGate/datasets/Mouse_retina.npz,False,TableDC,5,6198,8352,,,same_samples,transductive,42,historical_reuse,completed,not_applicable
0.7704741379310345,0.5831288523543958,0.4047057612247622,,Mouse_retina,wrapper_default_unverified,cuda,12.29234790802002,all_samples,10.485728979110718,1,/data/luolie/ToPoGate/result/baseline_5seed_20260905/Mouse_retina/TableDC/seed123/run.json,/data/luolie/ToPoGate/datasets/Mouse_retina.npz,False,TableDC,5,6198,8352,,,same_samples,transductive,123,historical_reuse,completed,not_applicable
0.7011494252873564,0.4438228725701937,0.3618031004535973,,Mouse_retina,wrapper_default_unverified,cuda,10.905489444732666,all_samples,9.6953706741333,1,/data/luolie/ToPoGate/result/baseline_5seed_20260905/Mouse_retina/TableDC/seed7/run.json,/data/luolie/ToPoGate/datasets/Mouse_retina.npz,False,TableDC,5,6198,8352,,,same_samples,transductive,7,historical_reuse,completed,not_applicable
0.3654485049833887,0.17840965229828698,0.3443437193873889,,Pollen,wrapper_default_unverified,cuda,6.70523476600647,all_samples,5.619023084640503,5,/data/luolie/ToPoGate/result/baseline_5seed_20260905/Pollen/TableDC/seed42/run.json,/data/luolie/ToPoGate/datasets/Pollen.npz,False,TableDC,11,21721,301,,,same_samples,transductive,42,historical_reuse,completed,not_applicable
0.3521594684385382,0.11109268131722874,0.2862859712642199,,Pollen,wrapper_default_unverified,cuda,6.379461050033569,all_samples,5.238852262496948,4,/data/luolie/ToPoGate/result/baseline_5seed_20260905/Pollen/TableDC/seed123/run.json,/data/luolie/ToPoGate/datasets/Pollen.npz,False,TableDC,11,21721,301,,,same_samples,transductive,123,historical_reuse,completed,not_applicable
0.33222591362126247,0.15062519503916275,0.2988272269300017,,Pollen,wrapper_default_unverified,cuda,6.216848850250244,all_samples,5.174211502075195,5,/data/luolie/ToPoGate/result/baseline_5seed_20260905/Pollen/TableDC/seed7/run.json,/data/luolie/ToPoGate/datasets/Pollen.npz,False,TableDC,11,21721,301,,,same_samples,transductive,7,historical_reuse,completed,not_applicable
0.43523479357075323,0.1589602493631488,0.31214840780850206,,Wang,wrapper_default_unverified,cuda,27.451167583465576,all_samples,25.861881017684937,4,/data/luolie/ToPoGate/result/baseline_5seed_20260905/Wang/TableDC/seed42/run.json,/data/luolie/ToPoGate/datasets/Wang.npz,False,TableDC,7,14561,9519,,,same_samples,transductive,42,historical_reuse,completed,not_applicable
0.5549952726126693,0.20336617644237326,0.3689774146193879,,Wang,wrapper_default_unverified,cuda,27.515899419784546,all_samples,25.47916865348816,5,/data/luolie/ToPoGate/result/baseline_5seed_20260905/Wang/TableDC/seed123/run.json,/data/luolie/ToPoGate/datasets/Wang.npz,False,TableDC,7,14561,9519,,,same_samples,transductive,123,historical_reuse,completed,not_applicable
0.5489021956087824,0.23044924127744312,0.24863918695568762,,Wang,wrapper_default_unverified,cuda,33.28149127960205,all_samples,31.386500358581543,4,/data/luolie/ToPoGate/result/baseline_5seed_20260905/Wang/TableDC/seed7/run.json,/data/luolie/ToPoGate/datasets/Wang.npz,False,TableDC,7,14561,9519,,,same_samples,transductive,7,historical_reuse,completed,not_applicable
0.972181551976574,0.8910118610659804,0.8178227522988706,,breast_cancer_wisconsin_original,wrapper_default_unverified,cuda,4.7986674308776855,all_samples,3.680112361907959,5,/data/luolie/ToPoGate/result/baseline_5seed_20260905/breast_cancer_wisconsin_original/ZEUS/seed42/run.json,/data/luolie/ToPoGate/datasets/breast_cancer_wisconsin_original.npz,False,ZEUS,2,9,683,,,same_samples,transductive,42,historical_reuse,completed,not_applicable
0.972181551976574,0.8910118610659804,0.8178227522988706,,breast_cancer_wisconsin_original,wrapper_default_unverified,cuda,4.543853759765625,all_samples,3.4423906803131104,5,/data/luolie/ToPoGate/result/baseline_5seed_20260905/breast_cancer_wisconsin_original/ZEUS/seed123/run.json,/data/luolie/ToPoGate/datasets/breast_cancer_wisconsin_original.npz,False,ZEUS,2,9,683,,,same_samples,transductive,123,historical_reuse,completed,not_applicable
0.972181551976574,0.8910118610659804,0.8178227522988706,,breast_cancer_wisconsin_original,wrapper_default_unverified,cuda,7.534966468811035,all_samples,6.275604724884033,5,/data/luolie/ToPoGate/result/baseline_5seed_20260905/breast_cancer_wisconsin_original/ZEUS/seed7/run.json,/data/luolie/ToPoGate/datasets/breast_cancer_wisconsin_original.npz,False,ZEUS,2,9,683,,,same_samples,transductive,7,historical_reuse,completed,not_applicable
0.9489241469245816,0.8059868035594675,0.7541287222468627,,spambase,wrapper_default_unverified,cuda,8.050244092941284,all_samples,6.985900640487671,4,/data/luolie/ToPoGate/result/baseline_5seed_20260905/spambase/ZEUS/seed42/run.json,/data/luolie/ToPoGate/datasets/spambase.npz,False,ZEUS,2,57,4601,,,same_samples,transductive,42,historical_reuse,completed,not_applicable
0.9489241469245816,0.8059868035594675,0.7541287222468627,,spambase,wrapper_default_unverified,cuda,5.65500020980835,all_samples,4.682445287704468,5,/data/luolie/ToPoGate/result/baseline_5seed_20260905/spambase/ZEUS/seed123/run.json,/data/luolie/ToPoGate/datasets/spambase.npz,False,ZEUS,2,57,4601,,,same_samples,transductive,123,historical_reuse,completed,not_applicable
0.9489241469245816,0.8059868035594675,0.7541287222468627,,spambase,wrapper_default_unverified,cuda,5.704180717468262,all_samples,4.181546926498413,4,/data/luolie/ToPoGate/result/baseline_5seed_20260905/spambase/ZEUS/seed7/run.json,/data/luolie/ToPoGate/datasets/spambase.npz,False,ZEUS,2,57,4601,,,same_samples,transductive,7,historical_reuse,completed,not_applicable
0.5580838323353293,0.007176955188074052,0.0872523494728179,,sms_spam_collection,wrapper_default_unverified,cuda,5.367095708847046,all_samples,3.8998029232025146,5,/data/luolie/ToPoGate/result/baseline_5seed_20260905/sms_spam_collection/ZEUS/seed42/run.json,/data/luolie/ToPoGate/datasets/sms_spam_collection.npz,False,ZEUS,2,500,835,,,same_samples,transductive,42,historical_reuse,completed,not_applicable
0.5808383233532934,0.024967146051581263,0.0770748613896811,,sms_spam_collection,wrapper_default_unverified,cuda,4.221893548965454,all_samples,2.711329460144043,5,/data/luolie/ToPoGate/result/baseline_5seed_20260905/sms_spam_collection/ZEUS/seed123/run.json,/data/luolie/ToPoGate/datasets/sms_spam_collection.npz,False,ZEUS,2,500,835,,,same_samples,transductive,123,historical_reuse,completed,not_applicable
0.5664670658682635,0.013518926089967607,0.08643808315649117,,sms_spam_collection,wrapper_default_unverified,cuda,6.631940126419067,all_samples,5.423996210098267,4,/data/luolie/ToPoGate/result/baseline_5seed_20260905/sms_spam_collection/ZEUS/seed7/run.json,/data/luolie/ToPoGate/datasets/sms_spam_collection.npz,False,ZEUS,2,500,835,,,same_samples,transductive,7,historical_reuse,completed,not_applicable
0.41323585994613315,0.3459629284771462,0.6480783382182239,,ISOLET,wrapper_default_unverified,cuda,13.462947368621826,all_samples,11.854024648666382,5,/data/luolie/ToPoGate/result/baseline_5seed_20260905/ISOLET/ZEUS/seed42/run.json,/data/luolie/ToPoGate/datasets/ISOLET.npz,False,ZEUS,26,617,7797,,,same_samples,transductive,42,historical_reuse,completed,not_applicable
0.3937411825060921,0.3503906545014197,0.650744558095989,,ISOLET,wrapper_default_unverified,cuda,18.583576917648315,all_samples,16.969891786575317,4,/data/luolie/ToPoGate/result/baseline_5seed_20260905/ISOLET/ZEUS/seed123/run.json,/data/luolie/ToPoGate/datasets/ISOLET.npz,False,ZEUS,26,617,7797,,,same_samples,transductive,123,historical_reuse,completed,not_applicable
0.39540849044504295,0.35194660425507307,0.6432915335085276,,ISOLET,wrapper_default_unverified,cuda,11.395502090454102,all_samples,9.672963380813599,5,/data/luolie/ToPoGate/result/baseline_5seed_20260905/ISOLET/ZEUS/seed7/run.json,/data/luolie/ToPoGate/datasets/ISOLET.npz,False,ZEUS,26,617,7797,,,same_samples,transductive,7,historical_reuse,completed,not_applicable
0.5609434865900383,0.29405752887302156,0.5035680693007759,,Mouse_retina,wrapper_default_unverified,cuda,10.59895133972168,all_samples,8.349623918533325,4,/data/luolie/ToPoGate/result/baseline_5seed_20260905/Mouse_retina/ZEUS/seed42/run.json,/data/luolie/ToPoGate/datasets/Mouse_retina.npz,False,ZEUS,5,6198,8352,,,same_samples,transductive,42,historical_reuse,completed,not_applicable
0.5593869731800766,0.2898927767329188,0.49822353440552813,,Mouse_retina,wrapper_default_unverified,cuda,19.247218132019043,all_samples,17.96757936477661,5,/data/luolie/ToPoGate/result/baseline_5seed_20260905/Mouse_retina/ZEUS/seed7/run.json,/data/luolie/ToPoGate/datasets/Mouse_retina.npz,False,ZEUS,5,6198,8352,,,same_samples,transductive,7,historical_reuse,completed,not_applicable
0.5595067049808429,0.29197990123092704,0.49711115950955526,,Mouse_retina,wrapper_default_unverified,cuda,20.48304843902588,all_samples,18.67239546775818,4,/data/luolie/ToPoGate/result/baseline_5seed_20260905/Mouse_retina/ZEUS/seed123/run.json,/data/luolie/ToPoGate/datasets/Mouse_retina.npz,False,ZEUS,5,6198,8352,,,same_samples,transductive,123,historical_reuse,completed,not_applicable
0.7740863787375415,0.7378778829626564,0.8734353474546263,,Pollen,wrapper_default_unverified,cuda,6.892864227294922,all_samples,5.4857847690582275,5,/data/luolie/ToPoGate/result/baseline_5seed_20260905/Pollen/ZEUS/seed123/run.json,/data/luolie/ToPoGate/datasets/Pollen.npz,False,ZEUS,11,21721,301,,,same_samples,transductive,123,historical_reuse,completed,not_applicable
0.8338870431893688,0.802137876160902,0.897580258400425,,Pollen,wrapper_default_unverified,cuda,6.737249135971069,all_samples,5.690750598907471,4,/data/luolie/ToPoGate/result/baseline_5seed_20260905/Pollen/ZEUS/seed42/run.json,/data/luolie/ToPoGate/datasets/Pollen.npz,False,ZEUS,11,21721,301,,,same_samples,transductive,42,historical_reuse,completed,not_applicable
0.8338870431893688,0.802137876160902,0.897580258400425,,Pollen,wrapper_default_unverified,cuda,7.210477590560913,all_samples,6.090091228485107,4,/data/luolie/ToPoGate/result/baseline_5seed_20260905/Pollen/ZEUS/seed7/run.json,/data/luolie/ToPoGate/datasets/Pollen.npz,False,ZEUS,11,21721,301,,,same_samples,transductive,7,historical_reuse,completed,not_applicable
0.5257905242147284,0.2752787005425017,0.4506557918794087,,Wang,wrapper_default_unverified,cuda,17.285234928131104,all_samples,15.573986768722534,5,/data/luolie/ToPoGate/result/baseline_5seed_20260905/Wang/ZEUS/seed42/run.json,/data/luolie/ToPoGate/datasets/Wang.npz,False,ZEUS,7,14561,9519,,,same_samples,transductive,42,historical_reuse,completed,not_applicable
0.5236894631789053,0.2728496549528834,0.44871894178626875,,Wang,wrapper_default_unverified,cuda,11.632013082504272,all_samples,9.96051836013794,4,/data/luolie/ToPoGate/result/baseline_5seed_20260905/Wang/ZEUS/seed123/run.json,/data/luolie/ToPoGate/datasets/Wang.npz,False,ZEUS,7,14561,9519,,,same_samples,transductive,123,historical_reuse,completed,not_applicable
0.5252652589557727,0.27444275609745045,0.44794170249093623,,Wang,wrapper_default_unverified,cuda,7.8424670696258545,all_samples,5.955989837646484,5,/data/luolie/ToPoGate/result/baseline_5seed_20260905/Wang/ZEUS/seed7/run.json,/data/luolie/ToPoGate/datasets/Wang.npz,False,ZEUS,7,14561,9519,,,same_samples,transductive,7,historical_reuse,completed,not_applicable
