dataset,config,topology_mode,lambda_topology,rank_margin,self_init_weight,seed,gpu,status,returncode,save_dir,summary_path,log_path,ari,nmi,acc,fmi,self_mass,edge_entropy,effective_neighbor_count,topology_loss,rank_loss,rank_active_fraction,reconstruction_loss,mask_loss,source_path,source_sha256,runner_source_sha256,model_source_sha256,gate_source_sha256,k_source,labels_used_during_fit
balance_scale,edge_only_lam0.3_rm0.5,edge_only,0.3,0.5,0.8,7,5,completed,0,<local_data_root>/result/V12/v12_topology_search_stage3_2026-08-04/balance_scale/edge_only_lam0.3_rm0.5/seed_7,<local_data_root>/result/V12/v12_topology_search_stage3_2026-08-04/balance_scale/edge_only_lam0.3_rm0.5/seed_7/summary.json,<local_data_root>/result/V12/v12_topology_search_stage3_2026-08-04/balance_scale/edge_only_lam0.3_rm0.5/seed_7/run.log,0.09232038750287386,0.08757672717626394,0.4608,0.4390872772979073,0.0,1.4697638750076294,4.373417854309082,0.01641037041166176,0.16633199475084742,0.75,0.33022963119049864,0.6144039469460647,<local_data_root>/datasets/AHDPC/processed/balance_scale.npz,aebeaa2574dc6f01651d1f13c1b354d7d19373d7cff8975d0ed05b63a5cf883b,e60f65d21bf9a18f9659b21106acb4503522ac6ae9aa20f4f07490461741cd3d,637d5e5c489c56e1c2c14339f85e70c1c89851902fdbe0056e5050896faba74f,8250fdca6e36610c111d77f1f3924f806f6b98301366d7b7ecffe3c351b21a8f,benchmark_oracle_from_y,False
balance_scale,edge_only_lam0.3_rm0.5,edge_only,0.3,0.5,0.8,42,1,completed,0,<local_data_root>/result/V12/v12_topology_search_stage3_2026-08-04/balance_scale/edge_only_lam0.3_rm0.5/seed_42,<local_data_root>/result/V12/v12_topology_search_stage3_2026-08-04/balance_scale/edge_only_lam0.3_rm0.5/seed_42/summary.json,<local_data_root>/result/V12/v12_topology_search_stage3_2026-08-04/balance_scale/edge_only_lam0.3_rm0.5/seed_42/run.log,0.1500451486741667,0.13332441707504233,0.5168,0.47379112343619545,0.0,1.4897692203521729,4.454216480255127,0.01660462314806258,0.17070007001360257,0.75,0.3309542597581943,0.6150251718858877,<local_data_root>/datasets/AHDPC/processed/balance_scale.npz,aebeaa2574dc6f01651d1f13c1b354d7d19373d7cff8975d0ed05b63a5cf883b,e60f65d21bf9a18f9659b21106acb4503522ac6ae9aa20f4f07490461741cd3d,637d5e5c489c56e1c2c14339f85e70c1c89851902fdbe0056e5050896faba74f,8250fdca6e36610c111d77f1f3924f806f6b98301366d7b7ecffe3c351b21a8f,benchmark_oracle_from_y,False
balance_scale,edge_only_lam0.3_rm0.5,edge_only,0.3,0.5,0.8,123,4,completed,0,<local_data_root>/result/V12/v12_topology_search_stage3_2026-08-04/balance_scale/edge_only_lam0.3_rm0.5/seed_123,<local_data_root>/result/V12/v12_topology_search_stage3_2026-08-04/balance_scale/edge_only_lam0.3_rm0.5/seed_123/summary.json,<local_data_root>/result/V12/v12_topology_search_stage3_2026-08-04/balance_scale/edge_only_lam0.3_rm0.5/seed_123/run.log,0.17801171995395157,0.15490553218033964,0.5712,0.4965924004324493,0.0,1.482240080833435,4.424174785614014,0.015952007616094006,0.16297013343622285,0.75,0.3274736775706212,0.6125349876781304,<local_data_root>/datasets/AHDPC/processed/balance_scale.npz,aebeaa2574dc6f01651d1f13c1b354d7d19373d7cff8975d0ed05b63a5cf883b,e60f65d21bf9a18f9659b21106acb4503522ac6ae9aa20f4f07490461741cd3d,637d5e5c489c56e1c2c14339f85e70c1c89851902fdbe0056e5050896faba74f,8250fdca6e36610c111d77f1f3924f806f6b98301366d7b7ecffe3c351b21a8f,benchmark_oracle_from_y,False
balance_scale,edge_only_lam0.3_rm1.0,edge_only,0.3,1.0,0.8,7,5,completed,0,<local_data_root>/result/V12/v12_topology_search_stage3_2026-08-04/balance_scale/edge_only_lam0.3_rm1.0/seed_7,<local_data_root>/result/V12/v12_topology_search_stage3_2026-08-04/balance_scale/edge_only_lam0.3_rm1.0/seed_7/summary.json,<local_data_root>/result/V12/v12_topology_search_stage3_2026-08-04/balance_scale/edge_only_lam0.3_rm1.0/seed_7/run.log,0.09232038750287386,0.08757672717626394,0.4608,0.4390872772979073,0.0,1.3859800100326538,4.057353973388672,0.016423625987954438,0.3926837652921677,0.75,0.3302294577161471,0.6144042121867338,<local_data_root>/datasets/AHDPC/processed/balance_scale.npz,aebeaa2574dc6f01651d1f13c1b354d7d19373d7cff8975d0ed05b63a5cf883b,e60f65d21bf9a18f9659b21106acb4503522ac6ae9aa20f4f07490461741cd3d,637d5e5c489c56e1c2c14339f85e70c1c89851902fdbe0056e5050896faba74f,8250fdca6e36610c111d77f1f3924f806f6b98301366d7b7ecffe3c351b21a8f,benchmark_oracle_from_y,False
balance_scale,edge_only_lam0.3_rm1.0,edge_only,0.3,1.0,0.8,42,1,completed,0,<local_data_root>/result/V12/v12_topology_search_stage3_2026-08-04/balance_scale/edge_only_lam0.3_rm1.0/seed_42,<local_data_root>/result/V12/v12_topology_search_stage3_2026-08-04/balance_scale/edge_only_lam0.3_rm1.0/seed_42/summary.json,<local_data_root>/result/V12/v12_topology_search_stage3_2026-08-04/balance_scale/edge_only_lam0.3_rm1.0/seed_42/run.log,0.1500451486741667,0.13332441707504233,0.5168,0.47379112343619545,0.0,1.401810884475708,4.113423824310303,0.01661525394689913,0.3987529498835405,0.75,0.33095406082769235,0.6150251475473245,<local_data_root>/datasets/AHDPC/processed/balance_scale.npz,aebeaa2574dc6f01651d1f13c1b354d7d19373d7cff8975d0ed05b63a5cf883b,e60f65d21bf9a18f9659b21106acb4503522ac6ae9aa20f4f07490461741cd3d,637d5e5c489c56e1c2c14339f85e70c1c89851902fdbe0056e5050896faba74f,8250fdca6e36610c111d77f1f3924f806f6b98301366d7b7ecffe3c351b21a8f,benchmark_oracle_from_y,False
balance_scale,edge_only_lam0.3_rm1.0,edge_only,0.3,1.0,0.8,123,4,completed,0,<local_data_root>/result/V12/v12_topology_search_stage3_2026-08-04/balance_scale/edge_only_lam0.3_rm1.0/seed_123,<local_data_root>/result/V12/v12_topology_search_stage3_2026-08-04/balance_scale/edge_only_lam0.3_rm1.0/seed_123/summary.json,<local_data_root>/result/V12/v12_topology_search_stage3_2026-08-04/balance_scale/edge_only_lam0.3_rm1.0/seed_123/run.log,0.17801171995395157,0.15490553218033964,0.5712,0.4965924004324493,0.0,1.4070812463760376,4.132610321044922,0.01596406779717654,0.3898934252560139,0.75,0.3274735535184542,0.6125348823765913,<local_data_root>/datasets/AHDPC/processed/balance_scale.npz,aebeaa2574dc6f01651d1f13c1b354d7d19373d7cff8975d0ed05b63a5cf883b,e60f65d21bf9a18f9659b21106acb4503522ac6ae9aa20f4f07490461741cd3d,637d5e5c489c56e1c2c14339f85e70c1c89851902fdbe0056e5050896faba74f,8250fdca6e36610c111d77f1f3924f806f6b98301366d7b7ecffe3c351b21a8f,benchmark_oracle_from_y,False
balance_scale,edge_only_lam0.5_rm0.5,edge_only,0.5,0.5,0.8,7,5,completed,0,<local_data_root>/result/V12/v12_topology_search_stage3_2026-08-04/balance_scale/edge_only_lam0.5_rm0.5/seed_7,<local_data_root>/result/V12/v12_topology_search_stage3_2026-08-04/balance_scale/edge_only_lam0.5_rm0.5/seed_7/summary.json,<local_data_root>/result/V12/v12_topology_search_stage3_2026-08-04/balance_scale/edge_only_lam0.5_rm0.5/seed_7/run.log,0.09570815865220583,0.09021101427762629,0.464,0.44095492539883535,0.0,1.4696388244628906,4.372912406921387,0.014199558245794228,0.16633514482527972,0.75,0.33028526442746325,0.6143930268784364,<local_data_root>/datasets/AHDPC/processed/balance_scale.npz,aebeaa2574dc6f01651d1f13c1b354d7d19373d7cff8975d0ed05b63a5cf883b,e60f65d21bf9a18f9659b21106acb4503522ac6ae9aa20f4f07490461741cd3d,637d5e5c489c56e1c2c14339f85e70c1c89851902fdbe0056e5050896faba74f,8250fdca6e36610c111d77f1f3924f806f6b98301366d7b7ecffe3c351b21a8f,benchmark_oracle_from_y,False
balance_scale,edge_only_lam0.5_rm0.5,edge_only,0.5,0.5,0.8,42,1,completed,0,<local_data_root>/result/V12/v12_topology_search_stage3_2026-08-04/balance_scale/edge_only_lam0.5_rm0.5/seed_42,<local_data_root>/result/V12/v12_topology_search_stage3_2026-08-04/balance_scale/edge_only_lam0.5_rm0.5/seed_42/summary.json,<local_data_root>/result/V12/v12_topology_search_stage3_2026-08-04/balance_scale/edge_only_lam0.5_rm0.5/seed_42/run.log,0.16008515893450773,0.13886931855904905,0.5264,0.47966426054821243,0.0,1.4897377490997314,4.454094409942627,0.014364906734166044,0.17069004991402228,0.75,0.33100324086844923,0.6150238431990147,<local_data_root>/datasets/AHDPC/processed/balance_scale.npz,aebeaa2574dc6f01651d1f13c1b354d7d19373d7cff8975d0ed05b63a5cf883b,e60f65d21bf9a18f9659b21106acb4503522ac6ae9aa20f4f07490461741cd3d,637d5e5c489c56e1c2c14339f85e70c1c89851902fdbe0056e5050896faba74f,8250fdca6e36610c111d77f1f3924f806f6b98301366d7b7ecffe3c351b21a8f,benchmark_oracle_from_y,False
balance_scale,edge_only_lam0.5_rm0.5,edge_only,0.5,0.5,0.8,123,4,completed,0,<local_data_root>/result/V12/v12_topology_search_stage3_2026-08-04/balance_scale/edge_only_lam0.5_rm0.5/seed_123,<local_data_root>/result/V12/v12_topology_search_stage3_2026-08-04/balance_scale/edge_only_lam0.5_rm0.5/seed_123/summary.json,<local_data_root>/result/V12/v12_topology_search_stage3_2026-08-04/balance_scale/edge_only_lam0.5_rm0.5/seed_123/run.log,0.1688575504919034,0.14840100858137734,0.5648,0.491262590076857,0.0,1.4821217060089111,4.4236931800842285,0.013821757410187274,0.16295686376591526,0.75,0.32753170281648636,0.612534878651301,<local_data_root>/datasets/AHDPC/processed/balance_scale.npz,aebeaa2574dc6f01651d1f13c1b354d7d19373d7cff8975d0ed05b63a5cf883b,e60f65d21bf9a18f9659b21106acb4503522ac6ae9aa20f4f07490461741cd3d,637d5e5c489c56e1c2c14339f85e70c1c89851902fdbe0056e5050896faba74f,8250fdca6e36610c111d77f1f3924f806f6b98301366d7b7ecffe3c351b21a8f,benchmark_oracle_from_y,False
balance_scale,edge_only_lam0.5_rm1.0,edge_only,0.5,1.0,0.8,7,5,completed,0,<local_data_root>/result/V12/v12_topology_search_stage3_2026-08-04/balance_scale/edge_only_lam0.5_rm1.0/seed_7,<local_data_root>/result/V12/v12_topology_search_stage3_2026-08-04/balance_scale/edge_only_lam0.5_rm1.0/seed_7/summary.json,<local_data_root>/result/V12/v12_topology_search_stage3_2026-08-04/balance_scale/edge_only_lam0.5_rm1.0/seed_7/run.log,0.09570815865220583,0.09021101427762629,0.464,0.44095492539883535,0.0,1.3861229419708252,4.057859420776367,0.014210542508711418,0.392690409719944,0.75,0.33028497397899625,0.6143933353324732,<local_data_root>/datasets/AHDPC/processed/balance_scale.npz,aebeaa2574dc6f01651d1f13c1b354d7d19373d7cff8975d0ed05b63a5cf883b,e60f65d21bf9a18f9659b21106acb4503522ac6ae9aa20f4f07490461741cd3d,637d5e5c489c56e1c2c14339f85e70c1c89851902fdbe0056e5050896faba74f,8250fdca6e36610c111d77f1f3924f806f6b98301366d7b7ecffe3c351b21a8f,benchmark_oracle_from_y,False
balance_scale,edge_only_lam0.5_rm1.0,edge_only,0.5,1.0,0.8,42,1,completed,0,<local_data_root>/result/V12/v12_topology_search_stage3_2026-08-04/balance_scale/edge_only_lam0.5_rm1.0/seed_42,<local_data_root>/result/V12/v12_topology_search_stage3_2026-08-04/balance_scale/edge_only_lam0.5_rm1.0/seed_42/summary.json,<local_data_root>/result/V12/v12_topology_search_stage3_2026-08-04/balance_scale/edge_only_lam0.5_rm1.0/seed_42/run.log,0.16008515893450773,0.13886931855904905,0.5264,0.47966426054821243,0.0,1.4018986225128174,4.113745212554932,0.014373828334889063,0.3987487683693568,0.75,0.33100283009310566,0.6150237848361334,<local_data_root>/datasets/AHDPC/processed/balance_scale.npz,aebeaa2574dc6f01651d1f13c1b354d7d19373d7cff8975d0ed05b63a5cf883b,e60f65d21bf9a18f9659b21106acb4503522ac6ae9aa20f4f07490461741cd3d,637d5e5c489c56e1c2c14339f85e70c1c89851902fdbe0056e5050896faba74f,8250fdca6e36610c111d77f1f3924f806f6b98301366d7b7ecffe3c351b21a8f,benchmark_oracle_from_y,False
balance_scale,edge_only_lam0.5_rm1.0,edge_only,0.5,1.0,0.8,123,4,completed,0,<local_data_root>/result/V12/v12_topology_search_stage3_2026-08-04/balance_scale/edge_only_lam0.5_rm1.0/seed_123,<local_data_root>/result/V12/v12_topology_search_stage3_2026-08-04/balance_scale/edge_only_lam0.5_rm1.0/seed_123/summary.json,<local_data_root>/result/V12/v12_topology_search_stage3_2026-08-04/balance_scale/edge_only_lam0.5_rm1.0/seed_123/run.log,0.1688575504919034,0.14840100858137734,0.5648,0.491262590076857,0.0,1.4071810245513916,4.1329755783081055,0.013832037527269372,0.389893972252806,0.75,0.32753147048254805,0.6125346747537455,<local_data_root>/datasets/AHDPC/processed/balance_scale.npz,aebeaa2574dc6f01651d1f13c1b354d7d19373d7cff8975d0ed05b63a5cf883b,e60f65d21bf9a18f9659b21106acb4503522ac6ae9aa20f4f07490461741cd3d,637d5e5c489c56e1c2c14339f85e70c1c89851902fdbe0056e5050896faba74f,8250fdca6e36610c111d77f1f3924f806f6b98301366d7b7ecffe3c351b21a8f,benchmark_oracle_from_y,False
balance_scale,self_null_lam0.3_rm0.5_si0.3,self_null,0.3,0.5,0.3,7,5,completed,0,<local_data_root>/result/V12/v12_topology_search_stage3_2026-08-04/balance_scale/self_null_lam0.3_rm0.5_si0.3/seed_7,<local_data_root>/result/V12/v12_topology_search_stage3_2026-08-04/balance_scale/self_null_lam0.3_rm0.5_si0.3/seed_7/summary.json,<local_data_root>/result/V12/v12_topology_search_stage3_2026-08-04/balance_scale/self_null_lam0.3_rm0.5_si0.3/seed_7/run.log,0.09834131728282504,0.09452522644054749,0.4656,0.44314264052922653,0.564416229724884,1.469760775566101,4.373412132263184,0.016082640054325265,0.16633480864887437,0.75,0.33023145856956637,0.6144070456425348,<local_data_root>/datasets/AHDPC/processed/balance_scale.npz,aebeaa2574dc6f01651d1f13c1b354d7d19373d7cff8975d0ed05b63a5cf883b,e60f65d21bf9a18f9659b21106acb4503522ac6ae9aa20f4f07490461741cd3d,637d5e5c489c56e1c2c14339f85e70c1c89851902fdbe0056e5050896faba74f,8250fdca6e36610c111d77f1f3924f806f6b98301366d7b7ecffe3c351b21a8f,benchmark_oracle_from_y,False
balance_scale,self_null_lam0.3_rm0.5_si0.3,self_null,0.3,0.5,0.3,42,1,completed,0,<local_data_root>/result/V12/v12_topology_search_stage3_2026-08-04/balance_scale/self_null_lam0.3_rm0.5_si0.3/seed_42,<local_data_root>/result/V12/v12_topology_search_stage3_2026-08-04/balance_scale/self_null_lam0.3_rm0.5_si0.3/seed_42/summary.json,<local_data_root>/result/V12/v12_topology_search_stage3_2026-08-04/balance_scale/self_null_lam0.3_rm0.5_si0.3/seed_42/run.log,0.1500451486741667,0.13332441707504233,0.5168,0.47379112343619545,0.5867177844047546,1.4897907972335815,4.454309463500977,0.016296194144524635,0.17070180624723436,0.75,0.330956099803249,0.6150206848978996,<local_data_root>/datasets/AHDPC/processed/balance_scale.npz,aebeaa2574dc6f01651d1f13c1b354d7d19373d7cff8975d0ed05b63a5cf883b,e60f65d21bf9a18f9659b21106acb4503522ac6ae9aa20f4f07490461741cd3d,637d5e5c489c56e1c2c14339f85e70c1c89851902fdbe0056e5050896faba74f,8250fdca6e36610c111d77f1f3924f806f6b98301366d7b7ecffe3c351b21a8f,benchmark_oracle_from_y,False
balance_scale,self_null_lam0.3_rm0.5_si0.3,self_null,0.3,0.5,0.3,123,4,completed,0,<local_data_root>/result/V12/v12_topology_search_stage3_2026-08-04/balance_scale/self_null_lam0.3_rm0.5_si0.3/seed_123,<local_data_root>/result/V12/v12_topology_search_stage3_2026-08-04/balance_scale/self_null_lam0.3_rm0.5_si0.3/seed_123/summary.json,<local_data_root>/result/V12/v12_topology_search_stage3_2026-08-04/balance_scale/self_null_lam0.3_rm0.5_si0.3/seed_123/run.log,0.17801171995395157,0.15490553218033964,0.5712,0.4965924004324493,0.5574804544448853,1.4824416637420654,4.425020217895508,0.015616891125682741,0.16299281753599643,0.75,0.327474498624603,0.6125326126813888,<local_data_root>/datasets/AHDPC/processed/balance_scale.npz,aebeaa2574dc6f01651d1f13c1b354d7d19373d7cff8975d0ed05b63a5cf883b,e60f65d21bf9a18f9659b21106acb4503522ac6ae9aa20f4f07490461741cd3d,637d5e5c489c56e1c2c14339f85e70c1c89851902fdbe0056e5050896faba74f,8250fdca6e36610c111d77f1f3924f806f6b98301366d7b7ecffe3c351b21a8f,benchmark_oracle_from_y,False
balance_scale,self_null_lam0.3_rm0.5_si0.5,self_null,0.3,0.5,0.5,7,5,completed,0,<local_data_root>/result/V12/v12_topology_search_stage3_2026-08-04/balance_scale/self_null_lam0.3_rm0.5_si0.5/seed_7,<local_data_root>/result/V12/v12_topology_search_stage3_2026-08-04/balance_scale/self_null_lam0.3_rm0.5_si0.5/seed_7/summary.json,<local_data_root>/result/V12/v12_topology_search_stage3_2026-08-04/balance_scale/self_null_lam0.3_rm0.5_si0.5/seed_7/run.log,0.10075152751085649,0.09615221973624487,0.48,0.4455316293328598,0.5928659439086914,1.4699465036392212,4.374166488647461,0.01609734820667654,0.16633417764678599,0.75,0.3302322606245677,0.6144096558292708,<local_data_root>/datasets/AHDPC/processed/balance_scale.npz,aebeaa2574dc6f01651d1f13c1b354d7d19373d7cff8975d0ed05b63a5cf883b,e60f65d21bf9a18f9659b21106acb4503522ac6ae9aa20f4f07490461741cd3d,637d5e5c489c56e1c2c14339f85e70c1c89851902fdbe0056e5050896faba74f,8250fdca6e36610c111d77f1f3924f806f6b98301366d7b7ecffe3c351b21a8f,benchmark_oracle_from_y,False
balance_scale,self_null_lam0.3_rm0.5_si0.5,self_null,0.3,0.5,0.5,42,1,completed,0,<local_data_root>/result/V12/v12_topology_search_stage3_2026-08-04/balance_scale/self_null_lam0.3_rm0.5_si0.5/seed_42,<local_data_root>/result/V12/v12_topology_search_stage3_2026-08-04/balance_scale/self_null_lam0.3_rm0.5_si0.5/seed_42/summary.json,<local_data_root>/result/V12/v12_topology_search_stage3_2026-08-04/balance_scale/self_null_lam0.3_rm0.5_si0.5/seed_42/run.log,0.1476683730433495,0.1305174552132089,0.5152,0.4721998534305234,0.6106138825416565,1.4898743629455566,4.454703330993652,0.01630807676507781,0.17069401095310846,0.75,0.3309567814071973,0.6150200689832369,<local_data_root>/datasets/AHDPC/processed/balance_scale.npz,aebeaa2574dc6f01651d1f13c1b354d7d19373d7cff8975d0ed05b63a5cf883b,e60f65d21bf9a18f9659b21106acb4503522ac6ae9aa20f4f07490461741cd3d,637d5e5c489c56e1c2c14339f85e70c1c89851902fdbe0056e5050896faba74f,8250fdca6e36610c111d77f1f3924f806f6b98301366d7b7ecffe3c351b21a8f,benchmark_oracle_from_y,False
balance_scale,self_null_lam0.3_rm0.5_si0.5,self_null,0.3,0.5,0.5,123,4,completed,0,<local_data_root>/result/V12/v12_topology_search_stage3_2026-08-04/balance_scale/self_null_lam0.3_rm0.5_si0.5/seed_123,<local_data_root>/result/V12/v12_topology_search_stage3_2026-08-04/balance_scale/self_null_lam0.3_rm0.5_si0.5/seed_123/summary.json,<local_data_root>/result/V12/v12_topology_search_stage3_2026-08-04/balance_scale/self_null_lam0.3_rm0.5_si0.5/seed_123/run.log,0.17801171995395157,0.15490553218033964,0.5712,0.4965924004324493,0.5501815676689148,1.4822255373001099,4.424113750457764,0.01560726452541227,0.1629656427539885,0.75,0.32747519450883067,0.6125322463611761,<local_data_root>/datasets/AHDPC/processed/balance_scale.npz,aebeaa2574dc6f01651d1f13c1b354d7d19373d7cff8975d0ed05b63a5cf883b,e60f65d21bf9a18f9659b21106acb4503522ac6ae9aa20f4f07490461741cd3d,637d5e5c489c56e1c2c14339f85e70c1c89851902fdbe0056e5050896faba74f,8250fdca6e36610c111d77f1f3924f806f6b98301366d7b7ecffe3c351b21a8f,benchmark_oracle_from_y,False
balance_scale,self_null_lam0.3_rm1.0_si0.3,self_null,0.3,1.0,0.3,7,5,completed,0,<local_data_root>/result/V12/v12_topology_search_stage3_2026-08-04/balance_scale/self_null_lam0.3_rm1.0_si0.3/seed_7,<local_data_root>/result/V12/v12_topology_search_stage3_2026-08-04/balance_scale/self_null_lam0.3_rm1.0_si0.3/seed_7/summary.json,<local_data_root>/result/V12/v12_topology_search_stage3_2026-08-04/balance_scale/self_null_lam0.3_rm1.0_si0.3/seed_7/run.log,0.09834131728282504,0.09452522644054749,0.4656,0.44314264052922653,0.5877014398574829,1.3856761455535889,4.056284427642822,0.016078927301956963,0.39266991838812826,0.75,0.33023180551826953,0.6144068618615469,<local_data_root>/datasets/AHDPC/processed/balance_scale.npz,aebeaa2574dc6f01651d1f13c1b354d7d19373d7cff8975d0ed05b63a5cf883b,e60f65d21bf9a18f9659b21106acb4503522ac6ae9aa20f4f07490461741cd3d,637d5e5c489c56e1c2c14339f85e70c1c89851902fdbe0056e5050896faba74f,8250fdca6e36610c111d77f1f3924f806f6b98301366d7b7ecffe3c351b21a8f,benchmark_oracle_from_y,False
balance_scale,self_null_lam0.3_rm1.0_si0.3,self_null,0.3,1.0,0.3,42,1,completed,0,<local_data_root>/result/V12/v12_topology_search_stage3_2026-08-04/balance_scale/self_null_lam0.3_rm1.0_si0.3/seed_42,<local_data_root>/result/V12/v12_topology_search_stage3_2026-08-04/balance_scale/self_null_lam0.3_rm1.0_si0.3/seed_42/summary.json,<local_data_root>/result/V12/v12_topology_search_stage3_2026-08-04/balance_scale/self_null_lam0.3_rm1.0_si0.3/seed_42/run.log,0.1500451486741667,0.13332441707504233,0.5168,0.47379112343619545,0.6101016402244568,1.4015450477600098,4.112459182739258,0.016291946296890576,0.3987385424474875,0.75,0.33095633399983243,0.6150204325715701,<local_data_root>/datasets/AHDPC/processed/balance_scale.npz,aebeaa2574dc6f01651d1f13c1b354d7d19373d7cff8975d0ed05b63a5cf883b,e60f65d21bf9a18f9659b21106acb4503522ac6ae9aa20f4f07490461741cd3d,637d5e5c489c56e1c2c14339f85e70c1c89851902fdbe0056e5050896faba74f,8250fdca6e36610c111d77f1f3924f806f6b98301366d7b7ecffe3c351b21a8f,benchmark_oracle_from_y,False
balance_scale,self_null_lam0.3_rm1.0_si0.3,self_null,0.3,1.0,0.3,123,4,completed,0,<local_data_root>/result/V12/v12_topology_search_stage3_2026-08-04/balance_scale/self_null_lam0.3_rm1.0_si0.3/seed_123,<local_data_root>/result/V12/v12_topology_search_stage3_2026-08-04/balance_scale/self_null_lam0.3_rm1.0_si0.3/seed_123/summary.json,<local_data_root>/result/V12/v12_topology_search_stage3_2026-08-04/balance_scale/self_null_lam0.3_rm1.0_si0.3/seed_123/run.log,0.17801171995395157,0.15490553218033964,0.5712,0.4965924004324493,0.573189377784729,1.4069457054138184,4.132115840911865,0.015614467634198567,0.3898940453926722,0.75,0.3274747607608636,0.6125324589510759,<local_data_root>/datasets/AHDPC/processed/balance_scale.npz,aebeaa2574dc6f01651d1f13c1b354d7d19373d7cff8975d0ed05b63a5cf883b,e60f65d21bf9a18f9659b21106acb4503522ac6ae9aa20f4f07490461741cd3d,637d5e5c489c56e1c2c14339f85e70c1c89851902fdbe0056e5050896faba74f,8250fdca6e36610c111d77f1f3924f806f6b98301366d7b7ecffe3c351b21a8f,benchmark_oracle_from_y,False
balance_scale,self_null_lam0.3_rm1.0_si0.5,self_null,0.3,1.0,0.5,7,5,completed,0,<local_data_root>/result/V12/v12_topology_search_stage3_2026-08-04/balance_scale/self_null_lam0.3_rm1.0_si0.5/seed_7,<local_data_root>/result/V12/v12_topology_search_stage3_2026-08-04/balance_scale/self_null_lam0.3_rm1.0_si0.5/seed_7/summary.json,<local_data_root>/result/V12/v12_topology_search_stage3_2026-08-04/balance_scale/self_null_lam0.3_rm1.0_si0.5/seed_7/run.log,0.10075152751085649,0.09615221973624487,0.48,0.4455316293328598,0.6185392737388611,1.3856303691864014,4.056119441986084,0.01609279370944326,0.3926738701760769,0.75,0.330232643832763,0.6144094452261925,<local_data_root>/datasets/AHDPC/processed/balance_scale.npz,aebeaa2574dc6f01651d1f13c1b354d7d19373d7cff8975d0ed05b63a5cf883b,e60f65d21bf9a18f9659b21106acb4503522ac6ae9aa20f4f07490461741cd3d,637d5e5c489c56e1c2c14339f85e70c1c89851902fdbe0056e5050896faba74f,8250fdca6e36610c111d77f1f3924f806f6b98301366d7b7ecffe3c351b21a8f,benchmark_oracle_from_y,False
balance_scale,self_null_lam0.3_rm1.0_si0.5,self_null,0.3,1.0,0.5,42,1,completed,0,<local_data_root>/result/V12/v12_topology_search_stage3_2026-08-04/balance_scale/self_null_lam0.3_rm1.0_si0.5/seed_42,<local_data_root>/result/V12/v12_topology_search_stage3_2026-08-04/balance_scale/self_null_lam0.3_rm1.0_si0.5/seed_42/summary.json,<local_data_root>/result/V12/v12_topology_search_stage3_2026-08-04/balance_scale/self_null_lam0.3_rm1.0_si0.5/seed_42/run.log,0.1476683730433495,0.1305174552132089,0.5152,0.4721998534305234,0.6416561603546143,1.401503324508667,4.112308025360107,0.01630393493299683,0.398754129682978,0.75,0.33095702839394414,0.6150198310613633,<local_data_root>/datasets/AHDPC/processed/balance_scale.npz,aebeaa2574dc6f01651d1f13c1b354d7d19373d7cff8975d0ed05b63a5cf883b,e60f65d21bf9a18f9659b21106acb4503522ac6ae9aa20f4f07490461741cd3d,637d5e5c489c56e1c2c14339f85e70c1c89851902fdbe0056e5050896faba74f,8250fdca6e36610c111d77f1f3924f806f6b98301366d7b7ecffe3c351b21a8f,benchmark_oracle_from_y,False
balance_scale,self_null_lam0.3_rm1.0_si0.5,self_null,0.3,1.0,0.5,123,4,completed,0,<local_data_root>/result/V12/v12_topology_search_stage3_2026-08-04/balance_scale/self_null_lam0.3_rm1.0_si0.5/seed_123,<local_data_root>/result/V12/v12_topology_search_stage3_2026-08-04/balance_scale/self_null_lam0.3_rm1.0_si0.5/seed_123/summary.json,<local_data_root>/result/V12/v12_topology_search_stage3_2026-08-04/balance_scale/self_null_lam0.3_rm1.0_si0.5/seed_123/run.log,0.17801171995395157,0.15490553218033964,0.5712,0.4965924004324493,0.572731614112854,1.4069119691848755,4.131990432739258,0.015600878462040174,0.38989617998401327,0.75,0.3274755194783211,0.6125320968528588,<local_data_root>/datasets/AHDPC/processed/balance_scale.npz,aebeaa2574dc6f01651d1f13c1b354d7d19373d7cff8975d0ed05b63a5cf883b,e60f65d21bf9a18f9659b21106acb4503522ac6ae9aa20f4f07490461741cd3d,637d5e5c489c56e1c2c14339f85e70c1c89851902fdbe0056e5050896faba74f,8250fdca6e36610c111d77f1f3924f806f6b98301366d7b7ecffe3c351b21a8f,benchmark_oracle_from_y,False
balance_scale,self_null_lam0.5_rm0.5_si0.3,self_null,0.5,0.5,0.3,7,5,completed,0,<local_data_root>/result/V12/v12_topology_search_stage3_2026-08-04/balance_scale/self_null_lam0.5_rm0.5_si0.3/seed_7,<local_data_root>/result/V12/v12_topology_search_stage3_2026-08-04/balance_scale/self_null_lam0.5_rm0.5_si0.3/seed_7/summary.json,<local_data_root>/result/V12/v12_topology_search_stage3_2026-08-04/balance_scale/self_null_lam0.5_rm0.5_si0.3/seed_7/run.log,0.09374381387802716,0.08859121983864311,0.4624,0.4398083640578174,0.5776211023330688,1.469731330871582,4.373296737670898,0.013930673028031988,0.16633199596156678,0.75,0.3302844677120447,0.6143942316373189,<local_data_root>/datasets/AHDPC/processed/balance_scale.npz,aebeaa2574dc6f01651d1f13c1b354d7d19373d7cff8975d0ed05b63a5cf883b,e60f65d21bf9a18f9659b21106acb4503522ac6ae9aa20f4f07490461741cd3d,637d5e5c489c56e1c2c14339f85e70c1c89851902fdbe0056e5050896faba74f,8250fdca6e36610c111d77f1f3924f806f6b98301366d7b7ecffe3c351b21a8f,benchmark_oracle_from_y,False
balance_scale,self_null_lam0.5_rm0.5_si0.3,self_null,0.5,0.5,0.3,42,1,completed,0,<local_data_root>/result/V12/v12_topology_search_stage3_2026-08-04/balance_scale/self_null_lam0.5_rm0.5_si0.3/seed_42,<local_data_root>/result/V12/v12_topology_search_stage3_2026-08-04/balance_scale/self_null_lam0.5_rm0.5_si0.3/seed_42/summary.json,<local_data_root>/result/V12/v12_topology_search_stage3_2026-08-04/balance_scale/self_null_lam0.5_rm0.5_si0.3/seed_42/run.log,0.15536035027120643,0.13720962050760963,0.52,0.4768630323050696,0.6037712097167969,1.4897212982177734,4.454023361206055,0.014114456049477062,0.17069298637410008,0.75,0.3310024968038003,0.6150160411993664,<local_data_root>/datasets/AHDPC/processed/balance_scale.npz,aebeaa2574dc6f01651d1f13c1b354d7d19373d7cff8975d0ed05b63a5cf883b,e60f65d21bf9a18f9659b21106acb4503522ac6ae9aa20f4f07490461741cd3d,637d5e5c489c56e1c2c14339f85e70c1c89851902fdbe0056e5050896faba74f,8250fdca6e36610c111d77f1f3924f806f6b98301366d7b7ecffe3c351b21a8f,benchmark_oracle_from_y,False
balance_scale,self_null_lam0.5_rm0.5_si0.3,self_null,0.5,0.5,0.3,123,4,completed,0,<local_data_root>/result/V12/v12_topology_search_stage3_2026-08-04/balance_scale/self_null_lam0.5_rm0.5_si0.3/seed_123,<local_data_root>/result/V12/v12_topology_search_stage3_2026-08-04/balance_scale/self_null_lam0.5_rm0.5_si0.3/seed_123/summary.json,<local_data_root>/result/V12/v12_topology_search_stage3_2026-08-04/balance_scale/self_null_lam0.5_rm0.5_si0.3/seed_123/run.log,0.1780831784962723,0.15241741175272217,0.5712,0.4959221652683821,0.5744959712028503,1.482040524482727,4.423344135284424,0.013544239181404311,0.16298925438895823,0.75,0.3275295303513606,0.6125303782522679,<local_data_root>/datasets/AHDPC/processed/balance_scale.npz,aebeaa2574dc6f01651d1f13c1b354d7d19373d7cff8975d0ed05b63a5cf883b,e60f65d21bf9a18f9659b21106acb4503522ac6ae9aa20f4f07490461741cd3d,637d5e5c489c56e1c2c14339f85e70c1c89851902fdbe0056e5050896faba74f,8250fdca6e36610c111d77f1f3924f806f6b98301366d7b7ecffe3c351b21a8f,benchmark_oracle_from_y,False
balance_scale,self_null_lam0.5_rm0.5_si0.5,self_null,0.5,0.5,0.5,7,5,completed,0,<local_data_root>/result/V12/v12_topology_search_stage3_2026-08-04/balance_scale/self_null_lam0.5_rm0.5_si0.5/seed_7,<local_data_root>/result/V12/v12_topology_search_stage3_2026-08-04/balance_scale/self_null_lam0.5_rm0.5_si0.5/seed_7/summary.json,<local_data_root>/result/V12/v12_topology_search_stage3_2026-08-04/balance_scale/self_null_lam0.5_rm0.5_si0.5/seed_7/run.log,0.09570815865220583,0.09021101427762629,0.464,0.44095492539883535,0.597424328327179,1.4698883295059204,4.3739333152771,0.01394714864436537,0.1663303063561519,0.75,0.330284900094072,0.6143969980378946,<local_data_root>/datasets/AHDPC/processed/balance_scale.npz,aebeaa2574dc6f01651d1f13c1b354d7d19373d7cff8975d0ed05b63a5cf883b,e60f65d21bf9a18f9659b21106acb4503522ac6ae9aa20f4f07490461741cd3d,637d5e5c489c56e1c2c14339f85e70c1c89851902fdbe0056e5050896faba74f,8250fdca6e36610c111d77f1f3924f806f6b98301366d7b7ecffe3c351b21a8f,benchmark_oracle_from_y,False
balance_scale,self_null_lam0.5_rm0.5_si0.5,self_null,0.5,0.5,0.5,42,1,completed,0,<local_data_root>/result/V12/v12_topology_search_stage3_2026-08-04/balance_scale/self_null_lam0.5_rm0.5_si0.5/seed_42,<local_data_root>/result/V12/v12_topology_search_stage3_2026-08-04/balance_scale/self_null_lam0.5_rm0.5_si0.5/seed_42/summary.json,<local_data_root>/result/V12/v12_topology_search_stage3_2026-08-04/balance_scale/self_null_lam0.5_rm0.5_si0.5/seed_42/run.log,0.16148347379867947,0.14146536421250083,0.5248,0.48069896708280047,0.6134976744651794,1.4897382259368896,4.454098224639893,0.014129040103095273,0.17070196646576127,0.75,0.33100283394257224,0.6150148342053096,<local_data_root>/datasets/AHDPC/processed/balance_scale.npz,aebeaa2574dc6f01651d1f13c1b354d7d19373d7cff8975d0ed05b63a5cf883b,e60f65d21bf9a18f9659b21106acb4503522ac6ae9aa20f4f07490461741cd3d,637d5e5c489c56e1c2c14339f85e70c1c89851902fdbe0056e5050896faba74f,8250fdca6e36610c111d77f1f3924f806f6b98301366d7b7ecffe3c351b21a8f,benchmark_oracle_from_y,False
balance_scale,self_null_lam0.5_rm0.5_si0.5,self_null,0.5,0.5,0.5,123,4,completed,0,<local_data_root>/result/V12/v12_topology_search_stage3_2026-08-04/balance_scale/self_null_lam0.5_rm0.5_si0.5/seed_123,<local_data_root>/result/V12/v12_topology_search_stage3_2026-08-04/balance_scale/self_null_lam0.5_rm0.5_si0.5/seed_123/summary.json,<local_data_root>/result/V12/v12_topology_search_stage3_2026-08-04/balance_scale/self_null_lam0.5_rm0.5_si0.5/seed_123/run.log,0.1780831784962723,0.15241741175272217,0.5712,0.4959221652683821,0.5669467449188232,1.4821027517318726,4.423606872558594,0.013540277125624316,0.16296357282747825,0.75,0.3275297806908687,0.6125294533868629,<local_data_root>/datasets/AHDPC/processed/balance_scale.npz,aebeaa2574dc6f01651d1f13c1b354d7d19373d7cff8975d0ed05b63a5cf883b,e60f65d21bf9a18f9659b21106acb4503522ac6ae9aa20f4f07490461741cd3d,637d5e5c489c56e1c2c14339f85e70c1c89851902fdbe0056e5050896faba74f,8250fdca6e36610c111d77f1f3924f806f6b98301366d7b7ecffe3c351b21a8f,benchmark_oracle_from_y,False
balance_scale,self_null_lam0.5_rm1.0_si0.3,self_null,0.5,1.0,0.3,7,5,completed,0,<local_data_root>/result/V12/v12_topology_search_stage3_2026-08-04/balance_scale/self_null_lam0.5_rm1.0_si0.3/seed_7,<local_data_root>/result/V12/v12_topology_search_stage3_2026-08-04/balance_scale/self_null_lam0.5_rm1.0_si0.3/seed_7/summary.json,<local_data_root>/result/V12/v12_topology_search_stage3_2026-08-04/balance_scale/self_null_lam0.5_rm1.0_si0.3/seed_7/run.log,0.09570815865220583,0.09021101427762629,0.464,0.44095492539883535,0.5996196866035461,1.385694980621338,4.056351661682129,0.013927489705383777,0.39267319204906626,0.75,0.33028493088980515,0.6143939892450968,<local_data_root>/datasets/AHDPC/processed/balance_scale.npz,aebeaa2574dc6f01651d1f13c1b354d7d19373d7cff8975d0ed05b63a5cf883b,e60f65d21bf9a18f9659b21106acb4503522ac6ae9aa20f4f07490461741cd3d,637d5e5c489c56e1c2c14339f85e70c1c89851902fdbe0056e5050896faba74f,8250fdca6e36610c111d77f1f3924f806f6b98301366d7b7ecffe3c351b21a8f,benchmark_oracle_from_y,False
balance_scale,self_null_lam0.5_rm1.0_si0.3,self_null,0.5,1.0,0.3,42,1,completed,0,<local_data_root>/result/V12/v12_topology_search_stage3_2026-08-04/balance_scale/self_null_lam0.5_rm1.0_si0.3/seed_42,<local_data_root>/result/V12/v12_topology_search_stage3_2026-08-04/balance_scale/self_null_lam0.5_rm1.0_si0.3/seed_42/summary.json,<local_data_root>/result/V12/v12_topology_search_stage3_2026-08-04/balance_scale/self_null_lam0.5_rm1.0_si0.3/seed_42/run.log,0.15536035027120643,0.13720962050760963,0.52,0.4768630323050696,0.6245269775390625,1.4015413522720337,4.112448215484619,0.014111021110632765,0.3987308001766602,0.75,0.3310028253744046,0.6150157240529855,<local_data_root>/datasets/AHDPC/processed/balance_scale.npz,aebeaa2574dc6f01651d1f13c1b354d7d19373d7cff8975d0ed05b63a5cf883b,e60f65d21bf9a18f9659b21106acb4503522ac6ae9aa20f4f07490461741cd3d,637d5e5c489c56e1c2c14339f85e70c1c89851902fdbe0056e5050896faba74f,8250fdca6e36610c111d77f1f3924f806f6b98301366d7b7ecffe3c351b21a8f,benchmark_oracle_from_y,False
balance_scale,self_null_lam0.5_rm1.0_si0.3,self_null,0.5,1.0,0.3,123,4,completed,0,<local_data_root>/result/V12/v12_topology_search_stage3_2026-08-04/balance_scale/self_null_lam0.5_rm1.0_si0.3/seed_123,<local_data_root>/result/V12/v12_topology_search_stage3_2026-08-04/balance_scale/self_null_lam0.5_rm1.0_si0.3/seed_123/summary.json,<local_data_root>/result/V12/v12_topology_search_stage3_2026-08-04/balance_scale/self_null_lam0.5_rm1.0_si0.3/seed_123/run.log,0.1780831784962723,0.15241741175272217,0.5712,0.4959221652683821,0.5889664888381958,1.4069421291351318,4.13210391998291,0.013541933075369647,0.38989124024907745,0.75,0.32752991120020547,0.6125301790734132,<local_data_root>/datasets/AHDPC/processed/balance_scale.npz,aebeaa2574dc6f01651d1f13c1b354d7d19373d7cff8975d0ed05b63a5cf883b,e60f65d21bf9a18f9659b21106acb4503522ac6ae9aa20f4f07490461741cd3d,637d5e5c489c56e1c2c14339f85e70c1c89851902fdbe0056e5050896faba74f,8250fdca6e36610c111d77f1f3924f806f6b98301366d7b7ecffe3c351b21a8f,benchmark_oracle_from_y,False
balance_scale,self_null_lam0.5_rm1.0_si0.5,self_null,0.5,1.0,0.5,7,5,completed,0,<local_data_root>/result/V12/v12_topology_search_stage3_2026-08-04/balance_scale/self_null_lam0.5_rm1.0_si0.5/seed_7,<local_data_root>/result/V12/v12_topology_search_stage3_2026-08-04/balance_scale/self_null_lam0.5_rm1.0_si0.5/seed_7/summary.json,<local_data_root>/result/V12/v12_topology_search_stage3_2026-08-04/balance_scale/self_null_lam0.5_rm1.0_si0.5/seed_7/run.log,0.09570815865220583,0.09021101427762629,0.464,0.44095492539883535,0.6226714849472046,1.385642170906067,4.056160926818848,0.013943285510564845,0.3926763297369083,0.75,0.33028542312482995,0.6143967308104038,<local_data_root>/datasets/AHDPC/processed/balance_scale.npz,aebeaa2574dc6f01651d1f13c1b354d7d19373d7cff8975d0ed05b63a5cf883b,e60f65d21bf9a18f9659b21106acb4503522ac6ae9aa20f4f07490461741cd3d,637d5e5c489c56e1c2c14339f85e70c1c89851902fdbe0056e5050896faba74f,8250fdca6e36610c111d77f1f3924f806f6b98301366d7b7ecffe3c351b21a8f,benchmark_oracle_from_y,False
balance_scale,self_null_lam0.5_rm1.0_si0.5,self_null,0.5,1.0,0.5,42,1,completed,0,<local_data_root>/result/V12/v12_topology_search_stage3_2026-08-04/balance_scale/self_null_lam0.5_rm1.0_si0.5/seed_42,<local_data_root>/result/V12/v12_topology_search_stage3_2026-08-04/balance_scale/self_null_lam0.5_rm1.0_si0.5/seed_42/summary.json,<local_data_root>/result/V12/v12_topology_search_stage3_2026-08-04/balance_scale/self_null_lam0.5_rm1.0_si0.5/seed_42/run.log,0.16148347379867947,0.14146536421250083,0.5248,0.48069896708280047,0.6438880562782288,1.401490569114685,4.112262725830078,0.014125606852273149,0.39875094033777714,0.75,0.3310031831264496,0.6150145200391611,<local_data_root>/datasets/AHDPC/processed/balance_scale.npz,aebeaa2574dc6f01651d1f13c1b354d7d19373d7cff8975d0ed05b63a5cf883b,e60f65d21bf9a18f9659b21106acb4503522ac6ae9aa20f4f07490461741cd3d,637d5e5c489c56e1c2c14339f85e70c1c89851902fdbe0056e5050896faba74f,8250fdca6e36610c111d77f1f3924f806f6b98301366d7b7ecffe3c351b21a8f,benchmark_oracle_from_y,False
balance_scale,self_null_lam0.5_rm1.0_si0.5,self_null,0.5,1.0,0.5,123,4,completed,0,<local_data_root>/result/V12/v12_topology_search_stage3_2026-08-04/balance_scale/self_null_lam0.5_rm1.0_si0.5/seed_123,<local_data_root>/result/V12/v12_topology_search_stage3_2026-08-04/balance_scale/self_null_lam0.5_rm1.0_si0.5/seed_123/summary.json,<local_data_root>/result/V12/v12_topology_search_stage3_2026-08-04/balance_scale/self_null_lam0.5_rm1.0_si0.5/seed_123/run.log,0.1780831784962723,0.15241741175272217,0.5712,0.4959221652683821,0.5887061357498169,1.4069169759750366,4.132009983062744,0.01353468066469456,0.3898952612032493,0.75,0.32753026274343333,0.6125292544563611,<local_data_root>/datasets/AHDPC/processed/balance_scale.npz,aebeaa2574dc6f01651d1f13c1b354d7d19373d7cff8975d0ed05b63a5cf883b,e60f65d21bf9a18f9659b21106acb4503522ac6ae9aa20f4f07490461741cd3d,637d5e5c489c56e1c2c14339f85e70c1c89851902fdbe0056e5050896faba74f,8250fdca6e36610c111d77f1f3924f806f6b98301366d7b7ecffe3c351b21a8f,benchmark_oracle_from_y,False
flame,edge_only_lam0.3_rm0.5,edge_only,0.3,0.5,0.8,7,5,completed,0,<local_data_root>/result/V12/v12_topology_search_stage3_2026-08-04/flame/edge_only_lam0.3_rm0.5/seed_7,<local_data_root>/result/V12/v12_topology_search_stage3_2026-08-04/flame/edge_only_lam0.3_rm0.5/seed_7/summary.json,<local_data_root>/result/V12/v12_topology_search_stage3_2026-08-04/flame/edge_only_lam0.3_rm0.5/seed_7/run.log,0.49955115517715365,0.4301272113590202,0.8541666666666666,0.7592350984001888,0.0,1.5916709899902344,4.912753582000732,0.014901441975962371,0.31600036807358267,0.75,0.335985903814435,0.6191665738821029,<local_data_root>/datasets/AHDPC/processed/flame.npz,045e1826ad81f23942c2c37f8855b7b56d1351d11376eba61a5211f2dbe3ab52,e60f65d21bf9a18f9659b21106acb4503522ac6ae9aa20f4f07490461741cd3d,637d5e5c489c56e1c2c14339f85e70c1c89851902fdbe0056e5050896faba74f,8250fdca6e36610c111d77f1f3924f806f6b98301366d7b7ecffe3c351b21a8f,benchmark_oracle_from_y,False
flame,edge_only_lam0.3_rm0.5,edge_only,0.3,0.5,0.8,42,1,completed,0,<local_data_root>/result/V12/v12_topology_search_stage3_2026-08-04/flame/edge_only_lam0.3_rm0.5/seed_42,<local_data_root>/result/V12/v12_topology_search_stage3_2026-08-04/flame/edge_only_lam0.3_rm0.5/seed_42/summary.json,<local_data_root>/result/V12/v12_topology_search_stage3_2026-08-04/flame/edge_only_lam0.3_rm0.5/seed_42/run.log,0.4997914953192624,0.4762295097749414,0.8541666666666666,0.7585425462553981,0.0,1.5898323059082031,4.903753757476807,0.015097187622450292,0.3109190918505192,0.75,0.32813927382230756,0.6157149389386177,<local_data_root>/datasets/AHDPC/processed/flame.npz,045e1826ad81f23942c2c37f8855b7b56d1351d11376eba61a5211f2dbe3ab52,e60f65d21bf9a18f9659b21106acb4503522ac6ae9aa20f4f07490461741cd3d,637d5e5c489c56e1c2c14339f85e70c1c89851902fdbe0056e5050896faba74f,8250fdca6e36610c111d77f1f3924f806f6b98301366d7b7ecffe3c351b21a8f,benchmark_oracle_from_y,False
flame,edge_only_lam0.3_rm0.5,edge_only,0.3,0.5,0.8,123,4,completed,0,<local_data_root>/result/V12/v12_topology_search_stage3_2026-08-04/flame/edge_only_lam0.3_rm0.5/seed_123,<local_data_root>/result/V12/v12_topology_search_stage3_2026-08-04/flame/edge_only_lam0.3_rm0.5/seed_123/summary.json,<local_data_root>/result/V12/v12_topology_search_stage3_2026-08-04/flame/edge_only_lam0.3_rm0.5/seed_123/run.log,0.5111724059790677,0.42301368895254887,0.8583333333333333,0.7658690107367746,0.0,1.5925869941711426,4.917267799377441,0.014128319744486362,0.3138550754636526,0.75,0.33066042698919773,0.6141711235046386,<local_data_root>/datasets/AHDPC/processed/flame.npz,045e1826ad81f23942c2c37f8855b7b56d1351d11376eba61a5211f2dbe3ab52,e60f65d21bf9a18f9659b21106acb4503522ac6ae9aa20f4f07490461741cd3d,637d5e5c489c56e1c2c14339f85e70c1c89851902fdbe0056e5050896faba74f,8250fdca6e36610c111d77f1f3924f806f6b98301366d7b7ecffe3c351b21a8f,benchmark_oracle_from_y,False
flame,edge_only_lam0.3_rm1.0,edge_only,0.3,1.0,0.8,7,5,completed,0,<local_data_root>/result/V12/v12_topology_search_stage3_2026-08-04/flame/edge_only_lam0.3_rm1.0/seed_7,<local_data_root>/result/V12/v12_topology_search_stage3_2026-08-04/flame/edge_only_lam0.3_rm1.0/seed_7/summary.json,<local_data_root>/result/V12/v12_topology_search_stage3_2026-08-04/flame/edge_only_lam0.3_rm1.0/seed_7/run.log,0.49955115517715365,0.4301272113590202,0.8541666666666666,0.7592350984001888,0.0,1.5877739191055298,4.8941168785095215,0.01490143098635599,0.6873630866408348,0.75,0.3359859142452478,0.6191665783524514,<local_data_root>/datasets/AHDPC/processed/flame.npz,045e1826ad81f23942c2c37f8855b7b56d1351d11376eba61a5211f2dbe3ab52,e60f65d21bf9a18f9659b21106acb4503522ac6ae9aa20f4f07490461741cd3d,637d5e5c489c56e1c2c14339f85e70c1c89851902fdbe0056e5050896faba74f,8250fdca6e36610c111d77f1f3924f806f6b98301366d7b7ecffe3c351b21a8f,benchmark_oracle_from_y,False
flame,edge_only_lam0.3_rm1.0,edge_only,0.3,1.0,0.8,42,1,completed,0,<local_data_root>/result/V12/v12_topology_search_stage3_2026-08-04/flame/edge_only_lam0.3_rm1.0/seed_42,<local_data_root>/result/V12/v12_topology_search_stage3_2026-08-04/flame/edge_only_lam0.3_rm1.0/seed_42/summary.json,<local_data_root>/result/V12/v12_topology_search_stage3_2026-08-04/flame/edge_only_lam0.3_rm1.0/seed_42/run.log,0.4997914953192624,0.4762295097749414,0.8541666666666666,0.7585425462553981,0.0,1.5860141515731812,4.885529041290283,0.015097447612788528,0.6821152739226818,0.75,0.32813927307724955,0.6157149381935596,<local_data_root>/datasets/AHDPC/processed/flame.npz,045e1826ad81f23942c2c37f8855b7b56d1351d11376eba61a5211f2dbe3ab52,e60f65d21bf9a18f9659b21106acb4503522ac6ae9aa20f4f07490461741cd3d,637d5e5c489c56e1c2c14339f85e70c1c89851902fdbe0056e5050896faba74f,8250fdca6e36610c111d77f1f3924f806f6b98301366d7b7ecffe3c351b21a8f,benchmark_oracle_from_y,False
flame,edge_only_lam0.3_rm1.0,edge_only,0.3,1.0,0.8,123,4,completed,0,<local_data_root>/result/V12/v12_topology_search_stage3_2026-08-04/flame/edge_only_lam0.3_rm1.0/seed_123,<local_data_root>/result/V12/v12_topology_search_stage3_2026-08-04/flame/edge_only_lam0.3_rm1.0/seed_123/summary.json,<local_data_root>/result/V12/v12_topology_search_stage3_2026-08-04/flame/edge_only_lam0.3_rm1.0/seed_123/run.log,0.5111724059790677,0.42301368895254887,0.8583333333333333,0.7658690107367746,0.0,1.5860379934310913,4.886053085327148,0.014128607138991356,0.6833174958825111,0.75,0.33066043071448803,0.6141711249947548,<local_data_root>/datasets/AHDPC/processed/flame.npz,045e1826ad81f23942c2c37f8855b7b56d1351d11376eba61a5211f2dbe3ab52,e60f65d21bf9a18f9659b21106acb4503522ac6ae9aa20f4f07490461741cd3d,637d5e5c489c56e1c2c14339f85e70c1c89851902fdbe0056e5050896faba74f,8250fdca6e36610c111d77f1f3924f806f6b98301366d7b7ecffe3c351b21a8f,benchmark_oracle_from_y,False
flame,edge_only_lam0.5_rm0.5,edge_only,0.5,0.5,0.8,7,5,completed,0,<local_data_root>/result/V12/v12_topology_search_stage3_2026-08-04/flame/edge_only_lam0.5_rm0.5/seed_7,<local_data_root>/result/V12/v12_topology_search_stage3_2026-08-04/flame/edge_only_lam0.5_rm0.5/seed_7/summary.json,<local_data_root>/result/V12/v12_topology_search_stage3_2026-08-04/flame/edge_only_lam0.5_rm0.5/seed_7/run.log,0.4878122860812521,0.42202818453353413,0.85,0.7534099602244124,0.0,1.591672420501709,4.912760257720947,0.01300858404720202,0.3160065971314907,0.75,0.33600312694907186,0.6191585019230843,<local_data_root>/datasets/AHDPC/processed/flame.npz,045e1826ad81f23942c2c37f8855b7b56d1351d11376eba61a5211f2dbe3ab52,e60f65d21bf9a18f9659b21106acb4503522ac6ae9aa20f4f07490461741cd3d,637d5e5c489c56e1c2c14339f85e70c1c89851902fdbe0056e5050896faba74f,8250fdca6e36610c111d77f1f3924f806f6b98301366d7b7ecffe3c351b21a8f,benchmark_oracle_from_y,False
flame,edge_only_lam0.5_rm0.5,edge_only,0.5,0.5,0.8,42,1,completed,0,<local_data_root>/result/V12/v12_topology_search_stage3_2026-08-04/flame/edge_only_lam0.5_rm0.5/seed_42,<local_data_root>/result/V12/v12_topology_search_stage3_2026-08-04/flame/edge_only_lam0.5_rm0.5/seed_42/summary.json,<local_data_root>/result/V12/v12_topology_search_stage3_2026-08-04/flame/edge_only_lam0.5_rm0.5/seed_42/run.log,0.4997914953192624,0.4762295097749414,0.8541666666666666,0.7585425462553981,0.0,1.5898312330245972,4.903748989105225,0.01324371044174768,0.3109181642532349,0.75,0.3281812764704227,0.6157245561480522,<local_data_root>/datasets/AHDPC/processed/flame.npz,045e1826ad81f23942c2c37f8855b7b56d1351d11376eba61a5211f2dbe3ab52,e60f65d21bf9a18f9659b21106acb4503522ac6ae9aa20f4f07490461741cd3d,637d5e5c489c56e1c2c14339f85e70c1c89851902fdbe0056e5050896faba74f,8250fdca6e36610c111d77f1f3924f806f6b98301366d7b7ecffe3c351b21a8f,benchmark_oracle_from_y,False
flame,edge_only_lam0.5_rm0.5,edge_only,0.5,0.5,0.8,123,4,completed,0,<local_data_root>/result/V12/v12_topology_search_stage3_2026-08-04/flame/edge_only_lam0.5_rm0.5/seed_123,<local_data_root>/result/V12/v12_topology_search_stage3_2026-08-04/flame/edge_only_lam0.5_rm0.5/seed_123/summary.json,<local_data_root>/result/V12/v12_topology_search_stage3_2026-08-04/flame/edge_only_lam0.5_rm0.5/seed_123/run.log,0.5111724059790677,0.42301368895254887,0.8583333333333333,0.7658690107367746,0.0,1.5925875902175903,4.917269706726074,0.012359685311093927,0.31385512091219425,0.75,0.33068578951060773,0.6141598880290985,<local_data_root>/datasets/AHDPC/processed/flame.npz,045e1826ad81f23942c2c37f8855b7b56d1351d11376eba61a5211f2dbe3ab52,e60f65d21bf9a18f9659b21106acb4503522ac6ae9aa20f4f07490461741cd3d,637d5e5c489c56e1c2c14339f85e70c1c89851902fdbe0056e5050896faba74f,8250fdca6e36610c111d77f1f3924f806f6b98301366d7b7ecffe3c351b21a8f,benchmark_oracle_from_y,False
flame,edge_only_lam0.5_rm1.0,edge_only,0.5,1.0,0.8,7,5,completed,0,<local_data_root>/result/V12/v12_topology_search_stage3_2026-08-04/flame/edge_only_lam0.5_rm1.0/seed_7,<local_data_root>/result/V12/v12_topology_search_stage3_2026-08-04/flame/edge_only_lam0.5_rm1.0/seed_7/summary.json,<local_data_root>/result/V12/v12_topology_search_stage3_2026-08-04/flame/edge_only_lam0.5_rm1.0/seed_7/run.log,0.4878122860812521,0.42202818453353413,0.85,0.7534099602244124,0.0,1.5877751111984253,4.894123554229736,0.013008579780580476,0.6873691640794277,0.75,0.3360031433403492,0.6191585011780262,<local_data_root>/datasets/AHDPC/processed/flame.npz,045e1826ad81f23942c2c37f8855b7b56d1351d11376eba61a5211f2dbe3ab52,e60f65d21bf9a18f9659b21106acb4503522ac6ae9aa20f4f07490461741cd3d,637d5e5c489c56e1c2c14339f85e70c1c89851902fdbe0056e5050896faba74f,8250fdca6e36610c111d77f1f3924f806f6b98301366d7b7ecffe3c351b21a8f,benchmark_oracle_from_y,False
flame,edge_only_lam0.5_rm1.0,edge_only,0.5,1.0,0.8,42,1,completed,0,<local_data_root>/result/V12/v12_topology_search_stage3_2026-08-04/flame/edge_only_lam0.5_rm1.0/seed_42,<local_data_root>/result/V12/v12_topology_search_stage3_2026-08-04/flame/edge_only_lam0.5_rm1.0/seed_42/summary.json,<local_data_root>/result/V12/v12_topology_search_stage3_2026-08-04/flame/edge_only_lam0.5_rm1.0/seed_42/run.log,0.4997914953192624,0.4762295097749414,0.8541666666666666,0.7585425462553981,0.0,1.586012601852417,4.88552188873291,0.013243920775130391,0.6821135699748992,0.75,0.32818127535283564,0.6157245539128781,<local_data_root>/datasets/AHDPC/processed/flame.npz,045e1826ad81f23942c2c37f8855b7b56d1351d11376eba61a5211f2dbe3ab52,e60f65d21bf9a18f9659b21106acb4503522ac6ae9aa20f4f07490461741cd3d,637d5e5c489c56e1c2c14339f85e70c1c89851902fdbe0056e5050896faba74f,8250fdca6e36610c111d77f1f3924f806f6b98301366d7b7ecffe3c351b21a8f,benchmark_oracle_from_y,False
flame,edge_only_lam0.5_rm1.0,edge_only,0.5,1.0,0.8,123,4,completed,0,<local_data_root>/result/V12/v12_topology_search_stage3_2026-08-04/flame/edge_only_lam0.5_rm1.0/seed_123,<local_data_root>/result/V12/v12_topology_search_stage3_2026-08-04/flame/edge_only_lam0.5_rm1.0/seed_123/summary.json,<local_data_root>/result/V12/v12_topology_search_stage3_2026-08-04/flame/edge_only_lam0.5_rm1.0/seed_123/run.log,0.5111724059790677,0.42301368895254887,0.8583333333333333,0.7658690107367746,0.0,1.58603835105896,4.886054515838623,0.012359907373320312,0.6833173908293247,0.75,0.33068579733371734,0.6141598865389823,<local_data_root>/datasets/AHDPC/processed/flame.npz,045e1826ad81f23942c2c37f8855b7b56d1351d11376eba61a5211f2dbe3ab52,e60f65d21bf9a18f9659b21106acb4503522ac6ae9aa20f4f07490461741cd3d,637d5e5c489c56e1c2c14339f85e70c1c89851902fdbe0056e5050896faba74f,8250fdca6e36610c111d77f1f3924f806f6b98301366d7b7ecffe3c351b21a8f,benchmark_oracle_from_y,False
flame,self_null_lam0.3_rm0.5_si0.3,self_null,0.3,0.5,0.3,7,5,completed,0,<local_data_root>/result/V12/v12_topology_search_stage3_2026-08-04/flame/self_null_lam0.3_rm0.5_si0.3/seed_7,<local_data_root>/result/V12/v12_topology_search_stage3_2026-08-04/flame/self_null_lam0.3_rm0.5_si0.3/seed_7/summary.json,<local_data_root>/result/V12/v12_topology_search_stage3_2026-08-04/flame/self_null_lam0.3_rm0.5_si0.3/seed_7/run.log,0.49955115517715365,0.4301272113590202,0.8541666666666666,0.7592350984001888,0.4697514772415161,1.5916768312454224,4.912782669067383,0.014112565375398844,0.31603383608162405,0.75,0.335985416918993,0.61917415112257,<local_data_root>/datasets/AHDPC/processed/flame.npz,045e1826ad81f23942c2c37f8855b7b56d1351d11376eba61a5211f2dbe3ab52,e60f65d21bf9a18f9659b21106acb4503522ac6ae9aa20f4f07490461741cd3d,637d5e5c489c56e1c2c14339f85e70c1c89851902fdbe0056e5050896faba74f,8250fdca6e36610c111d77f1f3924f806f6b98301366d7b7ecffe3c351b21a8f,benchmark_oracle_from_y,False
flame,self_null_lam0.3_rm0.5_si0.3,self_null,0.3,0.5,0.3,42,1,completed,0,<local_data_root>/result/V12/v12_topology_search_stage3_2026-08-04/flame/self_null_lam0.3_rm0.5_si0.3/seed_42,<local_data_root>/result/V12/v12_topology_search_stage3_2026-08-04/flame/self_null_lam0.3_rm0.5_si0.3/seed_42/summary.json,<local_data_root>/result/V12/v12_topology_search_stage3_2026-08-04/flame/self_null_lam0.3_rm0.5_si0.3/seed_42/run.log,0.4997914953192624,0.4762295097749414,0.8541666666666666,0.7585425462553981,0.5088548064231873,1.5898343324661255,4.9037628173828125,0.0142215300060343,0.31091040596365926,0.75,0.3281402841210365,0.6157238312065602,<local_data_root>/datasets/AHDPC/processed/flame.npz,045e1826ad81f23942c2c37f8855b7b56d1351d11376eba61a5211f2dbe3ab52,e60f65d21bf9a18f9659b21106acb4503522ac6ae9aa20f4f07490461741cd3d,637d5e5c489c56e1c2c14339f85e70c1c89851902fdbe0056e5050896faba74f,8250fdca6e36610c111d77f1f3924f806f6b98301366d7b7ecffe3c351b21a8f,benchmark_oracle_from_y,False
flame,self_null_lam0.3_rm0.5_si0.3,self_null,0.3,0.5,0.3,123,4,completed,0,<local_data_root>/result/V12/v12_topology_search_stage3_2026-08-04/flame/self_null_lam0.3_rm0.5_si0.3/seed_123,<local_data_root>/result/V12/v12_topology_search_stage3_2026-08-04/flame/self_null_lam0.3_rm0.5_si0.3/seed_123/summary.json,<local_data_root>/result/V12/v12_topology_search_stage3_2026-08-04/flame/self_null_lam0.3_rm0.5_si0.3/seed_123/run.log,0.5111724059790677,0.42301368895254887,0.8583333333333333,0.7658690107367746,0.38557103276252747,1.5926035642623901,4.917346000671387,0.013333305076230317,0.31383987367153166,0.75,0.33066279217600825,0.6141754701733589,<local_data_root>/datasets/AHDPC/processed/flame.npz,045e1826ad81f23942c2c37f8855b7b56d1351d11376eba61a5211f2dbe3ab52,e60f65d21bf9a18f9659b21106acb4503522ac6ae9aa20f4f07490461741cd3d,637d5e5c489c56e1c2c14339f85e70c1c89851902fdbe0056e5050896faba74f,8250fdca6e36610c111d77f1f3924f806f6b98301366d7b7ecffe3c351b21a8f,benchmark_oracle_from_y,False
flame,self_null_lam0.3_rm0.5_si0.5,self_null,0.3,0.5,0.5,7,5,completed,0,<local_data_root>/result/V12/v12_topology_search_stage3_2026-08-04/flame/self_null_lam0.3_rm0.5_si0.5/seed_7,<local_data_root>/result/V12/v12_topology_search_stage3_2026-08-04/flame/self_null_lam0.3_rm0.5_si0.5/seed_7/summary.json,<local_data_root>/result/V12/v12_topology_search_stage3_2026-08-04/flame/self_null_lam0.3_rm0.5_si0.5/seed_7/run.log,0.49955115517715365,0.4301272113590202,0.8541666666666666,0.7592350984001888,0.6137791275978088,1.5916740894317627,4.912768363952637,0.013953370891977101,0.31601609513163564,0.75,0.33598488867282866,0.6191789641976356,<local_data_root>/datasets/AHDPC/processed/flame.npz,045e1826ad81f23942c2c37f8855b7b56d1351d11376eba61a5211f2dbe3ab52,e60f65d21bf9a18f9659b21106acb4503522ac6ae9aa20f4f07490461741cd3d,637d5e5c489c56e1c2c14339f85e70c1c89851902fdbe0056e5050896faba74f,8250fdca6e36610c111d77f1f3924f806f6b98301366d7b7ecffe3c351b21a8f,benchmark_oracle_from_y,False
flame,self_null_lam0.3_rm0.5_si0.5,self_null,0.3,0.5,0.5,42,1,completed,0,<local_data_root>/result/V12/v12_topology_search_stage3_2026-08-04/flame/self_null_lam0.3_rm0.5_si0.5/seed_42,<local_data_root>/result/V12/v12_topology_search_stage3_2026-08-04/flame/self_null_lam0.3_rm0.5_si0.5/seed_42/summary.json,<local_data_root>/result/V12/v12_topology_search_stage3_2026-08-04/flame/self_null_lam0.3_rm0.5_si0.5/seed_42/run.log,0.4997914953192624,0.4762295097749414,0.8541666666666666,0.7585425462553981,0.6439777612686157,1.5898323059082031,4.903753757476807,0.014059572416590527,0.3109131034463644,0.75,0.32814113087952135,0.6157297745347023,<local_data_root>/datasets/AHDPC/processed/flame.npz,045e1826ad81f23942c2c37f8855b7b56d1351d11376eba61a5211f2dbe3ab52,e60f65d21bf9a18f9659b21106acb4503522ac6ae9aa20f4f07490461741cd3d,637d5e5c489c56e1c2c14339f85e70c1c89851902fdbe0056e5050896faba74f,8250fdca6e36610c111d77f1f3924f806f6b98301366d7b7ecffe3c351b21a8f,benchmark_oracle_from_y,False
flame,self_null_lam0.3_rm0.5_si0.5,self_null,0.3,0.5,0.5,123,4,completed,0,<local_data_root>/result/V12/v12_topology_search_stage3_2026-08-04/flame/self_null_lam0.3_rm0.5_si0.5/seed_123,<local_data_root>/result/V12/v12_topology_search_stage3_2026-08-04/flame/self_null_lam0.3_rm0.5_si0.5/seed_123/summary.json,<local_data_root>/result/V12/v12_topology_search_stage3_2026-08-04/flame/self_null_lam0.3_rm0.5_si0.5/seed_123/run.log,0.5111724059790677,0.42301368895254887,0.8583333333333333,0.7658690107367746,0.556814968585968,1.5925918817520142,4.917290210723877,0.013127717224415391,0.31384145095944405,0.75,0.33066462315618994,0.6141783595085144,<local_data_root>/datasets/AHDPC/processed/flame.npz,045e1826ad81f23942c2c37f8855b7b56d1351d11376eba61a5211f2dbe3ab52,e60f65d21bf9a18f9659b21106acb4503522ac6ae9aa20f4f07490461741cd3d,637d5e5c489c56e1c2c14339f85e70c1c89851902fdbe0056e5050896faba74f,8250fdca6e36610c111d77f1f3924f806f6b98301366d7b7ecffe3c351b21a8f,benchmark_oracle_from_y,False
flame,self_null_lam0.3_rm1.0_si0.3,self_null,0.3,1.0,0.3,7,5,completed,0,<local_data_root>/result/V12/v12_topology_search_stage3_2026-08-04/flame/self_null_lam0.3_rm1.0_si0.3/seed_7,<local_data_root>/result/V12/v12_topology_search_stage3_2026-08-04/flame/self_null_lam0.3_rm1.0_si0.3/seed_7/summary.json,<local_data_root>/result/V12/v12_topology_search_stage3_2026-08-04/flame/self_null_lam0.3_rm1.0_si0.3/seed_7/run.log,0.49955115517715365,0.4301272113590202,0.8541666666666666,0.7592350984001888,0.46712353825569153,1.5877734422683716,4.894114971160889,0.014112833025865256,0.6873915925621986,0.75,0.33598541729152204,0.61917415112257,<local_data_root>/datasets/AHDPC/processed/flame.npz,045e1826ad81f23942c2c37f8855b7b56d1351d11376eba61a5211f2dbe3ab52,e60f65d21bf9a18f9659b21106acb4503522ac6ae9aa20f4f07490461741cd3d,637d5e5c489c56e1c2c14339f85e70c1c89851902fdbe0056e5050896faba74f,8250fdca6e36610c111d77f1f3924f806f6b98301366d7b7ecffe3c351b21a8f,benchmark_oracle_from_y,False
flame,self_null_lam0.3_rm1.0_si0.3,self_null,0.3,1.0,0.3,42,1,completed,0,<local_data_root>/result/V12/v12_topology_search_stage3_2026-08-04/flame/self_null_lam0.3_rm1.0_si0.3/seed_42,<local_data_root>/result/V12/v12_topology_search_stage3_2026-08-04/flame/self_null_lam0.3_rm1.0_si0.3/seed_42/summary.json,<local_data_root>/result/V12/v12_topology_search_stage3_2026-08-04/flame/self_null_lam0.3_rm1.0_si0.3/seed_42/run.log,0.4997914953192624,0.4762295097749414,0.8541666666666666,0.7585425462553981,0.509076714515686,1.586011290550232,4.885515213012695,0.014221667527453973,0.6821062862873077,0.75,0.3281402837485075,0.615723830461502,<local_data_root>/datasets/AHDPC/processed/flame.npz,045e1826ad81f23942c2c37f8855b7b56d1351d11376eba61a5211f2dbe3ab52,e60f65d21bf9a18f9659b21106acb4503522ac6ae9aa20f4f07490461741cd3d,637d5e5c489c56e1c2c14339f85e70c1c89851902fdbe0056e5050896faba74f,8250fdca6e36610c111d77f1f3924f806f6b98301366d7b7ecffe3c351b21a8f,benchmark_oracle_from_y,False
flame,self_null_lam0.3_rm1.0_si0.3,self_null,0.3,1.0,0.3,123,4,completed,0,<local_data_root>/result/V12/v12_topology_search_stage3_2026-08-04/flame/self_null_lam0.3_rm1.0_si0.3/seed_123,<local_data_root>/result/V12/v12_topology_search_stage3_2026-08-04/flame/self_null_lam0.3_rm1.0_si0.3/seed_123/summary.json,<local_data_root>/result/V12/v12_topology_search_stage3_2026-08-04/flame/self_null_lam0.3_rm1.0_si0.3/seed_123/run.log,0.5111724059790677,0.42301368895254887,0.8583333333333333,0.7658690107367746,0.3671145737171173,1.5860341787338257,4.886033535003662,0.013335725397337229,0.6833087913691998,0.75,0.33066277876496314,0.6141754664480686,<local_data_root>/datasets/AHDPC/processed/flame.npz,045e1826ad81f23942c2c37f8855b7b56d1351d11376eba61a5211f2dbe3ab52,e60f65d21bf9a18f9659b21106acb4503522ac6ae9aa20f4f07490461741cd3d,637d5e5c489c56e1c2c14339f85e70c1c89851902fdbe0056e5050896faba74f,8250fdca6e36610c111d77f1f3924f806f6b98301366d7b7ecffe3c351b21a8f,benchmark_oracle_from_y,False
flame,self_null_lam0.3_rm1.0_si0.5,self_null,0.3,1.0,0.5,7,5,completed,0,<local_data_root>/result/V12/v12_topology_search_stage3_2026-08-04/flame/self_null_lam0.3_rm1.0_si0.5/seed_7,<local_data_root>/result/V12/v12_topology_search_stage3_2026-08-04/flame/self_null_lam0.3_rm1.0_si0.5/seed_7/summary.json,<local_data_root>/result/V12/v12_topology_search_stage3_2026-08-04/flame/self_null_lam0.3_rm1.0_si0.5/seed_7/run.log,0.49955115517715365,0.4301272113590202,0.8541666666666666,0.7592350984001888,0.611275315284729,1.5877718925476074,4.894106864929199,0.01395352252293378,0.6873750329017639,0.75,0.3359848875552416,0.6191789649426938,<local_data_root>/datasets/AHDPC/processed/flame.npz,045e1826ad81f23942c2c37f8855b7b56d1351d11376eba61a5211f2dbe3ab52,e60f65d21bf9a18f9659b21106acb4503522ac6ae9aa20f4f07490461741cd3d,637d5e5c489c56e1c2c14339f85e70c1c89851902fdbe0056e5050896faba74f,8250fdca6e36610c111d77f1f3924f806f6b98301366d7b7ecffe3c351b21a8f,benchmark_oracle_from_y,False
flame,self_null_lam0.3_rm1.0_si0.5,self_null,0.3,1.0,0.5,42,1,completed,0,<local_data_root>/result/V12/v12_topology_search_stage3_2026-08-04/flame/self_null_lam0.3_rm1.0_si0.5/seed_42,<local_data_root>/result/V12/v12_topology_search_stage3_2026-08-04/flame/self_null_lam0.3_rm1.0_si0.5/seed_42/summary.json,<local_data_root>/result/V12/v12_topology_search_stage3_2026-08-04/flame/self_null_lam0.3_rm1.0_si0.5/seed_42/run.log,0.4997914953192624,0.4762295097749414,0.8541666666666666,0.7585425462553981,0.6441914439201355,1.586011528968811,4.88551664352417,0.014059689111309125,0.6821083568036557,0.75,0.3281411316245794,0.6157297730445862,<local_data_root>/datasets/AHDPC/processed/flame.npz,045e1826ad81f23942c2c37f8855b7b56d1351d11376eba61a5211f2dbe3ab52,e60f65d21bf9a18f9659b21106acb4503522ac6ae9aa20f4f07490461741cd3d,637d5e5c489c56e1c2c14339f85e70c1c89851902fdbe0056e5050896faba74f,8250fdca6e36610c111d77f1f3924f806f6b98301366d7b7ecffe3c351b21a8f,benchmark_oracle_from_y,False
flame,self_null_lam0.3_rm1.0_si0.5,self_null,0.3,1.0,0.5,123,4,completed,0,<local_data_root>/result/V12/v12_topology_search_stage3_2026-08-04/flame/self_null_lam0.3_rm1.0_si0.5/seed_123,<local_data_root>/result/V12/v12_topology_search_stage3_2026-08-04/flame/self_null_lam0.3_rm1.0_si0.5/seed_123/summary.json,<local_data_root>/result/V12/v12_topology_search_stage3_2026-08-04/flame/self_null_lam0.3_rm1.0_si0.5/seed_123/run.log,0.5111724059790677,0.42301368895254887,0.8583333333333333,0.7658690107367746,0.5378568172454834,1.5860283374786377,4.886006832122803,0.013129125093109905,0.6833040565252304,0.75,0.3306646041572094,0.6141783580183983,<local_data_root>/datasets/AHDPC/processed/flame.npz,045e1826ad81f23942c2c37f8855b7b56d1351d11376eba61a5211f2dbe3ab52,e60f65d21bf9a18f9659b21106acb4503522ac6ae9aa20f4f07490461741cd3d,637d5e5c489c56e1c2c14339f85e70c1c89851902fdbe0056e5050896faba74f,8250fdca6e36610c111d77f1f3924f806f6b98301366d7b7ecffe3c351b21a8f,benchmark_oracle_from_y,False
flame,self_null_lam0.5_rm0.5_si0.3,self_null,0.5,0.5,0.3,7,5,completed,0,<local_data_root>/result/V12/v12_topology_search_stage3_2026-08-04/flame/self_null_lam0.5_rm0.5_si0.3/seed_7,<local_data_root>/result/V12/v12_topology_search_stage3_2026-08-04/flame/self_null_lam0.5_rm0.5_si0.3/seed_7/summary.json,<local_data_root>/result/V12/v12_topology_search_stage3_2026-08-04/flame/self_null_lam0.5_rm0.5_si0.3/seed_7/run.log,0.49955115517715365,0.4301272113590202,0.8541666666666666,0.7592350984001888,0.47709161043167114,1.591698408126831,4.9128875732421875,0.012361716665327548,0.31606758013367653,0.75,0.3359996162354946,0.6191685251891613,<local_data_root>/datasets/AHDPC/processed/flame.npz,045e1826ad81f23942c2c37f8855b7b56d1351d11376eba61a5211f2dbe3ab52,e60f65d21bf9a18f9659b21106acb4503522ac6ae9aa20f4f07490461741cd3d,637d5e5c489c56e1c2c14339f85e70c1c89851902fdbe0056e5050896faba74f,8250fdca6e36610c111d77f1f3924f806f6b98301366d7b7ecffe3c351b21a8f,benchmark_oracle_from_y,False
flame,self_null_lam0.5_rm0.5_si0.3,self_null,0.5,0.5,0.3,42,1,completed,0,<local_data_root>/result/V12/v12_topology_search_stage3_2026-08-04/flame/self_null_lam0.5_rm0.5_si0.3/seed_42,<local_data_root>/result/V12/v12_topology_search_stage3_2026-08-04/flame/self_null_lam0.5_rm0.5_si0.3/seed_42/summary.json,<local_data_root>/result/V12/v12_topology_search_stage3_2026-08-04/flame/self_null_lam0.5_rm0.5_si0.3/seed_42/run.log,0.4997914953192624,0.4762295097749414,0.8541666666666666,0.7585425462553981,0.5172007083892822,1.5898396968841553,4.903789043426514,0.012506743078120053,0.31091355681419375,0.75,0.32818178869783876,0.6157339610159397,<local_data_root>/datasets/AHDPC/processed/flame.npz,045e1826ad81f23942c2c37f8855b7b56d1351d11376eba61a5211f2dbe3ab52,e60f65d21bf9a18f9659b21106acb4503522ac6ae9aa20f4f07490461741cd3d,637d5e5c489c56e1c2c14339f85e70c1c89851902fdbe0056e5050896faba74f,8250fdca6e36610c111d77f1f3924f806f6b98301366d7b7ecffe3c351b21a8f,benchmark_oracle_from_y,False
flame,self_null_lam0.5_rm0.5_si0.3,self_null,0.5,0.5,0.3,123,4,completed,0,<local_data_root>/result/V12/v12_topology_search_stage3_2026-08-04/flame/self_null_lam0.5_rm0.5_si0.3/seed_123,<local_data_root>/result/V12/v12_topology_search_stage3_2026-08-04/flame/self_null_lam0.5_rm0.5_si0.3/seed_123/summary.json,<local_data_root>/result/V12/v12_topology_search_stage3_2026-08-04/flame/self_null_lam0.5_rm0.5_si0.3/seed_123/run.log,0.5111724059790677,0.42301368895254887,0.8583333333333333,0.7658690107367746,0.3938469886779785,1.5925849676132202,4.9172563552856445,0.011699602846056223,0.31379408314824103,0.75,0.33068501725792887,0.6141649857163429,<local_data_root>/datasets/AHDPC/processed/flame.npz,045e1826ad81f23942c2c37f8855b7b56d1351d11376eba61a5211f2dbe3ab52,e60f65d21bf9a18f9659b21106acb4503522ac6ae9aa20f4f07490461741cd3d,637d5e5c489c56e1c2c14339f85e70c1c89851902fdbe0056e5050896faba74f,8250fdca6e36610c111d77f1f3924f806f6b98301366d7b7ecffe3c351b21a8f,benchmark_oracle_from_y,False
flame,self_null_lam0.5_rm0.5_si0.5,self_null,0.5,0.5,0.5,7,5,completed,0,<local_data_root>/result/V12/v12_topology_search_stage3_2026-08-04/flame/self_null_lam0.5_rm0.5_si0.5/seed_7,<local_data_root>/result/V12/v12_topology_search_stage3_2026-08-04/flame/self_null_lam0.5_rm0.5_si0.5/seed_7/summary.json,<local_data_root>/result/V12/v12_topology_search_stage3_2026-08-04/flame/self_null_lam0.5_rm0.5_si0.5/seed_7/run.log,0.49955115517715365,0.4301272113590202,0.8541666666666666,0.7592350984001888,0.6150771975517273,1.5916755199432373,4.912775993347168,0.01224022325477563,0.31603488102555277,0.75,0.33599712066352366,0.6191750168800354,<local_data_root>/datasets/AHDPC/processed/flame.npz,045e1826ad81f23942c2c37f8855b7b56d1351d11376eba61a5211f2dbe3ab52,e60f65d21bf9a18f9659b21106acb4503522ac6ae9aa20f4f07490461741cd3d,637d5e5c489c56e1c2c14339f85e70c1c89851902fdbe0056e5050896faba74f,8250fdca6e36610c111d77f1f3924f806f6b98301366d7b7ecffe3c351b21a8f,benchmark_oracle_from_y,False
flame,self_null_lam0.5_rm0.5_si0.5,self_null,0.5,0.5,0.5,42,1,completed,0,<local_data_root>/result/V12/v12_topology_search_stage3_2026-08-04/flame/self_null_lam0.5_rm0.5_si0.5/seed_42,<local_data_root>/result/V12/v12_topology_search_stage3_2026-08-04/flame/self_null_lam0.5_rm0.5_si0.5/seed_42/summary.json,<local_data_root>/result/V12/v12_topology_search_stage3_2026-08-04/flame/self_null_lam0.5_rm0.5_si0.5/seed_42/run.log,0.4997914953192624,0.4762295097749414,0.8541666666666666,0.7585425462553981,0.6471468210220337,1.5898319482803345,4.90375280380249,0.012376673432299867,0.31091084741055963,0.75,0.3281825616955757,0.6157407313585281,<local_data_root>/datasets/AHDPC/processed/flame.npz,045e1826ad81f23942c2c37f8855b7b56d1351d11376eba61a5211f2dbe3ab52,e60f65d21bf9a18f9659b21106acb4503522ac6ae9aa20f4f07490461741cd3d,637d5e5c489c56e1c2c14339f85e70c1c89851902fdbe0056e5050896faba74f,8250fdca6e36610c111d77f1f3924f806f6b98301366d7b7ecffe3c351b21a8f,benchmark_oracle_from_y,False
flame,self_null_lam0.5_rm0.5_si0.5,self_null,0.5,0.5,0.5,123,4,completed,0,<local_data_root>/result/V12/v12_topology_search_stage3_2026-08-04/flame/self_null_lam0.5_rm0.5_si0.5/seed_123,<local_data_root>/result/V12/v12_topology_search_stage3_2026-08-04/flame/self_null_lam0.5_rm0.5_si0.5/seed_123/summary.json,<local_data_root>/result/V12/v12_topology_search_stage3_2026-08-04/flame/self_null_lam0.5_rm0.5_si0.5/seed_123/run.log,0.5111724059790677,0.42301368895254887,0.8583333333333333,0.7658690107367746,0.5628515481948853,1.5925995111465454,4.917326927185059,0.011539598577655852,0.3138455465435982,0.75,0.3306852404028177,0.6141684897243976,<local_data_root>/datasets/AHDPC/processed/flame.npz,045e1826ad81f23942c2c37f8855b7b56d1351d11376eba61a5211f2dbe3ab52,e60f65d21bf9a18f9659b21106acb4503522ac6ae9aa20f4f07490461741cd3d,637d5e5c489c56e1c2c14339f85e70c1c89851902fdbe0056e5050896faba74f,8250fdca6e36610c111d77f1f3924f806f6b98301366d7b7ecffe3c351b21a8f,benchmark_oracle_from_y,False
flame,self_null_lam0.5_rm1.0_si0.3,self_null,0.5,1.0,0.3,7,5,completed,0,<local_data_root>/result/V12/v12_topology_search_stage3_2026-08-04/flame/self_null_lam0.5_rm1.0_si0.3/seed_7,<local_data_root>/result/V12/v12_topology_search_stage3_2026-08-04/flame/self_null_lam0.5_rm1.0_si0.3/seed_7/summary.json,<local_data_root>/result/V12/v12_topology_search_stage3_2026-08-04/flame/self_null_lam0.5_rm1.0_si0.3/seed_7/run.log,0.49955115517715365,0.4301272113590202,0.8541666666666666,0.7592350984001888,0.47446027398109436,1.5877761840820312,4.894129276275635,0.01236191593343392,0.68742208853364,0.75,0.3359996177256107,0.6191685244441032,<local_data_root>/datasets/AHDPC/processed/flame.npz,045e1826ad81f23942c2c37f8855b7b56d1351d11376eba61a5211f2dbe3ab52,e60f65d21bf9a18f9659b21106acb4503522ac6ae9aa20f4f07490461741cd3d,637d5e5c489c56e1c2c14339f85e70c1c89851902fdbe0056e5050896faba74f,8250fdca6e36610c111d77f1f3924f806f6b98301366d7b7ecffe3c351b21a8f,benchmark_oracle_from_y,False
flame,self_null_lam0.5_rm1.0_si0.3,self_null,0.5,1.0,0.3,42,1,completed,0,<local_data_root>/result/V12/v12_topology_search_stage3_2026-08-04/flame/self_null_lam0.5_rm1.0_si0.3/seed_42,<local_data_root>/result/V12/v12_topology_search_stage3_2026-08-04/flame/self_null_lam0.5_rm1.0_si0.3/seed_42/summary.json,<local_data_root>/result/V12/v12_topology_search_stage3_2026-08-04/flame/self_null_lam0.5_rm1.0_si0.3/seed_42/run.log,0.4997914953192624,0.4762295097749414,0.8541666666666666,0.7585425462553981,0.5173794627189636,1.5860151052474976,4.885534286499023,0.012506856134859846,0.6821114316582679,0.75,0.3281817898154259,0.6157339632511138,<local_data_root>/datasets/AHDPC/processed/flame.npz,045e1826ad81f23942c2c37f8855b7b56d1351d11376eba61a5211f2dbe3ab52,e60f65d21bf9a18f9659b21106acb4503522ac6ae9aa20f4f07490461741cd3d,637d5e5c489c56e1c2c14339f85e70c1c89851902fdbe0056e5050896faba74f,8250fdca6e36610c111d77f1f3924f806f6b98301366d7b7ecffe3c351b21a8f,benchmark_oracle_from_y,False
flame,self_null_lam0.5_rm1.0_si0.3,self_null,0.5,1.0,0.3,123,4,completed,0,<local_data_root>/result/V12/v12_topology_search_stage3_2026-08-04/flame/self_null_lam0.5_rm1.0_si0.3/seed_123,<local_data_root>/result/V12/v12_topology_search_stage3_2026-08-04/flame/self_null_lam0.5_rm1.0_si0.3/seed_123/summary.json,<local_data_root>/result/V12/v12_topology_search_stage3_2026-08-04/flame/self_null_lam0.5_rm1.0_si0.3/seed_123/run.log,0.5111724059790677,0.42301368895254887,0.8583333333333333,0.7658690107367746,0.3753996789455414,1.5860059261322021,4.885899066925049,0.01170143261551857,0.6832549490034581,0.75,0.3306849978864193,0.6141649782657623,<local_data_root>/datasets/AHDPC/processed/flame.npz,045e1826ad81f23942c2c37f8855b7b56d1351d11376eba61a5211f2dbe3ab52,e60f65d21bf9a18f9659b21106acb4503522ac6ae9aa20f4f07490461741cd3d,637d5e5c489c56e1c2c14339f85e70c1c89851902fdbe0056e5050896faba74f,8250fdca6e36610c111d77f1f3924f806f6b98301366d7b7ecffe3c351b21a8f,benchmark_oracle_from_y,False
flame,self_null_lam0.5_rm1.0_si0.5,self_null,0.5,1.0,0.5,7,5,completed,0,<local_data_root>/result/V12/v12_topology_search_stage3_2026-08-04/flame/self_null_lam0.5_rm1.0_si0.5/seed_7,<local_data_root>/result/V12/v12_topology_search_stage3_2026-08-04/flame/self_null_lam0.5_rm1.0_si0.5/seed_7/summary.json,<local_data_root>/result/V12/v12_topology_search_stage3_2026-08-04/flame/self_null_lam0.5_rm1.0_si0.5/seed_7/run.log,0.49955115517715365,0.4301272113590202,0.8541666666666666,0.7592350984001888,0.6125911474227905,1.5877723693847656,4.894110679626465,0.012240338296396657,0.6873914904892444,0.75,0.33599712066352366,0.6191750161349774,<local_data_root>/datasets/AHDPC/processed/flame.npz,045e1826ad81f23942c2c37f8855b7b56d1351d11376eba61a5211f2dbe3ab52,e60f65d21bf9a18f9659b21106acb4503522ac6ae9aa20f4f07490461741cd3d,637d5e5c489c56e1c2c14339f85e70c1c89851902fdbe0056e5050896faba74f,8250fdca6e36610c111d77f1f3924f806f6b98301366d7b7ecffe3c351b21a8f,benchmark_oracle_from_y,False
flame,self_null_lam0.5_rm1.0_si0.5,self_null,0.5,1.0,0.5,42,1,completed,0,<local_data_root>/result/V12/v12_topology_search_stage3_2026-08-04/flame/self_null_lam0.5_rm1.0_si0.5/seed_42,<local_data_root>/result/V12/v12_topology_search_stage3_2026-08-04/flame/self_null_lam0.5_rm1.0_si0.5/seed_42/summary.json,<local_data_root>/result/V12/v12_topology_search_stage3_2026-08-04/flame/self_null_lam0.5_rm1.0_si0.5/seed_42/run.log,0.4997914953192624,0.4762295097749414,0.8541666666666666,0.7585425462553981,0.647350549697876,1.5860095024108887,4.885507583618164,0.012376769410911948,0.6821053542196751,0.75,0.3281825613230467,0.6157407313585281,<local_data_root>/datasets/AHDPC/processed/flame.npz,045e1826ad81f23942c2c37f8855b7b56d1351d11376eba61a5211f2dbe3ab52,e60f65d21bf9a18f9659b21106acb4503522ac6ae9aa20f4f07490461741cd3d,637d5e5c489c56e1c2c14339f85e70c1c89851902fdbe0056e5050896faba74f,8250fdca6e36610c111d77f1f3924f806f6b98301366d7b7ecffe3c351b21a8f,benchmark_oracle_from_y,False
flame,self_null_lam0.5_rm1.0_si0.5,self_null,0.5,1.0,0.5,123,4,completed,0,<local_data_root>/result/V12/v12_topology_search_stage3_2026-08-04/flame/self_null_lam0.5_rm1.0_si0.5/seed_123,<local_data_root>/result/V12/v12_topology_search_stage3_2026-08-04/flame/self_null_lam0.5_rm1.0_si0.5/seed_123/summary.json,<local_data_root>/result/V12/v12_topology_search_stage3_2026-08-04/flame/self_null_lam0.5_rm1.0_si0.5/seed_123/run.log,0.5111724059790677,0.42301368895254887,0.8583333333333333,0.7658690107367746,0.5439605712890625,1.586039423942566,4.886059761047363,0.011540656222496181,0.6833174951374531,0.75,0.33068521954119207,0.6141684852540493,<local_data_root>/datasets/AHDPC/processed/flame.npz,045e1826ad81f23942c2c37f8855b7b56d1351d11376eba61a5211f2dbe3ab52,e60f65d21bf9a18f9659b21106acb4503522ac6ae9aa20f4f07490461741cd3d,637d5e5c489c56e1c2c14339f85e70c1c89851902fdbe0056e5050896faba74f,8250fdca6e36610c111d77f1f3924f806f6b98301366d7b7ecffe3c351b21a8f,benchmark_oracle_from_y,False
spect_heart,edge_only_lam0.3_rm0.5,edge_only,0.3,0.5,0.8,7,5,completed,0,<local_data_root>/result/V12/v12_topology_search_stage3_2026-08-04/spect_heart/edge_only_lam0.3_rm0.5/seed_7,<local_data_root>/result/V12/v12_topology_search_stage3_2026-08-04/spect_heart/edge_only_lam0.3_rm0.5/seed_7/summary.json,<local_data_root>/result/V12/v12_topology_search_stage3_2026-08-04/spect_heart/edge_only_lam0.3_rm0.5/seed_7/run.log,0.0291560936424181,0.13038825183860814,0.599250936329588,0.5976144160493895,0.0,1.5350223779678345,4.651680946350098,0.06595071228221058,0.19499382870271803,0.75,0.2722784444689751,0.6329700119793416,<local_data_root>/datasets/AHDPC/processed/spect_heart.npz,07ce03b3056bcb87c7afcc29eeedc511a28738b817fa458c70502dd35b6858c6,e60f65d21bf9a18f9659b21106acb4503522ac6ae9aa20f4f07490461741cd3d,637d5e5c489c56e1c2c14339f85e70c1c89851902fdbe0056e5050896faba74f,8250fdca6e36610c111d77f1f3924f806f6b98301366d7b7ecffe3c351b21a8f,benchmark_oracle_from_y,False
spect_heart,edge_only_lam0.3_rm0.5,edge_only,0.3,0.5,0.8,42,1,completed,0,<local_data_root>/result/V12/v12_topology_search_stage3_2026-08-04/spect_heart/edge_only_lam0.3_rm0.5/seed_42,<local_data_root>/result/V12/v12_topology_search_stage3_2026-08-04/spect_heart/edge_only_lam0.3_rm0.5/seed_42/summary.json,<local_data_root>/result/V12/v12_topology_search_stage3_2026-08-04/spect_heart/edge_only_lam0.3_rm0.5/seed_42/run.log,-0.00448601244129853,0.12407175691535302,0.5655430711610487,0.5925629805873869,0.0,1.5240668058395386,4.605050086975098,0.06505402238108218,0.191220097662881,0.75,0.2639835890382528,0.6403949536383152,<local_data_root>/datasets/AHDPC/processed/spect_heart.npz,07ce03b3056bcb87c7afcc29eeedc511a28738b817fa458c70502dd35b6858c6,e60f65d21bf9a18f9659b21106acb4503522ac6ae9aa20f4f07490461741cd3d,637d5e5c489c56e1c2c14339f85e70c1c89851902fdbe0056e5050896faba74f,8250fdca6e36610c111d77f1f3924f806f6b98301366d7b7ecffe3c351b21a8f,benchmark_oracle_from_y,False
spect_heart,edge_only_lam0.3_rm0.5,edge_only,0.3,0.5,0.8,123,4,completed,0,<local_data_root>/result/V12/v12_topology_search_stage3_2026-08-04/spect_heart/edge_only_lam0.3_rm0.5/seed_123,<local_data_root>/result/V12/v12_topology_search_stage3_2026-08-04/spect_heart/edge_only_lam0.3_rm0.5/seed_123/summary.json,<local_data_root>/result/V12/v12_topology_search_stage3_2026-08-04/spect_heart/edge_only_lam0.3_rm0.5/seed_123/run.log,0.00969411369750971,0.1067445274092248,0.5767790262172284,0.5922244228363506,0.0,1.533277153968811,4.64461088180542,0.06876307108905166,0.18904501283541322,0.75,0.26801001876592634,0.6409432623535395,<local_data_root>/datasets/AHDPC/processed/spect_heart.npz,07ce03b3056bcb87c7afcc29eeedc511a28738b817fa458c70502dd35b6858c6,e60f65d21bf9a18f9659b21106acb4503522ac6ae9aa20f4f07490461741cd3d,637d5e5c489c56e1c2c14339f85e70c1c89851902fdbe0056e5050896faba74f,8250fdca6e36610c111d77f1f3924f806f6b98301366d7b7ecffe3c351b21a8f,benchmark_oracle_from_y,False
spect_heart,edge_only_lam0.3_rm1.0,edge_only,0.3,1.0,0.8,7,5,completed,0,<local_data_root>/result/V12/v12_topology_search_stage3_2026-08-04/spect_heart/edge_only_lam0.3_rm1.0/seed_7,<local_data_root>/result/V12/v12_topology_search_stage3_2026-08-04/spect_heart/edge_only_lam0.3_rm1.0/seed_7/summary.json,<local_data_root>/result/V12/v12_topology_search_stage3_2026-08-04/spect_heart/edge_only_lam0.3_rm1.0/seed_7/run.log,0.0291560936424181,0.13038825183860814,0.599250936329588,0.5976144160493895,0.0,1.4675114154815674,4.3728179931640625,0.0659943314967677,0.43985567418858407,0.75,0.27225330621004107,0.632991699129343,<local_data_root>/datasets/AHDPC/processed/spect_heart.npz,07ce03b3056bcb87c7afcc29eeedc511a28738b817fa458c70502dd35b6858c6,e60f65d21bf9a18f9659b21106acb4503522ac6ae9aa20f4f07490461741cd3d,637d5e5c489c56e1c2c14339f85e70c1c89851902fdbe0056e5050896faba74f,8250fdca6e36610c111d77f1f3924f806f6b98301366d7b7ecffe3c351b21a8f,benchmark_oracle_from_y,False
spect_heart,edge_only_lam0.3_rm1.0,edge_only,0.3,1.0,0.8,42,1,completed,0,<local_data_root>/result/V12/v12_topology_search_stage3_2026-08-04/spect_heart/edge_only_lam0.3_rm1.0/seed_42,<local_data_root>/result/V12/v12_topology_search_stage3_2026-08-04/spect_heart/edge_only_lam0.3_rm1.0/seed_42/summary.json,<local_data_root>/result/V12/v12_topology_search_stage3_2026-08-04/spect_heart/edge_only_lam0.3_rm1.0/seed_42/run.log,-0.00448601244129853,0.12407175691535302,0.5655430711610487,0.5925629805873869,0.0,1.4612677097320557,4.348081111907959,0.06512990600895137,0.4427955919876695,0.75,0.26398084256798027,0.6403868652880191,<local_data_root>/datasets/AHDPC/processed/spect_heart.npz,07ce03b3056bcb87c7afcc29eeedc511a28738b817fa458c70502dd35b6858c6,e60f65d21bf9a18f9659b21106acb4503522ac6ae9aa20f4f07490461741cd3d,637d5e5c489c56e1c2c14339f85e70c1c89851902fdbe0056e5050896faba74f,8250fdca6e36610c111d77f1f3924f806f6b98301366d7b7ecffe3c351b21a8f,benchmark_oracle_from_y,False
spect_heart,edge_only_lam0.3_rm1.0,edge_only,0.3,1.0,0.8,123,4,completed,0,<local_data_root>/result/V12/v12_topology_search_stage3_2026-08-04/spect_heart/edge_only_lam0.3_rm1.0/seed_123,<local_data_root>/result/V12/v12_topology_search_stage3_2026-08-04/spect_heart/edge_only_lam0.3_rm1.0/seed_123/summary.json,<local_data_root>/result/V12/v12_topology_search_stage3_2026-08-04/spect_heart/edge_only_lam0.3_rm1.0/seed_123/run.log,0.00969411369750971,0.1067445274092248,0.5767790262172284,0.5922244228363506,0.0,1.4709547758102417,4.386404991149902,0.06884049458894878,0.43403959916904566,0.75,0.2680010456591845,0.6409432720392942,<local_data_root>/datasets/AHDPC/processed/spect_heart.npz,07ce03b3056bcb87c7afcc29eeedc511a28738b817fa458c70502dd35b6858c6,e60f65d21bf9a18f9659b21106acb4503522ac6ae9aa20f4f07490461741cd3d,637d5e5c489c56e1c2c14339f85e70c1c89851902fdbe0056e5050896faba74f,8250fdca6e36610c111d77f1f3924f806f6b98301366d7b7ecffe3c351b21a8f,benchmark_oracle_from_y,False
spect_heart,edge_only_lam0.5_rm0.5,edge_only,0.5,0.5,0.8,7,5,completed,0,<local_data_root>/result/V12/v12_topology_search_stage3_2026-08-04/spect_heart/edge_only_lam0.5_rm0.5/seed_7,<local_data_root>/result/V12/v12_topology_search_stage3_2026-08-04/spect_heart/edge_only_lam0.5_rm0.5/seed_7/summary.json,<local_data_root>/result/V12/v12_topology_search_stage3_2026-08-04/spect_heart/edge_only_lam0.5_rm0.5/seed_7/run.log,0.036856532274042925,0.13479388651431917,0.6067415730337079,0.5996771632703964,0.0,1.53397536277771,4.6470627784729,0.058789193362463264,0.1951758008915931,0.75,0.27315408838912847,0.6330397233366967,<local_data_root>/datasets/AHDPC/processed/spect_heart.npz,07ce03b3056bcb87c7afcc29eeedc511a28738b817fa458c70502dd35b6858c6,e60f65d21bf9a18f9659b21106acb4503522ac6ae9aa20f4f07490461741cd3d,637d5e5c489c56e1c2c14339f85e70c1c89851902fdbe0056e5050896faba74f,8250fdca6e36610c111d77f1f3924f806f6b98301366d7b7ecffe3c351b21a8f,benchmark_oracle_from_y,False
spect_heart,edge_only_lam0.5_rm0.5,edge_only,0.5,0.5,0.8,42,1,completed,0,<local_data_root>/result/V12/v12_topology_search_stage3_2026-08-04/spect_heart/edge_only_lam0.5_rm0.5/seed_42,<local_data_root>/result/V12/v12_topology_search_stage3_2026-08-04/spect_heart/edge_only_lam0.5_rm0.5/seed_42/summary.json,<local_data_root>/result/V12/v12_topology_search_stage3_2026-08-04/spect_heart/edge_only_lam0.5_rm0.5/seed_42/run.log,-0.00448601244129853,0.12407175691535302,0.5655430711610487,0.5925629805873869,0.0,1.5234770774841309,4.602426528930664,0.05800158418715,0.19144918890669943,0.75,0.26508021680638194,0.6407498516142368,<local_data_root>/datasets/AHDPC/processed/spect_heart.npz,07ce03b3056bcb87c7afcc29eeedc511a28738b817fa458c70502dd35b6858c6,e60f65d21bf9a18f9659b21106acb4503522ac6ae9aa20f4f07490461741cd3d,637d5e5c489c56e1c2c14339f85e70c1c89851902fdbe0056e5050896faba74f,8250fdca6e36610c111d77f1f3924f806f6b98301366d7b7ecffe3c351b21a8f,benchmark_oracle_from_y,False
spect_heart,edge_only_lam0.5_rm0.5,edge_only,0.5,0.5,0.8,123,4,completed,0,<local_data_root>/result/V12/v12_topology_search_stage3_2026-08-04/spect_heart/edge_only_lam0.5_rm0.5/seed_123,<local_data_root>/result/V12/v12_topology_search_stage3_2026-08-04/spect_heart/edge_only_lam0.5_rm0.5/seed_123/summary.json,<local_data_root>/result/V12/v12_topology_search_stage3_2026-08-04/spect_heart/edge_only_lam0.5_rm0.5/seed_123/run.log,-0.017052578596755612,0.10206180170925025,0.5468164794007491,0.5905784515061036,0.0,1.5334237813949585,4.645177841186523,0.06183735094964504,0.18943687845021487,0.75,0.26890625394880774,0.6412464827299118,<local_data_root>/datasets/AHDPC/processed/spect_heart.npz,07ce03b3056bcb87c7afcc29eeedc511a28738b817fa458c70502dd35b6858c6,e60f65d21bf9a18f9659b21106acb4503522ac6ae9aa20f4f07490461741cd3d,637d5e5c489c56e1c2c14339f85e70c1c89851902fdbe0056e5050896faba74f,8250fdca6e36610c111d77f1f3924f806f6b98301366d7b7ecffe3c351b21a8f,benchmark_oracle_from_y,False
spect_heart,edge_only_lam0.5_rm1.0,edge_only,0.5,1.0,0.8,7,5,completed,0,<local_data_root>/result/V12/v12_topology_search_stage3_2026-08-04/spect_heart/edge_only_lam0.5_rm1.0/seed_7,<local_data_root>/result/V12/v12_topology_search_stage3_2026-08-04/spect_heart/edge_only_lam0.5_rm1.0/seed_7/summary.json,<local_data_root>/result/V12/v12_topology_search_stage3_2026-08-04/spect_heart/edge_only_lam0.5_rm1.0/seed_7/run.log,0.03297138074546601,0.13257863625609312,0.602996254681648,0.5986127230395695,0.0,1.4704318046569824,4.3841094970703125,0.05875011011958122,0.4401110257022083,0.75,0.2731145969592035,0.6330667961388826,<local_data_root>/datasets/AHDPC/processed/spect_heart.npz,07ce03b3056bcb87c7afcc29eeedc511a28738b817fa458c70502dd35b6858c6,e60f65d21bf9a18f9659b21106acb4503522ac6ae9aa20f4f07490461741cd3d,637d5e5c489c56e1c2c14339f85e70c1c89851902fdbe0056e5050896faba74f,8250fdca6e36610c111d77f1f3924f806f6b98301366d7b7ecffe3c351b21a8f,benchmark_oracle_from_y,False
spect_heart,edge_only_lam0.5_rm1.0,edge_only,0.5,1.0,0.8,42,1,completed,0,<local_data_root>/result/V12/v12_topology_search_stage3_2026-08-04/spect_heart/edge_only_lam0.5_rm1.0/seed_42,<local_data_root>/result/V12/v12_topology_search_stage3_2026-08-04/spect_heart/edge_only_lam0.5_rm1.0/seed_42/summary.json,<local_data_root>/result/V12/v12_topology_search_stage3_2026-08-04/spect_heart/edge_only_lam0.5_rm1.0/seed_42/run.log,-0.00448601244129853,0.12407175691535302,0.5655430711610487,0.5925629805873869,0.0,1.4642308950424194,4.359471321105957,0.05798258247086778,0.44313468765467406,0.75,0.26507341396063566,0.6407385788857937,<local_data_root>/datasets/AHDPC/processed/spect_heart.npz,07ce03b3056bcb87c7afcc29eeedc511a28738b817fa458c70502dd35b6858c6,e60f65d21bf9a18f9659b21106acb4503522ac6ae9aa20f4f07490461741cd3d,637d5e5c489c56e1c2c14339f85e70c1c89851902fdbe0056e5050896faba74f,8250fdca6e36610c111d77f1f3924f806f6b98301366d7b7ecffe3c351b21a8f,benchmark_oracle_from_y,False
spect_heart,edge_only_lam0.5_rm1.0,edge_only,0.5,1.0,0.8,123,4,completed,0,<local_data_root>/result/V12/v12_topology_search_stage3_2026-08-04/spect_heart/edge_only_lam0.5_rm1.0/seed_123,<local_data_root>/result/V12/v12_topology_search_stage3_2026-08-04/spect_heart/edge_only_lam0.5_rm1.0/seed_123/summary.json,<local_data_root>/result/V12/v12_topology_search_stage3_2026-08-04/spect_heart/edge_only_lam0.5_rm1.0/seed_123/run.log,0.00969411369750971,0.1067445274092248,0.5767790262172284,0.5922244228363506,0.0,1.4740363359451294,4.39837646484375,0.061784698208793995,0.43453326663002373,0.75,0.26888787690550087,0.6412440694868564,<local_data_root>/datasets/AHDPC/processed/spect_heart.npz,07ce03b3056bcb87c7afcc29eeedc511a28738b817fa458c70502dd35b6858c6,e60f65d21bf9a18f9659b21106acb4503522ac6ae9aa20f4f07490461741cd3d,637d5e5c489c56e1c2c14339f85e70c1c89851902fdbe0056e5050896faba74f,8250fdca6e36610c111d77f1f3924f806f6b98301366d7b7ecffe3c351b21a8f,benchmark_oracle_from_y,False
spect_heart,self_null_lam0.3_rm0.5_si0.3,self_null,0.3,0.5,0.3,7,5,completed,0,<local_data_root>/result/V12/v12_topology_search_stage3_2026-08-04/spect_heart/self_null_lam0.3_rm0.5_si0.3/seed_7,<local_data_root>/result/V12/v12_topology_search_stage3_2026-08-04/spect_heart/self_null_lam0.3_rm0.5_si0.3/seed_7/summary.json,<local_data_root>/result/V12/v12_topology_search_stage3_2026-08-04/spect_heart/self_null_lam0.3_rm0.5_si0.3/seed_7/run.log,0.016394489545817195,0.11075536775168761,0.5842696629213483,0.59356023012163,0.5620313882827759,1.5363470315933228,4.657499313354492,0.0612020074040629,0.1948848083615303,0.75,0.27218179907649753,0.6331326693296433,<local_data_root>/datasets/AHDPC/processed/spect_heart.npz,07ce03b3056bcb87c7afcc29eeedc511a28738b817fa458c70502dd35b6858c6,e60f65d21bf9a18f9659b21106acb4503522ac6ae9aa20f4f07490461741cd3d,637d5e5c489c56e1c2c14339f85e70c1c89851902fdbe0056e5050896faba74f,8250fdca6e36610c111d77f1f3924f806f6b98301366d7b7ecffe3c351b21a8f,benchmark_oracle_from_y,False
spect_heart,self_null_lam0.3_rm0.5_si0.3,self_null,0.3,0.5,0.3,42,1,completed,0,<local_data_root>/result/V12/v12_topology_search_stage3_2026-08-04/spect_heart/self_null_lam0.3_rm0.5_si0.3/seed_42,<local_data_root>/result/V12/v12_topology_search_stage3_2026-08-04/spect_heart/self_null_lam0.3_rm0.5_si0.3/seed_42/summary.json,<local_data_root>/result/V12/v12_topology_search_stage3_2026-08-04/spect_heart/self_null_lam0.3_rm0.5_si0.3/seed_42/run.log,-0.008270899220307762,0.10779364702735492,0.5580524344569289,0.5909996148726936,0.6106820106506348,1.522615909576416,4.598910808563232,0.059222348558250815,0.19068709341809154,0.75,0.2638249326497316,0.640446973964572,<local_data_root>/datasets/AHDPC/processed/spect_heart.npz,07ce03b3056bcb87c7afcc29eeedc511a28738b817fa458c70502dd35b6858c6,e60f65d21bf9a18f9659b21106acb4503522ac6ae9aa20f4f07490461741cd3d,637d5e5c489c56e1c2c14339f85e70c1c89851902fdbe0056e5050896faba74f,8250fdca6e36610c111d77f1f3924f806f6b98301366d7b7ecffe3c351b21a8f,benchmark_oracle_from_y,False
spect_heart,self_null_lam0.3_rm0.5_si0.3,self_null,0.3,0.5,0.3,123,4,completed,0,<local_data_root>/result/V12/v12_topology_search_stage3_2026-08-04/spect_heart/self_null_lam0.3_rm0.5_si0.3/seed_123,<local_data_root>/result/V12/v12_topology_search_stage3_2026-08-04/spect_heart/self_null_lam0.3_rm0.5_si0.3/seed_123/summary.json,<local_data_root>/result/V12/v12_topology_search_stage3_2026-08-04/spect_heart/self_null_lam0.3_rm0.5_si0.3/seed_123/run.log,0.006447283258482127,0.10477216501408736,0.5730337078651685,0.5916556146755363,0.5672191381454468,1.5328034162521362,4.64259672164917,0.06271653911098837,0.1887672329787165,0.75,0.26792163141071795,0.6410283740609884,<local_data_root>/datasets/AHDPC/processed/spect_heart.npz,07ce03b3056bcb87c7afcc29eeedc511a28738b817fa458c70502dd35b6858c6,e60f65d21bf9a18f9659b21106acb4503522ac6ae9aa20f4f07490461741cd3d,637d5e5c489c56e1c2c14339f85e70c1c89851902fdbe0056e5050896faba74f,8250fdca6e36610c111d77f1f3924f806f6b98301366d7b7ecffe3c351b21a8f,benchmark_oracle_from_y,False
spect_heart,self_null_lam0.3_rm0.5_si0.5,self_null,0.3,0.5,0.5,7,5,completed,0,<local_data_root>/result/V12/v12_topology_search_stage3_2026-08-04/spect_heart/self_null_lam0.3_rm0.5_si0.5/seed_7,<local_data_root>/result/V12/v12_topology_search_stage3_2026-08-04/spect_heart/self_null_lam0.3_rm0.5_si0.5/seed_7/summary.json,<local_data_root>/result/V12/v12_topology_search_stage3_2026-08-04/spect_heart/self_null_lam0.3_rm0.5_si0.5/seed_7/run.log,0.019848439657454295,0.11279474279642827,0.5880149812734082,0.5943272833653692,0.597636342048645,1.5352383852005005,4.6526288986206055,0.061291214334778486,0.1949227273929864,0.75,0.2721716072410345,0.6331966001540422,<local_data_root>/datasets/AHDPC/processed/spect_heart.npz,07ce03b3056bcb87c7afcc29eeedc511a28738b817fa458c70502dd35b6858c6,e60f65d21bf9a18f9659b21106acb4503522ac6ae9aa20f4f07490461741cd3d,637d5e5c489c56e1c2c14339f85e70c1c89851902fdbe0056e5050896faba74f,8250fdca6e36610c111d77f1f3924f806f6b98301366d7b7ecffe3c351b21a8f,benchmark_oracle_from_y,False
spect_heart,self_null_lam0.3_rm0.5_si0.5,self_null,0.3,0.5,0.5,42,1,completed,0,<local_data_root>/result/V12/v12_topology_search_stage3_2026-08-04/spect_heart/self_null_lam0.3_rm0.5_si0.5/seed_42,<local_data_root>/result/V12/v12_topology_search_stage3_2026-08-04/spect_heart/self_null_lam0.3_rm0.5_si0.5/seed_42/summary.json,<local_data_root>/result/V12/v12_topology_search_stage3_2026-08-04/spect_heart/self_null_lam0.3_rm0.5_si0.5/seed_42/run.log,-0.007705496366232233,0.12204642223893851,0.5617977528089888,0.5922599450524729,0.6310388445854187,1.5237605571746826,4.603821277618408,0.05915872898185626,0.1908187142573297,0.75,0.263783167488873,0.64046785607934,<local_data_root>/datasets/AHDPC/processed/spect_heart.npz,07ce03b3056bcb87c7afcc29eeedc511a28738b817fa458c70502dd35b6858c6,e60f65d21bf9a18f9659b21106acb4503522ac6ae9aa20f4f07490461741cd3d,637d5e5c489c56e1c2c14339f85e70c1c89851902fdbe0056e5050896faba74f,8250fdca6e36610c111d77f1f3924f806f6b98301366d7b7ecffe3c351b21a8f,benchmark_oracle_from_y,False
spect_heart,self_null_lam0.3_rm0.5_si0.5,self_null,0.3,0.5,0.5,123,4,completed,0,<local_data_root>/result/V12/v12_topology_search_stage3_2026-08-04/spect_heart/self_null_lam0.3_rm0.5_si0.5/seed_123,<local_data_root>/result/V12/v12_topology_search_stage3_2026-08-04/spect_heart/self_null_lam0.3_rm0.5_si0.5/seed_123/summary.json,<local_data_root>/result/V12/v12_topology_search_stage3_2026-08-04/spect_heart/self_null_lam0.3_rm0.5_si0.5/seed_123/run.log,0.006447283258482127,0.10477216501408736,0.5730337078651685,0.5916556146755363,0.5952770113945007,1.5328775644302368,4.642934799194336,0.06231042461004108,0.18869123798795046,0.75,0.26790304547175764,0.6410677134990692,<local_data_root>/datasets/AHDPC/processed/spect_heart.npz,07ce03b3056bcb87c7afcc29eeedc511a28738b817fa458c70502dd35b6858c6,e60f65d21bf9a18f9659b21106acb4503522ac6ae9aa20f4f07490461741cd3d,637d5e5c489c56e1c2c14339f85e70c1c89851902fdbe0056e5050896faba74f,8250fdca6e36610c111d77f1f3924f806f6b98301366d7b7ecffe3c351b21a8f,benchmark_oracle_from_y,False
spect_heart,self_null_lam0.3_rm1.0_si0.3,self_null,0.3,1.0,0.3,7,5,completed,0,<local_data_root>/result/V12/v12_topology_search_stage3_2026-08-04/spect_heart/self_null_lam0.3_rm1.0_si0.3/seed_7,<local_data_root>/result/V12/v12_topology_search_stage3_2026-08-04/spect_heart/self_null_lam0.3_rm1.0_si0.3/seed_7/summary.json,<local_data_root>/result/V12/v12_topology_search_stage3_2026-08-04/spect_heart/self_null_lam0.3_rm1.0_si0.3/seed_7/run.log,0.016394489545817195,0.11075536775168761,0.5842696629213483,0.59356023012163,0.5746700167655945,1.4599807262420654,4.3439435958862305,0.061168315273243935,0.43943287525326014,0.75,0.2721712524071336,0.6331433057785034,<local_data_root>/datasets/AHDPC/processed/spect_heart.npz,07ce03b3056bcb87c7afcc29eeedc511a28738b817fa458c70502dd35b6858c6,e60f65d21bf9a18f9659b21106acb4503522ac6ae9aa20f4f07490461741cd3d,637d5e5c489c56e1c2c14339f85e70c1c89851902fdbe0056e5050896faba74f,8250fdca6e36610c111d77f1f3924f806f6b98301366d7b7ecffe3c351b21a8f,benchmark_oracle_from_y,False
spect_heart,self_null_lam0.3_rm1.0_si0.3,self_null,0.3,1.0,0.3,42,1,completed,0,<local_data_root>/result/V12/v12_topology_search_stage3_2026-08-04/spect_heart/self_null_lam0.3_rm1.0_si0.3/seed_42,<local_data_root>/result/V12/v12_topology_search_stage3_2026-08-04/spect_heart/self_null_lam0.3_rm1.0_si0.3/seed_42/summary.json,<local_data_root>/result/V12/v12_topology_search_stage3_2026-08-04/spect_heart/self_null_lam0.3_rm1.0_si0.3/seed_42/run.log,-0.008270899220307762,0.10779364702735492,0.5580524344569289,0.5909996148726936,0.6324284076690674,1.4533507823944092,4.3179030418396,0.05919863861054182,0.44199316957965495,0.75,0.26382336504757403,0.6404433898627758,<local_data_root>/datasets/AHDPC/processed/spect_heart.npz,07ce03b3056bcb87c7afcc29eeedc511a28738b817fa458c70502dd35b6858c6,e60f65d21bf9a18f9659b21106acb4503522ac6ae9aa20f4f07490461741cd3d,637d5e5c489c56e1c2c14339f85e70c1c89851902fdbe0056e5050896faba74f,8250fdca6e36610c111d77f1f3924f806f6b98301366d7b7ecffe3c351b21a8f,benchmark_oracle_from_y,False
spect_heart,self_null_lam0.3_rm1.0_si0.3,self_null,0.3,1.0,0.3,123,4,completed,0,<local_data_root>/result/V12/v12_topology_search_stage3_2026-08-04/spect_heart/self_null_lam0.3_rm1.0_si0.3/seed_123,<local_data_root>/result/V12/v12_topology_search_stage3_2026-08-04/spect_heart/self_null_lam0.3_rm1.0_si0.3/seed_123/summary.json,<local_data_root>/result/V12/v12_topology_search_stage3_2026-08-04/spect_heart/self_null_lam0.3_rm1.0_si0.3/seed_123/run.log,0.006447283258482127,0.10477216501408736,0.5730337078651685,0.5916556146755363,0.5828121304512024,1.464343786239624,4.360967636108398,0.06265725359553471,0.4333929721266031,0.75,0.2679178004153073,0.6410260893404484,<local_data_root>/datasets/AHDPC/processed/spect_heart.npz,07ce03b3056bcb87c7afcc29eeedc511a28738b817fa458c70502dd35b6858c6,e60f65d21bf9a18f9659b21106acb4503522ac6ae9aa20f4f07490461741cd3d,637d5e5c489c56e1c2c14339f85e70c1c89851902fdbe0056e5050896faba74f,8250fdca6e36610c111d77f1f3924f806f6b98301366d7b7ecffe3c351b21a8f,benchmark_oracle_from_y,False
spect_heart,self_null_lam0.3_rm1.0_si0.5,self_null,0.3,1.0,0.5,7,5,completed,0,<local_data_root>/result/V12/v12_topology_search_stage3_2026-08-04/spect_heart/self_null_lam0.3_rm1.0_si0.5/seed_7,<local_data_root>/result/V12/v12_topology_search_stage3_2026-08-04/spect_heart/self_null_lam0.3_rm1.0_si0.5/seed_7/summary.json,<local_data_root>/result/V12/v12_topology_search_stage3_2026-08-04/spect_heart/self_null_lam0.3_rm1.0_si0.5/seed_7/run.log,0.016394489545817195,0.11075536775168761,0.5842696629213483,0.59356023012163,0.6109326481819153,1.4596182107925415,4.342571258544922,0.061272800143342465,0.43952316204085945,0.75,0.27216231878846886,0.6332060936838388,<local_data_root>/datasets/AHDPC/processed/spect_heart.npz,07ce03b3056bcb87c7afcc29eeedc511a28738b817fa458c70502dd35b6858c6,e60f65d21bf9a18f9659b21106acb4503522ac6ae9aa20f4f07490461741cd3d,637d5e5c489c56e1c2c14339f85e70c1c89851902fdbe0056e5050896faba74f,8250fdca6e36610c111d77f1f3924f806f6b98301366d7b7ecffe3c351b21a8f,benchmark_oracle_from_y,False
spect_heart,self_null_lam0.3_rm1.0_si0.5,self_null,0.3,1.0,0.5,42,1,completed,0,<local_data_root>/result/V12/v12_topology_search_stage3_2026-08-04/spect_heart/self_null_lam0.3_rm1.0_si0.5/seed_42,<local_data_root>/result/V12/v12_topology_search_stage3_2026-08-04/spect_heart/self_null_lam0.3_rm1.0_si0.5/seed_42/summary.json,<local_data_root>/result/V12/v12_topology_search_stage3_2026-08-04/spect_heart/self_null_lam0.3_rm1.0_si0.5/seed_42/run.log,-0.007705496366232233,0.12204642223893851,0.5617977528089888,0.5922599450524729,0.652685821056366,1.4531850814819336,4.31725549697876,0.05916105017531663,0.4421615615487099,0.75,0.26378214731812477,0.6404643960297107,<local_data_root>/datasets/AHDPC/processed/spect_heart.npz,07ce03b3056bcb87c7afcc29eeedc511a28738b817fa458c70502dd35b6858c6,e60f65d21bf9a18f9659b21106acb4503522ac6ae9aa20f4f07490461741cd3d,637d5e5c489c56e1c2c14339f85e70c1c89851902fdbe0056e5050896faba74f,8250fdca6e36610c111d77f1f3924f806f6b98301366d7b7ecffe3c351b21a8f,benchmark_oracle_from_y,False
spect_heart,self_null_lam0.3_rm1.0_si0.5,self_null,0.3,1.0,0.5,123,4,completed,0,<local_data_root>/result/V12/v12_topology_search_stage3_2026-08-04/spect_heart/self_null_lam0.3_rm1.0_si0.5/seed_123,<local_data_root>/result/V12/v12_topology_search_stage3_2026-08-04/spect_heart/self_null_lam0.3_rm1.0_si0.5/seed_123/summary.json,<local_data_root>/result/V12/v12_topology_search_stage3_2026-08-04/spect_heart/self_null_lam0.3_rm1.0_si0.5/seed_123/run.log,0.006447283258482127,0.10477216501408736,0.5730337078651685,0.5916556146755363,0.6096957325935364,1.4636657238006592,4.3583598136901855,0.062236825772561136,0.4333915445022285,0.75,0.26790011478587983,0.6410647816956043,<local_data_root>/datasets/AHDPC/processed/spect_heart.npz,07ce03b3056bcb87c7afcc29eeedc511a28738b817fa458c70502dd35b6858c6,e60f65d21bf9a18f9659b21106acb4503522ac6ae9aa20f4f07490461741cd3d,637d5e5c489c56e1c2c14339f85e70c1c89851902fdbe0056e5050896faba74f,8250fdca6e36610c111d77f1f3924f806f6b98301366d7b7ecffe3c351b21a8f,benchmark_oracle_from_y,False
spect_heart,self_null_lam0.5_rm0.5_si0.3,self_null,0.5,0.5,0.3,7,5,completed,0,<local_data_root>/result/V12/v12_topology_search_stage3_2026-08-04/spect_heart/self_null_lam0.5_rm0.5_si0.3/seed_7,<local_data_root>/result/V12/v12_topology_search_stage3_2026-08-04/spect_heart/self_null_lam0.5_rm0.5_si0.3/seed_7/summary.json,<local_data_root>/result/V12/v12_topology_search_stage3_2026-08-04/spect_heart/self_null_lam0.5_rm0.5_si0.3/seed_7/run.log,0.018126669006629445,0.12396108526084544,0.5880149812734082,0.5950167037546857,0.5606078505516052,1.5358606576919556,4.655340194702148,0.05539598799077794,0.19499576617963613,0.75,0.272890707757324,0.6331920377910137,<local_data_root>/datasets/AHDPC/processed/spect_heart.npz,07ce03b3056bcb87c7afcc29eeedc511a28738b817fa458c70502dd35b6858c6,e60f65d21bf9a18f9659b21106acb4503522ac6ae9aa20f4f07490461741cd3d,637d5e5c489c56e1c2c14339f85e70c1c89851902fdbe0056e5050896faba74f,8250fdca6e36610c111d77f1f3924f806f6b98301366d7b7ecffe3c351b21a8f,benchmark_oracle_from_y,False
spect_heart,self_null_lam0.5_rm0.5_si0.3,self_null,0.5,0.5,0.3,42,1,completed,0,<local_data_root>/result/V12/v12_topology_search_stage3_2026-08-04/spect_heart/self_null_lam0.5_rm0.5_si0.3/seed_42,<local_data_root>/result/V12/v12_topology_search_stage3_2026-08-04/spect_heart/self_null_lam0.5_rm0.5_si0.3/seed_42/summary.json,<local_data_root>/result/V12/v12_topology_search_stage3_2026-08-04/spect_heart/self_null_lam0.5_rm0.5_si0.3/seed_42/run.log,-0.007705496366232233,0.12204642223893851,0.5617977528089888,0.5922599450524729,0.6131914854049683,1.5223215818405151,4.597616195678711,0.053711913048755375,0.19079958563670515,0.75,0.2647004962898791,0.640771147236228,<local_data_root>/datasets/AHDPC/processed/spect_heart.npz,07ce03b3056bcb87c7afcc29eeedc511a28738b817fa458c70502dd35b6858c6,e60f65d21bf9a18f9659b21106acb4503522ac6ae9aa20f4f07490461741cd3d,637d5e5c489c56e1c2c14339f85e70c1c89851902fdbe0056e5050896faba74f,8250fdca6e36610c111d77f1f3924f806f6b98301366d7b7ecffe3c351b21a8f,benchmark_oracle_from_y,False
spect_heart,self_null_lam0.5_rm0.5_si0.3,self_null,0.5,0.5,0.3,123,4,completed,0,<local_data_root>/result/V12/v12_topology_search_stage3_2026-08-04/spect_heart/self_null_lam0.5_rm0.5_si0.3/seed_123,<local_data_root>/result/V12/v12_topology_search_stage3_2026-08-04/spect_heart/self_null_lam0.5_rm0.5_si0.3/seed_123/summary.json,<local_data_root>/result/V12/v12_topology_search_stage3_2026-08-04/spect_heart/self_null_lam0.5_rm0.5_si0.3/seed_123/run.log,0.006447283258482127,0.10477216501408736,0.5730337078651685,0.5916556146755363,0.5638096332550049,1.5329464673995972,4.643174171447754,0.0572091514011845,0.18903046785853803,0.75,0.2686630109325051,0.641320027038455,<local_data_root>/datasets/AHDPC/processed/spect_heart.npz,07ce03b3056bcb87c7afcc29eeedc511a28738b817fa458c70502dd35b6858c6,e60f65d21bf9a18f9659b21106acb4503522ac6ae9aa20f4f07490461741cd3d,637d5e5c489c56e1c2c14339f85e70c1c89851902fdbe0056e5050896faba74f,8250fdca6e36610c111d77f1f3924f806f6b98301366d7b7ecffe3c351b21a8f,benchmark_oracle_from_y,False
spect_heart,self_null_lam0.5_rm0.5_si0.5,self_null,0.5,0.5,0.5,7,5,completed,0,<local_data_root>/result/V12/v12_topology_search_stage3_2026-08-04/spect_heart/self_null_lam0.5_rm0.5_si0.5/seed_7,<local_data_root>/result/V12/v12_topology_search_stage3_2026-08-04/spect_heart/self_null_lam0.5_rm0.5_si0.5/seed_7/summary.json,<local_data_root>/result/V12/v12_topology_search_stage3_2026-08-04/spect_heart/self_null_lam0.5_rm0.5_si0.5/seed_7/run.log,0.016394489545817195,0.11075536775168761,0.5842696629213483,0.59356023012163,0.5977396368980408,1.5358667373657227,4.655393123626709,0.055725081695709375,0.19494997886940837,0.75,0.2728430172428489,0.6332648199051618,<local_data_root>/datasets/AHDPC/processed/spect_heart.npz,07ce03b3056bcb87c7afcc29eeedc511a28738b817fa458c70502dd35b6858c6,e60f65d21bf9a18f9659b21106acb4503522ac6ae9aa20f4f07490461741cd3d,637d5e5c489c56e1c2c14339f85e70c1c89851902fdbe0056e5050896faba74f,8250fdca6e36610c111d77f1f3924f806f6b98301366d7b7ecffe3c351b21a8f,benchmark_oracle_from_y,False
spect_heart,self_null_lam0.5_rm0.5_si0.5,self_null,0.5,0.5,0.5,42,1,completed,0,<local_data_root>/result/V12/v12_topology_search_stage3_2026-08-04/spect_heart/self_null_lam0.5_rm0.5_si0.5/seed_42,<local_data_root>/result/V12/v12_topology_search_stage3_2026-08-04/spect_heart/self_null_lam0.5_rm0.5_si0.5/seed_42/summary.json,<local_data_root>/result/V12/v12_topology_search_stage3_2026-08-04/spect_heart/self_null_lam0.5_rm0.5_si0.5/seed_42/run.log,-0.010858033109993595,0.12004040115151217,0.5580524344569289,0.5920226172942776,0.6351935267448425,1.5235650539398193,4.602954864501953,0.053891439572907984,0.19085511951707304,0.75,0.26460002092644574,0.6407885633409023,<local_data_root>/datasets/AHDPC/processed/spect_heart.npz,07ce03b3056bcb87c7afcc29eeedc511a28738b817fa458c70502dd35b6858c6,e60f65d21bf9a18f9659b21106acb4503522ac6ae9aa20f4f07490461741cd3d,637d5e5c489c56e1c2c14339f85e70c1c89851902fdbe0056e5050896faba74f,8250fdca6e36610c111d77f1f3924f806f6b98301366d7b7ecffe3c351b21a8f,benchmark_oracle_from_y,False
spect_heart,self_null_lam0.5_rm0.5_si0.5,self_null,0.5,0.5,0.5,123,4,completed,0,<local_data_root>/result/V12/v12_topology_search_stage3_2026-08-04/spect_heart/self_null_lam0.5_rm0.5_si0.5/seed_123,<local_data_root>/result/V12/v12_topology_search_stage3_2026-08-04/spect_heart/self_null_lam0.5_rm0.5_si0.5/seed_123/summary.json,<local_data_root>/result/V12/v12_topology_search_stage3_2026-08-04/spect_heart/self_null_lam0.5_rm0.5_si0.5/seed_123/run.log,0.006447283258482127,0.10477216501408736,0.5730337078651685,0.5916556146755363,0.5955908894538879,1.5329945087432861,4.643409252166748,0.05707994846161455,0.18884873357601464,0.75,0.26859749322757126,0.6413596518337726,<local_data_root>/datasets/AHDPC/processed/spect_heart.npz,07ce03b3056bcb87c7afcc29eeedc511a28738b817fa458c70502dd35b6858c6,e60f65d21bf9a18f9659b21106acb4503522ac6ae9aa20f4f07490461741cd3d,637d5e5c489c56e1c2c14339f85e70c1c89851902fdbe0056e5050896faba74f,8250fdca6e36610c111d77f1f3924f806f6b98301366d7b7ecffe3c351b21a8f,benchmark_oracle_from_y,False
spect_heart,self_null_lam0.5_rm1.0_si0.3,self_null,0.5,1.0,0.3,7,5,completed,0,<local_data_root>/result/V12/v12_topology_search_stage3_2026-08-04/spect_heart/self_null_lam0.5_rm1.0_si0.3/seed_7,<local_data_root>/result/V12/v12_topology_search_stage3_2026-08-04/spect_heart/self_null_lam0.5_rm1.0_si0.3/seed_7/summary.json,<local_data_root>/result/V12/v12_topology_search_stage3_2026-08-04/spect_heart/self_null_lam0.5_rm1.0_si0.3/seed_7/run.log,0.018126669006629445,0.12396108526084544,0.5880149812734082,0.5950167037546857,0.571709156036377,1.4606010913848877,4.3462958335876465,0.05532757671317086,0.4394896326586604,0.75,0.27287291130051017,0.6332046203315258,<local_data_root>/datasets/AHDPC/processed/spect_heart.npz,07ce03b3056bcb87c7afcc29eeedc511a28738b817fa458c70502dd35b6858c6,e60f65d21bf9a18f9659b21106acb4503522ac6ae9aa20f4f07490461741cd3d,637d5e5c489c56e1c2c14339f85e70c1c89851902fdbe0056e5050896faba74f,8250fdca6e36610c111d77f1f3924f806f6b98301366d7b7ecffe3c351b21a8f,benchmark_oracle_from_y,False
spect_heart,self_null_lam0.5_rm1.0_si0.3,self_null,0.5,1.0,0.3,42,1,completed,0,<local_data_root>/result/V12/v12_topology_search_stage3_2026-08-04/spect_heart/self_null_lam0.5_rm1.0_si0.3/seed_42,<local_data_root>/result/V12/v12_topology_search_stage3_2026-08-04/spect_heart/self_null_lam0.5_rm1.0_si0.3/seed_42/summary.json,<local_data_root>/result/V12/v12_topology_search_stage3_2026-08-04/spect_heart/self_null_lam0.5_rm1.0_si0.3/seed_42/run.log,-0.007705496366232233,0.12204642223893851,0.5617977528089888,0.5922599450524729,0.6332796812057495,1.4544867277145386,4.322215557098389,0.05365935410372913,0.44213019823655486,0.75,0.26469602445140483,0.6407649729400873,<local_data_root>/datasets/AHDPC/processed/spect_heart.npz,07ce03b3056bcb87c7afcc29eeedc511a28738b817fa458c70502dd35b6858c6,e60f65d21bf9a18f9659b21106acb4503522ac6ae9aa20f4f07490461741cd3d,637d5e5c489c56e1c2c14339f85e70c1c89851902fdbe0056e5050896faba74f,8250fdca6e36610c111d77f1f3924f806f6b98301366d7b7ecffe3c351b21a8f,benchmark_oracle_from_y,False
spect_heart,self_null_lam0.5_rm1.0_si0.3,self_null,0.5,1.0,0.3,123,4,completed,0,<local_data_root>/result/V12/v12_topology_search_stage3_2026-08-04/spect_heart/self_null_lam0.5_rm1.0_si0.3/seed_123,<local_data_root>/result/V12/v12_topology_search_stage3_2026-08-04/spect_heart/self_null_lam0.5_rm1.0_si0.3/seed_123/summary.json,<local_data_root>/result/V12/v12_topology_search_stage3_2026-08-04/spect_heart/self_null_lam0.5_rm1.0_si0.3/seed_123/run.log,0.006447283258482127,0.10477216501408736,0.5730337078651685,0.5916556146755363,0.576445996761322,1.465864896774292,4.366822242736816,0.057073136977851394,0.4335858091711998,0.75,0.26865668389946223,0.6413160029798746,<local_data_root>/datasets/AHDPC/processed/spect_heart.npz,07ce03b3056bcb87c7afcc29eeedc511a28738b817fa458c70502dd35b6858c6,e60f65d21bf9a18f9659b21106acb4503522ac6ae9aa20f4f07490461741cd3d,637d5e5c489c56e1c2c14339f85e70c1c89851902fdbe0056e5050896faba74f,8250fdca6e36610c111d77f1f3924f806f6b98301366d7b7ecffe3c351b21a8f,benchmark_oracle_from_y,False
spect_heart,self_null_lam0.5_rm1.0_si0.5,self_null,0.5,1.0,0.5,7,5,completed,0,<local_data_root>/result/V12/v12_topology_search_stage3_2026-08-04/spect_heart/self_null_lam0.5_rm1.0_si0.5/seed_7,<local_data_root>/result/V12/v12_topology_search_stage3_2026-08-04/spect_heart/self_null_lam0.5_rm1.0_si0.5/seed_7/summary.json,<local_data_root>/result/V12/v12_topology_search_stage3_2026-08-04/spect_heart/self_null_lam0.5_rm1.0_si0.5/seed_7/run.log,0.016394489545817195,0.11075536775168761,0.5842696629213483,0.59356023012163,0.6099992990493774,1.4600144624710083,4.3440704345703125,0.05567300533875823,0.4396050526760519,0.75,0.27282709050923587,0.6332762733101844,<local_data_root>/datasets/AHDPC/processed/spect_heart.npz,07ce03b3056bcb87c7afcc29eeedc511a28738b817fa458c70502dd35b6858c6,e60f65d21bf9a18f9659b21106acb4503522ac6ae9aa20f4f07490461741cd3d,637d5e5c489c56e1c2c14339f85e70c1c89851902fdbe0056e5050896faba74f,8250fdca6e36610c111d77f1f3924f806f6b98301366d7b7ecffe3c351b21a8f,benchmark_oracle_from_y,False
spect_heart,self_null_lam0.5_rm1.0_si0.5,self_null,0.5,1.0,0.5,42,1,completed,0,<local_data_root>/result/V12/v12_topology_search_stage3_2026-08-04/spect_heart/self_null_lam0.5_rm1.0_si0.5/seed_42,<local_data_root>/result/V12/v12_topology_search_stage3_2026-08-04/spect_heart/self_null_lam0.5_rm1.0_si0.5/seed_42/summary.json,<local_data_root>/result/V12/v12_topology_search_stage3_2026-08-04/spect_heart/self_null_lam0.5_rm1.0_si0.5/seed_42/run.log,-0.011265481595560232,0.1058641783835488,0.5543071161048689,0.5907938380256721,0.6556534767150879,1.453824520111084,4.319674015045166,0.05386725498829037,0.44217873010784386,0.75,0.2645966622978449,0.6407825704663992,<local_data_root>/datasets/AHDPC/processed/spect_heart.npz,07ce03b3056bcb87c7afcc29eeedc511a28738b817fa458c70502dd35b6858c6,e60f65d21bf9a18f9659b21106acb4503522ac6ae9aa20f4f07490461741cd3d,637d5e5c489c56e1c2c14339f85e70c1c89851902fdbe0056e5050896faba74f,8250fdca6e36610c111d77f1f3924f806f6b98301366d7b7ecffe3c351b21a8f,benchmark_oracle_from_y,False
spect_heart,self_null_lam0.5_rm1.0_si0.5,self_null,0.5,1.0,0.5,123,4,completed,0,<local_data_root>/result/V12/v12_topology_search_stage3_2026-08-04/spect_heart/self_null_lam0.5_rm1.0_si0.5/seed_123,<local_data_root>/result/V12/v12_topology_search_stage3_2026-08-04/spect_heart/self_null_lam0.5_rm1.0_si0.5/seed_123/summary.json,<local_data_root>/result/V12/v12_topology_search_stage3_2026-08-04/spect_heart/self_null_lam0.5_rm1.0_si0.5/seed_123/run.log,0.006447283258482127,0.10477216501408736,0.5730337078651685,0.5916556146755363,0.6077242493629456,1.464745044708252,4.3625030517578125,0.05693992610322311,0.4335145864635706,0.75,0.26859290050342677,0.6413549151271581,<local_data_root>/datasets/AHDPC/processed/spect_heart.npz,07ce03b3056bcb87c7afcc29eeedc511a28738b817fa458c70502dd35b6858c6,e60f65d21bf9a18f9659b21106acb4503522ac6ae9aa20f4f07490461741cd3d,637d5e5c489c56e1c2c14339f85e70c1c89851902fdbe0056e5050896faba74f,8250fdca6e36610c111d77f1f3924f806f6b98301366d7b7ecffe3c351b21a8f,benchmark_oracle_from_y,False
vehicle,edge_only_lam0.3_rm0.5,edge_only,0.3,0.5,0.8,7,5,completed,0,<local_data_root>/result/V12/v12_topology_search_stage3_2026-08-04/vehicle/edge_only_lam0.3_rm0.5/seed_7,<local_data_root>/result/V12/v12_topology_search_stage3_2026-08-04/vehicle/edge_only_lam0.3_rm0.5/seed_7/summary.json,<local_data_root>/result/V12/v12_topology_search_stage3_2026-08-04/vehicle/edge_only_lam0.3_rm0.5/seed_7/run.log,0.08010999941348591,0.11363889694444028,0.36524822695035464,0.32453157687285356,0.0,1.2356889247894287,3.540846586227417,0.10244875592179596,0.17639752083923668,0.75,0.1614259516587481,0.6181144213303924,<local_data_root>/datasets/AHDPC/processed/vehicle.npz,8b080d62deb44713e36ec78a67a7b90c7e5c9e1bfea09f59dcad669b3e6da33e,e60f65d21bf9a18f9659b21106acb4503522ac6ae9aa20f4f07490461741cd3d,637d5e5c489c56e1c2c14339f85e70c1c89851902fdbe0056e5050896faba74f,8250fdca6e36610c111d77f1f3924f806f6b98301366d7b7ecffe3c351b21a8f,benchmark_oracle_from_y,False
vehicle,edge_only_lam0.3_rm0.5,edge_only,0.3,0.5,0.8,42,1,completed,0,<local_data_root>/result/V12/v12_topology_search_stage3_2026-08-04/vehicle/edge_only_lam0.3_rm0.5/seed_42,<local_data_root>/result/V12/v12_topology_search_stage3_2026-08-04/vehicle/edge_only_lam0.3_rm0.5/seed_42/summary.json,<local_data_root>/result/V12/v12_topology_search_stage3_2026-08-04/vehicle/edge_only_lam0.3_rm0.5/seed_42/run.log,0.08720740163512815,0.11813015914772308,0.3959810874704492,0.3305166436411513,0.0,1.2878086566925049,3.7012202739715576,0.10044707482447848,0.18250061790458857,0.75,0.16299847248010338,0.6184954751282931,<local_data_root>/datasets/AHDPC/processed/vehicle.npz,8b080d62deb44713e36ec78a67a7b90c7e5c9e1bfea09f59dcad669b3e6da33e,e60f65d21bf9a18f9659b21106acb4503522ac6ae9aa20f4f07490461741cd3d,637d5e5c489c56e1c2c14339f85e70c1c89851902fdbe0056e5050896faba74f,8250fdca6e36610c111d77f1f3924f806f6b98301366d7b7ecffe3c351b21a8f,benchmark_oracle_from_y,False
vehicle,edge_only_lam0.3_rm0.5,edge_only,0.3,0.5,0.8,123,4,completed,0,<local_data_root>/result/V12/v12_topology_search_stage3_2026-08-04/vehicle/edge_only_lam0.3_rm0.5/seed_123,<local_data_root>/result/V12/v12_topology_search_stage3_2026-08-04/vehicle/edge_only_lam0.3_rm0.5/seed_123/summary.json,<local_data_root>/result/V12/v12_topology_search_stage3_2026-08-04/vehicle/edge_only_lam0.3_rm0.5/seed_123/run.log,0.08605238447854728,0.12074526851064546,0.37706855791962174,0.3281851333914063,0.0,1.233030915260315,3.5316314697265625,0.1106549451360479,0.17613083857577294,0.75,0.1617169551551342,0.6193684373050928,<local_data_root>/datasets/AHDPC/processed/vehicle.npz,8b080d62deb44713e36ec78a67a7b90c7e5c9e1bfea09f59dcad669b3e6da33e,e60f65d21bf9a18f9659b21106acb4503522ac6ae9aa20f4f07490461741cd3d,637d5e5c489c56e1c2c14339f85e70c1c89851902fdbe0056e5050896faba74f,8250fdca6e36610c111d77f1f3924f806f6b98301366d7b7ecffe3c351b21a8f,benchmark_oracle_from_y,False
vehicle,edge_only_lam0.3_rm1.0,edge_only,0.3,1.0,0.8,7,5,completed,0,<local_data_root>/result/V12/v12_topology_search_stage3_2026-08-04/vehicle/edge_only_lam0.3_rm1.0/seed_7,<local_data_root>/result/V12/v12_topology_search_stage3_2026-08-04/vehicle/edge_only_lam0.3_rm1.0/seed_7/summary.json,<local_data_root>/result/V12/v12_topology_search_stage3_2026-08-04/vehicle/edge_only_lam0.3_rm1.0/seed_7/run.log,0.08115315133804851,0.11480855485105265,0.36879432624113473,0.3246187769475116,0.0,1.2053000926971436,3.440598249435425,0.0964141291915439,0.4276928992010653,0.75,0.16132423512171953,0.6180904364213348,<local_data_root>/datasets/AHDPC/processed/vehicle.npz,8b080d62deb44713e36ec78a67a7b90c7e5c9e1bfea09f59dcad669b3e6da33e,e60f65d21bf9a18f9659b21106acb4503522ac6ae9aa20f4f07490461741cd3d,637d5e5c489c56e1c2c14339f85e70c1c89851902fdbe0056e5050896faba74f,8250fdca6e36610c111d77f1f3924f806f6b98301366d7b7ecffe3c351b21a8f,benchmark_oracle_from_y,False
vehicle,edge_only_lam0.3_rm1.0,edge_only,0.3,1.0,0.8,42,1,completed,0,<local_data_root>/result/V12/v12_topology_search_stage3_2026-08-04/vehicle/edge_only_lam0.3_rm1.0/seed_42,<local_data_root>/result/V12/v12_topology_search_stage3_2026-08-04/vehicle/edge_only_lam0.3_rm1.0/seed_42/summary.json,<local_data_root>/result/V12/v12_topology_search_stage3_2026-08-04/vehicle/edge_only_lam0.3_rm1.0/seed_42/run.log,0.08630715547019344,0.11743182195383829,0.39361702127659576,0.3297415374066039,0.0,1.266404628753662,3.6306891441345215,0.0939662255696021,0.440792197175324,0.75,0.16289392274338751,0.6184667201712728,<local_data_root>/datasets/AHDPC/processed/vehicle.npz,8b080d62deb44713e36ec78a67a7b90c7e5c9e1bfea09f59dcad669b3e6da33e,e60f65d21bf9a18f9659b21106acb4503522ac6ae9aa20f4f07490461741cd3d,637d5e5c489c56e1c2c14339f85e70c1c89851902fdbe0056e5050896faba74f,8250fdca6e36610c111d77f1f3924f806f6b98301366d7b7ecffe3c351b21a8f,benchmark_oracle_from_y,False
vehicle,edge_only_lam0.3_rm1.0,edge_only,0.3,1.0,0.8,123,4,completed,0,<local_data_root>/result/V12/v12_topology_search_stage3_2026-08-04/vehicle/edge_only_lam0.3_rm1.0/seed_123,<local_data_root>/result/V12/v12_topology_search_stage3_2026-08-04/vehicle/edge_only_lam0.3_rm1.0/seed_123/summary.json,<local_data_root>/result/V12/v12_topology_search_stage3_2026-08-04/vehicle/edge_only_lam0.3_rm1.0/seed_123/run.log,0.085297884724974,0.12011952164587827,0.375886524822695,0.327636439476129,0.0,1.2270382642745972,3.506351947784424,0.10342188340146094,0.4322463748976588,0.75,0.16159500812646002,0.6193423870950937,<local_data_root>/datasets/AHDPC/processed/vehicle.npz,8b080d62deb44713e36ec78a67a7b90c7e5c9e1bfea09f59dcad669b3e6da33e,e60f65d21bf9a18f9659b21106acb4503522ac6ae9aa20f4f07490461741cd3d,637d5e5c489c56e1c2c14339f85e70c1c89851902fdbe0056e5050896faba74f,8250fdca6e36610c111d77f1f3924f806f6b98301366d7b7ecffe3c351b21a8f,benchmark_oracle_from_y,False
vehicle,edge_only_lam0.5_rm0.5,edge_only,0.5,0.5,0.8,7,5,completed,0,<local_data_root>/result/V12/v12_topology_search_stage3_2026-08-04/vehicle/edge_only_lam0.5_rm0.5/seed_7,<local_data_root>/result/V12/v12_topology_search_stage3_2026-08-04/vehicle/edge_only_lam0.5_rm0.5/seed_7/summary.json,<local_data_root>/result/V12/v12_topology_search_stage3_2026-08-04/vehicle/edge_only_lam0.5_rm0.5/seed_7/run.log,0.08780125784612132,0.1201981026741809,0.37825059101654845,0.3350209397672596,0.0,1.1825265884399414,3.3921844959259033,0.12815557684516535,0.17578716338612138,0.75,0.16264895538333804,0.6184806557372212,<local_data_root>/datasets/AHDPC/processed/vehicle.npz,8b080d62deb44713e36ec78a67a7b90c7e5c9e1bfea09f59dcad669b3e6da33e,e60f65d21bf9a18f9659b21106acb4503522ac6ae9aa20f4f07490461741cd3d,637d5e5c489c56e1c2c14339f85e70c1c89851902fdbe0056e5050896faba74f,8250fdca6e36610c111d77f1f3924f806f6b98301366d7b7ecffe3c351b21a8f,benchmark_oracle_from_y,False
vehicle,edge_only_lam0.5_rm0.5,edge_only,0.5,0.5,0.8,42,1,completed,0,<local_data_root>/result/V12/v12_topology_search_stage3_2026-08-04/vehicle/edge_only_lam0.5_rm0.5/seed_42,<local_data_root>/result/V12/v12_topology_search_stage3_2026-08-04/vehicle/edge_only_lam0.5_rm0.5/seed_42/summary.json,<local_data_root>/result/V12/v12_topology_search_stage3_2026-08-04/vehicle/edge_only_lam0.5_rm0.5/seed_42/run.log,0.0817770842251772,0.12215492765942267,0.3735224586288416,0.32674588175967795,0.0,1.2334425449371338,3.534522771835327,0.1257814327487722,0.18207844286225736,0.75,0.16425689954776318,0.6188406437635422,<local_data_root>/datasets/AHDPC/processed/vehicle.npz,8b080d62deb44713e36ec78a67a7b90c7e5c9e1bfea09f59dcad669b3e6da33e,e60f65d21bf9a18f9659b21106acb4503522ac6ae9aa20f4f07490461741cd3d,637d5e5c489c56e1c2c14339f85e70c1c89851902fdbe0056e5050896faba74f,8250fdca6e36610c111d77f1f3924f806f6b98301366d7b7ecffe3c351b21a8f,benchmark_oracle_from_y,False
vehicle,edge_only_lam0.5_rm0.5,edge_only,0.5,0.5,0.8,123,4,completed,0,<local_data_root>/result/V12/v12_topology_search_stage3_2026-08-04/vehicle/edge_only_lam0.5_rm0.5/seed_123,<local_data_root>/result/V12/v12_topology_search_stage3_2026-08-04/vehicle/edge_only_lam0.5_rm0.5/seed_123/summary.json,<local_data_root>/result/V12/v12_topology_search_stage3_2026-08-04/vehicle/edge_only_lam0.5_rm0.5/seed_123/run.log,0.09143812358641629,0.12754628610565935,0.36997635933806144,0.3370876772830715,0.0,1.1751508712768555,3.3710033893585205,0.14051132772583513,0.17572531935293229,0.75,0.1630503133405,0.6197224333882332,<local_data_root>/datasets/AHDPC/processed/vehicle.npz,8b080d62deb44713e36ec78a67a7b90c7e5c9e1bfea09f59dcad669b3e6da33e,e60f65d21bf9a18f9659b21106acb4503522ac6ae9aa20f4f07490461741cd3d,637d5e5c489c56e1c2c14339f85e70c1c89851902fdbe0056e5050896faba74f,8250fdca6e36610c111d77f1f3924f806f6b98301366d7b7ecffe3c351b21a8f,benchmark_oracle_from_y,False
vehicle,edge_only_lam0.5_rm1.0,edge_only,0.5,1.0,0.8,7,5,completed,0,<local_data_root>/result/V12/v12_topology_search_stage3_2026-08-04/vehicle/edge_only_lam0.5_rm1.0/seed_7,<local_data_root>/result/V12/v12_topology_search_stage3_2026-08-04/vehicle/edge_only_lam0.5_rm1.0/seed_7/summary.json,<local_data_root>/result/V12/v12_topology_search_stage3_2026-08-04/vehicle/edge_only_lam0.5_rm1.0/seed_7/run.log,0.08365456037853464,0.11570369581713962,0.35697399527186763,0.3283011465511531,0.0,1.1686382293701172,3.3364055156707764,0.12087243866408244,0.42669965429231527,0.75,0.16252996895927935,0.6184522401541471,<local_data_root>/datasets/AHDPC/processed/vehicle.npz,8b080d62deb44713e36ec78a67a7b90c7e5c9e1bfea09f59dcad669b3e6da33e,e60f65d21bf9a18f9659b21106acb4503522ac6ae9aa20f4f07490461741cd3d,637d5e5c489c56e1c2c14339f85e70c1c89851902fdbe0056e5050896faba74f,8250fdca6e36610c111d77f1f3924f806f6b98301366d7b7ecffe3c351b21a8f,benchmark_oracle_from_y,False
vehicle,edge_only_lam0.5_rm1.0,edge_only,0.5,1.0,0.8,42,1,completed,0,<local_data_root>/result/V12/v12_topology_search_stage3_2026-08-04/vehicle/edge_only_lam0.5_rm1.0/seed_42,<local_data_root>/result/V12/v12_topology_search_stage3_2026-08-04/vehicle/edge_only_lam0.5_rm1.0/seed_42/summary.json,<local_data_root>/result/V12/v12_topology_search_stage3_2026-08-04/vehicle/edge_only_lam0.5_rm1.0/seed_42/run.log,0.08189436094866896,0.12221750476378282,0.3747044917257683,0.3268493507493738,0.0,1.2316690683364868,3.5244362354278564,0.11795649534324185,0.440201938804239,0.75,0.16410531820729374,0.6187965165823698,<local_data_root>/datasets/AHDPC/processed/vehicle.npz,8b080d62deb44713e36ec78a67a7b90c7e5c9e1bfea09f59dcad669b3e6da33e,e60f65d21bf9a18f9659b21106acb4503522ac6ae9aa20f4f07490461741cd3d,637d5e5c489c56e1c2c14339f85e70c1c89851902fdbe0056e5050896faba74f,8250fdca6e36610c111d77f1f3924f806f6b98301366d7b7ecffe3c351b21a8f,benchmark_oracle_from_y,False
vehicle,edge_only_lam0.5_rm1.0,edge_only,0.5,1.0,0.8,123,4,completed,0,<local_data_root>/result/V12/v12_topology_search_stage3_2026-08-04/vehicle/edge_only_lam0.5_rm1.0/seed_123,<local_data_root>/result/V12/v12_topology_search_stage3_2026-08-04/vehicle/edge_only_lam0.5_rm1.0/seed_123/summary.json,<local_data_root>/result/V12/v12_topology_search_stage3_2026-08-04/vehicle/edge_only_lam0.5_rm1.0/seed_123/run.log,0.08967988901300422,0.12675419807694238,0.3640661938534279,0.3350475842542595,0.0,1.18659245967865,3.38854718208313,0.13247265683021398,0.4311989816837013,0.75,0.16291241063736378,0.6196829726919532,<local_data_root>/datasets/AHDPC/processed/vehicle.npz,8b080d62deb44713e36ec78a67a7b90c7e5c9e1bfea09f59dcad669b3e6da33e,e60f65d21bf9a18f9659b21106acb4503522ac6ae9aa20f4f07490461741cd3d,637d5e5c489c56e1c2c14339f85e70c1c89851902fdbe0056e5050896faba74f,8250fdca6e36610c111d77f1f3924f806f6b98301366d7b7ecffe3c351b21a8f,benchmark_oracle_from_y,False
vehicle,self_null_lam0.3_rm0.5_si0.3,self_null,0.3,0.5,0.3,7,5,completed,0,<local_data_root>/result/V12/v12_topology_search_stage3_2026-08-04/vehicle/self_null_lam0.3_rm0.5_si0.3/seed_7,<local_data_root>/result/V12/v12_topology_search_stage3_2026-08-04/vehicle/self_null_lam0.3_rm0.5_si0.3/seed_7/summary.json,<local_data_root>/result/V12/v12_topology_search_stage3_2026-08-04/vehicle/self_null_lam0.3_rm0.5_si0.3/seed_7/run.log,0.09083102873963543,0.11924947924025232,0.3947990543735225,0.3267446044114932,0.8830412030220032,1.3094689846038818,3.7723212242126465,0.07966832573292777,0.1772998956264928,0.75,0.1609937076922506,0.6180095257237553,<local_data_root>/datasets/AHDPC/processed/vehicle.npz,8b080d62deb44713e36ec78a67a7b90c7e5c9e1bfea09f59dcad669b3e6da33e,e60f65d21bf9a18f9659b21106acb4503522ac6ae9aa20f4f07490461741cd3d,637d5e5c489c56e1c2c14339f85e70c1c89851902fdbe0056e5050896faba74f,8250fdca6e36610c111d77f1f3924f806f6b98301366d7b7ecffe3c351b21a8f,benchmark_oracle_from_y,False
vehicle,self_null_lam0.3_rm0.5_si0.3,self_null,0.3,0.5,0.3,42,1,completed,0,<local_data_root>/result/V12/v12_topology_search_stage3_2026-08-04/vehicle/self_null_lam0.3_rm0.5_si0.3/seed_42,<local_data_root>/result/V12/v12_topology_search_stage3_2026-08-04/vehicle/self_null_lam0.3_rm0.5_si0.3/seed_42/summary.json,<local_data_root>/result/V12/v12_topology_search_stage3_2026-08-04/vehicle/self_null_lam0.3_rm0.5_si0.3/seed_42/run.log,0.1003870175973771,0.12228062932300018,0.408983451536643,0.33204213977346,0.9064359664916992,1.352076768875122,3.918877601623535,0.07692577466368675,0.18340171833988278,0.75,0.16258250621613116,0.6183751558884978,<local_data_root>/datasets/AHDPC/processed/vehicle.npz,8b080d62deb44713e36ec78a67a7b90c7e5c9e1bfea09f59dcad669b3e6da33e,e60f65d21bf9a18f9659b21106acb4503522ac6ae9aa20f4f07490461741cd3d,637d5e5c489c56e1c2c14339f85e70c1c89851902fdbe0056e5050896faba74f,8250fdca6e36610c111d77f1f3924f806f6b98301366d7b7ecffe3c351b21a8f,benchmark_oracle_from_y,False
vehicle,self_null_lam0.3_rm0.5_si0.3,self_null,0.3,0.5,0.3,123,4,completed,0,<local_data_root>/result/V12/v12_topology_search_stage3_2026-08-04/vehicle/self_null_lam0.3_rm0.5_si0.3/seed_123,<local_data_root>/result/V12/v12_topology_search_stage3_2026-08-04/vehicle/self_null_lam0.3_rm0.5_si0.3/seed_123/summary.json,<local_data_root>/result/V12/v12_topology_search_stage3_2026-08-04/vehicle/self_null_lam0.3_rm0.5_si0.3/seed_123/run.log,0.10150334406594015,0.12218503895659026,0.4101654846335697,0.3343049608976803,0.878466010093689,1.309192419052124,3.7713186740875244,0.08477295476477593,0.1773145379498601,0.75,0.16124433735385538,0.6192729912698269,<local_data_root>/datasets/AHDPC/processed/vehicle.npz,8b080d62deb44713e36ec78a67a7b90c7e5c9e1bfea09f59dcad669b3e6da33e,e60f65d21bf9a18f9659b21106acb4503522ac6ae9aa20f4f07490461741cd3d,637d5e5c489c56e1c2c14339f85e70c1c89851902fdbe0056e5050896faba74f,8250fdca6e36610c111d77f1f3924f806f6b98301366d7b7ecffe3c351b21a8f,benchmark_oracle_from_y,False
vehicle,self_null_lam0.3_rm0.5_si0.5,self_null,0.3,0.5,0.5,7,5,completed,0,<local_data_root>/result/V12/v12_topology_search_stage3_2026-08-04/vehicle/self_null_lam0.3_rm0.5_si0.5/seed_7,<local_data_root>/result/V12/v12_topology_search_stage3_2026-08-04/vehicle/self_null_lam0.3_rm0.5_si0.5/seed_7/summary.json,<local_data_root>/result/V12/v12_topology_search_stage3_2026-08-04/vehicle/self_null_lam0.3_rm0.5_si0.5/seed_7/run.log,0.09083102873963543,0.11924947924025232,0.3947990543735225,0.3267446044114932,0.8899484872817993,1.3094896078109741,3.772406578063965,0.07826850087149069,0.17724813907407225,0.75,0.16095911918673664,0.6180009650066495,<local_data_root>/datasets/AHDPC/processed/vehicle.npz,8b080d62deb44713e36ec78a67a7b90c7e5c9e1bfea09f59dcad669b3e6da33e,e60f65d21bf9a18f9659b21106acb4503522ac6ae9aa20f4f07490461741cd3d,637d5e5c489c56e1c2c14339f85e70c1c89851902fdbe0056e5050896faba74f,8250fdca6e36610c111d77f1f3924f806f6b98301366d7b7ecffe3c351b21a8f,benchmark_oracle_from_y,False
vehicle,self_null_lam0.3_rm0.5_si0.5,self_null,0.3,0.5,0.5,42,1,completed,0,<local_data_root>/result/V12/v12_topology_search_stage3_2026-08-04/vehicle/self_null_lam0.3_rm0.5_si0.5/seed_42,<local_data_root>/result/V12/v12_topology_search_stage3_2026-08-04/vehicle/self_null_lam0.3_rm0.5_si0.5/seed_42/summary.json,<local_data_root>/result/V12/v12_topology_search_stage3_2026-08-04/vehicle/self_null_lam0.3_rm0.5_si0.5/seed_42/run.log,0.09910532854785127,0.12102040647560589,0.40543735224586286,0.33123701316940074,0.904076099395752,1.351291537284851,3.9160969257354736,0.07531397737329826,0.18337982420343907,0.75,0.16254515517503024,0.6183658881112933,<local_data_root>/datasets/AHDPC/processed/vehicle.npz,8b080d62deb44713e36ec78a67a7b90c7e5c9e1bfea09f59dcad669b3e6da33e,e60f65d21bf9a18f9659b21106acb4503522ac6ae9aa20f4f07490461741cd3d,637d5e5c489c56e1c2c14339f85e70c1c89851902fdbe0056e5050896faba74f,8250fdca6e36610c111d77f1f3924f806f6b98301366d7b7ecffe3c351b21a8f,benchmark_oracle_from_y,False
vehicle,self_null_lam0.3_rm0.5_si0.5,self_null,0.3,0.5,0.5,123,4,completed,0,<local_data_root>/result/V12/v12_topology_search_stage3_2026-08-04/vehicle/self_null_lam0.3_rm0.5_si0.5/seed_123,<local_data_root>/result/V12/v12_topology_search_stage3_2026-08-04/vehicle/self_null_lam0.3_rm0.5_si0.5/seed_123/summary.json,<local_data_root>/result/V12/v12_topology_search_stage3_2026-08-04/vehicle/self_null_lam0.3_rm0.5_si0.5/seed_123/run.log,0.10074525819090777,0.12175404285781435,0.4101654846335697,0.3334335629094412,0.8810644149780273,1.3089721202850342,3.770596742630005,0.0827293157344684,0.17718992461450397,0.75,0.1611984893446788,0.6192637544125319,<local_data_root>/datasets/AHDPC/processed/vehicle.npz,8b080d62deb44713e36ec78a67a7b90c7e5c9e1bfea09f59dcad669b3e6da33e,e60f65d21bf9a18f9659b21106acb4503522ac6ae9aa20f4f07490461741cd3d,637d5e5c489c56e1c2c14339f85e70c1c89851902fdbe0056e5050896faba74f,8250fdca6e36610c111d77f1f3924f806f6b98301366d7b7ecffe3c351b21a8f,benchmark_oracle_from_y,False
vehicle,self_null_lam0.3_rm1.0_si0.3,self_null,0.3,1.0,0.3,7,5,completed,0,<local_data_root>/result/V12/v12_topology_search_stage3_2026-08-04/vehicle/self_null_lam0.3_rm1.0_si0.3/seed_7,<local_data_root>/result/V12/v12_topology_search_stage3_2026-08-04/vehicle/self_null_lam0.3_rm1.0_si0.3/seed_7/summary.json,<local_data_root>/result/V12/v12_topology_search_stage3_2026-08-04/vehicle/self_null_lam0.3_rm1.0_si0.3/seed_7/run.log,0.09083102873963543,0.11924947924025232,0.3947990543735225,0.3267446044114932,0.8850432634353638,1.2280247211456299,3.507918357849121,0.07883442958118395,0.4273703500628471,0.75,0.1609816374257207,0.6180068396031857,<local_data_root>/datasets/AHDPC/processed/vehicle.npz,8b080d62deb44713e36ec78a67a7b90c7e5c9e1bfea09f59dcad669b3e6da33e,e60f65d21bf9a18f9659b21106acb4503522ac6ae9aa20f4f07490461741cd3d,637d5e5c489c56e1c2c14339f85e70c1c89851902fdbe0056e5050896faba74f,8250fdca6e36610c111d77f1f3924f806f6b98301366d7b7ecffe3c351b21a8f,benchmark_oracle_from_y,False
vehicle,self_null_lam0.3_rm1.0_si0.3,self_null,0.3,1.0,0.3,42,1,completed,0,<local_data_root>/result/V12/v12_topology_search_stage3_2026-08-04/vehicle/self_null_lam0.3_rm1.0_si0.3/seed_42,<local_data_root>/result/V12/v12_topology_search_stage3_2026-08-04/vehicle/self_null_lam0.3_rm1.0_si0.3/seed_42/summary.json,<local_data_root>/result/V12/v12_topology_search_stage3_2026-08-04/vehicle/self_null_lam0.3_rm1.0_si0.3/seed_42/run.log,0.09910532854785127,0.12102040647560589,0.40543735224586286,0.33123701316940074,0.8847312331199646,1.2862334251403809,3.6942222118377686,0.07595568732358515,0.4413535255007446,0.75,0.16256920935120434,0.6183720810338855,<local_data_root>/datasets/AHDPC/processed/vehicle.npz,8b080d62deb44713e36ec78a67a7b90c7e5c9e1bfea09f59dcad669b3e6da33e,e60f65d21bf9a18f9659b21106acb4503522ac6ae9aa20f4f07490461741cd3d,637d5e5c489c56e1c2c14339f85e70c1c89851902fdbe0056e5050896faba74f,8250fdca6e36610c111d77f1f3924f806f6b98301366d7b7ecffe3c351b21a8f,benchmark_oracle_from_y,False
vehicle,self_null_lam0.3_rm1.0_si0.3,self_null,0.3,1.0,0.3,123,4,completed,0,<local_data_root>/result/V12/v12_topology_search_stage3_2026-08-04/vehicle/self_null_lam0.3_rm1.0_si0.3/seed_123,<local_data_root>/result/V12/v12_topology_search_stage3_2026-08-04/vehicle/self_null_lam0.3_rm1.0_si0.3/seed_123/summary.json,<local_data_root>/result/V12/v12_topology_search_stage3_2026-08-04/vehicle/self_null_lam0.3_rm1.0_si0.3/seed_123/run.log,0.1009698151678631,0.12176338686263802,0.408983451536643,0.33374181405274733,0.8827914595603943,1.2589269876480103,3.60506010055542,0.08348292412701994,0.43331351801753043,0.75,0.16122495774179696,0.6192699430510402,<local_data_root>/datasets/AHDPC/processed/vehicle.npz,8b080d62deb44713e36ec78a67a7b90c7e5c9e1bfea09f59dcad669b3e6da33e,e60f65d21bf9a18f9659b21106acb4503522ac6ae9aa20f4f07490461741cd3d,637d5e5c489c56e1c2c14339f85e70c1c89851902fdbe0056e5050896faba74f,8250fdca6e36610c111d77f1f3924f806f6b98301366d7b7ecffe3c351b21a8f,benchmark_oracle_from_y,False
vehicle,self_null_lam0.3_rm1.0_si0.5,self_null,0.3,1.0,0.5,7,5,completed,0,<local_data_root>/result/V12/v12_topology_search_stage3_2026-08-04/vehicle/self_null_lam0.3_rm1.0_si0.5/seed_7,<local_data_root>/result/V12/v12_topology_search_stage3_2026-08-04/vehicle/self_null_lam0.3_rm1.0_si0.5/seed_7/summary.json,<local_data_root>/result/V12/v12_topology_search_stage3_2026-08-04/vehicle/self_null_lam0.3_rm1.0_si0.5/seed_7/run.log,0.09083102873963543,0.11924947924025232,0.3947990543735225,0.3267446044114932,0.8901798725128174,1.2274329662322998,3.506051540374756,0.07766852045897395,0.42733208974823356,0.75,0.1609514571260661,0.6179992569610476,<local_data_root>/datasets/AHDPC/processed/vehicle.npz,8b080d62deb44713e36ec78a67a7b90c7e5c9e1bfea09f59dcad669b3e6da33e,e60f65d21bf9a18f9659b21106acb4503522ac6ae9aa20f4f07490461741cd3d,637d5e5c489c56e1c2c14339f85e70c1c89851902fdbe0056e5050896faba74f,8250fdca6e36610c111d77f1f3924f806f6b98301366d7b7ecffe3c351b21a8f,benchmark_oracle_from_y,False
vehicle,self_null_lam0.3_rm1.0_si0.5,self_null,0.3,1.0,0.5,42,1,completed,0,<local_data_root>/result/V12/v12_topology_search_stage3_2026-08-04/vehicle/self_null_lam0.3_rm1.0_si0.5/seed_42,<local_data_root>/result/V12/v12_topology_search_stage3_2026-08-04/vehicle/self_null_lam0.3_rm1.0_si0.5/seed_42/summary.json,<local_data_root>/result/V12/v12_topology_search_stage3_2026-08-04/vehicle/self_null_lam0.3_rm1.0_si0.5/seed_42/run.log,0.09907403647729825,0.12075954728973866,0.4066193853427896,0.33081275452732645,0.8827277421951294,1.2858147621154785,3.692830801010132,0.07463596850866452,0.4413234682753682,0.75,0.16253697997890412,0.6183641113340854,<local_data_root>/datasets/AHDPC/processed/vehicle.npz,8b080d62deb44713e36ec78a67a7b90c7e5c9e1bfea09f59dcad669b3e6da33e,e60f65d21bf9a18f9659b21106acb4503522ac6ae9aa20f4f07490461741cd3d,637d5e5c489c56e1c2c14339f85e70c1c89851902fdbe0056e5050896faba74f,8250fdca6e36610c111d77f1f3924f806f6b98301366d7b7ecffe3c351b21a8f,benchmark_oracle_from_y,False
vehicle,self_null_lam0.3_rm1.0_si0.5,self_null,0.3,1.0,0.5,123,4,completed,0,<local_data_root>/result/V12/v12_topology_search_stage3_2026-08-04/vehicle/self_null_lam0.3_rm1.0_si0.5/seed_123,<local_data_root>/result/V12/v12_topology_search_stage3_2026-08-04/vehicle/self_null_lam0.3_rm1.0_si0.5/seed_123/summary.json,<local_data_root>/result/V12/v12_topology_search_stage3_2026-08-04/vehicle/self_null_lam0.3_rm1.0_si0.5/seed_123/run.log,0.1014433784696574,0.12221983085144854,0.408983451536643,0.3339072263319471,0.8839707970619202,1.2583173513412476,3.6030941009521484,0.08183846496976913,0.4331853506155312,0.75,0.16118661223445088,0.6192618725821376,<local_data_root>/datasets/AHDPC/processed/vehicle.npz,8b080d62deb44713e36ec78a67a7b90c7e5c9e1bfea09f59dcad669b3e6da33e,e60f65d21bf9a18f9659b21106acb4503522ac6ae9aa20f4f07490461741cd3d,637d5e5c489c56e1c2c14339f85e70c1c89851902fdbe0056e5050896faba74f,8250fdca6e36610c111d77f1f3924f806f6b98301366d7b7ecffe3c351b21a8f,benchmark_oracle_from_y,False
vehicle,self_null_lam0.5_rm0.5_si0.3,self_null,0.5,0.5,0.3,7,5,completed,0,<local_data_root>/result/V12/v12_topology_search_stage3_2026-08-04/vehicle/self_null_lam0.5_rm0.5_si0.3/seed_7,<local_data_root>/result/V12/v12_topology_search_stage3_2026-08-04/vehicle/self_null_lam0.5_rm0.5_si0.3/seed_7/summary.json,<local_data_root>/result/V12/v12_topology_search_stage3_2026-08-04/vehicle/self_null_lam0.5_rm0.5_si0.3/seed_7/run.log,0.08172669377642447,0.115500803816259,0.36879432624113473,0.32460673664400996,0.9163671135902405,1.3098995685577393,3.7738192081451416,0.0979521410423331,0.17744149051140995,0.75,0.16203303372021766,0.6183319907635451,<local_data_root>/datasets/AHDPC/processed/vehicle.npz,8b080d62deb44713e36ec78a67a7b90c7e5c9e1bfea09f59dcad669b3e6da33e,e60f65d21bf9a18f9659b21106acb4503522ac6ae9aa20f4f07490461741cd3d,637d5e5c489c56e1c2c14339f85e70c1c89851902fdbe0056e5050896faba74f,8250fdca6e36610c111d77f1f3924f806f6b98301366d7b7ecffe3c351b21a8f,benchmark_oracle_from_y,False
vehicle,self_null_lam0.5_rm0.5_si0.3,self_null,0.5,0.5,0.3,42,1,completed,0,<local_data_root>/result/V12/v12_topology_search_stage3_2026-08-04/vehicle/self_null_lam0.5_rm0.5_si0.3/seed_42,<local_data_root>/result/V12/v12_topology_search_stage3_2026-08-04/vehicle/self_null_lam0.5_rm0.5_si0.3/seed_42/summary.json,<local_data_root>/result/V12/v12_topology_search_stage3_2026-08-04/vehicle/self_null_lam0.5_rm0.5_si0.3/seed_42/run.log,0.1055818124128877,0.1286653979110464,0.408983451536643,0.3344768334150088,0.9435479044914246,1.3518421649932861,3.918025016784668,0.09446757587138563,0.1833984742173925,0.75,0.16355725030880422,0.6186354625970125,<local_data_root>/datasets/AHDPC/processed/vehicle.npz,8b080d62deb44713e36ec78a67a7b90c7e5c9e1bfea09f59dcad669b3e6da33e,e60f65d21bf9a18f9659b21106acb4503522ac6ae9aa20f4f07490461741cd3d,637d5e5c489c56e1c2c14339f85e70c1c89851902fdbe0056e5050896faba74f,8250fdca6e36610c111d77f1f3924f806f6b98301366d7b7ecffe3c351b21a8f,benchmark_oracle_from_y,False
vehicle,self_null_lam0.5_rm0.5_si0.3,self_null,0.5,0.5,0.3,123,4,completed,0,<local_data_root>/result/V12/v12_topology_search_stage3_2026-08-04/vehicle/self_null_lam0.5_rm0.5_si0.3/seed_123,<local_data_root>/result/V12/v12_topology_search_stage3_2026-08-04/vehicle/self_null_lam0.5_rm0.5_si0.3/seed_123/summary.json,<local_data_root>/result/V12/v12_topology_search_stage3_2026-08-04/vehicle/self_null_lam0.5_rm0.5_si0.3/seed_123/run.log,0.09930032759374578,0.12241007300873266,0.40543735224586286,0.33253290749335673,0.9086045622825623,1.3065932989120483,3.762601852416992,0.1079278436023742,0.17745950031094254,0.75,0.16238461951725186,0.619552156701684,<local_data_root>/datasets/AHDPC/processed/vehicle.npz,8b080d62deb44713e36ec78a67a7b90c7e5c9e1bfea09f59dcad669b3e6da33e,e60f65d21bf9a18f9659b21106acb4503522ac6ae9aa20f4f07490461741cd3d,637d5e5c489c56e1c2c14339f85e70c1c89851902fdbe0056e5050896faba74f,8250fdca6e36610c111d77f1f3924f806f6b98301366d7b7ecffe3c351b21a8f,benchmark_oracle_from_y,False
vehicle,self_null_lam0.5_rm0.5_si0.5,self_null,0.5,0.5,0.5,7,5,completed,0,<local_data_root>/result/V12/v12_topology_search_stage3_2026-08-04/vehicle/self_null_lam0.5_rm0.5_si0.5/seed_7,<local_data_root>/result/V12/v12_topology_search_stage3_2026-08-04/vehicle/self_null_lam0.5_rm0.5_si0.5/seed_7/summary.json,<local_data_root>/result/V12/v12_topology_search_stage3_2026-08-04/vehicle/self_null_lam0.5_rm0.5_si0.5/seed_7/run.log,0.08191645710002776,0.1156913295760834,0.36997635933806144,0.3247639544515603,0.9200795888900757,1.30549955368042,3.7590267658233643,0.09571720027597622,0.17709290969651192,0.75,0.1619699953123927,0.618314991146326,<local_data_root>/datasets/AHDPC/processed/vehicle.npz,8b080d62deb44713e36ec78a67a7b90c7e5c9e1bfea09f59dcad669b3e6da33e,e60f65d21bf9a18f9659b21106acb4503522ac6ae9aa20f4f07490461741cd3d,637d5e5c489c56e1c2c14339f85e70c1c89851902fdbe0056e5050896faba74f,8250fdca6e36610c111d77f1f3924f806f6b98301366d7b7ecffe3c351b21a8f,benchmark_oracle_from_y,False
vehicle,self_null_lam0.5_rm0.5_si0.5,self_null,0.5,0.5,0.5,42,1,completed,0,<local_data_root>/result/V12/v12_topology_search_stage3_2026-08-04/vehicle/self_null_lam0.5_rm0.5_si0.5/seed_42,<local_data_root>/result/V12/v12_topology_search_stage3_2026-08-04/vehicle/self_null_lam0.5_rm0.5_si0.5/seed_42/summary.json,<local_data_root>/result/V12/v12_topology_search_stage3_2026-08-04/vehicle/self_null_lam0.5_rm0.5_si0.5/seed_42/run.log,0.1053969693865303,0.12849280629332369,0.408983451536643,0.33439106184212714,0.941649317741394,1.3510791063308716,3.9153337478637695,0.09170657137874513,0.1833680468145758,0.75,0.16348080572206528,0.6186158793047071,<local_data_root>/datasets/AHDPC/processed/vehicle.npz,8b080d62deb44713e36ec78a67a7b90c7e5c9e1bfea09f59dcad669b3e6da33e,e60f65d21bf9a18f9659b21106acb4503522ac6ae9aa20f4f07490461741cd3d,637d5e5c489c56e1c2c14339f85e70c1c89851902fdbe0056e5050896faba74f,8250fdca6e36610c111d77f1f3924f806f6b98301366d7b7ecffe3c351b21a8f,benchmark_oracle_from_y,False
vehicle,self_null_lam0.5_rm0.5_si0.5,self_null,0.5,0.5,0.5,123,4,completed,0,<local_data_root>/result/V12/v12_topology_search_stage3_2026-08-04/vehicle/self_null_lam0.5_rm0.5_si0.5/seed_123,<local_data_root>/result/V12/v12_topology_search_stage3_2026-08-04/vehicle/self_null_lam0.5_rm0.5_si0.5/seed_123/summary.json,<local_data_root>/result/V12/v12_topology_search_stage3_2026-08-04/vehicle/self_null_lam0.5_rm0.5_si0.5/seed_123/run.log,0.09926071754827966,0.12250217968437775,0.40425531914893614,0.3324258205189217,0.9144164323806763,1.3068994283676147,3.7636427879333496,0.10461497228825464,0.17726121961604804,0.75,0.162298778234981,0.6195308366790414,<local_data_root>/datasets/AHDPC/processed/vehicle.npz,8b080d62deb44713e36ec78a67a7b90c7e5c9e1bfea09f59dcad669b3e6da33e,e60f65d21bf9a18f9659b21106acb4503522ac6ae9aa20f4f07490461741cd3d,637d5e5c489c56e1c2c14339f85e70c1c89851902fdbe0056e5050896faba74f,8250fdca6e36610c111d77f1f3924f806f6b98301366d7b7ecffe3c351b21a8f,benchmark_oracle_from_y,False
vehicle,self_null_lam0.5_rm1.0_si0.3,self_null,0.5,1.0,0.3,7,5,completed,0,<local_data_root>/result/V12/v12_topology_search_stage3_2026-08-04/vehicle/self_null_lam0.5_rm1.0_si0.3/seed_7,<local_data_root>/result/V12/v12_topology_search_stage3_2026-08-04/vehicle/self_null_lam0.5_rm1.0_si0.3/seed_7/summary.json,<local_data_root>/result/V12/v12_topology_search_stage3_2026-08-04/vehicle/self_null_lam0.5_rm1.0_si0.3/seed_7/run.log,0.08181827562472364,0.11563623316273404,0.36879432624113473,0.3246816776226989,0.9130144119262695,1.2284841537475586,3.509413480758667,0.09660016513662413,0.42758303685113785,0.75,0.16201186794787645,0.618327079154551,<local_data_root>/datasets/AHDPC/processed/vehicle.npz,8b080d62deb44713e36ec78a67a7b90c7e5c9e1bfea09f59dcad669b3e6da33e,e60f65d21bf9a18f9659b21106acb4503522ac6ae9aa20f4f07490461741cd3d,637d5e5c489c56e1c2c14339f85e70c1c89851902fdbe0056e5050896faba74f,8250fdca6e36610c111d77f1f3924f806f6b98301366d7b7ecffe3c351b21a8f,benchmark_oracle_from_y,False
vehicle,self_null_lam0.5_rm1.0_si0.3,self_null,0.5,1.0,0.3,42,1,completed,0,<local_data_root>/result/V12/v12_topology_search_stage3_2026-08-04/vehicle/self_null_lam0.5_rm1.0_si0.3/seed_42,<local_data_root>/result/V12/v12_topology_search_stage3_2026-08-04/vehicle/self_null_lam0.5_rm1.0_si0.3/seed_42/summary.json,<local_data_root>/result/V12/v12_topology_search_stage3_2026-08-04/vehicle/self_null_lam0.5_rm1.0_si0.3/seed_42/run.log,0.1055818124128877,0.1286653979110464,0.408983451536643,0.3344768334150088,0.9199008345603943,1.2858295440673828,3.692927122116089,0.09286843326408416,0.4413021794520319,0.75,0.16353017650544643,0.6186292847618461,<local_data_root>/datasets/AHDPC/processed/vehicle.npz,8b080d62deb44713e36ec78a67a7b90c7e5c9e1bfea09f59dcad669b3e6da33e,e60f65d21bf9a18f9659b21106acb4503522ac6ae9aa20f4f07490461741cd3d,637d5e5c489c56e1c2c14339f85e70c1c89851902fdbe0056e5050896faba74f,8250fdca6e36610c111d77f1f3924f806f6b98301366d7b7ecffe3c351b21a8f,benchmark_oracle_from_y,False
vehicle,self_null_lam0.5_rm1.0_si0.3,self_null,0.5,1.0,0.3,123,4,completed,0,<local_data_root>/result/V12/v12_topology_search_stage3_2026-08-04/vehicle/self_null_lam0.5_rm1.0_si0.3/seed_123,<local_data_root>/result/V12/v12_topology_search_stage3_2026-08-04/vehicle/self_null_lam0.5_rm1.0_si0.3/seed_123/summary.json,<local_data_root>/result/V12/v12_topology_search_stage3_2026-08-04/vehicle/self_null_lam0.5_rm1.0_si0.3/seed_123/run.log,0.09889286118148395,0.12205810888429675,0.40425531914893614,0.33227998551802557,0.9097025990486145,1.2572293281555176,3.599724292755127,0.1058476983802393,0.4333504418842494,0.75,0.16235119025222958,0.6195459958165884,<local_data_root>/datasets/AHDPC/processed/vehicle.npz,8b080d62deb44713e36ec78a67a7b90c7e5c9e1bfea09f59dcad669b3e6da33e,e60f65d21bf9a18f9659b21106acb4503522ac6ae9aa20f4f07490461741cd3d,637d5e5c489c56e1c2c14339f85e70c1c89851902fdbe0056e5050896faba74f,8250fdca6e36610c111d77f1f3924f806f6b98301366d7b7ecffe3c351b21a8f,benchmark_oracle_from_y,False
vehicle,self_null_lam0.5_rm1.0_si0.5,self_null,0.5,1.0,0.5,7,5,completed,0,<local_data_root>/result/V12/v12_topology_search_stage3_2026-08-04/vehicle/self_null_lam0.5_rm1.0_si0.5/seed_7,<local_data_root>/result/V12/v12_topology_search_stage3_2026-08-04/vehicle/self_null_lam0.5_rm1.0_si0.5/seed_7/summary.json,<local_data_root>/result/V12/v12_topology_search_stage3_2026-08-04/vehicle/self_null_lam0.5_rm1.0_si0.5/seed_7/run.log,0.09326849106414713,0.12595805491838066,0.39243498817966904,0.3299585691041756,0.9179452061653137,1.2270296812057495,3.5048677921295166,0.09475581443402917,0.42735642474144697,0.75,0.1619563867105171,0.6183117577806115,<local_data_root>/datasets/AHDPC/processed/vehicle.npz,8b080d62deb44713e36ec78a67a7b90c7e5c9e1bfea09f59dcad669b3e6da33e,e60f65d21bf9a18f9659b21106acb4503522ac6ae9aa20f4f07490461741cd3d,637d5e5c489c56e1c2c14339f85e70c1c89851902fdbe0056e5050896faba74f,8250fdca6e36610c111d77f1f3924f806f6b98301366d7b7ecffe3c351b21a8f,benchmark_oracle_from_y,False
vehicle,self_null_lam0.5_rm1.0_si0.5,self_null,0.5,1.0,0.5,42,1,completed,0,<local_data_root>/result/V12/v12_topology_search_stage3_2026-08-04/vehicle/self_null_lam0.5_rm1.0_si0.5/seed_42,<local_data_root>/result/V12/v12_topology_search_stage3_2026-08-04/vehicle/self_null_lam0.5_rm1.0_si0.5/seed_42/summary.json,<local_data_root>/result/V12/v12_topology_search_stage3_2026-08-04/vehicle/self_null_lam0.5_rm1.0_si0.5/seed_42/run.log,0.10724902091837483,0.12951567185918808,0.41134751773049644,0.33591628353854197,0.9151960611343384,1.284994125366211,3.690171003341675,0.09058258380973712,0.44125730339437724,0.75,0.16346341737080367,0.6186122849583626,<local_data_root>/datasets/AHDPC/processed/vehicle.npz,8b080d62deb44713e36ec78a67a7b90c7e5c9e1bfea09f59dcad669b3e6da33e,e60f65d21bf9a18f9659b21106acb4503522ac6ae9aa20f4f07490461741cd3d,637d5e5c489c56e1c2c14339f85e70c1c89851902fdbe0056e5050896faba74f,8250fdca6e36610c111d77f1f3924f806f6b98301366d7b7ecffe3c351b21a8f,benchmark_oracle_from_y,False
vehicle,self_null_lam0.5_rm1.0_si0.5,self_null,0.5,1.0,0.5,123,4,completed,0,<local_data_root>/result/V12/v12_topology_search_stage3_2026-08-04/vehicle/self_null_lam0.5_rm1.0_si0.5/seed_123,<local_data_root>/result/V12/v12_topology_search_stage3_2026-08-04/vehicle/self_null_lam0.5_rm1.0_si0.5/seed_123/summary.json,<local_data_root>/result/V12/v12_topology_search_stage3_2026-08-04/vehicle/self_null_lam0.5_rm1.0_si0.5/seed_123/run.log,0.1039988458052771,0.12611849347727574,0.41252955082742315,0.3357530706160322,0.9123761057853699,1.2568765878677368,3.5985500812530518,0.10317032949533314,0.4331711827777326,0.75,0.1622775724157691,0.6195270709693432,<local_data_root>/datasets/AHDPC/processed/vehicle.npz,8b080d62deb44713e36ec78a67a7b90c7e5c9e1bfea09f59dcad669b3e6da33e,e60f65d21bf9a18f9659b21106acb4503522ac6ae9aa20f4f07490461741cd3d,637d5e5c489c56e1c2c14339f85e70c1c89851902fdbe0056e5050896faba74f,8250fdca6e36610c111d77f1f3924f806f6b98301366d7b7ecffe3c351b21a8f,benchmark_oracle_from_y,False
