dataset_idx,dataset_name,dataset_type,acc_agglo,acc_autosc,acc_birch,acc_cc,acc_dbscan,acc_dec,acc_divc,acc_dmicc,acc_dscn,acc_edesc,acc_gmm,acc_idec,acc_kernel_kmeans,acc_kfsc,acc_kmeans,acc_kpc,acc_lfss,acc_lrr,acc_meanshift,acc_p2ot,acc_pica,acc_s3comp,acc_spectral_clustering,acc_ssc,ari_agglo,ari_autosc,ari_birch,ari_cc,ari_dbscan,ari_dec,ari_divc,ari_dmicc,ari_dscn,ari_edesc,ari_gmm,ari_idec,ari_kernel_kmeans,ari_kfsc,ari_kmeans,ari_kpc,ari_lfss,ari_lrr,ari_meanshift,ari_p2ot,ari_pica,ari_s3comp,ari_spectral_clustering,ari_ssc,nmi_agglo,nmi_autosc,nmi_birch,nmi_cc,nmi_dbscan,nmi_dec,nmi_divc,nmi_dmicc,nmi_dscn,nmi_edesc,nmi_gmm,nmi_idec,nmi_kernel_kmeans,nmi_kfsc,nmi_kmeans,nmi_kpc,nmi_lfss,nmi_lrr,nmi_meanshift,nmi_p2ot,nmi_pica,nmi_s3comp,nmi_spectral_clustering,nmi_ssc,time_agglo,time_autosc,time_birch,time_cc,time_dbscan,time_dec,time_divc,time_dmicc,time_dscn,time_edesc,time_gmm,time_idec,time_kernel_kmeans,time_kfsc,time_kmeans,time_kpc,time_lfss,time_lrr,time_meanshift,time_p2ot,time_pica,time_s3comp,time_spectral_clustering,time_ssc
128,Mouse_retina.npz,bioinfo,0.403182,0.394076,0.387571,0.233263,0.457420,0.184229,0.188532,0.259882,0.429401,0.386030,0.214270,0.579900,0.469128,0.434044,0.462304,0.427699,0.127289,0.150705,0.417893,0.271223,0.184529,0.260883,0.489743,0.253477,0.170001,0.197919,0.277596,0.149055,0.058033,0.061404,0.137705,0.280734,0.284674,0.268938,0.054659,0.041677,0.345064,0.280521,0.346527,0.209489,0.012498,0.065101,0.117533,0.191300,0.114601,-0.056502,0.322254,0.102457,0.154091,0.442253,0.293867,0.324321,0.021644,0.038786,0.306436,0.303573,0.362621,0.387923,0.071231,0.041714,0.314758,0.400794,0.279679,0.424017,0.013761,0.117079,0.259663,0.282904,0.296899,0.128190,0.439507,0.307177,1190.027870,1401.179100,965.166128,610.585348,14.068804,1247.323945,413.759845,560.992840,750.081395,89.354211,2059.786544,436.283165,809.174065,76.186195,163.056782,6.782570,639.779416,9083.058508,119.592287,5817.246311,323.190760,236.394232,2.502006,6479.838562
129,Campbell.npz,bioinfo,0.578000,0.522500,0.608250,0.537750,0.601000,0.630900,0.535250,0.609750,0.551450,0.553950,0.567000,0.616833,0.557000,0.588650,0.555750,0.517750,0.664250,0.537500,0.457750,0.537667,0.535167,0.510900,0.613750,0.518000,0.024129,0.001776,0.046675,0.005453,0.040618,0.071562,0.004722,0.060567,0.010693,0.018423,0.018000,0.054451,0.012754,0.031238,0.012190,0.001737,0.107690,0.005414,0.013445,0.005436,0.004700,0.000343,0.051550,0.001151,0.032944,0.001436,0.069995,0.004297,0.081179,0.065283,0.003718,0.047221,0.009014,0.014125,0.015000,0.071069,0.010458,0.024601,0.009937,0.001439,0.079463,0.007129,0.107571,0.004277,0.003711,0.007777,0.063404,0.017894,186.350750,150.481393,198.558095,314.409898,2.205005,572.407701,150.682907,197.982940,111.330623,30.899350,6362.279000,121.890063,31.754357,5.234961,6.544669,2.618728,250.686162,727.630617,44.563942,332.390260,120.121384,23.577865,6.489644,194.256136
130,Baron Human.npz,bioinfo,0.452727,0.594131,0.488226,0.358656,0.324932,0.221796,0.349308,0.331795,0.818365,0.648113,0.361000,0.216819,0.411549,0.539652,0.508461,0.637179,0.171932,0.337238,0.267306,0.471187,0.333688,0.833203,0.542066,0.909951,0.321339,0.528122,0.233552,0.265378,0.049688,0.037106,0.166983,0.174383,0.710017,0.480032,0.057000,0.018728,0.087535,0.421641,0.338109,0.574422,0.012000,0.133803,0.083784,0.311030,0.175025,0.735414,0.268683,0.864915,0.522990,0.668803,0.430133,0.462442,0.095279,0.066785,0.324617,0.330084,0.742241,0.599532,0.151000,0.031100,0.210036,0.520069,0.541341,0.509666,0.022902,0.254398,0.242345,0.494252,0.343519,0.696665,0.449496,0.813396,600.573301,1008.241075,574.892069,420.151885,0.987798,1052.914806,306.684907,494.253306,403.821794,124.929730,18787.872000,205.080665,292.365533,41.039465,181.858587,6.862969,874.116776,1067.953696,65.962159,650.630952,256.586068,139.198024,68.885849,1714.213416
103,mnist64.npz,image,0.653420,0.792052,0.965804,0.616451,0.699630,0.585767,0.881701,0.795194,0.606285,0.841405,0.804436,0.474122,0.839187,0.949353,0.878004,0.485767,0.734750,0.650600,0.174677,0.776956,0.828404,0.942144,0.958410,0.878928,0.602049,0.741576,0.923537,0.412237,0.552781,0.445060,0.751259,0.625101,0.500094,0.723644,0.677191,0.259231,0.674510,0.888320,0.748538,0.275894,0.504136,0.523200,0.000300,0.599135,0.662636,0.869730,0.908516,0.756057,0.735513,0.791509,0.933197,0.489989,0.701883,0.533632,0.776739,0.665592,0.646318,0.774398,0.749267,0.342770,0.725903,0.894396,0.773362,0.333807,0.542143,0.596500,0.040932,0.669376,0.705413,0.868046,0.915122,0.786688,0.060203,9.928089,0.179119,23.035705,0.014326,55.323725,25.959324,40.717985,18.371406,4.572666,1.528674,13.060141,4.087729,1.129657,1.102169,0.149625,98.017865,21.673000,13.261904,287.599671,22.987602,7.664474,0.161605,5.417318
104,MNIST_CLIP.npz,image,0.520508,0.801521,0.542717,0.452481,0.318327,0.612865,0.530912,0.491477,0.756202,0.779852,0.538695,0.466553,0.570128,0.888195,0.573729,0.423850,0.455682,0.410000,0.115546,0.538282,0.503035,0.789516,0.781052,0.663665,0.338556,0.732187,0.376305,0.248178,0.102959,0.459360,0.352537,0.301055,0.633041,0.673213,0.345364,0.275409,0.396686,0.776420,0.408112,0.247859,0.259574,0.163900,0.000027,0.372554,0.337743,0.712172,0.677858,0.471565,0.511196,0.799715,0.574063,0.362351,0.329074,0.567625,0.438177,0.395072,0.705823,0.740190,0.505967,0.378767,0.518717,0.778693,0.521369,0.326433,0.330552,0.218300,0.011958,0.478604,0.446082,0.779163,0.786954,0.631239,21.395553,491.187788,24.393659,570.962788,1.134891,278.293413,221.727642,388.482519,464.973377,96.057922,14.671737,95.028700,286.340493,50.093670,25.699049,9.857282,195.595915,9238.100000,140.585205,759.419482,204.029860,437.735487,8.691323,2768.613815
105,fashion_mnist.npz,image,0.417333,0.584667,0.468333,0.515667,0.235667,0.436600,0.486333,0.509000,0.541600,0.507533,0.570800,0.501333,0.564000,0.590733,0.506333,0.449133,0.492333,0.330667,0.146333,0.557000,0.511778,0.613333,0.552000,0.523667,0.331520,0.466079,0.303006,0.300156,0.035048,0.295869,0.302520,0.320080,0.356703,0.393382,0.367211,0.334758,0.366996,0.417999,0.378924,0.283930,0.331650,0.183014,0.010536,0.362437,0.316635,0.478495,0.396810,0.398473,0.531218,0.627288,0.518362,0.439140,0.270221,0.431091,0.457855,0.471375,0.520867,0.553720,0.514167,0.477086,0.502069,0.535067,0.549343,0.408540,0.458407,0.270754,0.200401,0.507708,0.461202,0.608641,0.581780,0.556912,2.542645,67.110741,3.671933,119.075498,0.111630,132.795847,69.576427,117.212258,92.989075,23.859166,6.385961,30.504473,41.993127,22.845189,1.122169,2.495721,156.576772,62.488051,41.887326,1460.203343,62.101849,17.267160,0.805689,169.391007
106,FashionMNIST_CLIP.npz,image,0.498600,0.648300,0.622200,0.627400,0.384600,0.635300,0.683200,0.552020,0.598100,0.672900,0.634820,0.549033,0.670900,0.676980,0.675900,0.485400,0.600600,0.428100,0.101200,0.636067,0.652733,0.655000,0.687260,0.553300,0.429313,0.549882,0.496998,0.470126,0.172451,0.528398,0.547529,0.418789,0.432199,0.562854,0.519171,0.401073,0.555580,0.559746,0.556134,0.341395,0.401516,0.202300,0.000003,0.482807,0.517113,0.539917,0.553938,0.450964,0.618483,0.681183,0.658721,0.589638,0.468599,0.661157,0.643808,0.541394,0.598830,0.672758,0.665815,0.562845,0.667628,0.652839,0.666568,0.455701,0.479156,0.281400,0.005197,0.583398,0.623863,0.671249,0.717375,0.597864,20.226193,490.073425,23.673435,573.655800,1.154066,384.618201,223.065486,375.266889,426.696247,17.409202,63.514012,79.121747,130.933800,40.005153,6.443303,8.871868,165.411710,9950.900000,254.321426,730.572284,203.569736,404.795171,3.549488,2788.326184
107,cifar10.npz,image,0.194154,0.237846,0.203692,0.217538,0.148615,0.171487,0.204615,0.210154,0.244369,0.208677,0.225354,0.168821,0.209538,0.202215,0.227692,0.135631,0.196615,0.142769,0.110462,0.209026,0.195692,0.197231,0.203631,0.215692,0.030472,0.053909,0.031965,0.034809,0.021222,0.017296,0.032375,0.033349,0.050737,0.037818,0.049209,0.018199,0.034691,0.038594,0.043236,0.003400,0.027874,0.006527,0.000970,0.036737,0.030594,0.042290,0.033458,0.039295,0.061337,0.103033,0.068068,0.066295,0.063346,0.043980,0.064871,0.066531,0.094723,0.070929,0.093664,0.042446,0.073208,0.078039,0.076293,0.011766,0.056836,0.018051,0.113949,0.070118,0.060917,0.070283,0.068154,0.080768,3.448591,90.251938,4.132079,450.711485,0.143126,93.914714,75.923584,142.143243,106.885523,8.362641,9.814849,34.701963,64.341399,23.981591,15.436658,2.386090,228.707174,74.022920,44.929595,139.056064,69.194236,155.180251,0.161227,171.150208
108,CIFAR10_CLIP.npz,image,0.588600,0.834700,0.688500,0.623500,0.146400,0.748980,0.708100,0.509000,0.731200,0.805980,0.730140,0.554000,0.731200,0.791740,0.728100,0.590380,0.546400,0.352900,0.100100,0.726533,0.711900,0.864740,0.767100,0.714800,0.499354,0.658590,0.490643,0.461157,0.001194,0.614974,0.556900,0.321271,0.550314,0.696482,0.540726,0.382134,0.569428,0.623865,0.573570,0.417908,0.288803,0.134400,0.000000,0.556500,0.556473,0.724119,0.486800,0.535004,0.612986,0.724286,0.646900,0.560471,0.108732,0.709883,0.627980,0.460459,0.637152,0.755664,0.676985,0.525745,0.676343,0.669363,0.669395,0.509185,0.354219,0.194500,0.000200,0.634170,0.635719,0.753276,0.707087,0.624894,21.329419,428.845086,21.788543,581.242739,1.045110,276.363809,221.360678,382.976948,550.955222,87.851413,12.803132,93.984351,134.483699,28.683877,28.813765,8.329316,399.949150,9201.100000,92.121361,391.328286,204.418007,410.232499,18.242495,2724.845908
109,coil20.npz,image,0.477778,0.747222,0.663889,0.404167,0.822917,0.607639,0.646806,0.574028,0.527639,0.627500,0.657639,0.596991,0.631944,0.692500,0.690972,0.266111,0.617361,0.754167,0.085417,0.624769,0.676806,0.699722,0.746667,0.633333,0.388773,0.719418,0.618837,0.301397,0.787788,0.536065,0.551282,0.477043,0.374486,0.560679,0.591767,0.517698,0.536775,0.648923,0.606330,0.157482,0.501548,0.689442,0.002378,0.576463,0.592287,0.601554,0.710246,0.536893,0.688043,0.864307,0.804799,0.565093,0.917202,0.744018,0.726110,0.687308,0.684312,0.756465,0.783531,0.730707,0.749603,0.811882,0.779230,0.357506,0.677147,0.829590,0.097789,0.766666,0.754352,0.799726,0.869150,0.794785,0.262584,21.365778,0.566020,195.045963,0.022891,39.370113,33.639443,70.052447,48.339475,8.146468,4.865151,12.396316,11.134115,13.497653,2.954690,19.503093,93.491996,22.377627,3.188839,687.717416,36.805452,7.121133,0.715178,14.277559
110,COIL20_CLIP.npz,image,0.879861,0.915972,0.777083,0.555556,0.846528,0.760417,0.868750,0.742083,0.617778,0.810278,0.816389,0.725694,0.800000,0.679722,0.875694,0.531806,0.755556,0.330600,0.050000,0.723380,0.867361,0.841800,0.930556,0.397222,0.847116,0.909254,0.765985,0.436261,0.826832,0.726413,0.808280,0.669809,0.507879,0.779761,0.792509,0.709566,0.790047,0.579792,0.847863,0.464435,0.697470,0.181300,0.000000,0.694265,0.823646,0.807200,0.905104,0.370725,0.965631,0.963731,0.933260,0.681928,0.948965,0.897773,0.907746,0.836771,0.788519,0.927736,0.920598,0.893551,0.915414,0.754943,0.942314,0.697755,0.849061,0.372900,0.000000,0.874687,0.910845,0.918600,0.954035,0.658405,0.311698,20.665325,0.717461,196.161474,0.023115,39.651419,34.694386,76.062949,56.599138,7.959195,6.508127,12.312162,13.190676,17.562458,2.987041,2.651973,94.562895,64.280000,5.687002,219.692825,36.873776,17.958387,0.461595,14.680382
111,labeled_faces_in_the_wild.npz,image,0.520000,0.535455,0.544091,0.521364,0.516364,0.522000,0.519091,0.531000,0.519727,0.545818,0.532818,0.521515,0.525000,0.510182,0.523091,0.511455,0.526364,0.521800,0.480909,0.525606,0.515364,0.509200,0.526818,0.503182,0.001260,0.004576,0.007325,0.001372,0.001407,0.001881,0.001004,0.003746,0.001570,0.008605,0.003858,0.001523,0.002051,0.000048,0.001684,0.000215,0.002336,0.001500,-0.000031,0.002718,0.000845,0.000400,0.002427,-0.000414,0.001706,0.003631,0.005624,0.001318,0.008452,0.001729,0.001052,0.003190,0.003943,0.006650,0.003129,0.002004,0.001832,0.000362,0.001562,0.000483,0.002063,0.001400,0.053875,0.002334,0.000938,0.001300,0.002101,0.000029,11.283677,30.844434,10.712549,140.613277,0.053562,81.698127,57.204452,89.219792,52.177418,5.899211,15.047970,31.663588,9.578233,2.393260,1.307627,1.294783,107.521915,165.010000,10.256682,250.981510,59.890578,0.000000,2.412091,41.574158
112,flickr_material_database.npz,image,0.308927,0.611836,0.325978,0.243731,0.161484,0.175326,0.325777,0.265396,0.393581,0.452558,0.325376,0.188231,0.348044,0.496289,0.410231,0.195988,0.216650,0.218656,0.101304,0.373454,0.307924,0.615246,0.773721,0.483450,0.073588,0.378198,0.119464,0.071667,0.021985,0.014991,0.131222,0.079753,0.175824,0.296240,0.123395,0.022492,0.136923,0.273749,0.164794,0.023230,0.031372,0.023645,-0.000101,0.141075,0.123246,0.425675,0.640264,0.251120,0.244885,0.504624,0.264169,0.164986,0.074701,0.049552,0.243729,0.154464,0.322875,0.404061,0.249314,0.071907,0.267223,0.366244,0.319086,0.056393,0.072283,0.070268,0.162665,0.264030,0.232520,0.536575,0.735012,0.384622,0.416804,9.421786,0.810049,66.863245,0.013456,50.690999,23.025190,39.229563,18.815356,5.032997,39.715572,11.071268,22.519061,9.555145,3.280757,0.726514,126.060550,29.923437,49.601450,210.818315,24.843789,20.462806,0.021435,4.367599
113,street_view_house_numbers.npz,image,0.198087,0.159836,0.155738,0.174863,0.191257,0.155464,0.164481,0.162842,0.181148,0.169126,0.158743,0.154827,0.155738,0.180601,0.159836,0.163388,0.176230,0.165301,0.153005,0.164845,0.162568,0.248634,0.187158,0.200820,0.000415,0.006693,-0.001701,0.007911,0.003411,-0.000404,0.006275,0.002758,0.001869,0.004854,-0.000511,-0.000769,0.000478,0.017671,0.001154,0.002667,0.008483,0.003526,-0.008980,0.005741,0.006090,0.056849,-0.003270,0.027868,0.035862,0.041647,0.027186,0.025655,0.008886,0.030063,0.037852,0.034191,0.038768,0.037546,0.028790,0.027630,0.032909,0.056385,0.033968,0.028720,0.039041,0.032666,0.162653,0.038945,0.036204,0.115129,0.021533,0.076430,0.202868,6.922545,0.377848,13.351649,0.007578,23.461458,18.077004,31.807575,6.918553,4.556249,15.078144,9.636787,2.733941,10.038853,2.140024,0.357875,121.680878,19.786780,31.499404,218.643864,19.840677,11.599964,0.015250,3.257043
114,har.npz,image,0.479200,0.514286,0.552500,0.540136,0.357823,0.559184,0.513469,0.531429,0.535510,0.555102,0.529560,0.540590,0.557823,0.362449,0.508844,0.262585,0.600000,0.278912,0.349660,0.505669,0.494694,0.565442,0.527700,0.417687,0.324662,0.404800,0.477474,0.351047,0.327055,0.496335,0.306035,0.368436,0.352628,0.433521,0.387208,0.447578,0.495581,0.187437,0.407686,0.046882,0.410446,0.081201,0.316946,0.329793,0.273631,0.410732,0.492263,0.266744,0.502842,0.572074,0.615447,0.496180,0.532915,0.591915,0.464738,0.511747,0.520362,0.583367,0.536213,0.553755,0.572487,0.278681,0.586700,0.061266,0.503745,0.111758,0.522665,0.488209,0.438478,0.524238,0.691196,0.413131,25.349636,4.950847,24.479024,62.558657,0.009719,22.214734,18.115871,30.360722,10.265826,3.700409,20.449798,7.625501,0.900659,5.585995,1.312790,0.406800,58.102849,11.208254,1.047563,37.704857,20.514020,7.913332,23.234440,1.938395
115,Indian_pines.npz,image,0.628923,0.382253,0.494242,0.592572,0.656130,0.510800,0.440393,0.525762,0.586250,0.567374,0.572477,0.599609,0.575412,0.395575,0.572454,0.404471,0.546173,0.616731,0.616279,0.501844,0.452472,0.343576,0.675231,0.457300,0.417102,0.192427,0.260366,0.392371,0.464002,0.265553,0.226121,0.300769,0.397942,0.347055,0.303293,0.309292,0.308109,0.092020,0.302136,0.113923,0.268290,0.392555,0.340777,0.254402,0.211724,0.040011,0.489314,0.000500,0.565138,0.339332,0.456357,0.475474,0.612402,0.456060,0.377099,0.448744,0.447412,0.466073,0.473414,0.440819,0.474513,0.207040,0.472339,0.208100,0.433268,0.445971,0.478506,0.389734,0.362768,0.101800,0.599900,0.000700,8.015643,322.712729,9.715574,815.045948,1.256069,228.342542,198.330137,408.578547,330.215094,61.026776,29.924386,69.757198,8.423703,16.827523,0.285851,8.300749,118.479572,1229.706346,39.074870,1936.108509,181.623092,293.744872,1.556006,2631.881968
116,satellite_image.npz,image,0.553691,0.667754,0.703030,0.727117,0.523232,0.590210,0.736286,0.709557,0.651406,0.769231,0.702067,0.555711,0.684382,0.618524,0.706294,0.505455,0.752292,0.584771,0.653458,0.760736,0.738513,0.452246,0.674312,0.540326,0.387052,0.555819,0.551277,0.516090,0.345541,0.385163,0.551010,0.511594,0.419063,0.657783,0.514195,0.332506,0.531902,0.433119,0.569698,0.290067,0.588459,0.374704,0.533489,0.579111,0.543799,0.204176,0.520983,0.328097,0.458202,0.614800,0.624413,0.583658,0.494104,0.443043,0.617098,0.590190,0.487823,0.667855,0.606952,0.402322,0.612312,0.440935,0.630169,0.310272,0.619069,0.420689,0.609762,0.608709,0.608241,0.262549,0.638191,0.397855,1.902719,176.195562,0.734506,287.845276,0.626584,172.417065,145.487735,249.816499,200.502847,10.462157,1.365172,59.510188,17.200400,3.866411,36.248196,0.742920,64.233731,7393.258672,8.475309,798.031163,131.861324,232.412149,2.262996,2286.552673
117,olivetti_faces.npz,image,0.525000,0.795000,0.645000,0.320000,0.427500,0.390500,0.480500,0.424000,0.455000,0.438000,0.583500,0.402500,0.552500,0.461500,0.604500,0.268000,0.502500,0.295000,0.070000,0.478333,0.478500,0.691000,0.721000,0.547500,0.388125,0.709437,0.500689,0.154859,0.071520,0.210479,0.320087,0.271362,0.253022,0.322538,0.434487,0.236398,0.401580,0.287707,0.461708,0.090104,0.335127,0.095710,0.000800,0.337218,0.318344,0.563600,0.639160,0.405320,0.768160,0.885768,0.817632,0.583449,0.675946,0.629627,0.691462,0.661372,0.677800,0.701600,0.768748,0.646942,0.772211,0.671066,0.786950,0.498928,0.703119,0.510082,0.174349,0.722241,0.693152,0.825600,0.885234,0.739093,0.200263,9.733551,0.422544,9.232734,0.006618,34.350138,9.821586,19.090821,6.284636,10.036216,1045.198669,5.238456,19.171445,13.714133,0.786116,0.878540,185.198058,3.887048,4.323265,249.886535,10.774455,0.000000,0.025008,0.872737
118,PCam.npz,image,0.609259,0.384259,0.115741,0.253704,0.322222,0.225556,0.329444,0.330556,0.565000,0.596111,0.283519,0.198148,0.334259,0.612593,0.620370,0.378333,0.232407,0.469444,0.107407,0.350617,0.339815,0.743889,0.571852,0.735185,0.469859,0.118421,-0.000000,0.077341,0.060261,0.055318,0.135051,0.119159,0.367999,0.402814,0.066727,0.053072,0.088326,0.416831,0.281009,0.159903,0.036773,0.231825,0.004344,0.157888,0.152922,0.608977,0.280839,0.580793,0.620128,0.252131,0.014450,0.125971,0.361279,0.126643,0.220576,0.198030,0.493276,0.468814,0.272312,0.100885,0.367933,0.491251,0.589586,0.231032,0.081623,0.361955,0.294865,0.225941,0.246640,0.687896,0.584547,0.668685,0.257709,12.766883,1.161317,22.333659,0.013401,55.559766,25.036707,45.296327,21.939522,5.069979,11.450769,11.560089,2.790987,6.739591,2.618515,0.801438,111.846682,5.876487,138.410661,456.782829,24.069637,28.283791,0.518893,12.991492
0,echocardiogram.npz,tabular,0.901639,0.803279,0.918033,0.868852,0.885246,0.927869,0.803279,0.865574,0.773770,0.829508,0.803279,0.924590,0.885246,0.586885,0.885246,0.659016,0.918033,0.655700,0.770492,0.841530,0.836066,0.659000,0.918033,0.737705,0.636370,0.357761,0.690470,0.529574,0.588735,0.722620,0.360856,0.520537,0.236877,0.444767,0.397503,0.713409,0.574930,-0.009351,0.584648,-0.001458,0.690470,0.071400,0.330400,0.485573,0.445743,-0.037900,0.690470,0.051322,0.598412,0.318378,0.639762,0.413708,0.449362,0.645353,0.312176,0.414807,0.193199,0.402787,0.423236,0.639463,0.428979,0.203231,0.561365,0.011894,0.639762,0.035600,0.308511,0.455511,0.442083,0.013000,0.639762,0.036001,0.010984,1.111616,0.093256,3.154167,0.002187,22.177159,2.888024,4.610665,1.942125,3.754598,0.030604,6.708667,0.024254,0.127016,0.096228,0.052754,26.842382,1.480500,0.146003,18.698920,2.601397,0.366673,0.021895,1.491849
1,skillcraft1_master_table_dataset.npz,tabular,0.304269,0.251892,0.323645,0.353921,0.263397,0.371662,0.295792,0.320194,0.257463,0.316016,0.324675,0.326370,0.333031,0.257645,0.321768,0.223857,0.283379,0.257342,0.248562,0.298920,0.300131,0.246200,0.316318,0.224039,0.088251,0.037607,0.097680,0.123043,0.046099,0.108278,0.080537,0.103680,0.041097,0.092752,0.081663,0.087186,0.084037,0.029643,0.078737,0.013082,0.079358,0.035659,0.001779,0.069496,0.084769,0.018700,0.073820,0.011462,0.133981,0.073405,0.127803,0.175453,0.118382,0.179926,0.144812,0.160761,0.094988,0.150599,0.130917,0.133278,0.152240,0.059444,0.143160,0.035761,0.108544,0.072351,0.074844,0.106859,0.151360,0.027100,0.128065,0.013934,0.547537,59.030817,0.754699,218.418689,0.102616,89.232934,74.775888,137.717276,99.336073,32.249851,13.323522,26.960782,49.276776,5.766108,0.128133,0.619202,92.550536,168.172038,2.137805,8911.230512,69.163791,36.021684,7.273383,352.819186
2,breast_cancer_wisconsin_original.npz,tabular,0.972182,0.635432,0.967789,0.973646,0.956076,0.968960,0.970717,0.970132,0.927086,0.974817,0.947291,0.617893,0.963397,0.703953,0.972182,0.655051,0.969253,0.540264,0.907760,0.970229,0.970717,0.583016,0.970717,0.658900,0.890982,-0.012676,0.874210,0.896634,0.831083,0.878551,0.885372,0.883195,0.729797,0.901066,0.799294,0.503991,0.857727,0.164903,0.890982,0.042916,0.879998,-0.001231,0.815410,0.883639,0.885383,0.026170,0.885368,0.015300,0.814377,0.009830,0.783852,0.834210,0.763786,0.789169,0.802757,0.804378,0.652722,0.832493,0.733259,0.616999,0.762041,0.122735,0.814377,0.019720,0.815169,0.024076,0.695345,0.812667,0.802976,0.025241,0.802432,0.014400,0.009377,4.648761,0.053814,55.481344,0.009928,41.494729,19.132884,24.462388,13.411604,4.978842,0.086513,23.768841,0.107509,0.485338,0.437139,0.090963,31.944791,13.855377,0.589285,470.631860,20.124510,1.705289,0.087059,2.586503
3,smoker_condition.npz,tabular,0.991107,0.991107,0.993083,0.992095,0.977273,0.990514,0.993083,0.974308,0.904150,0.956324,0.993083,0.989526,0.990119,0.613636,0.988142,0.598419,0.975296,0.602767,0.936759,0.921607,0.992754,0.568972,0.993083,0.602767,0.964647,0.964647,0.972446,0.968543,0.940707,0.962322,0.972446,0.900260,0.727376,0.841697,0.972446,0.958469,0.960759,0.050809,0.953011,0.033783,0.903418,-0.000333,0.850776,0.727378,0.971145,0.018901,0.972446,-0.000679,0.924663,0.924378,0.938814,0.931550,0.882013,0.921274,0.938814,0.838324,0.676512,0.795661,0.938814,0.915774,0.918074,0.038027,0.906951,0.018043,0.840776,0.000037,0.762700,0.694124,0.936392,0.024168,0.938814,0.000743,0.032888,7.639700,0.091361,72.871426,0.015533,30.110377,23.432762,38.400443,12.272155,3.361538,0.067234,40.995594,0.288793,0.592692,0.012813,0.100302,47.565122,8.271009,1.556177,263.068245,34.294827,2.885522,0.130827,19.759158
4,glass_identification.npz,tabular,0.429907,0.448598,0.542056,0.504673,0.518692,0.495327,0.453271,0.464486,0.464486,0.447664,0.445794,0.489720,0.546729,0.449533,0.546729,0.357944,0.471963,0.411215,0.471963,0.437695,0.459502,0.357009,0.461682,0.355140,0.199039,0.224558,0.282162,0.258856,0.302438,0.195898,0.241049,0.213441,0.197973,0.179722,0.189886,0.188653,0.241321,0.205044,0.284240,0.098233,0.239337,0.145227,0.288192,0.200852,0.201235,0.089415,0.219652,0.107184,0.392283,0.344754,0.458299,0.417127,0.453527,0.334722,0.382189,0.347100,0.339510,0.325836,0.361026,0.337648,0.368432,0.298089,0.455312,0.151187,0.396428,0.270273,0.479097,0.355394,0.345640,0.141280,0.346910,0.176022,0.002318,1.380668,0.015462,61.507535,0.003062,17.822456,6.725561,11.328240,3.257112,3.255505,0.086775,11.952185,0.266752,0.425324,0.006080,0.039141,41.427352,1.267546,0.824922,85.473446,6.964493,1.056411,0.042198,0.291660
5,statlog_image_segmentation.npz,tabular,0.508658,0.625541,0.552381,0.525974,0.466234,0.590216,0.646320,0.608658,0.420433,0.544416,0.610130,0.617893,0.663636,0.618701,0.599134,0.487359,0.616450,0.659740,0.516017,0.630592,0.657662,0.573160,0.548485,0.732035,0.361536,0.529755,0.473182,0.384912,0.278436,0.479849,0.520985,0.459431,0.215256,0.422041,0.491882,0.503991,0.523622,0.442241,0.477573,0.326862,0.468082,0.492071,0.357423,0.466366,0.519446,0.348582,0.368623,0.550443,0.459478,0.622464,0.623354,0.518974,0.558294,0.602710,0.644326,0.565075,0.413545,0.554915,0.612163,0.616999,0.629889,0.524162,0.633045,0.397898,0.559494,0.562092,0.525786,0.570012,0.622066,0.417001,0.566048,0.642234,0.195358,36.841518,0.246581,133.714128,0.070579,102.748551,50.470078,85.428938,93.359559,10.884791,1.532373,23.768841,4.771371,3.326779,0.061219,0.482506,45.329323,60.455538,1.247041,1000.273695,64.471796,20.139314,0.819744,52.426327
6,planning_relax.npz,tabular,0.719780,0.692308,0.576923,0.554945,0.703297,0.591575,0.549451,0.575824,0.723077,0.570330,0.708791,0.579121,0.587912,0.695604,0.554945,0.715385,0.576923,0.697802,0.714286,0.553114,0.542125,0.682418,0.725275,0.719780,0.016405,0.045281,0.002245,0.003355,0.044757,0.007835,0.005101,0.001534,0.031807,0.002939,0.083907,0.008636,0.009649,0.011730,0.005438,0.005250,0.017879,0.007666,0.000000,-0.003843,0.002705,0.028144,0.032896,0.016405,0.021891,0.008079,0.000523,0.001887,0.011291,0.001434,0.006833,0.004152,0.029947,0.003064,0.027245,0.002265,0.002083,0.003407,0.003791,0.009779,0.012915,0.000469,0.000000,0.000834,0.005759,0.004725,0.042261,0.011569,0.001645,0.951424,0.019331,64.553227,0.002739,18.024636,4.399829,8.304933,5.960595,3.680007,0.070564,9.734842,0.049963,0.800598,0.061826,0.070784,28.484036,1.490267,0.340196,366.533003,3.998565,0.442404,0.005872,0.370446
7,customer_classification.npz,tabular,0.320000,0.282000,0.333000,0.356000,0.286000,0.317000,0.331400,0.331200,0.319800,0.343400,0.336200,0.311000,0.340000,0.292800,0.328200,0.294000,0.337000,0.294000,0.279000,0.331667,0.330333,0.287600,0.334200,0.292000,0.007654,0.000538,0.017961,0.026383,0.007055,0.012825,0.018731,0.026193,0.014155,0.023030,0.019906,0.009873,0.016480,0.003608,0.015085,0.004597,0.023748,0.001288,-0.001995,0.022045,0.017149,0.002726,0.014501,0.002190,0.021517,0.007838,0.024297,0.031363,0.041996,0.018148,0.022002,0.031025,0.016929,0.025551,0.023201,0.017015,0.019345,0.005765,0.020773,0.009087,0.027888,0.009707,0.021143,0.025642,0.020612,0.005554,0.019664,0.006454,0.046611,6.932093,0.106349,67.614926,0.013716,42.128959,30.541229,43.075521,14.923458,6.456454,0.142900,8.580317,2.201208,1.490809,0.039035,0.083938,55.918466,6.485513,1.349391,627.519807,20.221627,2.748617,0.018683,11.236263
8,pima_indians_diabetes_database.npz,tabular,0.639323,0.571615,0.675781,0.700521,0.687500,0.720486,0.688802,0.691406,0.611198,0.641927,0.672396,0.715885,0.713542,0.664062,0.699219,0.540365,0.677083,0.507812,0.604167,0.654080,0.654167,0.560417,0.715885,0.649740,0.073530,0.007627,0.122041,0.159820,0.128555,0.180080,0.141525,0.141255,0.026004,0.089827,0.116682,0.174951,0.180074,0.036383,0.154847,0.001753,0.124362,-0.008680,0.081965,0.098848,0.106008,0.000955,0.184288,-0.001208,0.042042,0.001117,0.090202,0.134520,0.067644,0.103711,0.116752,0.096368,0.085794,0.080454,0.130829,0.101499,0.127789,0.013364,0.100023,0.000801,0.102470,0.010147,0.065698,0.083029,0.084002,0.002529,0.132642,0.000865,0.018223,4.821816,0.100116,60.115225,0.008784,40.602290,16.829216,32.969358,10.924180,5.247521,0.181944,29.080685,0.812252,0.690751,0.010525,0.033566,27.872681,25.750656,1.406752,1789.635400,20.481017,5.146547,0.013536,9.610753
9,mobile_price_classification.npz,tabular,0.315500,0.274000,0.299500,0.340500,0.213500,0.278000,0.323500,0.340200,0.306000,0.298300,0.295500,0.321667,0.299500,0.278100,0.296900,0.275700,0.331000,0.281000,0.250000,0.334667,0.328200,0.277800,0.304100,0.281000,0.012410,0.001924,0.006218,0.034272,0.001532,0.002986,0.033500,0.036039,0.011554,0.011099,0.006175,0.026771,0.006979,0.002703,0.006238,0.002152,0.036644,0.002126,0.000000,0.045804,0.022720,0.001503,0.006917,0.001176,0.027274,0.003923,0.007810,0.039889,0.091982,0.006325,0.039933,0.041397,0.020071,0.015110,0.008451,0.034464,0.009191,0.004559,0.008366,0.003999,0.042113,0.004572,0.000000,0.048966,0.025401,0.003928,0.008823,0.002985,0.226753,24.944212,0.479815,117.727914,0.043803,84.918554,42.735676,74.649777,34.876726,4.706068,1.117694,19.259040,5.583108,1.950661,0.078520,0.196737,84.665293,40.261251,1.236603,4602.303933,50.714806,7.105011,0.052109,57.832660
10,spambase.npz,tabular,0.821778,0.578787,0.599000,0.720496,0.576831,0.550750,0.628776,0.698631,0.599913,0.875897,0.705281,0.548287,0.862204,0.659943,0.849381,0.564312,0.600522,0.620100,0.574658,0.721727,0.735058,0.574093,0.878722,0.607042,0.413693,-0.015993,-0.004671,0.194150,0.075918,0.009938,0.066134,0.179145,-0.002902,0.565168,0.184948,-0.001966,0.522353,0.100602,0.487501,-0.016978,0.039643,0.018500,-0.005762,0.231188,0.233029,-0.017975,0.573620,0.001172,0.321565,0.020664,0.009831,0.145413,0.099749,0.009837,0.050670,0.132701,0.008558,0.470612,0.179268,0.000504,0.413373,0.062720,0.378545,0.013619,0.040602,0.011300,0.052703,0.190377,0.188411,0.021685,0.562569,0.001511,0.991894,133.915366,1.371466,332.505101,0.360838,134.520614,101.928307,194.838935,192.212359,25.502301,3.394181,43.532496,3.752454,1.187356,0.783380,0.207332,38.302258,1194.600000,5.030780,1199.493406,95.982481,22.985177,0.303292,576.250584
11,rice_seed_gonen_jasmine.npz,tabular,0.970097,0.984898,0.967297,0.984898,0.862686,0.974057,0.978358,0.966697,0.975138,0.987579,0.981298,0.876921,0.977298,0.735974,0.984498,0.552215,0.983798,0.701470,0.974197,0.971797,0.979498,0.553515,0.973517,0.573257,0.883950,0.940492,0.873446,0.940494,0.731178,0.899508,0.915468,0.871681,0.903490,0.950923,0.926572,0.585972,0.911227,0.220884,0.938941,0.002669,0.936233,0.162278,0.901510,0.890378,0.919792,0.016489,0.896843,0.020814,0.816206,0.890685,0.795079,0.886757,0.673335,0.842842,0.854241,0.800765,0.842456,0.906354,0.879079,0.547355,0.859317,0.185903,0.889584,0.001076,0.882339,0.121884,0.846192,0.824520,0.862789,0.011152,0.843957,0.022959,2.734147,413.826248,0.695592,605.154469,1.346411,337.317389,309.376322,385.827785,806.533675,30.459377,0.580389,94.745277,1.411984,3.658114,6.450340,0.356696,101.701653,3929.372012,24.700794,1383.156612,234.115127,314.263430,5.750026,4341.151429
12,heart_attack_analysis_prediction_dataset.npz,tabular,0.792079,0.623762,0.788779,0.825083,0.656766,0.701870,0.782178,0.790759,0.737954,0.751155,0.719472,0.721452,0.815182,0.625083,0.814521,0.539934,0.752475,0.531353,0.541254,0.754675,0.757976,0.545215,0.825083,0.564356,0.338849,0.057052,0.330987,0.420762,0.185534,0.211903,0.316188,0.336571,0.241187,0.259524,0.189556,0.206599,0.395138,0.059434,0.393479,0.008429,0.252428,-0.000542,0.051079,0.263167,0.268677,0.010993,0.420557,0.012298,0.270048,0.091331,0.281775,0.328554,0.181601,0.165074,0.240626,0.259822,0.213410,0.197201,0.149238,0.162438,0.326155,0.042733,0.327032,0.009968,0.189325,0.011563,0.109432,0.204450,0.206333,0.014449,0.357043,0.007046,0.004169,1.209393,0.020754,43.954859,0.003829,11.490263,8.792619,15.872026,4.280356,4.377648,0.117848,15.665162,0.140280,0.236916,0.012425,0.022809,25.573720,2.248483,6.309743,143.715669,9.647421,0.779564,0.082946,0.211360
13,user_knowledge_modeling.npz,tabular,0.631783,0.492248,0.562016,0.430233,0.414729,0.475452,0.422481,0.479845,0.534884,0.478295,0.600000,0.481395,0.554264,0.337209,0.458140,0.349612,0.511628,0.345000,0.406977,0.463824,0.479328,0.345736,0.567442,0.395300,0.302080,0.214853,0.283173,0.103001,0.188532,0.203476,0.193090,0.167337,0.209497,0.155027,0.363541,0.211333,0.221253,0.039325,0.157356,0.013431,0.221561,0.035800,0.037175,0.130848,0.199312,0.021672,0.256183,0.044900,0.373206,0.292617,0.313562,0.189891,0.293187,0.293895,0.282975,0.214949,0.275436,0.189278,0.425211,0.301679,0.283394,0.073293,0.215004,0.032787,0.336022,0.059000,0.103025,0.188695,0.296511,0.034916,0.310398,0.056100,0.002790,1.234342,0.008842,25.687286,0.002756,21.024072,6.971612,11.642874,4.329073,4.887833,0.185195,14.206699,0.279850,0.110710,0.020941,0.074658,46.282571,1.577000,2.522888,129.253492,6.076178,0.659747,0.011156,0.456311
14,world12d.npz,tabular,0.826667,0.746667,0.886667,0.866667,0.746667,0.808889,0.840000,0.817333,0.677333,0.744000,0.810667,0.788000,0.866667,0.673333,0.821333,0.289333,0.873333,0.480000,0.773333,0.742222,0.862222,0.574667,0.920000,0.526667,0.697620,0.601927,0.814342,0.790961,0.654044,0.734892,0.749428,0.746455,0.477390,0.638058,0.744845,0.696454,0.782341,0.527031,0.756235,0.000026,0.827108,0.267500,0.683500,0.677748,0.787342,0.290580,0.850444,0.293791,0.718750,0.626353,0.808849,0.772114,0.677641,0.740916,0.734180,0.750656,0.535408,0.660380,0.766133,0.714187,0.767047,0.530078,0.773492,0.040911,0.832299,0.342800,0.719633,0.701896,0.772182,0.325186,0.842395,0.375122,0.001611,0.761243,0.005609,54.773477,0.002135,15.199967,4.383220,11.669361,12.738767,2.734743,0.050242,9.517269,0.112319,0.586074,0.011420,0.103416,29.134959,1.382700,0.590697,166.358069,5.706215,0.784136,0.046292,0.205507
15,pumpkin_seeds.npz,tabular,0.819600,0.618800,0.847200,0.860000,0.546000,0.663840,0.852800,0.801680,0.823200,0.783600,0.864640,0.876921,0.808400,0.698640,0.839600,0.520080,0.866400,0.769200,0.596800,0.794000,0.799867,0.570080,0.808000,0.584400,0.408309,0.055431,0.481984,0.518207,0.121357,0.140501,0.497666,0.368051,0.418753,0.380010,0.531701,0.585972,0.380174,0.157495,0.461082,0.000013,0.536809,0.289562,0.059820,0.352261,0.368620,0.021828,0.379207,0.027729,0.335012,0.080948,0.388294,0.415257,0.156901,0.112245,0.397789,0.289024,0.330434,0.301471,0.428361,0.547355,0.301922,0.116536,0.373205,0.000424,0.432475,0.240793,0.126007,0.287917,0.288768,0.017950,0.293872,0.022972,0.150634,38.161932,0.252288,155.040522,0.064767,100.508764,54.756143,82.549299,44.916248,14.982463,1.349752,94.745277,1.159794,1.567804,0.188266,0.183495,36.753593,74.970585,2.663651,1169.265549,50.666690,8.293799,1.406829,60.462345
16,iris.npz,tabular,0.886667,0.813333,0.860000,0.853333,0.666667,0.916000,0.840000,0.844000,0.598667,0.818667,0.966667,0.881333,0.853333,0.613333,0.830667,0.442667,0.880000,0.586700,0.666667,0.813333,0.831111,0.460000,0.846667,0.586667,0.718358,0.584297,0.671904,0.661525,0.568116,0.789263,0.633486,0.682994,0.317508,0.594777,0.903874,0.703487,0.645147,0.175295,0.616110,0.038878,0.701115,0.141800,0.568116,0.582979,0.619962,0.052500,0.641006,0.248951,0.762899,0.620156,0.737693,0.732192,0.733680,0.796817,0.685151,0.717747,0.412859,0.634614,0.899694,0.736119,0.661287,0.220033,0.656715,0.089079,0.716010,0.164200,0.733680,0.622729,0.672463,0.063400,0.672844,0.280328,0.001634,0.857738,0.006479,60.768405,0.002780,23.719914,4.684356,8.119334,4.076734,2.389671,0.105753,9.355219,0.062841,0.028571,0.007868,0.050109,30.096303,1.321000,0.929908,47.326531,5.621034,0.610343,0.026308,0.114199
17,wine.npz,tabular,0.926966,0.960674,0.938202,0.955056,0.842697,0.925094,0.977528,0.893258,0.825843,0.928090,0.960674,0.912360,0.971910,0.837079,0.967416,0.483146,0.898876,0.623596,0.601124,0.934457,0.958801,0.565169,0.983146,0.494382,0.784706,0.883710,0.818523,0.866719,0.555573,0.785101,0.929490,0.718594,0.550477,0.801057,0.878619,0.753973,0.916611,0.564203,0.900972,0.063194,0.712401,0.228151,0.400997,0.811416,0.880086,0.192522,0.947132,0.111226,0.787240,0.861291,0.808012,0.838651,0.607995,0.757700,0.910853,0.723825,0.567825,0.803531,0.855200,0.737433,0.885905,0.533477,0.879232,0.098933,0.715900,0.251952,0.502082,0.800294,0.860843,0.214010,0.927647,0.130677,0.001176,1.064579,0.009388,57.741911,0.002627,7.139154,4.984206,8.164876,3.301899,3.472834,0.081618,9.980240,0.053148,0.799987,0.009937,0.018854,29.656220,0.786872,0.601639,104.355008,3.935868,0.864220,0.030485,0.162508
18,letter_recognition.npz,tabular,0.296037,0.327962,0.318955,0.178243,0.207466,0.203163,0.259508,0.205604,0.374800,0.309367,0.329223,0.577600,0.308247,0.302682,0.308547,0.264872,0.316053,0.382306,0.040633,0.288831,0.257266,0.251201,0.600200,0.302742,0.136558,0.164972,0.187524,0.085600,0.027054,0.086609,0.138555,0.093367,0.079058,0.172236,0.179039,0.029890,0.156765,0.154266,0.167031,0.145675,0.175731,0.236841,0.000000,0.165391,0.132065,0.082496,0.502136,0.144487,0.405567,0.448706,0.442010,0.237872,0.487245,0.274123,0.341210,0.263870,0.484527,0.390765,0.470344,0.027282,0.380837,0.330891,0.392775,0.342865,0.385168,0.428619,0.000000,0.374924,0.329233,0.245166,0.719605,0.352079,3.370153,549.459120,3.900966,515.042173,1.173678,463.212439,296.739438,376.376673,757.876798,21.284271,36.223970,24.071203,339.156548,34.939508,18.052533,3.193809,276.372843,1696.470977,18.238355,12437.759221,247.268836,252.828199,2.039677,5115.067888
19,mammographic_mass.npz,tabular,0.778313,0.510843,0.515663,0.806024,0.702410,0.794779,0.795181,0.801928,0.723373,0.787711,0.758795,0.798072,0.797590,0.538554,0.802410,0.574217,0.804819,0.549400,0.720482,0.780321,0.790361,0.569157,0.793976,0.607200,0.309004,-0.000476,0.000144,0.373849,0.283044,0.347018,0.347746,0.364089,0.213981,0.330661,0.267395,0.354704,0.353467,0.005308,0.365045,0.032217,0.370901,0.008600,0.292970,0.314102,0.336677,0.018162,0.344904,0.044900,0.246821,0.005228,0.002482,0.289959,0.214617,0.282451,0.286423,0.295921,0.188234,0.267046,0.216804,0.286636,0.292606,0.005120,0.298987,0.024810,0.290246,0.007500,0.237186,0.250727,0.265575,0.014305,0.285389,0.035600,0.011260,7.171159,0.035669,69.564323,0.009743,23.408917,19.588474,32.531941,9.042841,5.681378,0.031351,32.562702,0.150302,2.583691,0.668772,0.021512,23.840774,22.411800,1.135049,367.353495,18.527353,6.465739,0.140638,3.615571
20,breast_tissue.npz,tabular,0.537736,0.575472,0.452830,0.594340,0.462264,0.503145,0.650943,0.615094,0.405660,0.543396,0.545283,0.496226,0.509434,0.484906,0.547170,0.369811,0.632075,0.537736,0.386792,0.588050,0.628931,0.477358,0.641509,0.471698,0.388062,0.312718,0.284219,0.375915,0.285541,0.284375,0.415036,0.424194,0.173191,0.403006,0.355222,0.264593,0.299833,0.198068,0.335855,0.132045,0.443222,0.247088,0.159295,0.369489,0.391501,0.177040,0.409670,0.178106,0.610415,0.487610,0.536259,0.528508,0.515058,0.554973,0.540239,0.546464,0.329558,0.579165,0.544512,0.535383,0.528730,0.346947,0.536047,0.241545,0.575710,0.383765,0.463738,0.520920,0.531854,0.303868,0.532104,0.352768,0.000780,0.777680,0.006074,59.240371,0.002001,6.340388,4.203039,8.069778,2.662364,3.901293,0.061060,9.512980,0.062654,0.279720,0.544413,0.120015,50.894558,0.456034,0.479956,75.734405,4.141321,0.695585,0.059860,0.151380
21,hepatitis.npz,tabular,0.825000,0.737500,0.800000,0.750000,0.850000,0.754167,0.725000,0.710000,0.822500,0.730000,0.810000,0.765000,0.900000,0.667500,0.787500,0.690000,0.637500,0.737500,0.662500,0.745833,0.683333,0.800000,0.837500,0.850000,0.352479,0.197591,0.311832,0.227116,0.099785,0.215181,0.185698,0.185466,0.196810,0.193423,0.328091,0.192236,0.543526,0.103302,0.258097,0.015247,0.069211,0.174600,0.269637,0.226195,0.130282,-0.048400,0.382042,0.099785,0.223453,0.139659,0.229218,0.223398,0.090525,0.129805,0.201352,0.148642,0.122525,0.197413,0.226912,0.120340,0.347220,0.110842,0.146915,0.014654,0.140565,0.088700,0.206877,0.221035,0.242446,0.015400,0.241757,0.052116,0.000992,0.686149,0.008713,2.350530,0.002305,11.406587,2.320253,4.914095,2.580821,3.326618,0.122570,6.995092,0.026737,0.431803,0.003140,0.014957,32.056609,0.326000,0.089313,117.938198,2.407168,0.386964,0.074342,0.060866
22,predicting_pulsar_star.npz,tabular,0.963981,0.875876,0.972932,0.791653,0.923434,0.925590,0.699105,0.824178,0.701952,0.844042,0.852367,0.946655,0.967648,0.907538,0.969805,0.905101,0.699126,0.952227,0.952874,0.675905,0.710644,0.542306,0.955117,0.879974,0.709028,0.424877,0.796832,0.250481,0.552550,0.564087,0.132359,0.366379,0.104249,0.371972,0.361544,0.615491,0.747021,0.481976,0.767573,0.456983,0.125725,0.666123,0.681904,0.116118,0.071982,0.007462,0.675491,0.406498,0.577058,0.246219,0.642281,0.213166,0.329078,0.372543,0.143813,0.258427,0.108266,0.250057,0.256836,0.426219,0.598774,0.258911,0.615949,0.236226,0.145789,0.452941,0.528748,0.130838,0.098915,0.014844,0.475424,0.207630,3.759311,415.643338,0.378452,540.076903,1.375957,236.222309,219.316703,402.253591,382.810301,13.212817,1.325404,89.514895,6.120322,2.456807,0.126349,0.515226,115.388577,3300.942138,19.430152,4439.741514,220.765505,378.348052,1.715857,6549.694521
23,breast_cancer_wisconsin_prognostic.npz,tabular,0.942004,0.910369,0.922671,0.915641,0.799649,0.876977,0.927944,0.915290,0.933919,0.928295,0.940246,0.946655,0.919156,0.608787,0.917399,0.564148,0.875220,0.841828,0.615114,0.883421,0.900176,0.619000,0.942004,0.706503,0.779599,0.672338,0.713766,0.689510,0.585080,0.569666,0.731025,0.690002,0.752328,0.735863,0.774016,0.615491,0.699808,0.044896,0.695426,0.014456,0.562054,0.460774,0.315902,0.596714,0.641179,-0.006000,0.779256,0.169202,0.681595,0.554405,0.628742,0.569947,0.533938,0.491299,0.612076,0.573356,0.638990,0.633623,0.661057,0.426219,0.597093,0.050040,0.576872,0.023357,0.470715,0.339864,0.277430,0.511222,0.527654,0.004700,0.708137,0.139189,0.008445,3.327805,0.059292,55.396744,0.006639,17.985897,13.173841,22.622971,4.047010,4.606919,0.266445,89.514895,0.228968,1.041446,0.711588,0.029937,40.693825,6.748527,0.357228,99.826728,14.433752,2.956632,0.065721,1.166708
24,wireless_indoor_localization.npz,tabular,0.832500,0.824500,0.947000,0.966000,0.683500,0.831000,0.956600,0.905700,0.737400,0.824000,0.978500,0.801667,0.928500,0.720500,0.937500,0.377300,0.905000,0.740000,0.900000,0.947667,0.962400,0.496500,0.966000,0.478000,0.693061,0.634411,0.867498,0.912975,0.340768,0.631210,0.891090,0.783908,0.654513,0.678143,0.944277,0.566768,0.820606,0.433558,0.840857,0.083563,0.772018,0.442480,0.801586,0.870513,0.904365,0.160763,0.913525,0.235646,0.739920,0.651555,0.865702,0.886648,0.532868,0.650578,0.872853,0.766538,0.738700,0.700386,0.924227,0.598410,0.805883,0.437585,0.830104,0.120149,0.764196,0.446456,0.783928,0.849599,0.879107,0.162010,0.908271,0.255146,0.061989,34.547024,0.161069,224.091532,0.046803,50.327870,45.233079,83.603823,21.672037,4.478156,1.422662,19.649214,4.245448,3.495996,0.030416,0.082509,45.520478,279.654701,2.035278,353.352493,49.787044,18.367778,0.379216,85.955846
25,date_fruit.npz,tabular,0.739421,0.631403,0.776169,0.731626,0.663697,0.676837,0.630512,0.709577,0.665702,0.710690,0.751225,0.659243,0.776169,0.700223,0.759465,0.317149,0.668151,0.573497,0.640312,0.692279,0.651893,0.503786,0.787973,0.577951,0.685625,0.567305,0.742191,0.611998,0.560377,0.575477,0.533725,0.646576,0.563718,0.626226,0.738256,0.561563,0.754421,0.637770,0.708772,0.067630,0.613708,0.504717,0.493017,0.627432,0.570573,0.373634,0.738715,0.534833,0.682709,0.639723,0.750792,0.624895,0.621014,0.631673,0.603691,0.640490,0.593451,0.669473,0.748856,0.615490,0.753825,0.620225,0.721483,0.112780,0.655698,0.636349,0.575923,0.653568,0.621017,0.448147,0.790667,0.647219,0.018027,6.962913,0.116663,61.567033,0.010203,50.357988,22.293208,35.031183,8.353089,4.095915,1.467339,8.012338,2.183298,3.497819,0.037378,0.388598,83.714434,16.534606,8.409457,235.896804,21.388365,2.525058,0.017226,3.652353
26,zoo.npz,tabular,0.920792,0.544554,0.871287,0.712871,0.851485,0.745875,0.762376,0.813861,0.574257,0.827723,0.811881,0.764356,0.871287,0.657426,0.851485,0.453465,0.693069,0.534700,0.841584,0.785479,0.854785,0.390099,0.855446,0.386139,0.950052,0.315595,0.924848,0.639334,0.918077,0.639011,0.671131,0.761324,0.370919,0.837516,0.744693,0.676135,0.856938,0.533304,0.804353,0.134596,0.548901,0.397100,0.863843,0.655911,0.844172,0.142072,0.783778,0.089935,0.908577,0.559888,0.856691,0.671398,0.846630,0.700653,0.796877,0.824505,0.454642,0.824145,0.844557,0.728135,0.833476,0.674453,0.847111,0.320380,0.701616,0.550800,0.869402,0.734805,0.825348,0.433537,0.823786,0.382389,0.001403,0.820955,0.007239,57.856985,0.002423,10.957668,4.304888,8.359332,9.388072,4.296616,0.136239,8.800226,0.061867,0.782141,0.017573,0.108494,32.826330,0.699300,0.098706,55.232193,4.019702,0.565060,0.005794,0.140380
27,htru2.npz,tabular,0.924092,0.836384,0.968597,0.742074,0.919592,0.913725,0.651645,0.845725,0.794779,0.846445,0.850885,0.944694,0.966397,0.908971,0.941094,0.915972,0.753975,0.950095,0.921692,0.655466,0.669500,0.632600,0.965497,0.928793,0.558894,0.333538,0.777767,0.177477,0.510022,0.519750,0.078148,0.395451,0.148653,0.395345,0.358379,0.595401,0.740037,0.475104,0.629754,0.513389,0.186810,0.658361,0.541923,0.097669,0.097152,0.035600,0.724188,0.564426,0.367500,0.199745,0.600395,0.176043,0.294472,0.335824,0.111911,0.266272,0.108074,0.282916,0.255930,0.405026,0.579721,0.250915,0.429037,0.286151,0.160565,0.451234,0.400076,0.130915,0.128399,0.013100,0.585541,0.333557,4.037868,459.068658,0.389132,635.499936,1.591909,246.572785,234.520945,389.778259,491.816291,14.069504,1.295978,94.296451,3.011042,2.604355,0.167490,0.410759,83.164813,4225.330378,22.252314,10337.958501,255.363529,298.023319,6.513088,8128.247382
28,ionosphere.npz,tabular,0.689459,0.515670,0.729345,0.740741,0.923077,0.903704,0.730484,0.719658,0.621083,0.791453,0.847863,0.893447,0.709402,0.885470,0.706553,0.793732,0.769231,0.538462,0.507123,0.710351,0.723077,0.520798,0.700855,0.589700,0.140416,-0.039446,0.207309,0.228906,0.712766,0.647321,0.214881,0.191848,0.056584,0.344820,0.504183,0.613149,0.172724,0.591409,0.167902,0.322175,0.288068,-0.024725,0.340807,0.175486,0.200976,-0.040950,0.159007,0.016700,0.099824,0.118934,0.150998,0.249921,0.591987,0.529380,0.189912,0.159558,0.039563,0.251302,0.418184,0.507606,0.129866,0.465126,0.124997,0.241763,0.254326,0.095970,0.295581,0.147448,0.171199,0.091459,0.125821,0.099900,0.005989,1.253085,0.029510,69.229906,0.004066,30.201833,9.928585,15.393464,2.539611,4.209870,0.298653,15.585569,0.151585,0.415072,0.013372,0.017177,33.309676,3.111509,0.361226,52.354424,10.099843,1.034007,0.010968,0.712827
29,music_genre_classification.npz,tabular,0.340000,0.253000,0.370000,0.336000,0.324000,0.361600,0.332000,0.355600,0.362000,0.348400,0.365800,0.761155,0.384000,0.356800,0.382000,0.217200,0.340000,0.350000,0.269000,0.336333,0.322333,0.318400,0.481000,0.299000,0.164735,0.067716,0.194654,0.152564,0.142241,0.171644,0.146851,0.174506,0.170423,0.168330,0.177221,0.284661,0.182111,0.163206,0.182872,0.046177,0.156659,0.139010,0.090834,0.153125,0.142563,0.119077,0.300895,0.103348,0.296218,0.157945,0.343082,0.260211,0.255851,0.290703,0.278018,0.277077,0.285332,0.273614,0.301868,0.330310,0.310035,0.228727,0.296287,0.085171,0.275946,0.230240,0.253554,0.274537,0.275971,0.178395,0.453663,0.179118,0.034172,8.802028,0.168417,60.322595,0.012213,47.940611,22.122124,41.011265,8.589783,4.501138,1.353768,37.608578,6.070540,5.318236,0.034245,0.539969,79.303116,3.157423,0.710770,276.388237,23.318868,2.859309,0.021129,5.265290
30,spectf_heart.npz,tabular,0.675000,0.750000,0.525000,0.800000,0.787500,0.637500,0.750000,0.747500,0.585000,0.695000,0.657500,0.642500,0.775000,0.647500,0.762500,0.562500,0.762500,0.625000,0.512500,0.762500,0.770000,0.560000,0.802500,0.625000,0.115333,0.241940,0.001267,0.352127,0.322309,0.073045,0.241260,0.259681,0.029430,0.176285,0.123949,0.086323,0.295387,0.078193,0.267330,0.008565,0.266626,0.050511,0.042066,0.267064,0.286513,0.008134,0.418546,0.052000,0.186280,0.241705,0.043575,0.300167,0.268346,0.072249,0.221393,0.224975,0.081409,0.159198,0.155645,0.087594,0.381014,0.067119,0.254655,0.019799,0.220454,0.045687,0.157568,0.240954,0.228999,0.014981,0.447798,0.052400,0.001075,0.763117,0.007473,2.192618,0.002230,22.378773,2.340604,4.641546,1.331367,3.365561,0.023209,6.210323,0.021367,0.475355,0.515620,0.026211,33.571768,0.388956,0.087507,40.496141,2.820160,0.256430,0.003617,0.119651
31,rice_dataset_cammeo_and_osmancik.npz,tabular,0.887664,0.908661,0.897113,0.909186,0.798425,0.830184,0.914436,0.899843,0.880735,0.915118,0.910394,0.761155,0.913911,0.604357,0.912598,0.645722,0.911549,0.629134,0.903675,0.899475,0.915311,0.548871,0.919423,0.590026,0.600897,0.667841,0.630359,0.669513,0.578002,0.436542,0.686925,0.639500,0.582208,0.689320,0.673362,0.284661,0.685019,0.043295,0.680791,0.085771,0.677187,0.066323,0.676816,0.640672,0.689835,0.009612,0.703364,0.031597,0.488315,0.554845,0.520387,0.555768,0.433681,0.416907,0.590625,0.531327,0.493975,0.586003,0.561830,0.330310,0.572007,0.031697,0.570810,0.059875,0.564713,0.045476,0.553128,0.541202,0.580232,0.006717,0.593538,0.018634,0.438285,83.622138,0.205432,262.224936,0.200055,97.529101,85.509023,150.039126,77.150172,15.461910,0.154846,37.608578,0.770775,1.902431,0.667169,0.069853,59.418458,309.490185,6.002503,4851.497243,109.897816,18.539860,0.217120,509.125518
32,ph_recognition.npz,tabular,0.509954,0.560490,0.442573,0.565084,0.464012,0.565084,0.615926,0.573047,0.470444,0.468300,0.524655,0.546095,0.537519,0.486064,0.574273,0.206126,0.629403,0.529900,0.316998,0.565084,0.634609,0.473201,0.618683,0.465544,0.381639,0.412272,0.371403,0.432523,0.306634,0.382427,0.440085,0.407443,0.321164,0.336301,0.367509,0.391449,0.392204,0.302463,0.430122,0.083191,0.449947,0.318800,0.304351,0.387495,0.445863,0.277247,0.418059,0.284223,0.612915,0.622370,0.604348,0.638335,0.594995,0.599423,0.634235,0.612522,0.559273,0.567718,0.605114,0.608372,0.611113,0.494659,0.633282,0.201540,0.647041,0.503000,0.565783,0.602516,0.635209,0.464041,0.623800,0.465541,0.007378,4.629131,0.013824,103.280082,0.008283,46.032608,16.238922,28.630092,11.535850,6.349456,0.203634,25.168019,2.178460,1.328911,1.160493,0.190009,71.626033,13.950000,0.884452,2783.793274,18.236637,3.531124,0.113038,1.323881
33,banknote_authentication.npz,tabular,0.792274,0.577259,0.685860,0.789359,0.897959,0.630321,0.709913,0.675364,0.660204,0.703936,0.643732,0.592420,0.739796,0.638192,0.562682,0.609184,0.879738,0.674198,0.572886,0.711127,0.783236,0.544898,0.683236,0.637026,0.340927,0.012734,0.132117,0.334409,0.799633,0.094262,0.175358,0.161298,0.127828,0.203707,0.083198,0.043044,0.229373,0.075409,0.014995,0.049171,0.576487,0.120733,0.120500,0.242172,0.345466,0.007565,0.128340,0.073780,0.258822,0.026244,0.213082,0.256455,0.697697,0.071529,0.157170,0.120480,0.235159,0.172840,0.092763,0.031978,0.189196,0.070802,0.012253,0.036471,0.502624,0.088551,0.099581,0.189113,0.288332,0.005052,0.190413,0.047951,0.027343,16.729329,0.051185,67.343565,0.023299,67.063175,34.705347,52.768653,15.286641,3.899963,0.099130,49.040039,2.544066,1.235485,0.019913,0.026659,37.689052,15.448897,1.528042,1710.175526,36.580215,3.922607,0.028099,32.636571
34,wine_quality.npz,tabular,0.374513,0.451057,0.389083,0.389493,0.406115,0.309118,0.391545,0.347794,0.411328,0.428278,0.364745,0.623391,0.368356,0.410630,0.319926,0.275888,0.303304,0.324236,0.432383,0.300294,0.442274,0.382300,0.448800,0.453109,0.058675,0.005526,0.057192,0.048241,0.004237,0.032273,0.030159,0.032639,0.016681,0.042515,0.031943,0.044549,0.044464,-0.001152,0.048303,0.016119,0.041067,0.013965,0.004505,0.033449,0.008936,0.004100,0.006578,0.002694,0.084624,0.008614,0.069263,0.061457,0.124538,0.047357,0.034912,0.053454,0.032166,0.056635,0.053339,0.011960,0.055358,0.002336,0.076751,0.028428,0.063865,0.024627,0.044589,0.055933,0.014474,0.005400,0.050218,0.005911,1.168761,152.685321,0.598402,382.423813,0.234492,121.388581,114.080543,190.428375,130.153058,58.163730,3.679304,23.459111,16.997051,6.513257,0.840132,0.493797,111.224206,262.858762,18.133695,10926.605741,122.126598,68.764406,7.639081,1020.823311
35,cardiovascular_study.npz,tabular,0.840793,0.837035,0.676802,0.634096,0.817902,0.621455,0.604100,0.776700,0.844209,0.608405,0.819064,0.643321,0.830885,0.741305,0.709259,0.609976,0.650837,0.846942,0.807653,0.577725,0.671404,0.734600,0.831227,0.838700,0.052407,0.050114,0.075519,0.053162,0.116021,0.044073,0.023675,0.094111,0.029231,0.038881,0.131815,0.051190,0.079872,0.003213,0.091070,0.002269,0.062476,0.015304,0.104841,0.017894,0.016399,-0.008200,0.082244,0.055100,0.013043,0.007074,0.029246,0.029566,0.031778,0.014817,0.016918,0.022012,0.007447,0.015629,0.034396,0.016958,0.018065,0.000030,0.028566,0.000300,0.030063,0.002414,0.039211,0.009838,0.008088,0.000400,0.018970,0.008500,0.282668,54.172123,0.279117,169.892905,0.103971,75.709352,70.679529,110.043175,61.440537,11.212956,6.196600,106.458021,0.635096,1.679841,0.049426,0.153969,76.579998,264.607379,6.724686,564.366024,75.988644,29.144680,1.817755,110.220502
36,statlog_german_credit.npz,tabular,0.701000,0.692000,0.614000,0.613000,0.645000,0.644000,0.576000,0.595600,0.676400,0.592400,0.632000,0.697400,0.695000,0.577000,0.640000,0.629200,0.589000,0.692000,0.676000,0.626333,0.593000,0.690600,0.695000,0.694000,0.002665,0.001352,0.028364,0.044784,0.063032,0.017345,0.021721,0.031918,0.018334,0.033611,-0.011469,0.004480,0.019805,0.013425,0.049901,0.021642,0.029726,0.001352,0.010087,0.062801,0.035136,0.024771,0.019805,0.010565,0.003895,0.000029,0.006181,0.021394,0.029598,0.002616,0.028949,0.014233,0.005873,0.020355,0.005682,0.000793,0.004713,0.003774,0.013869,0.003436,0.019009,0.000029,0.011092,0.033718,0.027277,0.006137,0.004713,0.001145,0.020278,6.808077,0.113655,70.593902,0.014471,45.573109,23.171111,38.082352,10.077360,5.635137,0.657136,36.596031,0.391246,0.680358,0.819177,0.076048,88.350355,8.024886,0.735007,1368.184161,23.994146,5.991673,0.349429,8.715960
37,boston.npz,tabular,0.961039,0.948052,0.811688,0.818182,0.850649,0.740260,0.850649,0.803896,0.658442,0.887013,0.779221,0.719481,0.922078,0.727273,0.935065,0.522078,0.850649,0.694805,0.545455,0.880952,0.863636,0.548052,0.954545,0.577900,0.883017,0.839630,0.637242,0.552624,0.563077,0.467804,0.639451,0.547023,0.330237,0.688886,0.527969,0.430143,0.754393,0.343484,0.793596,0.085131,0.594162,0.271336,0.265473,0.693826,0.650446,0.110387,0.867162,0.158800,0.842159,0.793451,0.699786,0.559479,0.613966,0.455108,0.654173,0.562805,0.360940,0.671664,0.570636,0.430151,0.770225,0.373366,0.794864,0.118723,0.622159,0.318428,0.384260,0.672519,0.650378,0.148037,0.821740,0.182200,0.001070,0.829438,0.017510,50.413592,0.002652,18.561036,4.747184,7.103674,2.065925,3.541533,0.147081,9.041116,0.100451,0.138884,0.004715,0.030500,42.714944,0.603401,0.463483,170.781845,6.615534,0.820507,0.034466,0.249575
38,seismic_bumps.npz,tabular,0.931889,0.917957,0.931889,0.640867,0.933437,0.931889,0.559443,0.721981,0.922910,0.730031,0.859752,0.931889,0.897833,0.916718,0.840557,0.626006,0.684211,0.917957,0.907121,0.603715,0.570175,0.867800,0.931889,0.931889,-0.002822,-0.023549,-0.002822,0.043301,0.000000,-0.002822,0.007322,0.018886,-0.010662,0.050094,0.039209,-0.002822,0.106717,-0.025051,0.155982,0.014247,-0.021402,-0.023549,-0.008418,0.003836,0.003231,0.000000,-0.002822,-0.002822,0.000833,0.004394,0.000833,0.035507,0.000000,0.000833,0.012089,0.006648,0.003295,0.020346,0.012036,0.000833,0.022476,0.004748,0.052232,0.002849,0.003590,0.004394,0.006863,0.002213,0.010719,0.004200,0.000833,0.000436,0.017853,4.872162,0.064440,56.475366,0.005706,35.038112,17.840568,24.419745,9.333560,2.883988,0.208805,26.752225,0.166773,1.081270,0.015929,0.027398,34.056021,17.087653,0.495874,690.764681,20.747919,3.560822,0.011205,6.365935
39,dry_bean.npz,tabular,0.526058,0.529959,0.778033,0.663099,0.568571,0.708979,0.651996,0.656057,0.782635,0.631469,0.833170,0.590244,0.785036,0.476523,0.879064,0.391417,0.701911,0.808843,0.440632,0.577073,0.643893,0.428248,0.751726,0.501751,0.363371,0.238132,0.639182,0.506974,0.323960,0.505318,0.504115,0.519136,0.581490,0.479290,0.689940,0.422518,0.668766,0.245360,0.731763,0.165277,0.556872,0.586053,0.267198,0.385927,0.497727,0.198052,0.631319,0.328519,0.586306,0.426686,0.708523,0.609906,0.524509,0.578048,0.617264,0.616404,0.637278,0.550097,0.738526,0.500774,0.714203,0.344427,0.761221,0.246230,0.661028,0.670390,0.433143,0.502207,0.610446,0.260631,0.724378,0.399336,4.453118,468.968436,1.702378,1124.608521,1.105013,248.320964,217.477628,376.772933,1048.799220,13.582685,9.062991,94.383784,26.532996,8.282600,0.240185,1.532246,185.871863,4426.170392,145.748662,3726.574080,280.438676,156.118748,6.125792,4448.016239
40,credit_risk_classification.npz,tabular,0.803279,0.760246,0.760246,0.621926,0.772541,0.612705,0.576844,0.601434,0.769057,0.612090,0.729303,0.634836,0.686475,0.662500,0.662910,0.583607,0.662910,0.760246,0.804303,0.576844,0.557377,0.801000,0.805738,0.806352,0.003559,-0.009046,-0.009046,0.022592,0.043397,-0.005294,0.006195,-0.000520,-0.004945,0.013251,-0.008681,-0.015561,0.016280,-0.001223,0.009821,0.009029,0.037668,-0.009046,0.005104,-0.000598,-0.002305,0.000200,-0.002481,-0.001556,0.000304,0.000234,0.000306,0.004028,0.015614,0.002521,0.005041,0.002651,0.000114,0.002862,0.000315,0.003050,0.000952,0.000193,0.000437,0.001222,0.006323,0.000234,0.003808,0.002995,0.001701,0.000100,0.001396,0.000448,0.019090,6.933708,0.116595,71.313301,0.011478,47.662278,23.096672,42.144248,11.496012,5.722964,0.105765,36.254232,0.602773,1.048680,0.016462,0.032037,61.196300,31.070861,1.044185,1676.683844,24.156036,5.799948,0.019218,16.520441
41,epileptic_seizure_recognition.npz,tabular,0.257043,0.429043,0.238087,0.406435,0.398609,0.388209,0.295478,0.416243,0.253287,0.267791,0.403791,0.351594,0.358435,0.426783,0.237043,0.278852,0.423478,0.391130,0.201739,0.252696,0.289797,0.336070,0.308104,0.280174,0.027434,0.164477,0.029837,0.192745,0.193517,0.149770,0.054169,0.205768,0.013467,0.059096,0.179143,0.127889,0.086144,0.143171,0.045069,0.057935,0.207796,0.107974,0.077727,0.011058,0.053058,0.083788,0.086628,0.030907,0.153597,0.220267,0.176954,0.227773,0.351631,0.265769,0.071993,0.244054,0.103184,0.096980,0.271958,0.278183,0.109040,0.180945,0.211966,0.080954,0.247118,0.152132,0.236331,0.014664,0.071331,0.110232,0.139981,0.042732,3.913331,166.433393,4.140620,296.793842,0.464932,276.379173,126.509495,190.255191,162.018186,49.685877,15.152810,45.899733,52.053738,13.857086,0.845464,4.651575,115.898673,939.604217,7.763863,2012.868152,117.996613,43.075087,0.586879,963.513652
42,website_phishing.npz,tabular,0.599409,0.491500,0.611234,0.730229,0.489283,0.678788,0.597044,0.675831,0.663415,0.738359,0.690613,0.669327,0.705839,0.523577,0.689431,0.380044,0.617886,0.432373,0.479675,0.581178,0.566297,0.523600,0.686918,0.541759,0.180692,-0.014092,0.148798,0.381673,0.134812,0.303070,0.268646,0.326671,0.270700,0.334885,0.336410,0.277876,0.336627,0.028077,0.328652,0.006211,0.274507,0.006750,-0.000238,0.235781,0.244890,0.000600,0.291668,0.005866,0.159193,0.017783,0.111270,0.278827,0.147646,0.219961,0.223857,0.268620,0.221781,0.243393,0.245429,0.202332,0.238773,0.047826,0.239387,0.007585,0.209998,0.009371,0.044299,0.213407,0.227634,0.012500,0.203495,0.101720,0.059593,14.691636,0.090463,62.441585,0.025233,71.719817,33.305429,52.410160,13.661963,8.577614,0.168629,51.802077,1.096145,1.608131,0.034897,0.045853,37.212984,14.825399,1.206722,510.969884,34.493821,9.092766,0.028119,23.565163
43,optical_recognition_of_handwritten_digits.npz,tabular,0.732932,0.776877,0.654460,0.467957,0.493591,0.564635,0.661784,0.591263,0.336647,0.687314,0.642532,0.502311,0.767983,0.859273,0.834685,0.518179,0.643474,0.599529,0.116401,0.707560,0.684750,0.919173,0.794664,0.697358,0.620715,0.671250,0.554285,0.277653,0.379185,0.402854,0.524077,0.413767,0.145079,0.573174,0.502177,0.317237,0.634163,0.752335,0.689150,0.357582,0.453877,0.449467,0.000310,0.567244,0.536680,0.833237,0.720655,0.600710,0.744865,0.776794,0.716799,0.399103,0.598799,0.538846,0.623722,0.524878,0.395582,0.696576,0.637860,0.464027,0.731114,0.793108,0.748018,0.475150,0.541701,0.550970,0.046267,0.647113,0.617502,0.839728,0.832360,0.725853,0.601697,95.100882,1.303630,528.705013,0.192000,184.010069,88.145307,150.236814,175.655972,8.533647,10.275139,30.489473,25.030913,7.073027,0.925274,0.906772,161.114782,591.428352,83.958869,2572.085611,97.735005,48.187822,1.486328,333.412431
44,siberian_weather_stats.npz,tabular,0.385928,0.243781,0.342573,0.317697,0.302772,0.303483,0.254442,0.257285,0.326937,0.330064,0.310021,0.307747,0.332623,0.332196,0.323667,0.238237,0.273632,0.285004,0.329780,0.248756,0.246861,0.263000,0.381805,0.315600,0.058843,0.017688,0.021091,0.036429,0.022087,0.030659,0.022243,0.024960,0.003182,0.028100,0.032640,0.022301,0.043635,-0.000780,0.037539,0.017299,0.028438,0.026489,0.012516,0.020007,0.023916,0.003000,0.027576,0.020100,0.087296,0.069890,0.088155,0.068688,0.095022,0.097931,0.086207,0.081989,0.056575,0.057907,0.096950,0.082518,0.110398,0.008842,0.096529,0.050475,0.090265,0.067689,0.055531,0.080272,0.080763,0.026100,0.075506,0.021900,0.066420,14.251537,0.178169,71.834181,0.017461,49.474461,34.056524,56.496440,20.003477,7.974598,0.623844,53.471773,6.518882,5.702512,0.052078,0.139988,82.506789,6.356166,28.553384,32.996188,40.670960,9.691399,0.034537,13.986377
45,orbit_classification_for_prediction_nasa.npz,tabular,0.857724,0.590592,0.674216,0.547038,0.818235,0.657259,0.583972,0.523810,0.488037,0.580139,0.589779,0.811266,0.614402,0.724274,0.468641,0.373635,0.479675,0.481998,0.857143,0.511808,0.633682,0.436702,0.839837,0.856562,0.041110,0.087954,0.107778,0.043893,0.067057,0.105652,0.030492,0.049499,0.035773,-0.020169,0.049917,0.230694,0.058486,-0.046498,0.047686,0.002103,0.022221,0.044308,-0.001018,0.049931,0.022475,-0.004256,-0.023856,-0.002030,0.017447,0.064161,0.107439,0.118472,0.044437,0.149167,0.067945,0.086281,0.088168,0.054211,0.106163,0.136101,0.056239,0.010950,0.100161,0.004127,0.081261,0.046045,0.000350,0.083507,0.059972,0.000944,0.006437,0.000354,0.110751,20.847444,0.229024,96.026603,0.023233,67.109253,44.937066,70.985481,21.155984,11.048346,0.177042,64.877832,9.114319,1.875483,0.039800,0.107146,64.302864,28.810132,1.032504,200.246728,43.289406,12.953002,0.370376,68.140999
46,magic_gamma_telescope.npz,tabular,0.701370,0.528653,0.706471,0.576258,0.763476,0.675601,0.639364,0.643484,0.557396,0.609161,0.629383,0.723239,0.565057,0.588859,0.556156,0.620782,0.620262,0.586859,0.616562,0.587492,0.577318,0.529573,0.648625,0.657266,0.100157,0.002389,0.110543,0.020288,0.261405,0.096660,0.088462,0.094121,-0.011657,0.055759,0.059758,0.153162,0.003008,0.026738,0.009729,0.046346,0.057582,0.027637,0.147712,0.032826,0.040897,-0.000116,0.000794,0.076704,0.119817,0.000671,0.131394,0.008221,0.184844,0.067750,0.062114,0.067707,0.013140,0.039116,0.026886,0.131049,0.069688,0.010056,0.002980,0.016293,0.054337,0.012615,0.101418,0.020963,0.037199,0.012648,0.001171,0.028691,3.878249,466.722493,0.605424,497.396926,1.488111,309.811778,230.219398,414.420629,550.350417,14.562380,0.620364,93.767929,6.971753,9.542366,0.287059,0.190496,137.641819,8390.338967,29.290447,841.280656,241.383599,246.482343,4.877361,4868.108662
47,raisin.npz,tabular,0.828889,0.844444,0.844444,0.876667,0.555556,0.790222,0.866667,0.835333,0.754667,0.867111,0.787556,0.736222,0.768889,0.533111,0.845556,0.622222,0.865556,0.676667,0.556667,0.856667,0.870741,0.524222,0.813333,0.552200,0.432063,0.473997,0.473983,0.567030,0.277855,0.339252,0.537265,0.451872,0.288271,0.538656,0.331071,0.234598,0.288567,0.003293,0.477066,0.058802,0.534008,0.123890,0.055115,0.508305,0.549383,0.002600,0.392108,0.009900,0.366872,0.393435,0.376819,0.462730,0.293620,0.334734,0.437985,0.398744,0.295337,0.439368,0.373977,0.256325,0.339398,0.003203,0.398020,0.048199,0.435888,0.094234,0.137685,0.414592,0.451058,0.002837,0.391671,0.008700,0.012429,5.583528,0.040919,55.213648,0.009897,25.832957,19.900341,36.955330,4.527622,5.472154,0.137907,33.250552,0.852492,0.788412,0.620007,0.020226,45.700674,25.862390,0.844446,33.124168,27.994819,2.532041,0.175169,4.421392
48,patient_treatment_classification.npz,tabular,0.583862,0.520852,0.663645,0.603354,0.570943,0.629949,0.608930,0.613962,0.612466,0.594651,0.629556,0.639544,0.612194,0.595648,0.609474,0.528740,0.676564,0.528800,0.593382,0.607132,0.599547,0.527600,0.597643,0.596300,0.027919,0.001473,0.096333,0.042293,0.023169,0.065257,0.052772,0.054080,0.040246,0.036854,0.065429,0.071580,0.049410,0.000055,0.047407,0.002498,0.124355,0.003100,0.000661,0.045405,0.040659,0.002500,0.002503,0.001900,0.021377,0.001777,0.060449,0.028105,0.059394,0.036671,0.040214,0.029483,0.020876,0.023736,0.038427,0.038942,0.030201,0.000161,0.030987,0.002051,0.089800,0.002800,0.002451,0.033790,0.030792,0.001100,0.002779,0.000500,0.634526,110.257329,1.347263,304.012325,0.140403,111.812367,108.025195,170.259461,100.902013,31.522369,2.286386,43.086937,3.345094,2.118709,0.064032,0.134349,69.670880,2689.100000,5.645130,630.310117,110.161689,57.487654,5.416235,465.409206
49,fetal_health_classification.npz,tabular,0.781750,0.774224,0.701317,0.473659,0.717780,0.663844,0.636218,0.596143,0.733866,0.576670,0.671496,0.616494,0.654280,0.607244,0.644403,0.493321,0.509407,0.786924,0.731891,0.559737,0.601223,0.680339,0.767639,0.705080,0.040721,0.005604,0.266426,0.053153,0.188139,0.223733,0.056792,0.177607,0.103379,0.135171,0.231047,0.175383,0.199639,0.152396,0.187585,-0.038886,0.118950,0.208763,0.181306,0.113440,0.078333,0.212165,0.391807,0.226246,0.041032,0.011077,0.234193,0.135139,0.154067,0.190742,0.066249,0.166403,0.069009,0.142939,0.201432,0.167392,0.203553,0.129882,0.201881,0.031610,0.161170,0.099103,0.171364,0.132715,0.098551,0.113874,0.262896,0.100298,0.091562,28.504336,0.256270,94.776417,0.046122,61.056872,52.457509,81.031172,36.767651,14.459395,1.636445,23.426471,2.491379,1.453903,0.059045,0.129791,51.437996,51.728839,26.373333,195.527726,52.186064,46.073627,0.909853,44.264155
50,dermatology.npz,tabular,0.849162,0.955307,0.748603,0.703911,0.706704,0.855680,0.689944,0.835754,0.820112,0.830168,0.908380,0.802793,0.846369,0.914525,0.963687,0.586592,0.849162,0.863128,0.720670,0.893855,0.797765,0.878771,0.963687,0.927374,0.844294,0.920785,0.710945,0.670157,0.642680,0.782032,0.687454,0.768071,0.677291,0.829829,0.874553,0.747144,0.850019,0.824408,0.939648,0.389524,0.701447,0.701047,0.657655,0.860693,0.752698,0.785087,0.933628,0.861831,0.905401,0.909540,0.868539,0.675369,0.791386,0.816841,0.840811,0.788420,0.705360,0.892078,0.903357,0.846778,0.905922,0.816537,0.939210,0.518216,0.703198,0.762297,0.811849,0.863561,0.846909,0.751828,0.927364,0.831038,0.005958,1.637414,0.048343,60.870597,0.004157,12.099099,9.416827,15.938450,4.936184,3.519905,0.193155,15.772088,0.371035,0.492215,0.656307,0.198862,46.301601,3.165524,0.517400,186.725677,9.681579,6.104287,0.077267,0.331887
51,secom.npz,tabular,0.932355,0.927888,0.932355,0.843012,0.894065,0.897043,0.591321,0.817103,0.927632,0.697511,0.868539,0.880664,0.922144,0.511040,0.926484,0.662029,0.625399,0.827058,0.874920,0.610508,0.667262,0.930800,0.922782,0.933600,0.012671,-0.009869,0.012671,-0.005118,0.078711,0.052821,0.002628,0.055378,0.027797,0.000852,0.066831,0.070771,0.067690,0.000252,0.033093,0.008809,0.013173,0.025404,0.084620,-0.004911,-0.000171,0.000900,0.069125,0.015200,0.003274,0.001620,0.003274,0.000071,0.025817,0.007307,0.004357,0.008973,0.005232,0.001428,0.009618,0.010666,0.014927,0.000513,0.006652,0.000762,0.003308,0.001432,0.052781,0.001207,0.003017,0.000900,0.015732,0.003700,0.494372,17.466643,0.924195,100.286231,0.023876,56.285911,37.927236,63.466814,16.973989,4.263660,1.085562,18.067220,0.873959,2.246992,0.044456,0.473210,31.078826,12.514283,10.136856,403.703420,39.055456,20.474737,1.047641,5.175490
52,paris_housing_classification.npz,tabular,0.873400,0.516700,0.568500,0.567900,0.867300,0.591433,0.722960,0.761000,0.630360,0.605680,0.590760,0.838000,0.506700,0.821220,0.504700,0.538660,0.605000,0.564000,0.873500,0.625033,0.632960,0.830200,0.873140,0.873400,-0.000171,0.000943,0.013395,0.015324,0.023863,0.036618,0.017086,-0.000671,0.066819,0.023894,0.022759,0.186748,0.000050,0.014075,0.000012,0.007451,0.037772,-0.029267,0.000000,0.019659,0.042848,0.119218,-0.000614,-0.000171,0.000071,0.000794,0.008582,0.091570,0.031526,0.100599,0.021385,0.000068,0.146589,0.034929,0.070410,0.064495,0.000036,0.000520,0.000029,0.011151,0.036068,0.013923,0.000000,0.045375,0.034118,0.028372,0.000254,0.000036,1.452643,471.389469,4.823771,610.427242,1.031162,265.373981,238.761590,346.115042,720.101640,14.823356,1.582066,77.041916,4.169616,3.887720,0.209575,0.359559,77.499663,5010.539500,25.419957,2684.633150,237.724915,250.064323,7.788736,8672.606842
53,seeds.npz,tabular,0.923810,0.895238,0.909524,0.876190,0.700000,0.862857,0.919048,0.892381,0.755238,0.855238,0.921905,0.825714,0.923810,0.690476,0.919048,0.433333,0.933333,0.552381,0.776190,0.904762,0.922222,0.496190,0.933333,0.733333,0.788921,0.718321,0.757719,0.681118,0.479655,0.645691,0.776905,0.720630,0.465172,0.678321,0.779500,0.592126,0.785207,0.284882,0.773294,0.055635,0.812596,0.121537,0.621001,0.741710,0.783962,0.090413,0.810869,0.360079,0.745849,0.676059,0.749814,0.657402,0.533739,0.639773,0.733455,0.709126,0.450351,0.657218,0.738920,0.599697,0.740284,0.284812,0.727864,0.077345,0.767007,0.138466,0.623821,0.700897,0.739028,0.089624,0.762923,0.319599,0.002643,0.848986,0.026047,60.382638,0.003040,22.498217,7.494398,11.880471,2.756635,2.954199,0.047878,11.471347,0.083548,0.135448,0.018868,0.022668,25.588017,1.003795,0.442070,97.694151,6.132822,0.538445,0.101896,0.189119
54,wine_customer.npz,tabular,0.926966,0.960674,0.938202,0.971910,0.842697,0.915730,0.966292,0.898876,0.866292,0.911236,0.959551,0.924719,0.971910,0.837079,0.966292,0.462921,0.949438,0.623596,0.601124,0.947566,0.958801,0.570787,0.983146,0.500000,0.784706,0.883710,0.818523,0.916757,0.555573,0.760829,0.903367,0.726979,0.645972,0.818541,0.877040,0.786756,0.914880,0.564203,0.897495,0.056151,0.847861,0.228151,0.400997,0.846623,0.878527,0.191441,0.947132,0.098312,0.787240,0.861291,0.808012,0.897431,0.607995,0.718572,0.898543,0.719115,0.652454,0.809017,0.858214,0.746339,0.892585,0.533477,0.875894,0.090065,0.807436,0.251952,0.502082,0.825730,0.870162,0.207350,0.927647,0.154021,0.001291,0.860059,0.015781,51.632634,0.002743,7.097982,5.287490,7.203280,2.926866,2.957481,0.072151,9.299385,0.071319,0.784667,0.016534,0.020030,28.463696,0.756298,0.484202,107.998191,5.720242,3.547495,0.040524,0.151976
55,crowdsourced_mapping.npz,tabular,0.487946,0.406822,0.400520,0.473142,0.772632,0.460478,0.454236,0.485806,0.717515,0.490207,0.492008,0.838000,0.488547,0.484865,0.493768,0.370831,0.447034,0.536361,0.722517,0.443866,0.440732,0.710900,0.565530,0.787936,0.226888,0.130575,0.198440,0.197877,0.234841,0.110998,0.154625,0.145763,0.165863,0.247196,0.151740,0.186748,0.157066,0.158928,0.130748,0.023607,0.141196,0.066007,0.000000,0.137830,0.129268,0.012800,0.305206,0.306868,0.265418,0.252028,0.352974,0.242768,0.269916,0.186013,0.257254,0.213217,0.194769,0.318538,0.324742,0.064495,0.293553,0.179305,0.244734,0.071495,0.184238,0.218715,0.000000,0.213562,0.232307,0.010000,0.446248,0.199020,4.172497,487.303119,3.833720,553.497600,1.033049,315.048086,220.230196,387.511108,873.339318,48.430416,4.818096,77.041916,61.830049,8.116610,0.159748,0.948222,192.700793,1615.244445,13.442588,6457.617806,260.836774,244.531619,2.017403,9547.904647
56,durum_wheat_features.npz,tabular,0.512000,0.337556,0.484667,0.787444,0.485556,0.780074,0.913000,0.806556,0.596711,0.668644,0.524044,0.587074,0.758222,0.580267,0.486556,0.489067,0.809000,0.451111,0.477222,0.810259,0.812133,0.353178,0.600333,0.574111,0.363261,0.000052,0.346517,0.487625,0.345570,0.520726,0.759974,0.527787,0.357729,0.400264,0.382530,0.372192,0.431290,0.224524,0.355050,0.099323,0.543005,0.172148,0.331379,0.527285,0.541769,0.001388,0.404281,0.303549,0.479262,0.006450,0.514468,0.473229,0.468593,0.530483,0.701160,0.525432,0.469158,0.454092,0.520183,0.463849,0.472225,0.233260,0.520858,0.085393,0.510937,0.220493,0.490928,0.508348,0.513174,0.015424,0.536578,0.320104,7.468768,561.690542,8.092546,1230.546875,1.032794,228.719956,198.053349,387.723033,713.472515,40.935182,22.380235,86.277244,5.198262,8.692845,0.156019,8.233281,146.421360,3370.577894,37.221980,1100.257753,223.034835,414.236506,24.963708,2498.089308
57,classification_in_asteroseismology.npz,tabular,0.904096,0.902098,0.852148,0.896104,0.890110,0.923876,0.904096,0.915684,0.860539,0.909291,0.906094,0.926474,0.914086,0.664535,0.929071,0.680919,0.904096,0.660340,0.838162,0.903430,0.904096,0.630800,0.941059,0.794200,0.648989,0.642596,0.447512,0.623625,0.618899,0.714036,0.648989,0.687404,0.495253,0.666040,0.655417,0.723582,0.681480,0.063487,0.726393,0.016567,0.648989,0.061893,0.624329,0.646916,0.648989,-0.015700,0.772699,0.252800,0.581500,0.549316,0.374069,0.562403,0.549563,0.612926,0.581500,0.607632,0.400491,0.590461,0.586440,0.631209,0.606913,0.016604,0.584590,0.003932,0.581500,0.016478,0.531226,0.579987,0.581500,0.001700,0.658371,0.179800,0.014668,7.111572,0.020554,71.149139,0.012806,53.465124,24.427048,35.674672,86.732597,5.122929,0.058305,43.012049,1.537568,0.064649,0.015203,0.067208,19.034348,46.865425,0.922718,426.076128,25.105643,6.079109,0.285816,7.617851
58,birds_bones_and_living_habits.npz,tabular,0.496368,0.457627,0.467312,0.523002,0.564165,0.472639,0.458596,0.465375,0.483777,0.533656,0.545763,0.481356,0.450363,0.425666,0.484262,0.442615,0.479419,0.508475,0.433414,0.502825,0.468119,0.451332,0.542857,0.447942,0.214452,0.252472,0.208132,0.286527,0.309909,0.238761,0.242411,0.275980,0.230161,0.288907,0.394050,0.224317,0.241320,0.159409,0.253282,0.155457,0.282298,0.304458,0.183462,0.332472,0.255274,0.248688,0.321494,0.223776,0.262169,0.328231,0.254373,0.289437,0.380918,0.256666,0.268718,0.270592,0.271367,0.290299,0.416580,0.260748,0.279367,0.165609,0.313435,0.163408,0.288393,0.312950,0.301575,0.341118,0.273159,0.242618,0.444998,0.210545,0.003731,2.254536,0.025733,71.530079,0.004054,30.853065,11.578716,23.783430,9.864735,3.319617,0.246962,18.386597,0.706853,1.897735,0.990107,0.090965,36.301006,4.444178,1.055594,224.815222,11.446192,1.942708,0.015544,0.575347
59,microbes.npz,tabular,0.238319,0.206203,0.212806,0.237519,0.243322,0.210065,0.198099,0.197779,0.236278,0.252206,0.284862,0.587074,0.204402,0.199420,0.198799,0.170725,0.209405,0.227014,0.242121,0.191029,0.195198,0.189600,0.368464,0.248024,0.011562,0.007346,0.033353,0.024837,0.100332,0.034792,0.034006,0.035606,0.033052,0.039818,0.081302,0.372192,0.030857,0.003711,0.033674,0.011549,0.036853,0.042155,0.000584,0.031532,0.033158,0.008900,0.179967,0.004438,0.046349,0.043947,0.078183,0.076785,0.337729,0.084813,0.084111,0.086656,0.077461,0.079245,0.145054,0.463849,0.076734,0.018783,0.081547,0.030367,0.083673,0.090417,0.053849,0.072138,0.085966,0.020400,0.258541,0.014716,4.085206,500.959310,1.187776,554.598489,1.113604,315.096602,219.126766,399.540874,937.083409,76.898862,12.821282,86.277244,62.993918,32.145585,21.616556,1.299782,174.895704,5130.977476,29.161456,6158.398161,222.640256,245.363011,2.040052,4314.662851
60,image_segmentation.npz,tabular,0.585714,0.604762,0.557143,0.466667,0.585714,0.538095,0.656190,0.582857,0.540952,0.567619,0.556190,0.551429,0.666667,0.640952,0.666667,0.474286,0.609524,0.604762,0.423810,0.611111,0.669841,0.462857,0.780952,0.700000,0.420610,0.411955,0.401267,0.362368,0.381482,0.396327,0.482136,0.440057,0.324331,0.428972,0.416376,0.422864,0.538843,0.474850,0.508212,0.272901,0.478374,0.461493,0.237719,0.460092,0.502973,0.257723,0.604440,0.471184,0.565836,0.568225,0.608190,0.551203,0.628917,0.588261,0.603754,0.595205,0.490497,0.594194,0.607396,0.608565,0.661717,0.582730,0.623729,0.386220,0.603088,0.593707,0.531125,0.610592,0.632864,0.394046,0.709495,0.602872,0.001744,1.425415,0.025517,59.744540,0.002986,20.917969,7.641774,19.328806,8.410491,3.684288,0.085989,10.898460,0.333176,1.336436,0.021007,0.138880,39.307600,2.282800,0.151580,40.804438,6.219094,1.020722,0.056173,0.189121
61,water_quality.npz,tabular,0.596718,0.527101,0.560915,0.530582,0.593734,0.537212,0.560219,0.547290,0.596619,0.559125,0.585281,0.549644,0.525609,0.564595,0.521134,0.521333,0.570860,0.520139,0.598707,0.535389,0.563799,0.550800,0.597215,0.597215,0.006656,0.002252,0.005003,0.002734,0.027975,0.005021,0.007836,0.005499,0.018171,0.008114,0.026151,0.008473,-0.001758,0.016743,0.000258,0.001815,0.019231,0.000790,0.001919,0.003217,0.002014,0.001700,0.000477,0.000477,0.002128,0.001191,0.000659,0.001117,0.010594,0.002356,0.001923,0.003704,0.007851,0.004519,0.011986,0.002743,0.000119,0.011479,0.000074,0.001630,0.011434,0.002679,0.005254,0.001855,0.000382,0.000500,0.001331,0.000670,0.096497,28.193796,0.257959,129.781493,0.047395,52.617826,52.763649,67.050820,16.551840,12.907484,2.997145,20.951100,1.829240,0.984369,0.037461,0.127226,75.960214,88.678021,8.957595,1207.486643,50.003218,16.771377,0.050869,104.247571
62,insurance_company_benchmark.npz,tabular,0.940055,0.934387,0.773446,0.813638,0.891446,0.582847,0.767468,0.760907,0.929028,0.752628,0.875129,0.807798,0.940055,0.654620,0.681037,0.928993,0.567846,0.929062,0.894881,0.603172,0.842150,0.939700,0.935933,0.940055,0.004382,0.062688,0.060524,-0.024658,0.071491,0.006690,0.009347,0.002957,0.041810,-0.007361,0.047508,0.043393,-0.000321,0.014818,0.036864,0.060882,0.006795,0.047021,0.044024,-0.003356,0.006222,0.004600,0.018540,-0.000321,0.001536,0.010859,0.014269,0.002214,0.015797,0.002466,0.005419,0.000107,0.007380,0.000627,0.005247,0.006843,0.000093,0.001852,0.013517,0.009340,0.003768,0.005872,0.026665,0.003555,0.002792,0.001000,0.003160,0.000047,1.946834,219.181785,1.915079,602.669910,0.555982,149.846125,144.206471,190.007846,150.865126,9.629263,4.773657,55.614260,1.021736,5.349502,0.470767,0.472355,112.640993,400.709257,7.735263,5578.794241,139.646003,96.237174,37.384889,2027.703639
63,harbermans_survival.npz,tabular,0.738562,0.522876,0.741830,0.624183,0.715686,0.669935,0.606536,0.626144,0.708497,0.637255,0.666667,0.671242,0.748366,0.735294,0.751634,0.689542,0.578431,0.529400,0.653595,0.583878,0.607843,0.534641,0.738562,0.738562,0.068937,-0.002302,0.105028,0.059064,0.150345,0.081317,0.007760,0.055316,0.065527,0.077550,0.103998,0.085635,0.146191,0.000000,0.155578,0.015625,0.021367,0.000600,0.173650,0.024291,0.042903,0.002050,0.011577,0.011577,0.025315,0.000007,0.039731,0.073493,0.067388,0.032950,0.006930,0.027795,0.035672,0.044703,0.070356,0.033387,0.059622,0.007440,0.065437,0.009933,0.016971,0.005600,0.060338,0.018427,0.021593,0.005038,0.014531,0.007542,0.002206,1.251896,0.007527,65.247607,0.003754,11.096975,9.711017,14.205174,2.430778,4.363097,0.180120,15.475655,0.115401,0.166784,0.006649,0.053857,28.591078,2.095300,0.549024,168.165438,9.514856,1.407229,0.011432,0.833016
64,yeast.npz,tabular,0.407814,0.379027,0.512680,0.339273,0.372173,0.417409,0.366415,0.357642,0.449075,0.460864,0.472378,0.441672,0.478410,0.344483,0.475394,0.245922,0.370802,0.326251,0.328307,0.386338,0.358693,0.281974,0.447156,0.318000,0.134389,0.142388,0.231170,0.098682,0.046314,0.143845,0.124290,0.130430,0.119049,0.145554,0.209124,0.164388,0.213587,0.082667,0.211002,0.026236,0.127343,0.087294,0.028628,0.144186,0.124817,0.043881,0.178381,0.029400,0.229988,0.226877,0.297089,0.189430,0.136220,0.241076,0.223669,0.236641,0.202483,0.221204,0.289530,0.259654,0.293933,0.152435,0.292085,0.070858,0.236533,0.144330,0.097635,0.241686,0.225457,0.090204,0.284411,0.084300,0.077874,17.045676,0.209306,213.363463,0.026834,61.824335,36.235483,57.470981,13.548284,10.593560,1.404950,54.906548,5.465177,3.010320,0.074624,0.204268,81.220807,39.227620,1.463593,1100.891956,30.543405,11.367346,0.283453,18.206048
65,heart_disease.npz,tabular,0.589226,0.336700,0.404040,0.515152,0.542088,0.397306,0.358249,0.428283,0.433670,0.497643,0.437037,0.387879,0.383838,0.539394,0.494949,0.284175,0.360269,0.299663,0.558923,0.380471,0.397306,0.334700,0.612795,0.548822,0.330507,0.059267,0.147498,0.270743,0.282416,0.169792,0.138317,0.189921,0.144554,0.221680,0.114789,0.154882,0.179890,0.018009,0.282975,0.007859,0.102111,0.013116,0.126328,0.154854,0.190374,0.012200,0.422696,0.017046,0.233757,0.165697,0.163837,0.230790,0.228573,0.179748,0.208927,0.195912,0.182323,0.234951,0.143927,0.153717,0.216824,0.032642,0.244306,0.022924,0.164071,0.036008,0.126741,0.195806,0.231507,0.022600,0.326184,0.020256,0.003996,1.681792,0.036673,65.314855,0.003636,8.972368,7.353057,10.630212,2.778435,4.521754,0.122413,11.796796,0.337189,1.904158,0.008696,0.039666,44.521869,2.135070,0.535211,209.577096,6.368611,1.383533,0.010799,0.648466
66,ecoli.npz,tabular,0.837920,0.596330,0.825688,0.715596,0.709480,0.805301,0.620183,0.702752,0.746177,0.781651,0.826911,0.797554,0.834862,0.591437,0.817737,0.363914,0.660550,0.504600,0.795107,0.628950,0.668705,0.435474,0.853823,0.480122,0.766123,0.446275,0.741324,0.579732,0.643747,0.712116,0.470273,0.588474,0.572659,0.695028,0.739080,0.695798,0.731085,0.242598,0.724244,0.057402,0.490994,0.211700,0.723395,0.472588,0.529501,0.139409,0.748387,0.174858,0.725348,0.526117,0.706729,0.559502,0.633827,0.652651,0.570400,0.561800,0.531784,0.653400,0.696595,0.643832,0.671819,0.305704,0.674591,0.124815,0.585850,0.276300,0.701622,0.556337,0.591830,0.254203,0.696048,0.255974,0.003727,1.713321,0.012147,65.390480,0.003312,10.785712,9.816903,15.736668,4.703897,3.236094,0.055078,16.181599,0.239599,2.390438,0.027785,0.040230,52.854825,2.630600,0.603598,150.935766,8.252571,6.094513,0.047944,0.341631
67,extyaleb.npz,tabular,0.862069,0.971787,0.915361,0.369906,0.636364,0.748589,0.481505,0.463950,0.895925,0.667712,0.518495,0.759248,0.498433,0.909091,0.529154,0.821317,0.470219,0.937304,0.203762,0.553814,0.503448,0.926646,0.912226,0.724138,0.656641,0.929945,0.793151,0.107125,0.359308,0.530214,0.200366,0.152419,0.801862,0.462319,0.167840,0.547756,0.192017,0.783901,0.196955,0.658347,0.195623,0.845247,0.000000,0.284114,0.219549,0.820239,0.780950,0.363288,0.749710,0.927337,0.804602,0.182913,0.560591,0.580941,0.281318,0.245492,0.824450,0.555119,0.409152,0.609132,0.410216,0.776324,0.424131,0.700456,0.243662,0.851469,0.000000,0.389549,0.300126,0.836521,0.820307,0.564962,0.004502,1.454540,0.042218,67.218923,0.003596,31.459641,9.760993,14.164013,2.586205,4.896271,0.114723,15.729167,0.359504,0.753860,0.030658,0.071983,69.202084,1.989050,0.391519,135.141065,9.577600,0.898682,0.087053,0.384133
68,breast_cancer_coimbra.npz,tabular,0.560345,0.551724,0.534483,0.646552,0.655172,0.543103,0.579310,0.579310,0.634483,0.594828,0.636207,0.536207,0.637931,0.612069,0.551724,0.601724,0.706897,0.646552,0.525862,0.597701,0.582759,0.653448,0.568966,0.629310,0.003978,0.002107,-0.005865,0.077880,0.088390,-0.001125,0.018860,0.021674,0.074310,0.032014,0.066201,-0.003692,0.067933,0.048006,0.001008,0.042295,0.163981,0.077908,-0.008497,0.030301,0.025493,0.094489,0.016495,0.058417,0.018886,0.006825,0.026782,0.081382,0.088696,0.060552,0.022702,0.039635,0.076306,0.045643,0.106723,0.069008,0.050096,0.053316,0.070301,0.045333,0.122282,0.057470,0.037993,0.029206,0.025884,0.071387,0.091613,0.041448,0.001242,0.690607,0.012621,60.014186,0.002205,6.831237,4.992071,7.062607,2.539568,2.418261,0.069410,8.546611,0.104907,0.135059,0.003411,0.051462,50.619601,0.505238,0.170648,105.050632,4.915622,0.735981,0.005092,0.142568
69,student_grade.npz,tabular,0.721519,0.683544,0.655696,0.769620,0.688608,0.684388,0.721519,0.796962,0.711392,0.727089,0.785316,0.661266,0.792405,0.616709,0.789873,0.516962,0.696203,0.711392,0.663291,0.755274,0.738228,0.668861,0.749367,0.673418,0.175024,0.045256,0.085726,0.289174,0.094994,0.122430,0.194448,0.351289,0.135882,0.206470,0.295501,0.082843,0.340058,0.051319,0.327155,-0.018075,0.151556,0.104716,0.062665,0.272824,0.231677,0.019240,0.246204,0.005251,0.093344,0.015633,0.202753,0.270653,0.040007,0.063065,0.172997,0.306199,0.088183,0.174406,0.199813,0.037278,0.291671,0.033289,0.219815,0.021363,0.162634,0.052052,0.075077,0.203790,0.212934,0.004717,0.290445,0.004451,0.006466,1.598147,0.047552,62.548555,0.004405,12.242632,8.734592,18.148621,2.354146,4.582860,0.076964,13.960608,0.166085,0.802139,0.014929,0.034397,53.516738,3.265313,0.276123,349.494097,9.740363,1.129862,0.126735,1.429125
70,human_stress_detection.npz,tabular,0.798601,0.526237,0.831584,0.915042,0.646177,0.800200,0.929535,0.805597,0.742029,0.744428,0.796102,0.812094,0.828086,0.421189,0.824088,0.414493,0.914043,0.503248,0.472264,0.911711,0.937531,0.505947,0.976512,0.523238,0.609995,0.298707,0.634256,0.779790,0.415801,0.573459,0.817247,0.619027,0.495903,0.534724,0.603059,0.582781,0.628423,0.024918,0.622058,0.010183,0.764673,0.076816,0.438434,0.786545,0.838705,0.084128,0.934461,0.105077,0.725232,0.399369,0.712453,0.790913,0.493714,0.662113,0.827460,0.684772,0.571233,0.624888,0.710272,0.678412,0.707679,0.060418,0.702721,0.016721,0.764813,0.100146,0.618650,0.814676,0.835629,0.090486,0.918141,0.148064,0.065575,28.739413,0.058201,279.547055,0.045279,80.754417,45.345550,78.473056,48.737912,9.723018,0.139666,74.033691,3.620791,1.044338,0.030946,0.196318,62.404844,280.133783,3.312654,2517.168629,49.034373,49.596299,0.462041,87.507613
71,fraud_detection_bank.npz,tabular,0.734473,0.742574,0.734473,0.599660,0.678968,0.740507,0.649285,0.710231,0.736114,0.793239,0.723372,0.738907,0.765777,0.734673,0.802980,0.728553,0.650465,0.812881,0.685769,0.591492,0.678228,0.755136,0.745075,0.738674,0.000353,0.029796,0.000353,0.038116,0.215422,0.181825,0.096930,0.121686,0.012859,0.303558,0.150941,0.163205,0.117927,0.204149,0.244111,-0.001730,0.082578,0.284330,0.165261,0.046858,0.091098,0.077693,0.048635,0.016487,0.000457,0.017256,0.000457,0.025858,0.110003,0.082615,0.071825,0.060815,0.007934,0.169487,0.061219,0.067021,0.099409,0.110460,0.231417,0.000268,0.045513,0.180673,0.120171,0.037909,0.075121,0.046661,0.032791,0.008321,9.082739,545.993724,5.369645,551.743852,1.542847,256.691742,234.807580,377.805214,571.097388,16.218795,1.668240,94.820127,8.247780,5.314338,0.834190,1.250359,77.653746,4289.843972,23.688381,8176.645928,238.337460,224.470776,71.671238,8152.289576
72,pen_based_recognition_of_handwritten_digits.npz,tabular,0.580331,0.882706,0.753803,0.607419,0.694823,0.702082,0.725113,0.637337,0.693622,0.706005,0.739445,0.586202,0.777022,0.803656,0.784227,0.600507,0.790232,0.799840,0.215639,0.776977,0.715328,0.456205,0.797705,0.700961,0.481491,0.770244,0.645478,0.423051,0.603126,0.560461,0.591903,0.464889,0.562525,0.586184,0.565778,0.428694,0.630736,0.680021,0.634356,0.464651,0.631036,0.631095,0.090816,0.627030,0.559939,0.280613,0.685596,0.557127,0.671968,0.830142,0.782487,0.577221,0.733239,0.678364,0.704124,0.587932,0.691476,0.715727,0.707826,0.588227,0.723022,0.730773,0.720541,0.573270,0.713242,0.711071,0.252051,0.702901,0.678206,0.388873,0.817447,0.676571,2.352039,289.948644,2.065161,366.898232,0.733258,308.577677,167.456797,289.246995,478.765697,11.929962,12.347223,70.757726,61.408572,17.109207,0.423897,0.942256,247.279834,1749.245500,52.606114,2439.739357,156.962207,150.133660,7.530357,3485.130948
73,diabetic_retinopathy_debrecen.npz,tabular,0.534318,0.507385,0.533449,0.598610,0.599479,0.575731,0.599479,0.579496,0.542659,0.572546,0.597220,0.738907,0.589053,0.551347,0.560382,0.532233,0.615986,0.549088,0.519548,0.574283,0.568202,0.519400,0.559513,0.574283,0.000950,-0.002739,0.003321,0.038004,0.038697,0.022134,0.038696,0.025937,0.005211,0.020589,0.036719,0.163205,0.030826,0.012882,0.013715,0.004789,0.052986,0.008530,-0.001923,0.021741,0.018488,-0.001200,0.013308,0.020564,0.007382,0.003505,0.006260,0.032013,0.032387,0.015634,0.027105,0.022330,0.009495,0.016929,0.048203,0.067021,0.021466,0.018849,0.011466,0.003081,0.040334,0.005095,0.028182,0.016492,0.014067,0.000300,0.009901,0.013356,0.014237,9.170760,0.083651,76.357241,0.019886,31.358509,27.933939,39.374785,9.937497,3.414790,1.064740,94.820127,0.606040,0.581177,0.220591,0.028903,41.870220,70.690863,0.703583,283.205380,25.357098,7.625178,0.343978,6.611464
74,pistachio.npz,tabular,0.846369,0.603818,0.803538,0.801676,0.527002,0.707076,0.832868,0.717318,0.789851,0.694786,0.687616,0.586202,0.778399,0.622905,0.799348,0.533333,0.727188,0.580074,0.568436,0.781192,0.794507,0.595065,0.789385,0.571695,0.478960,0.034301,0.368222,0.363743,0.004325,0.188534,0.442950,0.219892,0.345325,0.179379,0.140391,0.428694,0.309571,0.054507,0.358145,0.003529,0.205961,0.012887,-0.002558,0.316372,0.349023,0.034465,0.334252,0.019517,0.378013,0.016171,0.309427,0.292301,0.089783,0.166184,0.363174,0.176160,0.298949,0.144169,0.117621,0.588227,0.269314,0.029184,0.287573,0.002287,0.150846,0.004024,0.007945,0.255962,0.277900,0.018193,0.334888,0.010809,0.190750,28.199832,0.238234,138.544023,0.050966,87.545095,48.936333,92.361726,33.450050,14.409596,0.553257,70.757726,0.974070,1.962665,0.076048,0.132164,92.363141,23.887297,9.480965,513.267240,56.308229,8.369164,0.057647,35.073568
75,turkish_music_emotion.npz,tabular,0.607500,0.282500,0.595000,0.482500,0.412500,0.553500,0.530000,0.538000,0.511500,0.577000,0.559500,0.566464,0.600000,0.521500,0.600000,0.388500,0.512500,0.417500,0.262500,0.522500,0.553333,0.323000,0.627500,0.332500,0.322476,0.001322,0.331154,0.173514,0.155824,0.232178,0.221629,0.213109,0.223202,0.289427,0.263961,0.016833,0.323134,0.187977,0.306273,0.046636,0.186290,0.070655,0.002723,0.217080,0.255925,0.015499,0.403432,0.022269,0.337814,0.022227,0.359973,0.206158,0.167654,0.252628,0.265683,0.245280,0.253218,0.310102,0.306146,0.011893,0.329213,0.187591,0.354117,0.055003,0.183801,0.080320,0.115425,0.242597,0.282025,0.046065,0.429075,0.037084,0.007561,2.138647,0.048413,65.098239,0.004455,29.006401,8.580639,19.918546,2.690023,4.647716,0.187297,11.211895,0.685619,1.675252,0.038047,0.121533,61.822574,4.166251,0.305888,113.571626,8.837732,1.032132,0.014931,0.618288
76,parkinsons.npz,tabular,0.702564,0.723077,0.682051,0.702564,0.733333,0.673504,0.693333,0.669744,0.760000,0.703590,0.629744,0.720000,0.625641,0.748718,0.671795,0.615385,0.733333,0.707700,0.712821,0.690598,0.708718,0.685128,0.851282,0.728205,0.159967,-0.036772,0.126657,0.159967,0.323260,-0.074041,0.145672,0.109098,0.138586,0.162305,0.065135,0.002229,0.053447,-0.006859,0.112042,-0.027674,0.204919,0.163300,-0.048298,0.140917,0.171034,0.025064,0.408249,0.105484,0.260415,0.015863,0.242232,0.260415,0.224906,0.056525,0.218727,0.210295,0.086772,0.238409,0.114876,0.054394,0.143297,0.002604,0.211081,0.013741,0.145026,0.112000,0.031402,0.212585,0.231979,0.003479,0.293496,0.028446,0.002217,0.901916,0.020732,61.786736,0.002659,7.070278,4.692694,6.713318,1.948794,3.816561,0.157937,8.323170,0.083702,0.816007,0.017110,0.017988,30.904003,2.738300,0.225814,194.782454,5.321031,0.501690,0.044981,0.138878
77,weather.npz,tabular,1.000000,1.000000,0.989041,0.860274,1.000000,1.000000,1.000000,1.000000,0.733699,1.000000,1.000000,1.000000,1.000000,1.000000,1.000000,0.307397,1.000000,1.000000,0.967123,0.975342,0.989954,1.000000,1.000000,1.000000,1.000000,1.000000,0.971275,0.834014,1.000000,1.000000,1.000000,1.000000,0.572118,1.000000,1.000000,1.000000,1.000000,1.000000,1.000000,0.152983,1.000000,1.000000,0.957283,0.943662,0.975321,1.000000,1.000000,1.000000,1.000000,1.000000,0.971125,0.921416,1.000000,1.000000,1.000000,1.000000,0.723836,1.000000,1.000000,1.000000,1.000000,1.000000,1.000000,0.236112,1.000000,1.000000,0.965716,0.958108,0.985917,1.000000,1.000000,1.000000,0.011267,2.537589,0.066313,58.736008,0.004602,13.211521,9.150120,17.046149,9.304775,3.280086,0.065140,5.030041,0.224377,0.891593,0.031892,1.037777,29.884476,3.958582,0.321627,548.869674,8.343853,5.894384,0.083804,0.679932
78,blood_transfusion_service_center.npz,tabular,0.767380,0.741979,0.767380,0.592246,0.763369,0.700089,0.585561,0.640909,0.737968,0.625134,0.665775,0.760160,0.766043,0.762032,0.685829,0.762032,0.628342,0.561500,0.767380,0.581996,0.592513,0.645200,0.764973,0.760695,0.031084,-0.021496,0.031084,0.029584,0.021592,0.032146,0.033040,0.058014,0.052130,0.057121,0.020440,0.019967,0.021485,0.000000,0.054886,0.000000,0.060001,0.010100,0.056481,0.025346,0.037033,0.032600,0.020696,-0.001835,0.020767,0.004911,0.020767,0.072886,0.024058,0.004674,0.034519,0.034751,0.014579,0.053490,0.001821,0.007300,0.016081,0.003481,0.010353,0.003481,0.038360,0.003500,0.032500,0.035725,0.033737,0.009300,0.012128,0.000663,0.013049,5.406416,0.042151,67.998301,0.011387,20.748863,18.149402,26.859592,6.517344,4.827964,0.086367,30.433490,0.119765,0.585665,0.010994,0.115664,31.898870,15.341000,0.748094,187.856564,19.040615,3.932521,0.013552,8.448722
79,mfeat-karhunen.npz,tabular,0.626000,0.676000,0.717500,0.385000,0.416500,0.770000,0.608500,0.467900,0.826400,0.752900,0.705700,1.000000,0.768000,0.926500,0.755500,0.579700,0.414000,0.629500,0.100000,0.637333,0.536100,0.731900,0.768100,0.632500,0.553343,0.665856,0.631747,0.162478,0.244171,0.664634,0.396597,0.251196,0.732619,0.645296,0.581695,1.000000,0.581873,0.844582,0.576486,0.398770,0.200324,0.543399,0.000000,0.472466,0.326526,0.684048,0.687211,0.590678,0.675496,0.769253,0.732234,0.285024,0.504424,0.726580,0.529629,0.364295,0.792970,0.732312,0.680194,1.000000,0.674244,0.850484,0.671420,0.532107,0.284476,0.639575,0.000000,0.580778,0.446592,0.767873,0.801951,0.707164,0.149594,27.882487,0.472414,282.546788,0.037823,52.324037,44.915021,88.100879,30.768988,5.778370,5.378807,5.030041,13.456762,5.577648,0.239532,0.486625,156.487021,42.899301,1.896494,772.324491,49.500614,17.391446,0.337361,38.356580
80,mfeat-factors.npz,tabular,0.605500,0.939000,0.774500,0.555000,0.446500,0.677100,0.691000,0.731200,0.908600,0.719800,0.788600,0.559667,0.759500,0.896700,0.850500,0.304600,0.685000,0.763500,0.124500,0.678833,0.689200,0.848900,0.931500,0.902500,0.545861,0.873525,0.684883,0.376375,0.444598,0.560920,0.514996,0.550207,0.808246,0.646644,0.629967,0.445499,0.643735,0.815091,0.695596,0.189200,0.534224,0.655790,0.000950,0.511310,0.505009,0.737929,0.857613,0.796907,0.710691,0.889008,0.789131,0.514886,0.650687,0.671372,0.618263,0.641158,0.829162,0.758103,0.726572,0.572974,0.724863,0.840252,0.754245,0.244244,0.620901,0.745089,0.049739,0.635626,0.607578,0.795318,0.873576,0.817142,0.403696,28.008463,0.971700,123.368102,0.040854,62.261806,46.485734,86.719064,30.816803,5.885316,2.611266,19.161030,10.280474,9.605501,0.092198,5.262784,84.899148,51.753441,2.909961,926.257414,49.912457,19.566983,0.340957,21.682530
81,wall-robot-navigation.npz,tabular,0.425587,0.406342,0.456378,0.432368,0.415323,0.403482,0.423204,0.398644,0.411657,0.429216,0.431672,0.424670,0.476723,0.389626,0.512830,0.359824,0.358138,0.398460,0.408541,0.397422,0.411657,0.400800,0.477309,0.410740,0.073976,-0.001396,0.065323,0.081575,0.061394,0.059865,0.066177,0.053494,0.049358,0.053141,0.070531,0.060705,0.086675,0.051628,0.104311,0.027368,0.048871,0.044760,0.001128,0.055451,0.068657,-0.003200,0.076272,-0.007428,0.154752,0.016738,0.117555,0.109660,0.174421,0.095826,0.123068,0.092174,0.068983,0.097832,0.108903,0.086783,0.125633,0.066058,0.150628,0.062852,0.090786,0.085089,0.004001,0.102788,0.110582,0.004100,0.128482,0.028400,1.119775,172.458174,0.632287,510.665566,0.445389,176.123004,119.399821,205.303964,233.320176,41.041235,4.942224,51.029616,8.313021,5.793230,0.137442,0.401761,79.874089,695.420366,4.069005,1148.617724,133.423019,85.051070,0.499934,971.084530
82,Waveform.npz,tabular,0.600600,0.500600,0.678400,0.653600,0.440200,0.641200,0.689760,0.596840,0.514960,0.607880,0.837240,0.614733,0.505600,0.407000,0.501600,0.342720,0.527000,0.349800,0.339200,0.628000,0.676280,0.347800,0.506600,0.342200,0.311877,0.253267,0.337015,0.325169,0.114684,0.342029,0.343775,0.311548,0.180396,0.342235,0.575020,0.264669,0.253856,0.041302,0.258310,-0.000098,0.248041,0.000500,0.000000,0.310931,0.351423,0.000593,0.251860,-0.000072,0.323984,0.370335,0.391279,0.402749,0.212972,0.337176,0.366494,0.335639,0.183308,0.376346,0.510951,0.253113,0.365070,0.060619,0.373581,0.000277,0.333799,0.001000,0.000000,0.396638,0.407080,0.001068,0.370203,0.000284,1.459399,130.225105,2.019080,279.522993,0.300264,156.066003,122.486673,167.113270,112.087795,22.464292,2.941718,39.534375,3.074656,3.648788,0.120343,0.204150,108.286861,1151.100000,3.966569,1576.368807,119.627715,66.167101,11.759339,485.065196
83,gas-drift.npz,tabular,0.430800,0.242500,0.388000,0.461200,0.267100,0.340880,0.525000,0.447220,0.390220,0.543840,0.519300,0.328267,0.364500,0.478540,0.490500,0.392380,0.642000,0.575000,0.276200,0.586333,0.487760,0.380620,0.539400,0.382800,0.148008,0.000709,0.113678,0.203966,0.073772,0.102979,0.278068,0.202548,0.113005,0.280937,0.270440,0.091108,0.087346,0.159600,0.196983,0.112843,0.409411,0.280886,0.013365,0.345629,0.252807,0.107549,0.200063,0.072013,0.329197,0.035924,0.291983,0.280258,0.352268,0.160775,0.336028,0.284686,0.271143,0.406254,0.359977,0.146546,0.262764,0.279387,0.350011,0.165052,0.472403,0.367775,0.258619,0.439534,0.336902,0.164716,0.486383,0.199021,7.516793,545.351432,2.069873,555.431406,1.116598,314.354701,217.552255,372.923281,702.739973,15.177294,37.573786,77.355537,13.917298,17.316380,0.356364,6.357040,181.721633,3984.150277,27.039050,3132.316625,247.207728,268.528617,14.782149,3110.477847
84,mfeat-morphological.npz,tabular,0.498000,0.636500,0.488500,0.652000,0.558000,0.642300,0.638000,0.612900,0.504400,0.579100,0.614200,0.641833,0.678500,0.543200,0.640800,0.372800,0.650500,0.559000,0.552000,0.630500,0.660500,0.458100,0.832500,0.462500,0.433741,0.537639,0.398270,0.490788,0.417856,0.529144,0.528877,0.501159,0.357549,0.452564,0.505508,0.505652,0.575873,0.419770,0.549555,0.271178,0.550070,0.432800,0.457311,0.500017,0.520998,0.286162,0.764559,0.275558,0.648824,0.653053,0.581951,0.625371,0.613743,0.662026,0.663583,0.641731,0.579829,0.609257,0.641613,0.651845,0.695743,0.540668,0.682758,0.383132,0.674563,0.567700,0.626533,0.647988,0.651607,0.375531,0.846853,0.393315,0.062934,28.021368,0.030142,279.894619,0.040168,77.939897,43.841015,67.722817,82.300626,5.933648,0.708619,15.874673,8.412847,4.603127,0.059313,0.143200,95.160689,279.900000,2.050488,3446.160535,41.175925,17.837646,0.052447,31.053625
85,JapaneseVowels.npz,tabular,0.465716,0.799317,0.438209,0.368337,0.313121,0.351692,0.388816,0.277884,0.740488,0.522759,0.537095,0.383629,0.416625,0.490152,0.431684,0.422347,0.453368,0.637085,0.162032,0.492989,0.389660,0.426483,0.779741,0.431583,0.207665,0.764439,0.313480,0.174854,0.227090,0.166328,0.228743,0.104743,0.574314,0.394154,0.439548,0.203100,0.255658,0.276423,0.267749,0.219553,0.245822,0.383038,0.000000,0.320745,0.211796,0.207655,0.689152,0.244686,0.424327,0.817674,0.534338,0.298419,0.489283,0.286773,0.346537,0.185243,0.652387,0.526499,0.620965,0.341890,0.410451,0.393033,0.416596,0.325437,0.352176,0.510968,0.000000,0.432969,0.324906,0.294079,0.806832,0.385721,3.486598,482.052433,2.278366,603.763483,1.415719,434.524292,231.592769,374.421129,497.616238,15.081526,7.282857,93.463104,96.310508,28.734365,0.613575,1.501183,295.440181,1603.698839,29.509343,3299.871824,239.079759,444.889762,5.224354,5583.420589
86,rmftsa_sleepdata.npz,tabular,0.414062,0.333008,0.365234,0.458984,0.417969,0.351172,0.373633,0.376367,0.394727,0.414453,0.379102,0.377604,0.348633,0.408398,0.350781,0.358594,0.369141,0.301800,0.388672,0.356445,0.373633,0.296680,0.375391,0.407200,0.062018,0.026742,0.045777,0.063602,0.029400,0.034221,0.031900,0.047459,0.033178,0.043334,0.047502,0.045626,0.049638,0.011914,0.032644,-0.000727,0.033277,0.005000,0.015079,0.050377,0.031872,0.004617,0.050721,0.019900,0.046499,0.038845,0.046201,0.042687,0.030760,0.039821,0.040189,0.055392,0.038573,0.036972,0.051127,0.042886,0.060383,0.009916,0.034498,0.007788,0.050909,0.022300,0.015341,0.052709,0.044573,0.016666,0.051178,0.016000,0.023777,12.516516,0.017901,65.514223,0.013664,50.578624,24.611808,42.023724,9.321997,5.956765,0.117466,11.630183,1.660486,2.297163,0.030508,0.096027,54.184116,51.222000,3.502771,1204.133331,26.063913,3.245521,0.020551,6.903945
87,first-order-theorem-proving.npz,tabular,0.420072,0.373161,0.382968,0.324943,0.421706,0.314940,0.417457,0.304119,0.394083,0.301210,0.263942,0.302332,0.326087,0.281366,0.283916,0.331906,0.302877,0.322654,0.403073,0.268279,0.417457,0.372540,0.411670,0.417620,0.001562,-0.023672,0.016094,0.054690,0.022227,0.038989,0.000000,0.029064,0.005454,0.035504,0.021271,0.039895,0.019836,0.027704,0.008982,0.033298,0.046183,0.032602,0.016901,0.033687,0.000000,0.018546,0.002518,0.000020,0.007715,0.044163,0.022439,0.038378,0.054353,0.032591,0.000000,0.033693,0.033409,0.032544,0.054115,0.045426,0.036349,0.042386,0.038844,0.021168,0.059509,0.061143,0.041785,0.049271,0.000000,0.026460,0.016260,0.000825,2.078480,263.625451,0.950525,636.303687,0.587710,227.376774,131.656232,238.699662,398.488554,10.888342,5.377776,46.820953,13.030300,12.562499,0.125961,0.517767,99.241138,437.068434,8.353209,1363.268582,147.066414,145.100160,9.740894,2321.925392
88,gina_prior2.npz,tabular,0.514994,0.573818,0.592272,0.356690,0.243656,0.336121,0.429931,0.401499,0.260496,0.487774,0.490138,0.306517,0.498558,0.469146,0.519031,0.355652,0.321511,0.183700,0.125721,0.506824,0.426817,0.542445,0.455479,0.447232,0.399518,0.443310,0.429306,0.177486,0.057478,0.143215,0.253568,0.219752,0.072215,0.331679,0.322258,0.128604,0.320830,0.299104,0.345135,0.175248,0.136534,0.035000,0.002839,0.309627,0.243739,0.423316,0.313686,0.278531,0.548226,0.570310,0.566673,0.271443,0.341757,0.219281,0.391395,0.327300,0.267317,0.445865,0.447618,0.205889,0.444072,0.416323,0.476518,0.280430,0.175081,0.069700,0.155187,0.430052,0.356331,0.545651,0.561680,0.420228,3.296160,84.224789,4.376215,238.475621,0.139164,93.301666,80.243132,142.289477,57.450354,8.557496,25.398993,28.974035,33.215214,25.557834,3.060934,2.540482,93.839042,525.870000,164.084267,488.730609,85.802516,94.929069,2.152139,108.896472
89,fabert.npz,tabular,0.230302,0.300838,0.227267,0.213306,0.160253,0.200194,0.214277,0.210853,0.237368,0.210271,0.243341,0.217110,0.261382,0.204856,0.250698,0.211849,0.187083,0.222290,0.219983,0.195298,0.199263,0.251766,0.240743,0.217434,0.004741,0.029540,-0.002840,0.009261,0.011316,0.009229,0.029467,0.009074,0.001883,0.030452,0.005061,0.012573,0.005181,0.025089,0.003142,0.030399,0.004684,0.011228,0.001206,0.015013,0.021788,0.054932,0.001791,-0.005654,0.014934,0.073677,0.015163,0.011199,0.176574,0.018658,0.046443,0.012360,0.013109,0.044058,0.017563,0.016455,0.080293,0.039642,0.073705,0.035655,0.006851,0.047015,0.104238,0.024730,0.034269,0.101947,0.025972,0.025665,23.649247,384.138585,23.745741,415.065558,0.752791,366.631892,178.878482,283.880146,757.832512,13.671464,45.162809,79.424994,36.527145,22.577482,16.319171,6.750340,429.988210,988.624204,375.614578,1129.372148,171.080288,747.462937,40.510515,1998.194373
90,dilbert.npz,tabular,0.324700,0.295600,0.355600,0.354900,0.333900,0.322333,0.374500,0.353640,0.394000,0.380000,0.371300,0.368100,0.360500,0.382460,0.357900,0.376800,0.369800,0.282500,0.207600,0.401467,0.378100,0.331100,0.470780,0.411700,0.082774,0.054709,0.089519,0.123508,0.099976,0.049590,0.139017,0.078081,0.096486,0.152463,0.096933,0.108561,0.101681,0.133508,0.109289,0.128095,0.098759,0.026435,-0.000046,0.133467,0.113071,0.158952,0.277839,0.173961,0.157890,0.117757,0.144998,0.178588,0.155041,0.069123,0.187727,0.101739,0.164118,0.165554,0.165861,0.149484,0.159790,0.174968,0.144177,0.139153,0.120041,0.033052,0.008167,0.178051,0.152002,0.188340,0.381857,0.195117,81.334054,528.738331,72.643130,499.519444,2.067146,310.702242,237.497152,395.012358,442.883374,111.127870,106.137021,101.593297,72.076712,23.579108,4.040869,12.349145,338.775602,10503.699668,1191.148819,1266.354326,212.736672,920.421688,10.598858,2569.169122
91,synthetic_control.npz,tabular,0.575000,0.575000,0.575000,0.731667,0.666667,0.614667,0.938333,0.809000,0.626333,0.601333,0.727000,0.638333,0.831667,0.482333,0.665000,0.303333,0.886667,0.528333,0.401667,0.698333,0.932222,0.443333,0.817000,0.383333,0.616043,0.610054,0.616043,0.588431,0.682397,0.542075,0.860408,0.693539,0.473501,0.560798,0.661722,0.564898,0.665958,0.414163,0.621447,0.162712,0.770094,0.503091,0.416379,0.670518,0.850543,0.281453,0.695737,0.184198,0.800791,0.727784,0.800791,0.728250,0.851959,0.711269,0.879957,0.781941,0.614332,0.715238,0.788125,0.679974,0.760727,0.580956,0.771973,0.345841,0.813390,0.607023,0.677935,0.823850,0.875700,0.339739,0.797433,0.266098,0.011525,3.988347,0.108840,61.723435,0.007332,18.846618,12.852087,23.103822,4.663428,3.658329,0.146324,6.926179,0.775455,2.436444,0.057997,0.083924,79.602419,9.933050,0.420073,264.806021,12.187552,4.160112,0.014044,1.088903
92,Drug Consumption.npz,tabular,0.435106,0.347627,0.361921,0.373356,0.430532,0.340080,0.357347,0.328188,0.425615,0.369468,0.364094,0.344387,0.379646,0.433619,0.347627,0.309663,0.331618,0.311600,0.429960,0.303602,0.366152,0.309891,0.432247,0.433962,0.002134,0.007422,0.022764,0.023038,0.008315,0.003479,0.002085,0.008321,0.006149,0.012212,0.019902,0.002307,0.010893,-0.000243,0.005889,0.003548,0.013623,0.004900,0.004665,0.007134,0.005579,0.001129,0.000217,0.000573,0.006397,0.006488,0.010295,0.012065,0.008854,0.005681,0.002836,0.006215,0.006785,0.008108,0.009332,0.002550,0.008687,0.002381,0.007097,0.003722,0.008550,0.004100,0.011605,0.009204,0.004100,0.001417,0.005756,0.002015,0.098216,19.966201,0.310203,123.335296,0.033350,75.340158,38.473134,66.684266,9.597296,11.871504,0.566740,18.289197,1.766650,3.311234,0.041213,0.155880,48.806709,61.081000,7.097304,255.971642,43.068298,17.811833,0.043263,70.820217
93,shuttle.npz,tabular,0.924400,0.530600,0.836600,0.777900,0.915000,0.776000,0.695700,0.796460,0.846300,0.734480,0.852080,0.856300,0.912300,0.812140,0.854900,0.832380,0.710700,0.606500,0.892300,0.641800,0.751800,0.738460,0.813600,0.836500,0.675661,0.001907,0.000662,0.287345,0.623746,0.210025,0.150124,0.292533,0.267903,0.235179,0.304707,0.268558,0.524908,0.266359,0.367780,-0.002217,0.173497,0.042700,0.480029,0.085477,0.244193,-0.083225,0.367480,-0.000161,0.543230,0.000475,0.000270,0.277093,0.483139,0.091121,0.208956,0.221780,0.209455,0.245884,0.157620,0.168612,0.435434,0.112206,0.186742,0.000086,0.243055,0.112900,0.291663,0.175533,0.260202,0.029390,0.372618,0.000040,4.508667,475.279602,0.344657,541.833964,1.451128,248.321677,221.096881,338.914586,472.954767,14.380301,0.792095,89.843101,5.121084,1.462823,0.253260,0.182333,85.856241,8376.000000,31.434134,2479.135629,204.377406,791.075943,17.925245,9476.185544
94,tr45.wc.npz,tabular,0.334320,0.264793,0.214497,0.263314,0.241124,0.226627,0.337278,0.289349,0.265976,0.400888,0.247633,0.233235,0.276627,0.514497,0.408284,0.208284,0.210059,0.316568,0.162722,0.268738,0.301775,0.780178,0.347929,0.377219,0.057312,0.006757,-0.008916,0.080093,0.011757,-0.006611,0.157809,0.086763,0.024715,0.219621,-0.001204,0.001633,-0.009594,0.317281,0.222601,0.017267,0.023884,0.091872,-0.001966,0.048752,0.106917,0.639549,0.131350,0.172583,0.238230,0.110242,0.046956,0.181559,0.184538,0.060776,0.242807,0.157727,0.116692,0.288930,0.075851,0.063545,0.099240,0.408455,0.359609,0.053846,0.063819,0.218988,0.306001,0.135749,0.197340,0.644828,0.259187,0.282280,1.510577,5.493139,3.202998,14.124495,0.010990,48.621586,18.564034,35.371906,5.701614,5.189995,1296.898059,11.462145,7.756398,7.151579,1.237802,0.350797,114.967857,13.929971,13.580248,63.473588,19.809064,9.191196,0.360992,6.239851
95,steel-plates-fault.npz,tabular,0.653787,0.616177,0.652756,0.555899,0.655332,0.529006,0.601030,0.639670,0.584544,0.613292,0.608346,0.547141,0.652756,0.691396,0.510046,0.603297,0.676455,0.565173,0.652756,0.584750,0.580526,0.518805,0.632148,0.653787,0.000911,-0.028955,-0.000483,0.007243,0.018446,-0.000042,0.040310,0.077542,-0.021084,0.059120,0.054272,0.002553,-0.000483,0.151869,-0.037596,0.031764,0.123957,0.007868,-0.000483,0.033595,0.023498,-0.038400,-0.005265,0.000911,0.001680,0.025055,0.000675,0.030136,0.013721,0.004557,0.033686,0.077911,0.038473,0.052446,0.091702,0.018147,0.000675,0.228120,0.086689,0.014002,0.097103,0.050140,0.000675,0.021035,0.067832,0.103917,0.035220,0.000846,0.090662,26.443001,0.359056,124.314234,0.058872,52.851681,44.227898,76.607382,13.675657,4.502458,0.812261,18.619838,0.375847,0.882090,0.029215,0.078489,32.113094,81.682678,1.218271,407.917908,47.371079,7.000860,0.045993,96.514916
96,fbis.wc.npz,tabular,0.323315,0.340619,0.259563,0.389344,0.349727,0.255556,0.303279,0.358106,0.299818,0.529235,0.274135,0.242259,0.328780,0.545537,0.430328,0.252186,0.209927,0.423042,0.172587,0.422738,0.323619,0.514754,0.443625,0.332900,0.017742,0.183559,0.001520,0.145801,0.085558,0.054249,0.156373,0.181656,0.059241,0.379705,0.032078,0.025660,0.068879,0.362873,0.234196,0.057413,0.039028,0.191961,-0.008664,0.261686,0.186461,0.347883,0.176997,0.181400,0.230724,0.299971,0.073404,0.211956,0.139445,0.102332,0.276718,0.302642,0.149493,0.480219,0.138579,0.071090,0.190127,0.495684,0.395077,0.115084,0.063080,0.301751,0.241329,0.402359,0.317949,0.467467,0.353913,0.331600,3.179305,36.552856,5.310737,139.147207,0.046385,94.291058,54.211610,104.468725,30.289571,13.386161,87.148778,24.658490,22.484582,16.406233,5.213175,1.338503,107.498121,35.662681,371.254202,586.823296,47.300227,10.543072,3.794261,54.272215
97,mfeat-fourier.npz,tabular,0.432000,0.476500,0.558500,0.429000,0.314000,0.566800,0.516000,0.467400,0.585700,0.539200,0.561300,0.533000,0.556000,0.631500,0.584000,0.390500,0.445000,0.488000,0.113000,0.520667,0.487000,0.520200,0.582800,0.458000,0.346357,0.326529,0.414860,0.267306,0.074127,0.412367,0.342618,0.279681,0.402416,0.370760,0.401336,0.371939,0.384000,0.444949,0.406803,0.281968,0.234965,0.317908,0.000329,0.347866,0.319009,0.362059,0.423456,0.296052,0.488266,0.563172,0.550244,0.375136,0.376126,0.541332,0.447789,0.409796,0.571789,0.505334,0.547499,0.495079,0.525192,0.536301,0.533987,0.384497,0.329152,0.440575,0.045109,0.474435,0.437669,0.523268,0.644663,0.486068,0.192043,26.858995,0.366997,281.117444,0.044814,84.625779,44.857918,79.623971,58.076231,5.890842,3.057842,18.851250,10.222357,3.473708,3.390336,0.468979,233.756693,44.223956,1.444579,85.221438,41.485231,21.763500,0.525930,36.286600
98,vehicle.npz,tabular,0.406619,0.505910,0.430260,0.424350,0.407801,0.403467,0.401891,0.397400,0.406147,0.388180,0.418913,0.391647,0.362884,0.374704,0.418440,0.349882,0.426714,0.407801,0.399527,0.404255,0.401655,0.346572,0.411348,0.401891,0.110532,0.215967,0.122240,0.107565,0.075553,0.108670,0.113110,0.096539,0.115894,0.108238,0.134910,0.085487,0.094676,0.072441,0.125497,0.039904,0.121839,0.108718,0.096878,0.115709,0.104996,0.037985,0.115544,0.097573,0.182032,0.300227,0.151530,0.126011,0.256740,0.138308,0.159112,0.118305,0.185114,0.142301,0.221089,0.118534,0.149893,0.088004,0.177250,0.052805,0.162122,0.139844,0.200057,0.148361,0.136034,0.049310,0.210331,0.137126,0.036824,5.232926,0.079361,93.231406,0.011574,27.826332,20.168714,39.990457,3.564971,5.988414,0.403895,7.953559,0.432177,0.767086,0.016589,0.068097,42.060891,25.708012,8.101654,112.452755,21.031862,2.438678,0.155692,3.040231
99,micro-mass.npz,tabular,0.661111,0.702778,0.555556,0.588889,0.513889,0.395556,0.591667,0.552778,0.506667,0.636111,0.519444,0.453704,0.486111,0.442778,0.652778,0.238333,0.358333,0.319444,0.150000,0.522222,0.625000,0.761111,0.772778,0.669444,0.511424,0.563404,0.399405,0.438488,0.408490,0.202097,0.471239,0.399915,0.350376,0.526356,0.350168,0.278788,0.422769,0.255898,0.563563,0.041831,0.134536,0.127810,0.001683,0.401073,0.489946,0.632905,0.624012,0.539995,0.744607,0.757795,0.674579,0.636907,0.645392,0.423683,0.690209,0.620445,0.552882,0.746828,0.628480,0.481883,0.669973,0.422864,0.776470,0.130042,0.292256,0.262651,0.251414,0.635901,0.691152,0.781581,0.782918,0.703389,0.053337,2.853321,0.480214,63.810046,0.004512,12.359667,9.449382,16.538933,3.184120,5.476023,13.216507,5.319987,1.164202,8.070523,1.206859,0.307989,60.190356,2.784538,19.137632,207.699838,10.186746,6.281372,0.015665,1.121575
100,ISOLET.npz,tabular,0.407080,0.476337,0.588560,0.291651,0.126715,0.457843,0.418110,0.359831,0.445530,0.565012,0.554213,0.377068,0.555085,0.577632,0.574323,0.484853,0.417468,0.234064,0.045787,0.509042,0.405455,0.490471,0.533077,0.572271,0.363087,0.405157,0.501647,0.185023,0.007084,0.360388,0.290702,0.241817,0.324662,0.475165,0.476465,0.259500,0.497669,0.486716,0.512617,0.366763,0.256265,0.083250,0.000365,0.402366,0.283708,0.428587,0.454031,0.458887,0.635886,0.684654,0.743876,0.429578,0.209589,0.623165,0.535741,0.484319,0.656577,0.705116,0.713310,0.543221,0.711896,0.676980,0.725325,0.603152,0.444115,0.197189,0.030188,0.633987,0.531980,0.678265,0.748144,0.663832,16.059429,316.798354,21.128340,364.009837,0.652612,221.483282,173.175853,311.560535,1223.510453,17.696238,18.467385,64.253211,169.251390,76.092809,32.445418,7.353555,500.888340,891.543279,352.350607,840.074721,159.903907,324.162477,13.608617,1142.616988
101,poker-hand.npz,tabular,0.542700,0.510100,0.530800,0.508500,0.549800,0.513420,0.514360,0.528980,0.518900,0.516280,0.525840,0.544233,0.508100,0.521280,0.504600,0.503260,0.520200,0.509900,0.542600,0.513800,0.519360,0.538180,0.542280,0.542700,0.000037,0.000239,0.002864,0.000190,0.004984,0.000674,0.000329,0.000252,-0.000878,0.000731,-0.000422,0.002563,0.000163,0.002073,-0.000017,-0.000046,0.000109,0.000120,0.000000,-0.000211,0.000263,0.000890,-0.000094,0.000037,0.000227,0.000102,0.000911,0.000203,0.002734,0.000315,0.000167,0.000044,0.000108,0.000398,0.000148,0.001302,0.000200,0.001370,0.000082,0.000031,0.000006,0.000032,0.000000,0.000116,0.000093,0.000194,0.000355,0.000113,1.213399,470.113616,4.895104,554.546931,1.150852,324.942735,217.934702,328.797868,285.491498,72.226650,0.673466,90.306182,13.031353,12.238476,12.284653,0.394612,93.159834,3879.704999,54.139196,2258.801782,235.982262,204.229328,6.995078,3195.432079
102,tamilnadu-electricity.npz,tabular,0.074500,0.068500,0.073000,0.074700,0.048600,0.068460,0.068940,0.073600,0.070900,0.074120,0.070260,0.069667,0.067100,0.072640,0.067500,0.073780,0.072000,0.070000,0.072300,0.069733,0.069360,0.071280,0.071500,0.064400,-0.000003,-0.000285,-0.000053,0.000143,-0.000455,-0.000044,0.000085,-0.000020,0.000134,-0.000014,0.000010,0.000067,0.000009,-0.000025,0.000078,-0.000195,0.000234,0.000100,0.000001,0.000058,0.000113,-0.000003,0.000215,0.000000,0.006651,0.005583,0.002507,0.004680,0.195367,0.006162,0.006589,0.007228,0.006380,0.006330,0.006150,0.006370,0.005965,0.005931,0.006503,0.005622,0.006373,0.006200,0.002348,0.006379,0.006428,0.006075,0.007438,0.001900,1.453284,703.987937,0.167144,570.124364,1.181499,442.397913,213.123733,331.700837,809.316338,18.911947,1.049246,76.916751,363.081020,97.994577,0.255447,2.894229,120.934481,8269.700000,191.254951,9195.099083,236.565811,274.903017,222.239982,177.474867
119,cnae9.npz,text,0.550154,0.500615,0.500308,0.646769,0.525846,0.586523,0.600923,0.576431,0.561169,0.688000,0.649169,0.570359,0.738769,0.579815,0.634892,0.516062,0.539385,0.511100,0.500000,0.592615,0.623487,0.505969,0.509600,0.625538,0.009758,0.000001,-0.000007,0.085884,0.002373,0.044880,0.040447,0.029439,0.020040,0.144195,0.099017,0.024394,0.227806,0.028271,0.072576,0.001381,0.005899,0.000200,0.000000,0.037161,0.060820,0.000171,0.000064,0.062751,0.007293,0.000616,0.000022,0.063088,0.001999,0.033199,0.029592,0.022378,0.020085,0.107151,0.076660,0.020230,0.171871,0.020744,0.053758,0.001259,0.004489,0.000400,0.000000,0.027396,0.044846,0.001465,0.000270,0.045968,2.050504,61.208511,2.989954,214.569171,0.130697,145.417284,74.179384,137.590690,29.927170,24.023258,6.982545,32.809681,17.133382,5.120266,0.164298,1.826721,51.986295,522.510000,10.673234,155.398367,67.429535,143.237240,0.147026,91.778455
120,imdb.npz,text,0.780192,0.729277,0.767464,0.606333,0.780503,0.497920,0.653337,0.558833,0.752934,0.450730,0.584539,0.402980,0.775225,0.408134,0.682707,0.587830,0.467867,0.709717,0.773362,0.438684,0.717355,0.691152,0.771189,0.729277,0.110821,0.037415,-0.001325,0.033200,0.111359,0.001889,0.009885,0.050976,0.088175,-0.009525,0.001641,-0.004915,0.123177,0.017123,0.070643,0.005896,0.003796,0.050565,0.003676,0.011071,0.005942,0.023272,0.111295,0.037415,0.043808,0.046146,0.001216,0.030951,0.043782,0.005156,0.010023,0.026430,0.056744,0.005482,0.006456,0.006877,0.043142,0.026536,0.013235,0.009414,0.003519,0.049058,0.000692,0.010555,0.002164,0.024263,0.042163,0.046146,0.382497,98.461668,0.938506,103.790987,0.157985,90.691459,73.287546,115.749565,133.593514,6.169984,3.847345,27.023097,1.012290,2.749144,6.157872,0.432017,116.271220,65.091709,16.788478,1361.563863,78.469100,15.384379,1.695115,389.975821
121,hate_speech.npz,text,0.525837,0.525837,0.506186,0.530568,0.525473,0.538210,0.525837,0.540029,0.524818,0.535517,0.538865,0.548641,0.559680,0.548326,0.525837,0.528457,0.518923,0.528020,0.502911,0.531902,0.529330,0.510699,0.537482,0.505095,0.002478,0.002478,0.000069,0.003375,0.002434,0.006293,0.002478,0.009407,0.002461,0.006213,0.008967,0.011839,0.014098,0.010084,0.002478,0.003094,0.001102,0.002942,0.000296,0.004116,0.003771,0.000361,0.005479,0.000027,0.004765,0.003607,0.000709,0.002705,0.005207,0.005050,0.004765,0.009298,0.011339,0.004930,0.010099,0.009650,0.081782,0.007826,0.004765,0.002462,0.001425,0.004139,0.010340,0.005046,0.004818,0.005341,0.036136,0.000737,0.490126,58.426471,1.072670,315.969935,0.076268,75.012743,61.283756,97.363442,74.480747,5.845146,0.979909,23.038490,0.568698,2.391564,2.631817,0.522678,54.247889,47.584977,2.487386,832.156381,66.992962,30.316999,4.770290,136.806791
122,sentiment_labeld_sentences.npz,text,0.940120,0.820359,0.892216,0.756886,0.891018,0.926148,0.663473,0.729341,0.855808,0.792096,0.866826,0.937725,0.946108,0.619401,0.876407,0.626347,0.588024,0.785629,0.800000,0.717365,0.662675,0.860800,0.871856,0.859900,0.685849,-0.048627,0.259467,0.232664,0.477954,0.590280,0.101413,0.045537,0.014759,0.275923,0.068497,0.645114,0.681064,-0.032857,0.110223,0.045250,0.029200,-0.039875,0.361318,0.053079,0.100119,-0.008200,0.063702,0.011100,0.491445,0.009272,0.214569,0.228531,0.279769,0.410708,0.142477,0.093813,0.025941,0.177215,0.042894,0.465408,0.529512,0.008949,0.088185,0.019157,0.104201,0.004417,0.223956,0.095319,0.140169,0.001800,0.056396,0.000800,0.114963,6.062380,0.715431,55.419352,0.013155,25.544764,19.978215,37.490174,8.456909,5.934005,1.182377,8.076161,0.319967,1.042806,0.026404,0.164198,43.649760,23.851622,0.998707,72.290345,18.592261,8.994518,0.092967,4.523670
123,sms_spam_collection.npz,text,0.446434,0.572872,0.533260,0.415025,0.280684,0.483112,0.413324,0.368631,0.444533,0.576673,0.433770,0.388583,0.462439,0.508513,0.472142,0.349725,0.264579,0.269281,0.310393,0.382882,0.394585,0.605600,0.557927,0.544763,0.257971,0.333255,0.292801,0.209163,0.018971,0.273731,0.200626,0.176165,0.251129,0.330150,0.212439,0.189302,0.239680,0.272901,0.245111,0.121959,0.066856,0.050915,0.000000,0.164626,0.190389,0.344800,0.314018,0.282691,0.354011,0.430203,0.352166,0.310128,0.171481,0.382709,0.293627,0.281912,0.337275,0.420946,0.313737,0.283529,0.318234,0.362396,0.321106,0.172788,0.082060,0.075321,0.000000,0.210681,0.289233,0.410100,0.391425,0.351216,171.064403,614.957566,194.479950,598.663240,1.128627,322.937295,231.881271,406.847115,574.905888,96.908899,1024.369273,103.686906,136.236668,45.053754,46.772483,11.837919,677.023941,1990.224926,1440.380626,4286.310037,221.376073,722.266861,164.548288,2991.327639
124,wos.npz,text,0.940194,0.509551,0.962196,0.878388,0.518352,0.898290,0.973797,0.890309,0.524792,0.976818,0.956576,0.958529,0.960896,0.734273,0.956576,0.643044,0.820182,0.550455,0.499550,0.922059,0.960796,0.504870,0.914771,0.504150,0.775061,0.000335,0.854487,0.572667,0.028041,0.676693,0.897926,0.625795,0.010522,0.909422,0.833829,0.841745,0.849686,0.221741,0.833829,0.119524,0.410008,0.010085,0.000226,0.716733,0.849726,0.000105,0.688111,0.000041,0.722852,0.012118,0.773313,0.466174,0.174972,0.630390,0.850619,0.593250,0.028981,0.860387,0.783808,0.787993,0.766393,0.167900,0.783808,0.093041,0.333616,0.007599,0.023176,0.634298,0.796728,0.007154,0.656638,0.006684,178.807673,622.722009,111.498201,1109.282341,2.933552,398.814229,246.196220,389.015944,450.409515,42.161986,292.325093,99.108297,27.249680,10.898625,3.320433,6.871449,258.810460,29142.286688,61.516448,544.136437,215.589356,180.650040,2.232356,3716.441878
125,enron.npz,text,0.860554,0.432634,0.538473,0.747871,0.506083,0.695833,0.751673,0.726490,0.654714,0.883364,0.770803,0.710107,0.830900,0.565906,0.828011,0.488169,0.495590,0.505931,0.432026,0.728001,0.782593,0.699600,0.721259,0.431113,0.634224,0.000046,0.194218,0.433936,0.136642,0.353310,0.401914,0.415080,0.319633,0.688579,0.487894,0.371882,0.561291,0.142129,0.554775,0.103228,0.103438,0.074352,0.000073,0.385627,0.486144,0.424700,0.483950,-0.000482,0.567853,0.001417,0.373954,0.408643,0.139568,0.404754,0.371353,0.390618,0.282889,0.674457,0.479307,0.390931,0.528205,0.133426,0.522201,0.093948,0.083680,0.070409,0.000952,0.360325,0.467385,0.375500,0.539411,0.001806,73.613876,383.468051,84.872608,1074.034275,0.545377,270.643985,158.988711,346.717276,367.188684,43.382576,195.328924,65.985507,16.976007,15.848203,17.452076,7.534789,123.138373,2763.900515,25.666473,4151.361019,145.663424,502.201262,16.515546,1625.346130
126,reuters.npz,text,0.145431,0.333800,0.166150,0.132419,0.073866,0.109098,0.135122,0.128976,0.225403,0.203623,0.160064,0.132853,0.169052,0.363747,0.167851,0.331819,0.128616,0.149735,0.060855,0.147967,0.141027,0.282314,0.441117,0.308578,0.039841,0.180007,0.052216,0.031777,0.002153,0.022028,0.035162,0.030995,0.043559,0.094102,0.048265,0.033937,0.047157,0.201915,0.053833,0.181738,0.029093,0.029855,0.000058,0.042951,0.037465,0.139943,0.319992,0.158482,0.128311,0.343618,0.148423,0.100557,0.030140,0.079838,0.112350,0.096399,0.214566,0.205535,0.135657,0.108932,0.135370,0.320208,0.150851,0.296775,0.082933,0.067850,0.057311,0.132028,0.116553,0.282493,0.525246,0.296282,172.163475,1446.631819,210.255555,516.648586,1.174502,307.261808,240.547506,368.010569,668.338772,23.319442,1755.463284,119.515596,424.172984,55.071988,144.509931,11.280223,403.311988,1709.519340,1746.899756,4173.684988,222.601823,894.237888,2.156478,3392.055574
127,20newsgroups.npz,text,0.829861,0.980484,0.925647,0.829861,0.832974,0.579334,0.417026,0.694852,0.910417,0.904334,0.891000,0.592241,0.940852,0.229837,0.913290,0.572845,0.337524,0.507184,0.767481,0.591874,0.418702,0.733300,0.847079,0.803640,0.774280,0.928829,0.713482,0.710797,0.764528,0.384196,0.190316,0.542942,0.831904,0.779514,0.769000,0.300317,0.854118,0.013262,0.754123,0.157972,0.038195,0.062858,0.790631,0.351872,0.214749,0.390700,0.348379,-0.000823,0.537680,0.861183,0.684891,0.566775,0.521203,0.393965,0.393156,0.440486,0.705849,0.711963,0.618000,0.331280,0.738819,0.018328,0.663931,0.041874,0.219728,0.020131,0.455521,0.456337,0.426767,0.257200,0.283003,0.000136,176.737620,664.355081,165.215228,431.006287,3.325326,328.224411,208.891948,299.295831,345.830078,20.771849,763.302000,397.632473,79.316751,31.993702,3.098845,10.660134,274.354207,1030.122149,2173.426138,3394.359586,187.153836,139.132854,115.985379,3976.944704
