algorithm,dataset_idx,dataset_name,dataset_type,acc,nmi,ari,time
agglo,0,echocardiogram.npz,tabular,0.901639,0.598412,0.636370,0.010984
agglo,1,skillcraft1_master_table_dataset.npz,tabular,0.304269,0.133981,0.088251,0.547537
agglo,2,breast_cancer_wisconsin_original.npz,tabular,0.972182,0.814377,0.890982,0.009377
agglo,3,smoker_condition.npz,tabular,0.991107,0.924663,0.964647,0.032888
agglo,4,glass_identification.npz,tabular,0.429907,0.392283,0.199039,0.002318
agglo,5,statlog_image_segmentation.npz,tabular,0.508658,0.459478,0.361536,0.195358
agglo,6,planning_relax.npz,tabular,0.719780,0.021891,0.016405,0.001645
agglo,7,customer_classification.npz,tabular,0.320000,0.021517,0.007654,0.046611
agglo,8,pima_indians_diabetes_database.npz,tabular,0.639323,0.042042,0.073530,0.018223
agglo,9,mobile_price_classification.npz,tabular,0.315500,0.027274,0.012410,0.226753
agglo,10,spambase.npz,tabular,0.821778,0.321565,0.413693,0.991894
agglo,11,rice_seed_gonen_jasmine.npz,tabular,0.970097,0.816206,0.883950,2.734147
agglo,12,heart_attack_analysis_prediction_dataset.npz,tabular,0.792079,0.270048,0.338849,0.004169
agglo,13,user_knowledge_modeling.npz,tabular,0.631783,0.373206,0.302080,0.002790
agglo,14,world12d.npz,tabular,0.826667,0.718750,0.697620,0.001611
agglo,15,pumpkin_seeds.npz,tabular,0.819600,0.335012,0.408309,0.150634
agglo,16,iris.npz,tabular,0.886667,0.762899,0.718358,0.001634
agglo,17,wine.npz,tabular,0.926966,0.787240,0.784706,0.001176
agglo,18,letter_recognition.npz,tabular,0.296037,0.405567,0.136558,3.370153
agglo,19,mammographic_mass.npz,tabular,0.778313,0.246821,0.309004,0.011260
agglo,20,breast_tissue.npz,tabular,0.537736,0.610415,0.388062,0.000780
agglo,21,hepatitis.npz,tabular,0.825000,0.223453,0.352479,0.000992
agglo,22,predicting_pulsar_star.npz,tabular,0.963981,0.577058,0.709028,3.759311
agglo,23,breast_cancer_wisconsin_prognostic.npz,tabular,0.942004,0.681595,0.779599,0.008445
agglo,24,wireless_indoor_localization.npz,tabular,0.832500,0.739920,0.693061,0.061989
agglo,25,date_fruit.npz,tabular,0.739421,0.682709,0.685625,0.018027
agglo,26,zoo.npz,tabular,0.920792,0.908577,0.950052,0.001403
agglo,27,htru2.npz,tabular,0.924092,0.367500,0.558894,4.037868
agglo,28,ionosphere.npz,tabular,0.689459,0.099824,0.140416,0.005989
agglo,29,music_genre_classification.npz,tabular,0.340000,0.296218,0.164735,0.034172
agglo,30,spectf_heart.npz,tabular,0.675000,0.186280,0.115333,0.001075
agglo,31,rice_dataset_cammeo_and_osmancik.npz,tabular,0.887664,0.488315,0.600897,0.438285
agglo,32,ph_recognition.npz,tabular,0.509954,0.612915,0.381639,0.007378
agglo,33,banknote_authentication.npz,tabular,0.792274,0.258822,0.340927,0.027343
agglo,34,wine_quality.npz,tabular,0.374513,0.084624,0.058675,1.168761
agglo,35,cardiovascular_study.npz,tabular,0.840793,0.013043,0.052407,0.282668
agglo,36,statlog_german_credit.npz,tabular,0.701000,0.003895,0.002665,0.020278
agglo,37,boston.npz,tabular,0.961039,0.842159,0.883017,0.001070
agglo,38,seismic_bumps.npz,tabular,0.931889,0.000833,-0.002822,0.017853
agglo,39,dry_bean.npz,tabular,0.526058,0.586306,0.363371,4.453118
agglo,40,credit_risk_classification.npz,tabular,0.803279,0.000304,0.003559,0.019090
agglo,41,epileptic_seizure_recognition.npz,tabular,0.257043,0.153597,0.027434,3.913331
agglo,42,website_phishing.npz,tabular,0.599409,0.159193,0.180692,0.059593
agglo,43,optical_recognition_of_handwritten_digits.npz,tabular,0.732932,0.744865,0.620715,0.601697
agglo,44,siberian_weather_stats.npz,tabular,0.385928,0.087296,0.058843,0.066420
agglo,45,orbit_classification_for_prediction_nasa.npz,tabular,0.857724,0.017447,0.041110,0.110751
agglo,46,magic_gamma_telescope.npz,tabular,0.701370,0.119817,0.100157,3.878249
agglo,47,raisin.npz,tabular,0.828889,0.366872,0.432063,0.012429
agglo,48,patient_treatment_classification.npz,tabular,0.583862,0.021377,0.027919,0.634526
agglo,49,fetal_health_classification.npz,tabular,0.781750,0.041032,0.040721,0.091562
agglo,50,dermatology.npz,tabular,0.849162,0.905401,0.844294,0.005958
agglo,51,secom.npz,tabular,0.932355,0.003274,0.012671,0.494372
agglo,52,paris_housing_classification.npz,tabular,0.873400,0.000071,-0.000171,1.452643
agglo,53,seeds.npz,tabular,0.923810,0.745849,0.788921,0.002643
agglo,54,wine_customer.npz,tabular,0.926966,0.787240,0.784706,0.001291
agglo,55,crowdsourced_mapping.npz,tabular,0.487946,0.265418,0.226888,4.172497
agglo,56,durum_wheat_features.npz,tabular,0.512000,0.479262,0.363261,7.468768
agglo,57,classification_in_asteroseismology.npz,tabular,0.904096,0.581500,0.648989,0.014668
agglo,58,birds_bones_and_living_habits.npz,tabular,0.496368,0.262169,0.214452,0.003731
agglo,59,microbes.npz,tabular,0.238319,0.046349,0.011562,4.085206
agglo,60,image_segmentation.npz,tabular,0.585714,0.565836,0.420610,0.001744
agglo,61,water_quality.npz,tabular,0.596718,0.002128,0.006656,0.096497
agglo,62,insurance_company_benchmark.npz,tabular,0.940055,0.001536,0.004382,1.946834
agglo,63,harbermans_survival.npz,tabular,0.738562,0.025315,0.068937,0.002206
agglo,64,yeast.npz,tabular,0.407814,0.229988,0.134389,0.077874
agglo,65,heart_disease.npz,tabular,0.589226,0.233757,0.330507,0.003996
agglo,66,ecoli.npz,tabular,0.837920,0.725348,0.766123,0.003727
agglo,67,extyaleb.npz,tabular,0.862069,0.749710,0.656641,0.004502
agglo,68,breast_cancer_coimbra.npz,tabular,0.560345,0.018886,0.003978,0.001242
agglo,69,student_grade.npz,tabular,0.721519,0.093344,0.175024,0.006466
agglo,70,human_stress_detection.npz,tabular,0.798601,0.725232,0.609995,0.065575
agglo,71,fraud_detection_bank.npz,tabular,0.734473,0.000457,0.000353,9.082739
agglo,72,pen_based_recognition_of_handwritten_digits.npz,tabular,0.580331,0.671968,0.481491,2.352039
agglo,73,diabetic_retinopathy_debrecen.npz,tabular,0.534318,0.007382,0.000950,0.014237
agglo,74,pistachio.npz,tabular,0.846369,0.378013,0.478960,0.190750
agglo,75,turkish_music_emotion.npz,tabular,0.607500,0.337814,0.322476,0.007561
agglo,76,parkinsons.npz,tabular,0.702564,0.260415,0.159967,0.002217
agglo,77,weather.npz,tabular,1.000000,1.000000,1.000000,0.011267
agglo,78,blood_transfusion_service_center.npz,tabular,0.767380,0.020767,0.031084,0.013049
agglo,79,mfeat-karhunen.npz,tabular,0.626000,0.675496,0.553343,0.149594
agglo,80,mfeat-factors.npz,tabular,0.605500,0.710691,0.545861,0.403696
agglo,81,wall-robot-navigation.npz,tabular,0.425587,0.154752,0.073976,1.119775
agglo,82,Waveform.npz,tabular,0.600600,0.323984,0.311877,1.459399
agglo,83,gas-drift.npz,tabular,0.430800,0.329197,0.148008,7.516793
agglo,84,mfeat-morphological.npz,tabular,0.498000,0.648824,0.433741,0.062934
agglo,85,JapaneseVowels.npz,tabular,0.465716,0.424327,0.207665,3.486598
agglo,86,rmftsa_sleepdata.npz,tabular,0.414062,0.046499,0.062018,0.023777
agglo,87,first-order-theorem-proving.npz,tabular,0.420072,0.007715,0.001562,2.078480
agglo,88,gina_prior2.npz,tabular,0.514994,0.548226,0.399518,3.296160
agglo,89,fabert.npz,tabular,0.230302,0.014934,0.004741,23.649247
agglo,90,dilbert.npz,tabular,0.324700,0.157890,0.082774,81.334054
agglo,91,synthetic_control.npz,tabular,0.575000,0.800791,0.616043,0.011525
agglo,92,Drug Consumption.npz,tabular,0.435106,0.006397,0.002134,0.098216
agglo,93,shuttle.npz,tabular,0.924400,0.543230,0.675661,4.508667
agglo,94,tr45.wc.npz,tabular,0.334320,0.238230,0.057312,1.510577
agglo,95,steel-plates-fault.npz,tabular,0.653787,0.001680,0.000911,0.090662
agglo,96,fbis.wc.npz,tabular,0.323315,0.230724,0.017742,3.179305
agglo,97,mfeat-fourier.npz,tabular,0.432000,0.488266,0.346357,0.192043
agglo,98,vehicle.npz,tabular,0.406619,0.182032,0.110532,0.036824
agglo,99,micro-mass.npz,tabular,0.661111,0.744607,0.511424,0.053337
agglo,100,ISOLET.npz,tabular,0.407080,0.635886,0.363087,16.059429
agglo,101,poker-hand.npz,tabular,0.542700,0.000227,0.000037,1.213399
agglo,102,tamilnadu-electricity.npz,tabular,0.074500,0.006651,-0.000003,1.453284
agglo,103,mnist64.npz,image,0.653420,0.735513,0.602049,0.060203
agglo,104,MNIST_CLIP.npz,image,0.520508,0.511196,0.338556,21.395553
agglo,105,fashion_mnist.npz,image,0.417333,0.531218,0.331520,2.542645
agglo,106,FashionMNIST_CLIP.npz,image,0.498600,0.618483,0.429313,20.226193
agglo,107,cifar10.npz,image,0.194154,0.061337,0.030472,3.448591
agglo,108,CIFAR10_CLIP.npz,image,0.588600,0.612986,0.499354,21.329419
agglo,109,coil20.npz,image,0.477778,0.688043,0.388773,0.262584
agglo,110,COIL20_CLIP.npz,image,0.879861,0.965631,0.847116,0.311698
agglo,111,labeled_faces_in_the_wild.npz,image,0.520000,0.001706,0.001260,11.283677
agglo,112,flickr_material_database.npz,image,0.308927,0.244885,0.073588,0.416804
agglo,113,street_view_house_numbers.npz,image,0.198087,0.035862,0.000415,0.202868
agglo,114,har.npz,image,0.479200,0.502842,0.324662,25.349636
agglo,115,Indian_pines.npz,image,0.628923,0.565138,0.417102,8.015643
agglo,116,satellite_image.npz,image,0.553691,0.458202,0.387052,1.902719
agglo,117,olivetti_faces.npz,image,0.525000,0.768160,0.388125,0.200263
agglo,118,PCam.npz,image,0.609259,0.620128,0.469859,0.257709
agglo,119,cnae9.npz,text,0.550154,0.007293,0.009758,2.050504
agglo,120,imdb.npz,text,0.780192,0.043808,0.110821,0.382497
agglo,121,hate_speech.npz,text,0.525837,0.004765,0.002478,0.490126
agglo,122,sentiment_labeld_sentences.npz,text,0.940120,0.491445,0.685849,0.114963
agglo,123,sms_spam_collection.npz,text,0.446434,0.354011,0.257971,171.064403
agglo,124,wos.npz,text,0.940194,0.722852,0.775061,178.807673
agglo,125,enron.npz,text,0.860554,0.567853,0.634224,73.613876
agglo,126,reuters.npz,text,0.145431,0.128311,0.039841,172.163475
agglo,127,20newsgroups.npz,text,0.829861,0.537680,0.774280,176.737620
agglo,128,Mouse_retina.npz,bioinfo,0.403182,0.154091,0.170001,1190.027870
agglo,129,Campbell.npz,bioinfo,0.578000,0.032944,0.024129,186.350750
agglo,130,Baron Human.npz,bioinfo,0.452727,0.522990,0.321339,600.573301
autosc,0,echocardiogram.npz,tabular,0.803279,0.318378,0.357761,1.111616
autosc,1,skillcraft1_master_table_dataset.npz,tabular,0.251892,0.073405,0.037607,59.030817
autosc,2,breast_cancer_wisconsin_original.npz,tabular,0.635432,0.009830,-0.012676,4.648761
autosc,3,smoker_condition.npz,tabular,0.991107,0.924378,0.964647,7.639700
autosc,4,glass_identification.npz,tabular,0.448598,0.344754,0.224558,1.380668
autosc,5,statlog_image_segmentation.npz,tabular,0.625541,0.622464,0.529755,36.841518
autosc,6,planning_relax.npz,tabular,0.692308,0.008079,0.045281,0.951424
autosc,7,customer_classification.npz,tabular,0.282000,0.007838,0.000538,6.932093
autosc,8,pima_indians_diabetes_database.npz,tabular,0.571615,0.001117,0.007627,4.821816
autosc,9,mobile_price_classification.npz,tabular,0.274000,0.003923,0.001924,24.944212
autosc,10,spambase.npz,tabular,0.578787,0.020664,-0.015993,133.915366
autosc,11,rice_seed_gonen_jasmine.npz,tabular,0.984898,0.890685,0.940492,413.826248
autosc,12,heart_attack_analysis_prediction_dataset.npz,tabular,0.623762,0.091331,0.057052,1.209393
autosc,13,user_knowledge_modeling.npz,tabular,0.492248,0.292617,0.214853,1.234342
autosc,14,world12d.npz,tabular,0.746667,0.626353,0.601927,0.761243
autosc,15,pumpkin_seeds.npz,tabular,0.618800,0.080948,0.055431,38.161932
autosc,16,iris.npz,tabular,0.813333,0.620156,0.584297,0.857738
autosc,17,wine.npz,tabular,0.960674,0.861291,0.883710,1.064579
autosc,18,letter_recognition.npz,tabular,0.327962,0.448706,0.164972,549.459120
autosc,19,mammographic_mass.npz,tabular,0.510843,0.005228,-0.000476,7.171159
autosc,20,breast_tissue.npz,tabular,0.575472,0.487610,0.312718,0.777680
autosc,21,hepatitis.npz,tabular,0.737500,0.139659,0.197591,0.686149
autosc,22,predicting_pulsar_star.npz,tabular,0.875876,0.246219,0.424877,415.643338
autosc,23,breast_cancer_wisconsin_prognostic.npz,tabular,0.910369,0.554405,0.672338,3.327805
autosc,24,wireless_indoor_localization.npz,tabular,0.824500,0.651555,0.634411,34.547024
autosc,25,date_fruit.npz,tabular,0.631403,0.639723,0.567305,6.962913
autosc,26,zoo.npz,tabular,0.544554,0.559888,0.315595,0.820955
autosc,27,htru2.npz,tabular,0.836384,0.199745,0.333538,459.068658
autosc,28,ionosphere.npz,tabular,0.515670,0.118934,-0.039446,1.253085
autosc,29,music_genre_classification.npz,tabular,0.253000,0.157945,0.067716,8.802028
autosc,30,spectf_heart.npz,tabular,0.750000,0.241705,0.241940,0.763117
autosc,31,rice_dataset_cammeo_and_osmancik.npz,tabular,0.908661,0.554845,0.667841,83.622138
autosc,32,ph_recognition.npz,tabular,0.560490,0.622370,0.412272,4.629131
autosc,33,banknote_authentication.npz,tabular,0.577259,0.026244,0.012734,16.729329
autosc,34,wine_quality.npz,tabular,0.451057,0.008614,0.005526,152.685321
autosc,35,cardiovascular_study.npz,tabular,0.837035,0.007074,0.050114,54.172123
autosc,36,statlog_german_credit.npz,tabular,0.692000,0.000029,0.001352,6.808077
autosc,37,boston.npz,tabular,0.948052,0.793451,0.839630,0.829438
autosc,38,seismic_bumps.npz,tabular,0.917957,0.004394,-0.023549,4.872162
autosc,39,dry_bean.npz,tabular,0.529959,0.426686,0.238132,468.968436
autosc,40,credit_risk_classification.npz,tabular,0.760246,0.000234,-0.009046,6.933708
autosc,41,epileptic_seizure_recognition.npz,tabular,0.429043,0.220267,0.164477,166.433393
autosc,42,website_phishing.npz,tabular,0.491500,0.017783,-0.014092,14.691636
autosc,43,optical_recognition_of_handwritten_digits.npz,tabular,0.776877,0.776794,0.671250,95.100882
autosc,44,siberian_weather_stats.npz,tabular,0.243781,0.069890,0.017688,14.251537
autosc,45,orbit_classification_for_prediction_nasa.npz,tabular,0.590592,0.064161,0.087954,20.847444
autosc,46,magic_gamma_telescope.npz,tabular,0.528653,0.000671,0.002389,466.722493
autosc,47,raisin.npz,tabular,0.844444,0.393435,0.473997,5.583528
autosc,48,patient_treatment_classification.npz,tabular,0.520852,0.001777,0.001473,110.257329
autosc,49,fetal_health_classification.npz,tabular,0.774224,0.011077,0.005604,28.504336
autosc,50,dermatology.npz,tabular,0.955307,0.909540,0.920785,1.637414
autosc,51,secom.npz,tabular,0.927888,0.001620,-0.009869,17.466643
autosc,52,paris_housing_classification.npz,tabular,0.516700,0.000794,0.000943,471.389469
autosc,53,seeds.npz,tabular,0.895238,0.676059,0.718321,0.848986
autosc,54,wine_customer.npz,tabular,0.960674,0.861291,0.883710,0.860059
autosc,55,crowdsourced_mapping.npz,tabular,0.406822,0.252028,0.130575,487.303119
autosc,56,durum_wheat_features.npz,tabular,0.337556,0.006450,0.000052,561.690542
autosc,57,classification_in_asteroseismology.npz,tabular,0.902098,0.549316,0.642596,7.111572
autosc,58,birds_bones_and_living_habits.npz,tabular,0.457627,0.328231,0.252472,2.254536
autosc,59,microbes.npz,tabular,0.206203,0.043947,0.007346,500.959310
autosc,60,image_segmentation.npz,tabular,0.604762,0.568225,0.411955,1.425415
autosc,61,water_quality.npz,tabular,0.527101,0.001191,0.002252,28.193796
autosc,62,insurance_company_benchmark.npz,tabular,0.934387,0.010859,0.062688,219.181785
autosc,63,harbermans_survival.npz,tabular,0.522876,0.000007,-0.002302,1.251896
autosc,64,yeast.npz,tabular,0.379027,0.226877,0.142388,17.045676
autosc,65,heart_disease.npz,tabular,0.336700,0.165697,0.059267,1.681792
autosc,66,ecoli.npz,tabular,0.596330,0.526117,0.446275,1.713321
autosc,67,extyaleb.npz,tabular,0.971787,0.927337,0.929945,1.454540
autosc,68,breast_cancer_coimbra.npz,tabular,0.551724,0.006825,0.002107,0.690607
autosc,69,student_grade.npz,tabular,0.683544,0.015633,0.045256,1.598147
autosc,70,human_stress_detection.npz,tabular,0.526237,0.399369,0.298707,28.739413
autosc,71,fraud_detection_bank.npz,tabular,0.742574,0.017256,0.029796,545.993724
autosc,72,pen_based_recognition_of_handwritten_digits.npz,tabular,0.882706,0.830142,0.770244,289.948644
autosc,73,diabetic_retinopathy_debrecen.npz,tabular,0.507385,0.003505,-0.002739,9.170760
autosc,74,pistachio.npz,tabular,0.603818,0.016171,0.034301,28.199832
autosc,75,turkish_music_emotion.npz,tabular,0.282500,0.022227,0.001322,2.138647
autosc,76,parkinsons.npz,tabular,0.723077,0.015863,-0.036772,0.901916
autosc,77,weather.npz,tabular,1.000000,1.000000,1.000000,2.537589
autosc,78,blood_transfusion_service_center.npz,tabular,0.741979,0.004911,-0.021496,5.406416
autosc,79,mfeat-karhunen.npz,tabular,0.676000,0.769253,0.665856,27.882487
autosc,80,mfeat-factors.npz,tabular,0.939000,0.889008,0.873525,28.008463
autosc,81,wall-robot-navigation.npz,tabular,0.406342,0.016738,-0.001396,172.458174
autosc,82,Waveform.npz,tabular,0.500600,0.370335,0.253267,130.225105
autosc,83,gas-drift.npz,tabular,0.242500,0.035924,0.000709,545.351432
autosc,84,mfeat-morphological.npz,tabular,0.636500,0.653053,0.537639,28.021368
autosc,85,JapaneseVowels.npz,tabular,0.799317,0.817674,0.764439,482.052433
autosc,86,rmftsa_sleepdata.npz,tabular,0.333008,0.038845,0.026742,12.516516
autosc,87,first-order-theorem-proving.npz,tabular,0.373161,0.044163,-0.023672,263.625451
autosc,88,gina_prior2.npz,tabular,0.573818,0.570310,0.443310,84.224789
autosc,89,fabert.npz,tabular,0.300838,0.073677,0.029540,384.138585
autosc,90,dilbert.npz,tabular,0.295600,0.117757,0.054709,528.738331
autosc,91,synthetic_control.npz,tabular,0.575000,0.727784,0.610054,3.988347
autosc,92,Drug Consumption.npz,tabular,0.347627,0.006488,0.007422,19.966201
autosc,93,shuttle.npz,tabular,0.530600,0.000475,0.001907,475.279602
autosc,94,tr45.wc.npz,tabular,0.264793,0.110242,0.006757,5.493139
autosc,95,steel-plates-fault.npz,tabular,0.616177,0.025055,-0.028955,26.443001
autosc,96,fbis.wc.npz,tabular,0.340619,0.299971,0.183559,36.552856
autosc,97,mfeat-fourier.npz,tabular,0.476500,0.563172,0.326529,26.858995
autosc,98,vehicle.npz,tabular,0.505910,0.300227,0.215967,5.232926
autosc,99,micro-mass.npz,tabular,0.702778,0.757795,0.563404,2.853321
autosc,100,ISOLET.npz,tabular,0.476337,0.684654,0.405157,316.798354
autosc,101,poker-hand.npz,tabular,0.510100,0.000102,0.000239,470.113616
autosc,102,tamilnadu-electricity.npz,tabular,0.068500,0.005583,-0.000285,703.987937
autosc,103,mnist64.npz,image,0.792052,0.791509,0.741576,9.928089
autosc,104,MNIST_CLIP.npz,image,0.801521,0.799715,0.732187,491.187788
autosc,105,fashion_mnist.npz,image,0.584667,0.627288,0.466079,67.110741
autosc,106,FashionMNIST_CLIP.npz,image,0.648300,0.681183,0.549882,490.073425
autosc,107,cifar10.npz,image,0.237846,0.103033,0.053909,90.251938
autosc,108,CIFAR10_CLIP.npz,image,0.834700,0.724286,0.658590,428.845086
autosc,109,coil20.npz,image,0.747222,0.864307,0.719418,21.365778
autosc,110,COIL20_CLIP.npz,image,0.915972,0.963731,0.909254,20.665325
autosc,111,labeled_faces_in_the_wild.npz,image,0.535455,0.003631,0.004576,30.844434
autosc,112,flickr_material_database.npz,image,0.611836,0.504624,0.378198,9.421786
autosc,113,street_view_house_numbers.npz,image,0.159836,0.041647,0.006693,6.922545
autosc,114,har.npz,image,0.514286,0.572074,0.404800,4.950847
autosc,115,Indian_pines.npz,image,0.382253,0.339332,0.192427,322.712729
autosc,116,satellite_image.npz,image,0.667754,0.614800,0.555819,176.195562
autosc,117,olivetti_faces.npz,image,0.795000,0.885768,0.709437,9.733551
autosc,118,PCam.npz,image,0.384259,0.252131,0.118421,12.766883
autosc,119,cnae9.npz,text,0.500615,0.000616,0.000001,61.208511
autosc,120,imdb.npz,text,0.729277,0.046146,0.037415,98.461668
autosc,121,hate_speech.npz,text,0.525837,0.003607,0.002478,58.426471
autosc,122,sentiment_labeld_sentences.npz,text,0.820359,0.009272,-0.048627,6.062380
autosc,123,sms_spam_collection.npz,text,0.572872,0.430203,0.333255,614.957566
autosc,124,wos.npz,text,0.509551,0.012118,0.000335,622.722009
autosc,125,enron.npz,text,0.432634,0.001417,0.000046,383.468051
autosc,126,reuters.npz,text,0.333800,0.343618,0.180007,1446.631819
autosc,127,20newsgroups.npz,text,0.980484,0.861183,0.928829,664.355081
autosc,128,Mouse_retina.npz,bioinfo,0.394076,0.442253,0.197919,1401.179100
autosc,129,Campbell.npz,bioinfo,0.522500,0.001436,0.001776,150.481393
autosc,130,Baron Human.npz,bioinfo,0.594131,0.668803,0.528122,1008.241075
birch,0,echocardiogram.npz,tabular,0.918033,0.639762,0.690470,0.093256
birch,1,skillcraft1_master_table_dataset.npz,tabular,0.323645,0.127803,0.097680,0.754699
birch,2,breast_cancer_wisconsin_original.npz,tabular,0.967789,0.783852,0.874210,0.053814
birch,3,smoker_condition.npz,tabular,0.993083,0.938814,0.972446,0.091361
birch,4,glass_identification.npz,tabular,0.542056,0.458299,0.282162,0.015462
birch,5,statlog_image_segmentation.npz,tabular,0.552381,0.623354,0.473182,0.246581
birch,6,planning_relax.npz,tabular,0.576923,0.000523,0.002245,0.019331
birch,7,customer_classification.npz,tabular,0.333000,0.024297,0.017961,0.106349
birch,8,pima_indians_diabetes_database.npz,tabular,0.675781,0.090202,0.122041,0.100116
birch,9,mobile_price_classification.npz,tabular,0.299500,0.007810,0.006218,0.479815
birch,10,spambase.npz,tabular,0.599000,0.009831,-0.004671,1.371466
birch,11,rice_seed_gonen_jasmine.npz,tabular,0.967297,0.795079,0.873446,0.695592
birch,12,heart_attack_analysis_prediction_dataset.npz,tabular,0.788779,0.281775,0.330987,0.020754
birch,13,user_knowledge_modeling.npz,tabular,0.562016,0.313562,0.283173,0.008842
birch,14,world12d.npz,tabular,0.886667,0.808849,0.814342,0.005609
birch,15,pumpkin_seeds.npz,tabular,0.847200,0.388294,0.481984,0.252288
birch,16,iris.npz,tabular,0.860000,0.737693,0.671904,0.006479
birch,17,wine.npz,tabular,0.938202,0.808012,0.818523,0.009388
birch,18,letter_recognition.npz,tabular,0.318955,0.442010,0.187524,3.900966
birch,19,mammographic_mass.npz,tabular,0.515663,0.002482,0.000144,0.035669
birch,20,breast_tissue.npz,tabular,0.452830,0.536259,0.284219,0.006074
birch,21,hepatitis.npz,tabular,0.800000,0.229218,0.311832,0.008713
birch,22,predicting_pulsar_star.npz,tabular,0.972932,0.642281,0.796832,0.378452
birch,23,breast_cancer_wisconsin_prognostic.npz,tabular,0.922671,0.628742,0.713766,0.059292
birch,24,wireless_indoor_localization.npz,tabular,0.947000,0.865702,0.867498,0.161069
birch,25,date_fruit.npz,tabular,0.776169,0.750792,0.742191,0.116663
birch,26,zoo.npz,tabular,0.871287,0.856691,0.924848,0.007239
birch,27,htru2.npz,tabular,0.968597,0.600395,0.777767,0.389132
birch,28,ionosphere.npz,tabular,0.729345,0.150998,0.207309,0.029510
birch,29,music_genre_classification.npz,tabular,0.370000,0.343082,0.194654,0.168417
birch,30,spectf_heart.npz,tabular,0.525000,0.043575,0.001267,0.007473
birch,31,rice_dataset_cammeo_and_osmancik.npz,tabular,0.897113,0.520387,0.630359,0.205432
birch,32,ph_recognition.npz,tabular,0.442573,0.604348,0.371403,0.013824
birch,33,banknote_authentication.npz,tabular,0.685860,0.213082,0.132117,0.051185
birch,34,wine_quality.npz,tabular,0.389083,0.069263,0.057192,0.598402
birch,35,cardiovascular_study.npz,tabular,0.676802,0.029246,0.075519,0.279117
birch,36,statlog_german_credit.npz,tabular,0.614000,0.006181,0.028364,0.113655
birch,37,boston.npz,tabular,0.811688,0.699786,0.637242,0.017510
birch,38,seismic_bumps.npz,tabular,0.931889,0.000833,-0.002822,0.064440
birch,39,dry_bean.npz,tabular,0.778033,0.708523,0.639182,1.702378
birch,40,credit_risk_classification.npz,tabular,0.760246,0.000306,-0.009046,0.116595
birch,41,epileptic_seizure_recognition.npz,tabular,0.238087,0.176954,0.029837,4.140620
birch,42,website_phishing.npz,tabular,0.611234,0.111270,0.148798,0.090463
birch,43,optical_recognition_of_handwritten_digits.npz,tabular,0.654460,0.716799,0.554285,1.303630
birch,44,siberian_weather_stats.npz,tabular,0.342573,0.088155,0.021091,0.178169
birch,45,orbit_classification_for_prediction_nasa.npz,tabular,0.674216,0.107439,0.107778,0.229024
birch,46,magic_gamma_telescope.npz,tabular,0.706471,0.131394,0.110543,0.605424
birch,47,raisin.npz,tabular,0.844444,0.376819,0.473983,0.040919
birch,48,patient_treatment_classification.npz,tabular,0.663645,0.060449,0.096333,1.347263
birch,49,fetal_health_classification.npz,tabular,0.701317,0.234193,0.266426,0.256270
birch,50,dermatology.npz,tabular,0.748603,0.868539,0.710945,0.048343
birch,51,secom.npz,tabular,0.932355,0.003274,0.012671,0.924195
birch,52,paris_housing_classification.npz,tabular,0.568500,0.008582,0.013395,4.823771
birch,53,seeds.npz,tabular,0.909524,0.749814,0.757719,0.026047
birch,54,wine_customer.npz,tabular,0.938202,0.808012,0.818523,0.015781
birch,55,crowdsourced_mapping.npz,tabular,0.400520,0.352974,0.198440,3.833720
birch,56,durum_wheat_features.npz,tabular,0.484667,0.514468,0.346517,8.092546
birch,57,classification_in_asteroseismology.npz,tabular,0.852148,0.374069,0.447512,0.020554
birch,58,birds_bones_and_living_habits.npz,tabular,0.467312,0.254373,0.208132,0.025733
birch,59,microbes.npz,tabular,0.212806,0.078183,0.033353,1.187776
birch,60,image_segmentation.npz,tabular,0.557143,0.608190,0.401267,0.025517
birch,61,water_quality.npz,tabular,0.560915,0.000659,0.005003,0.257959
birch,62,insurance_company_benchmark.npz,tabular,0.773446,0.014269,0.060524,1.915079
birch,63,harbermans_survival.npz,tabular,0.741830,0.039731,0.105028,0.007527
birch,64,yeast.npz,tabular,0.512680,0.297089,0.231170,0.209306
birch,65,heart_disease.npz,tabular,0.404040,0.163837,0.147498,0.036673
birch,66,ecoli.npz,tabular,0.825688,0.706729,0.741324,0.012147
birch,67,extyaleb.npz,tabular,0.915361,0.804602,0.793151,0.042218
birch,68,breast_cancer_coimbra.npz,tabular,0.534483,0.026782,-0.005865,0.012621
birch,69,student_grade.npz,tabular,0.655696,0.202753,0.085726,0.047552
birch,70,human_stress_detection.npz,tabular,0.831584,0.712453,0.634256,0.058201
birch,71,fraud_detection_bank.npz,tabular,0.734473,0.000457,0.000353,5.369645
birch,72,pen_based_recognition_of_handwritten_digits.npz,tabular,0.753803,0.782487,0.645478,2.065161
birch,73,diabetic_retinopathy_debrecen.npz,tabular,0.533449,0.006260,0.003321,0.083651
birch,74,pistachio.npz,tabular,0.803538,0.309427,0.368222,0.238234
birch,75,turkish_music_emotion.npz,tabular,0.595000,0.359973,0.331154,0.048413
birch,76,parkinsons.npz,tabular,0.682051,0.242232,0.126657,0.020732
birch,77,weather.npz,tabular,0.989041,0.971125,0.971275,0.066313
birch,78,blood_transfusion_service_center.npz,tabular,0.767380,0.020767,0.031084,0.042151
birch,79,mfeat-karhunen.npz,tabular,0.717500,0.732234,0.631747,0.472414
birch,80,mfeat-factors.npz,tabular,0.774500,0.789131,0.684883,0.971700
birch,81,wall-robot-navigation.npz,tabular,0.456378,0.117555,0.065323,0.632287
birch,82,Waveform.npz,tabular,0.678400,0.391279,0.337015,2.019080
birch,83,gas-drift.npz,tabular,0.388000,0.291983,0.113678,2.069873
birch,84,mfeat-morphological.npz,tabular,0.488500,0.581951,0.398270,0.030142
birch,85,JapaneseVowels.npz,tabular,0.438209,0.534338,0.313480,2.278366
birch,86,rmftsa_sleepdata.npz,tabular,0.365234,0.046201,0.045777,0.017901
birch,87,first-order-theorem-proving.npz,tabular,0.382968,0.022439,0.016094,0.950525
birch,88,gina_prior2.npz,tabular,0.592272,0.566673,0.429306,4.376215
birch,89,fabert.npz,tabular,0.227267,0.015163,-0.002840,23.745741
birch,90,dilbert.npz,tabular,0.355600,0.144998,0.089519,72.643130
birch,91,synthetic_control.npz,tabular,0.575000,0.800791,0.616043,0.108840
birch,92,Drug Consumption.npz,tabular,0.361921,0.010295,0.022764,0.310203
birch,93,shuttle.npz,tabular,0.836600,0.000270,0.000662,0.344657
birch,94,tr45.wc.npz,tabular,0.214497,0.046956,-0.008916,3.202998
birch,95,steel-plates-fault.npz,tabular,0.652756,0.000675,-0.000483,0.359056
birch,96,fbis.wc.npz,tabular,0.259563,0.073404,0.001520,5.310737
birch,97,mfeat-fourier.npz,tabular,0.558500,0.550244,0.414860,0.366997
birch,98,vehicle.npz,tabular,0.430260,0.151530,0.122240,0.079361
birch,99,micro-mass.npz,tabular,0.555556,0.674579,0.399405,0.480214
birch,100,ISOLET.npz,tabular,0.588560,0.743876,0.501647,21.128340
birch,101,poker-hand.npz,tabular,0.530800,0.000911,0.002864,4.895104
birch,102,tamilnadu-electricity.npz,tabular,0.073000,0.002507,-0.000053,0.167144
birch,103,mnist64.npz,image,0.965804,0.933197,0.923537,0.179119
birch,104,MNIST_CLIP.npz,image,0.542717,0.574063,0.376305,24.393659
birch,105,fashion_mnist.npz,image,0.468333,0.518362,0.303006,3.671933
birch,106,FashionMNIST_CLIP.npz,image,0.622200,0.658721,0.496998,23.673435
birch,107,cifar10.npz,image,0.203692,0.068068,0.031965,4.132079
birch,108,CIFAR10_CLIP.npz,image,0.688500,0.646900,0.490643,21.788543
birch,109,coil20.npz,image,0.663889,0.804799,0.618837,0.566020
birch,110,COIL20_CLIP.npz,image,0.777083,0.933260,0.765985,0.717461
birch,111,labeled_faces_in_the_wild.npz,image,0.544091,0.005624,0.007325,10.712549
birch,112,flickr_material_database.npz,image,0.325978,0.264169,0.119464,0.810049
birch,113,street_view_house_numbers.npz,image,0.155738,0.027186,-0.001701,0.377848
birch,114,har.npz,image,0.552500,0.615447,0.477474,24.479024
birch,115,Indian_pines.npz,image,0.494242,0.456357,0.260366,9.715574
birch,116,satellite_image.npz,image,0.703030,0.624413,0.551277,0.734506
birch,117,olivetti_faces.npz,image,0.645000,0.817632,0.500689,0.422544
birch,118,PCam.npz,image,0.115741,0.014450,-0.000000,1.161317
birch,119,cnae9.npz,text,0.500308,0.000022,-0.000007,2.989954
birch,120,imdb.npz,text,0.767464,0.001216,-0.001325,0.938506
birch,121,hate_speech.npz,text,0.506186,0.000709,0.000069,1.072670
birch,122,sentiment_labeld_sentences.npz,text,0.892216,0.214569,0.259467,0.715431
birch,123,sms_spam_collection.npz,text,0.533260,0.352166,0.292801,194.479950
birch,124,wos.npz,text,0.962196,0.773313,0.854487,111.498201
birch,125,enron.npz,text,0.538473,0.373954,0.194218,84.872608
birch,126,reuters.npz,text,0.166150,0.148423,0.052216,210.255555
birch,127,20newsgroups.npz,text,0.925647,0.684891,0.713482,165.215228
birch,128,Mouse_retina.npz,bioinfo,0.387571,0.293867,0.277596,965.166128
birch,129,Campbell.npz,bioinfo,0.608250,0.069995,0.046675,198.558095
birch,130,Baron Human.npz,bioinfo,0.488226,0.430133,0.233552,574.892069
cc,0,echocardiogram.npz,tabular,0.868852,0.413708,0.529574,3.154167
cc,1,skillcraft1_master_table_dataset.npz,tabular,0.353921,0.175453,0.123043,218.418689
cc,2,breast_cancer_wisconsin_original.npz,tabular,0.973646,0.834210,0.896634,55.481344
cc,3,smoker_condition.npz,tabular,0.992095,0.931550,0.968543,72.871426
cc,4,glass_identification.npz,tabular,0.504673,0.417127,0.258856,61.507535
cc,5,statlog_image_segmentation.npz,tabular,0.525974,0.518974,0.384912,133.714128
cc,6,planning_relax.npz,tabular,0.554945,0.001887,0.003355,64.553227
cc,7,customer_classification.npz,tabular,0.356000,0.031363,0.026383,67.614926
cc,8,pima_indians_diabetes_database.npz,tabular,0.700521,0.134520,0.159820,60.115225
cc,9,mobile_price_classification.npz,tabular,0.340500,0.039889,0.034272,117.727914
cc,10,spambase.npz,tabular,0.720496,0.145413,0.194150,332.505101
cc,11,rice_seed_gonen_jasmine.npz,tabular,0.984898,0.886757,0.940494,605.154469
cc,12,heart_attack_analysis_prediction_dataset.npz,tabular,0.825083,0.328554,0.420762,43.954859
cc,13,user_knowledge_modeling.npz,tabular,0.430233,0.189891,0.103001,25.687286
cc,14,world12d.npz,tabular,0.866667,0.772114,0.790961,54.773477
cc,15,pumpkin_seeds.npz,tabular,0.860000,0.415257,0.518207,155.040522
cc,16,iris.npz,tabular,0.853333,0.732192,0.661525,60.768405
cc,17,wine.npz,tabular,0.955056,0.838651,0.866719,57.741911
cc,18,letter_recognition.npz,tabular,0.178243,0.237872,0.085600,515.042173
cc,19,mammographic_mass.npz,tabular,0.806024,0.289959,0.373849,69.564323
cc,20,breast_tissue.npz,tabular,0.594340,0.528508,0.375915,59.240371
cc,21,hepatitis.npz,tabular,0.750000,0.223398,0.227116,2.350530
cc,22,predicting_pulsar_star.npz,tabular,0.791653,0.213166,0.250481,540.076903
cc,23,breast_cancer_wisconsin_prognostic.npz,tabular,0.915641,0.569947,0.689510,55.396744
cc,24,wireless_indoor_localization.npz,tabular,0.966000,0.886648,0.912975,224.091532
cc,25,date_fruit.npz,tabular,0.731626,0.624895,0.611998,61.567033
cc,26,zoo.npz,tabular,0.712871,0.671398,0.639334,57.856985
cc,27,htru2.npz,tabular,0.742074,0.176043,0.177477,635.499936
cc,28,ionosphere.npz,tabular,0.740741,0.249921,0.228906,69.229906
cc,29,music_genre_classification.npz,tabular,0.336000,0.260211,0.152564,60.322595
cc,30,spectf_heart.npz,tabular,0.800000,0.300167,0.352127,2.192618
cc,31,rice_dataset_cammeo_and_osmancik.npz,tabular,0.909186,0.555768,0.669513,262.224936
cc,32,ph_recognition.npz,tabular,0.565084,0.638335,0.432523,103.280082
cc,33,banknote_authentication.npz,tabular,0.789359,0.256455,0.334409,67.343565
cc,34,wine_quality.npz,tabular,0.389493,0.061457,0.048241,382.423813
cc,35,cardiovascular_study.npz,tabular,0.634096,0.029566,0.053162,169.892905
cc,36,statlog_german_credit.npz,tabular,0.613000,0.021394,0.044784,70.593902
cc,37,boston.npz,tabular,0.818182,0.559479,0.552624,50.413592
cc,38,seismic_bumps.npz,tabular,0.640867,0.035507,0.043301,56.475366
cc,39,dry_bean.npz,tabular,0.663099,0.609906,0.506974,1124.608521
cc,40,credit_risk_classification.npz,tabular,0.621926,0.004028,0.022592,71.313301
cc,41,epileptic_seizure_recognition.npz,tabular,0.406435,0.227773,0.192745,296.793842
cc,42,website_phishing.npz,tabular,0.730229,0.278827,0.381673,62.441585
cc,43,optical_recognition_of_handwritten_digits.npz,tabular,0.467957,0.399103,0.277653,528.705013
cc,44,siberian_weather_stats.npz,tabular,0.317697,0.068688,0.036429,71.834181
cc,45,orbit_classification_for_prediction_nasa.npz,tabular,0.547038,0.118472,0.043893,96.026603
cc,46,magic_gamma_telescope.npz,tabular,0.576258,0.008221,0.020288,497.396926
cc,47,raisin.npz,tabular,0.876667,0.462730,0.567030,55.213648
cc,48,patient_treatment_classification.npz,tabular,0.603354,0.028105,0.042293,304.012325
cc,49,fetal_health_classification.npz,tabular,0.473659,0.135139,0.053153,94.776417
cc,50,dermatology.npz,tabular,0.703911,0.675369,0.670157,60.870597
cc,51,secom.npz,tabular,0.843012,0.000071,-0.005118,100.286231
cc,52,paris_housing_classification.npz,tabular,0.567900,0.091570,0.015324,610.427242
cc,53,seeds.npz,tabular,0.876190,0.657402,0.681118,60.382638
cc,54,wine_customer.npz,tabular,0.971910,0.897431,0.916757,51.632634
cc,55,crowdsourced_mapping.npz,tabular,0.473142,0.242768,0.197877,553.497600
cc,56,durum_wheat_features.npz,tabular,0.787444,0.473229,0.487625,1230.546875
cc,57,classification_in_asteroseismology.npz,tabular,0.896104,0.562403,0.623625,71.149139
cc,58,birds_bones_and_living_habits.npz,tabular,0.523002,0.289437,0.286527,71.530079
cc,59,microbes.npz,tabular,0.237519,0.076785,0.024837,554.598489
cc,60,image_segmentation.npz,tabular,0.466667,0.551203,0.362368,59.744540
cc,61,water_quality.npz,tabular,0.530582,0.001117,0.002734,129.781493
cc,62,insurance_company_benchmark.npz,tabular,0.813638,0.002214,-0.024658,602.669910
cc,63,harbermans_survival.npz,tabular,0.624183,0.073493,0.059064,65.247607
cc,64,yeast.npz,tabular,0.339273,0.189430,0.098682,213.363463
cc,65,heart_disease.npz,tabular,0.515152,0.230790,0.270743,65.314855
cc,66,ecoli.npz,tabular,0.715596,0.559502,0.579732,65.390480
cc,67,extyaleb.npz,tabular,0.369906,0.182913,0.107125,67.218923
cc,68,breast_cancer_coimbra.npz,tabular,0.646552,0.081382,0.077880,60.014186
cc,69,student_grade.npz,tabular,0.769620,0.270653,0.289174,62.548555
cc,70,human_stress_detection.npz,tabular,0.915042,0.790913,0.779790,279.547055
cc,71,fraud_detection_bank.npz,tabular,0.599660,0.025858,0.038116,551.743852
cc,72,pen_based_recognition_of_handwritten_digits.npz,tabular,0.607419,0.577221,0.423051,366.898232
cc,73,diabetic_retinopathy_debrecen.npz,tabular,0.598610,0.032013,0.038004,76.357241
cc,74,pistachio.npz,tabular,0.801676,0.292301,0.363743,138.544023
cc,75,turkish_music_emotion.npz,tabular,0.482500,0.206158,0.173514,65.098239
cc,76,parkinsons.npz,tabular,0.702564,0.260415,0.159967,61.786736
cc,77,weather.npz,tabular,0.860274,0.921416,0.834014,58.736008
cc,78,blood_transfusion_service_center.npz,tabular,0.592246,0.072886,0.029584,67.998301
cc,79,mfeat-karhunen.npz,tabular,0.385000,0.285024,0.162478,282.546788
cc,80,mfeat-factors.npz,tabular,0.555000,0.514886,0.376375,123.368102
cc,81,wall-robot-navigation.npz,tabular,0.432368,0.109660,0.081575,510.665566
cc,82,Waveform.npz,tabular,0.653600,0.402749,0.325169,279.522993
cc,83,gas-drift.npz,tabular,0.461200,0.280258,0.203966,555.431406
cc,84,mfeat-morphological.npz,tabular,0.652000,0.625371,0.490788,279.894619
cc,85,JapaneseVowels.npz,tabular,0.368337,0.298419,0.174854,603.763483
cc,86,rmftsa_sleepdata.npz,tabular,0.458984,0.042687,0.063602,65.514223
cc,87,first-order-theorem-proving.npz,tabular,0.324943,0.038378,0.054690,636.303687
cc,88,gina_prior2.npz,tabular,0.356690,0.271443,0.177486,238.475621
cc,89,fabert.npz,tabular,0.213306,0.011199,0.009261,415.065558
cc,90,dilbert.npz,tabular,0.354900,0.178588,0.123508,499.519444
cc,91,synthetic_control.npz,tabular,0.731667,0.728250,0.588431,61.723435
cc,92,Drug Consumption.npz,tabular,0.373356,0.012065,0.023038,123.335296
cc,93,shuttle.npz,tabular,0.777900,0.277093,0.287345,541.833964
cc,94,tr45.wc.npz,tabular,0.263314,0.181559,0.080093,14.124495
cc,95,steel-plates-fault.npz,tabular,0.555899,0.030136,0.007243,124.314234
cc,96,fbis.wc.npz,tabular,0.389344,0.211956,0.145801,139.147207
cc,97,mfeat-fourier.npz,tabular,0.429000,0.375136,0.267306,281.117444
cc,98,vehicle.npz,tabular,0.424350,0.126011,0.107565,93.231406
cc,99,micro-mass.npz,tabular,0.588889,0.636907,0.438488,63.810046
cc,100,ISOLET.npz,tabular,0.291651,0.429578,0.185023,364.009837
cc,101,poker-hand.npz,tabular,0.508500,0.000203,0.000190,554.546931
cc,102,tamilnadu-electricity.npz,tabular,0.074700,0.004680,0.000143,570.124364
cc,103,mnist64.npz,image,0.616451,0.489989,0.412237,23.035705
cc,104,MNIST_CLIP.npz,image,0.452481,0.362351,0.248178,570.962788
cc,105,fashion_mnist.npz,image,0.515667,0.439140,0.300156,119.075498
cc,106,FashionMNIST_CLIP.npz,image,0.627400,0.589638,0.470126,573.655800
cc,107,cifar10.npz,image,0.217538,0.066295,0.034809,450.711485
cc,108,CIFAR10_CLIP.npz,image,0.623500,0.560471,0.461157,581.242739
cc,109,coil20.npz,image,0.404167,0.565093,0.301397,195.045963
cc,110,COIL20_CLIP.npz,image,0.555556,0.681928,0.436261,196.161474
cc,111,labeled_faces_in_the_wild.npz,image,0.521364,0.001318,0.001372,140.613277
cc,112,flickr_material_database.npz,image,0.243731,0.164986,0.071667,66.863245
cc,113,street_view_house_numbers.npz,image,0.174863,0.025655,0.007911,13.351649
cc,114,har.npz,image,0.540136,0.496180,0.351047,62.558657
cc,115,Indian_pines.npz,image,0.592572,0.475474,0.392371,815.045948
cc,116,satellite_image.npz,image,0.727117,0.583658,0.516090,287.845276
cc,117,olivetti_faces.npz,image,0.320000,0.583449,0.154859,9.232734
cc,118,PCam.npz,image,0.253704,0.125971,0.077341,22.333659
cc,119,cnae9.npz,text,0.646769,0.063088,0.085884,214.569171
cc,120,imdb.npz,text,0.606333,0.030951,0.033200,103.790987
cc,121,hate_speech.npz,text,0.530568,0.002705,0.003375,315.969935
cc,122,sentiment_labeld_sentences.npz,text,0.756886,0.228531,0.232664,55.419352
cc,123,sms_spam_collection.npz,text,0.415025,0.310128,0.209163,598.663240
cc,124,wos.npz,text,0.878388,0.466174,0.572667,1109.282341
cc,125,enron.npz,text,0.747871,0.408643,0.433936,1074.034275
cc,126,reuters.npz,text,0.132419,0.100557,0.031777,516.648586
cc,127,20newsgroups.npz,text,0.829861,0.566775,0.710797,431.006287
cc,128,Mouse_retina.npz,bioinfo,0.233263,0.324321,0.149055,610.585348
cc,129,Campbell.npz,bioinfo,0.537750,0.004297,0.005453,314.409898
cc,130,Baron Human.npz,bioinfo,0.358656,0.462442,0.265378,420.151885
dbscan,0,echocardiogram.npz,tabular,0.885246,0.449362,0.588735,0.002187
dbscan,1,skillcraft1_master_table_dataset.npz,tabular,0.263397,0.118382,0.046099,0.102616
dbscan,2,breast_cancer_wisconsin_original.npz,tabular,0.956076,0.763786,0.831083,0.009928
dbscan,3,smoker_condition.npz,tabular,0.977273,0.882013,0.940707,0.015533
dbscan,4,glass_identification.npz,tabular,0.518692,0.453527,0.302438,0.003062
dbscan,5,statlog_image_segmentation.npz,tabular,0.466234,0.558294,0.278436,0.070579
dbscan,6,planning_relax.npz,tabular,0.703297,0.011291,0.044757,0.002739
dbscan,7,customer_classification.npz,tabular,0.286000,0.041996,0.007055,0.013716
dbscan,8,pima_indians_diabetes_database.npz,tabular,0.687500,0.067644,0.128555,0.008784
dbscan,9,mobile_price_classification.npz,tabular,0.213500,0.091982,0.001532,0.043803
dbscan,10,spambase.npz,tabular,0.576831,0.099749,0.075918,0.360838
dbscan,11,rice_seed_gonen_jasmine.npz,tabular,0.862686,0.673335,0.731178,1.346411
dbscan,12,heart_attack_analysis_prediction_dataset.npz,tabular,0.656766,0.181601,0.185534,0.003829
dbscan,13,user_knowledge_modeling.npz,tabular,0.414729,0.293187,0.188532,0.002756
dbscan,14,world12d.npz,tabular,0.746667,0.677641,0.654044,0.002135
dbscan,15,pumpkin_seeds.npz,tabular,0.546000,0.156901,0.121357,0.064767
dbscan,16,iris.npz,tabular,0.666667,0.733680,0.568116,0.002780
dbscan,17,wine.npz,tabular,0.842697,0.607995,0.555573,0.002627
dbscan,18,letter_recognition.npz,tabular,0.207466,0.487245,0.027054,1.173678
dbscan,19,mammographic_mass.npz,tabular,0.702410,0.214617,0.283044,0.009743
dbscan,20,breast_tissue.npz,tabular,0.462264,0.515058,0.285541,0.002001
dbscan,21,hepatitis.npz,tabular,0.850000,0.090525,0.099785,0.002305
dbscan,22,predicting_pulsar_star.npz,tabular,0.923434,0.329078,0.552550,1.375957
dbscan,23,breast_cancer_wisconsin_prognostic.npz,tabular,0.799649,0.533938,0.585080,0.006639
dbscan,24,wireless_indoor_localization.npz,tabular,0.683500,0.532868,0.340768,0.046803
dbscan,25,date_fruit.npz,tabular,0.663697,0.621014,0.560377,0.010203
dbscan,26,zoo.npz,tabular,0.851485,0.846630,0.918077,0.002423
dbscan,27,htru2.npz,tabular,0.919592,0.294472,0.510022,1.591909
dbscan,28,ionosphere.npz,tabular,0.923077,0.591987,0.712766,0.004066
dbscan,29,music_genre_classification.npz,tabular,0.324000,0.255851,0.142241,0.012213
dbscan,30,spectf_heart.npz,tabular,0.787500,0.268346,0.322309,0.002230
dbscan,31,rice_dataset_cammeo_and_osmancik.npz,tabular,0.798425,0.433681,0.578002,0.200055
dbscan,32,ph_recognition.npz,tabular,0.464012,0.594995,0.306634,0.008283
dbscan,33,banknote_authentication.npz,tabular,0.897959,0.697697,0.799633,0.023299
dbscan,34,wine_quality.npz,tabular,0.406115,0.124538,0.004237,0.234492
dbscan,35,cardiovascular_study.npz,tabular,0.817902,0.031778,0.116021,0.103971
dbscan,36,statlog_german_credit.npz,tabular,0.645000,0.029598,0.063032,0.014471
dbscan,37,boston.npz,tabular,0.850649,0.613966,0.563077,0.002652
dbscan,38,seismic_bumps.npz,tabular,0.933437,0.000000,0.000000,0.005706
dbscan,39,dry_bean.npz,tabular,0.568571,0.524509,0.323960,1.105013
dbscan,40,credit_risk_classification.npz,tabular,0.772541,0.015614,0.043397,0.011478
dbscan,41,epileptic_seizure_recognition.npz,tabular,0.398609,0.351631,0.193517,0.464932
dbscan,42,website_phishing.npz,tabular,0.489283,0.147646,0.134812,0.025233
dbscan,43,optical_recognition_of_handwritten_digits.npz,tabular,0.493591,0.598799,0.379185,0.192000
dbscan,44,siberian_weather_stats.npz,tabular,0.302772,0.095022,0.022087,0.017461
dbscan,45,orbit_classification_for_prediction_nasa.npz,tabular,0.818235,0.044437,0.067057,0.023233
dbscan,46,magic_gamma_telescope.npz,tabular,0.763476,0.184844,0.261405,1.488111
dbscan,47,raisin.npz,tabular,0.555556,0.293620,0.277855,0.009897
dbscan,48,patient_treatment_classification.npz,tabular,0.570943,0.059394,0.023169,0.140403
dbscan,49,fetal_health_classification.npz,tabular,0.717780,0.154067,0.188139,0.046122
dbscan,50,dermatology.npz,tabular,0.706704,0.791386,0.642680,0.004157
dbscan,51,secom.npz,tabular,0.894065,0.025817,0.078711,0.023876
dbscan,52,paris_housing_classification.npz,tabular,0.867300,0.031526,0.023863,1.031162
dbscan,53,seeds.npz,tabular,0.700000,0.533739,0.479655,0.003040
dbscan,54,wine_customer.npz,tabular,0.842697,0.607995,0.555573,0.002743
dbscan,55,crowdsourced_mapping.npz,tabular,0.772632,0.269916,0.234841,1.033049
dbscan,56,durum_wheat_features.npz,tabular,0.485556,0.468593,0.345570,1.032794
dbscan,57,classification_in_asteroseismology.npz,tabular,0.890110,0.549563,0.618899,0.012806
dbscan,58,birds_bones_and_living_habits.npz,tabular,0.564165,0.380918,0.309909,0.004054
dbscan,59,microbes.npz,tabular,0.243322,0.337729,0.100332,1.113604
dbscan,60,image_segmentation.npz,tabular,0.585714,0.628917,0.381482,0.002986
dbscan,61,water_quality.npz,tabular,0.593734,0.010594,0.027975,0.047395
dbscan,62,insurance_company_benchmark.npz,tabular,0.891446,0.015797,0.071491,0.555982
dbscan,63,harbermans_survival.npz,tabular,0.715686,0.067388,0.150345,0.003754
dbscan,64,yeast.npz,tabular,0.372173,0.136220,0.046314,0.026834
dbscan,65,heart_disease.npz,tabular,0.542088,0.228573,0.282416,0.003636
dbscan,66,ecoli.npz,tabular,0.709480,0.633827,0.643747,0.003312
dbscan,67,extyaleb.npz,tabular,0.636364,0.560591,0.359308,0.003596
dbscan,68,breast_cancer_coimbra.npz,tabular,0.655172,0.088696,0.088390,0.002205
dbscan,69,student_grade.npz,tabular,0.688608,0.040007,0.094994,0.004405
dbscan,70,human_stress_detection.npz,tabular,0.646177,0.493714,0.415801,0.045279
dbscan,71,fraud_detection_bank.npz,tabular,0.678968,0.110003,0.215422,1.542847
dbscan,72,pen_based_recognition_of_handwritten_digits.npz,tabular,0.694823,0.733239,0.603126,0.733258
dbscan,73,diabetic_retinopathy_debrecen.npz,tabular,0.599479,0.032387,0.038697,0.019886
dbscan,74,pistachio.npz,tabular,0.527002,0.089783,0.004325,0.050966
dbscan,75,turkish_music_emotion.npz,tabular,0.412500,0.167654,0.155824,0.004455
dbscan,76,parkinsons.npz,tabular,0.733333,0.224906,0.323260,0.002659
dbscan,77,weather.npz,tabular,1.000000,1.000000,1.000000,0.004602
dbscan,78,blood_transfusion_service_center.npz,tabular,0.763369,0.024058,0.021592,0.011387
dbscan,79,mfeat-karhunen.npz,tabular,0.416500,0.504424,0.244171,0.037823
dbscan,80,mfeat-factors.npz,tabular,0.446500,0.650687,0.444598,0.040854
dbscan,81,wall-robot-navigation.npz,tabular,0.415323,0.174421,0.061394,0.445389
dbscan,82,Waveform.npz,tabular,0.440200,0.212972,0.114684,0.300264
dbscan,83,gas-drift.npz,tabular,0.267100,0.352268,0.073772,1.116598
dbscan,84,mfeat-morphological.npz,tabular,0.558000,0.613743,0.417856,0.040168
dbscan,85,JapaneseVowels.npz,tabular,0.313121,0.489283,0.227090,1.415719
dbscan,86,rmftsa_sleepdata.npz,tabular,0.417969,0.030760,0.029400,0.013664
dbscan,87,first-order-theorem-proving.npz,tabular,0.421706,0.054353,0.022227,0.587710
dbscan,88,gina_prior2.npz,tabular,0.243656,0.341757,0.057478,0.139164
dbscan,89,fabert.npz,tabular,0.160253,0.176574,0.011316,0.752791
dbscan,90,dilbert.npz,tabular,0.333900,0.155041,0.099976,2.067146
dbscan,91,synthetic_control.npz,tabular,0.666667,0.851959,0.682397,0.007332
dbscan,92,Drug Consumption.npz,tabular,0.430532,0.008854,0.008315,0.033350
dbscan,93,shuttle.npz,tabular,0.915000,0.483139,0.623746,1.451128
dbscan,94,tr45.wc.npz,tabular,0.241124,0.184538,0.011757,0.010990
dbscan,95,steel-plates-fault.npz,tabular,0.655332,0.013721,0.018446,0.058872
dbscan,96,fbis.wc.npz,tabular,0.349727,0.139445,0.085558,0.046385
dbscan,97,mfeat-fourier.npz,tabular,0.314000,0.376126,0.074127,0.044814
dbscan,98,vehicle.npz,tabular,0.407801,0.256740,0.075553,0.011574
dbscan,99,micro-mass.npz,tabular,0.513889,0.645392,0.408490,0.004512
dbscan,100,ISOLET.npz,tabular,0.126715,0.209589,0.007084,0.652612
dbscan,101,poker-hand.npz,tabular,0.549800,0.002734,0.004984,1.150852
dbscan,102,tamilnadu-electricity.npz,tabular,0.048600,0.195367,-0.000455,1.181499
dbscan,103,mnist64.npz,image,0.699630,0.701883,0.552781,0.014326
dbscan,104,MNIST_CLIP.npz,image,0.318327,0.329074,0.102959,1.134891
dbscan,105,fashion_mnist.npz,image,0.235667,0.270221,0.035048,0.111630
dbscan,106,FashionMNIST_CLIP.npz,image,0.384600,0.468599,0.172451,1.154066
dbscan,107,cifar10.npz,image,0.148615,0.063346,0.021222,0.143126
dbscan,108,CIFAR10_CLIP.npz,image,0.146400,0.108732,0.001194,1.045110
dbscan,109,coil20.npz,image,0.822917,0.917202,0.787788,0.022891
dbscan,110,COIL20_CLIP.npz,image,0.846528,0.948965,0.826832,0.023115
dbscan,111,labeled_faces_in_the_wild.npz,image,0.516364,0.008452,0.001407,0.053562
dbscan,112,flickr_material_database.npz,image,0.161484,0.074701,0.021985,0.013456
dbscan,113,street_view_house_numbers.npz,image,0.191257,0.008886,0.003411,0.007578
dbscan,114,har.npz,image,0.357823,0.532915,0.327055,0.009719
dbscan,115,Indian_pines.npz,image,0.656130,0.612402,0.464002,1.256069
dbscan,116,satellite_image.npz,image,0.523232,0.494104,0.345541,0.626584
dbscan,117,olivetti_faces.npz,image,0.427500,0.675946,0.071520,0.006618
dbscan,118,PCam.npz,image,0.322222,0.361279,0.060261,0.013401
dbscan,119,cnae9.npz,text,0.525846,0.001999,0.002373,0.130697
dbscan,120,imdb.npz,text,0.780503,0.043782,0.111359,0.157985
dbscan,121,hate_speech.npz,text,0.525473,0.005207,0.002434,0.076268
dbscan,122,sentiment_labeld_sentences.npz,text,0.891018,0.279769,0.477954,0.013155
dbscan,123,sms_spam_collection.npz,text,0.280684,0.171481,0.018971,1.128627
dbscan,124,wos.npz,text,0.518352,0.174972,0.028041,2.933552
dbscan,125,enron.npz,text,0.506083,0.139568,0.136642,0.545377
dbscan,126,reuters.npz,text,0.073866,0.030140,0.002153,1.174502
dbscan,127,20newsgroups.npz,text,0.832974,0.521203,0.764528,3.325326
dbscan,128,Mouse_retina.npz,bioinfo,0.457420,0.021644,0.058033,14.068804
dbscan,129,Campbell.npz,bioinfo,0.601000,0.081179,0.040618,2.205005
dbscan,130,Baron Human.npz,bioinfo,0.324932,0.095279,0.049688,0.987798
dec,0,echocardiogram.npz,tabular,0.927869,0.645353,0.722620,22.177159
dec,1,skillcraft1_master_table_dataset.npz,tabular,0.371662,0.179926,0.108278,89.232934
dec,2,breast_cancer_wisconsin_original.npz,tabular,0.968960,0.789169,0.878551,41.494729
dec,3,smoker_condition.npz,tabular,0.990514,0.921274,0.962322,30.110377
dec,4,glass_identification.npz,tabular,0.495327,0.334722,0.195898,17.822456
dec,5,statlog_image_segmentation.npz,tabular,0.590216,0.602710,0.479849,102.748551
dec,6,planning_relax.npz,tabular,0.591575,0.001434,0.007835,18.024636
dec,7,customer_classification.npz,tabular,0.317000,0.018148,0.012825,42.128959
dec,8,pima_indians_diabetes_database.npz,tabular,0.720486,0.103711,0.180080,40.602290
dec,9,mobile_price_classification.npz,tabular,0.278000,0.006325,0.002986,84.918554
dec,10,spambase.npz,tabular,0.550750,0.009837,0.009938,134.520614
dec,11,rice_seed_gonen_jasmine.npz,tabular,0.974057,0.842842,0.899508,337.317389
dec,12,heart_attack_analysis_prediction_dataset.npz,tabular,0.701870,0.165074,0.211903,11.490263
dec,13,user_knowledge_modeling.npz,tabular,0.475452,0.293895,0.203476,21.024072
dec,14,world12d.npz,tabular,0.808889,0.740916,0.734892,15.199967
dec,15,pumpkin_seeds.npz,tabular,0.663840,0.112245,0.140501,100.508764
dec,16,iris.npz,tabular,0.916000,0.796817,0.789263,23.719914
dec,17,wine.npz,tabular,0.925094,0.757700,0.785101,7.139154
dec,18,letter_recognition.npz,tabular,0.203163,0.274123,0.086609,463.212439
dec,19,mammographic_mass.npz,tabular,0.794779,0.282451,0.347018,23.408917
dec,20,breast_tissue.npz,tabular,0.503145,0.554973,0.284375,6.340388
dec,21,hepatitis.npz,tabular,0.754167,0.129805,0.215181,11.406587
dec,22,predicting_pulsar_star.npz,tabular,0.925590,0.372543,0.564087,236.222309
dec,23,breast_cancer_wisconsin_prognostic.npz,tabular,0.876977,0.491299,0.569666,17.985897
dec,24,wireless_indoor_localization.npz,tabular,0.831000,0.650578,0.631210,50.327870
dec,25,date_fruit.npz,tabular,0.676837,0.631673,0.575477,50.357988
dec,26,zoo.npz,tabular,0.745875,0.700653,0.639011,10.957668
dec,27,htru2.npz,tabular,0.913725,0.335824,0.519750,246.572785
dec,28,ionosphere.npz,tabular,0.903704,0.529380,0.647321,30.201833
dec,29,music_genre_classification.npz,tabular,0.361600,0.290703,0.171644,47.940611
dec,30,spectf_heart.npz,tabular,0.637500,0.072249,0.073045,22.378773
dec,31,rice_dataset_cammeo_and_osmancik.npz,tabular,0.830184,0.416907,0.436542,97.529101
dec,32,ph_recognition.npz,tabular,0.565084,0.599423,0.382427,46.032608
dec,33,banknote_authentication.npz,tabular,0.630321,0.071529,0.094262,67.063175
dec,34,wine_quality.npz,tabular,0.309118,0.047357,0.032273,121.388581
dec,35,cardiovascular_study.npz,tabular,0.621455,0.014817,0.044073,75.709352
dec,36,statlog_german_credit.npz,tabular,0.644000,0.002616,0.017345,45.573109
dec,37,boston.npz,tabular,0.740260,0.455108,0.467804,18.561036
dec,38,seismic_bumps.npz,tabular,0.931889,0.000833,-0.002822,35.038112
dec,39,dry_bean.npz,tabular,0.708979,0.578048,0.505318,248.320964
dec,40,credit_risk_classification.npz,tabular,0.612705,0.002521,-0.005294,47.662278
dec,41,epileptic_seizure_recognition.npz,tabular,0.388209,0.265769,0.149770,276.379173
dec,42,website_phishing.npz,tabular,0.678788,0.219961,0.303070,71.719817
dec,43,optical_recognition_of_handwritten_digits.npz,tabular,0.564635,0.538846,0.402854,184.010069
dec,44,siberian_weather_stats.npz,tabular,0.303483,0.097931,0.030659,49.474461
dec,45,orbit_classification_for_prediction_nasa.npz,tabular,0.657259,0.149167,0.105652,67.109253
dec,46,magic_gamma_telescope.npz,tabular,0.675601,0.067750,0.096660,309.811778
dec,47,raisin.npz,tabular,0.790222,0.334734,0.339252,25.832957
dec,48,patient_treatment_classification.npz,tabular,0.629949,0.036671,0.065257,111.812367
dec,49,fetal_health_classification.npz,tabular,0.663844,0.190742,0.223733,61.056872
dec,50,dermatology.npz,tabular,0.855680,0.816841,0.782032,12.099099
dec,51,secom.npz,tabular,0.897043,0.007307,0.052821,56.285911
dec,52,paris_housing_classification.npz,tabular,0.591433,0.100599,0.036618,265.373981
dec,53,seeds.npz,tabular,0.862857,0.639773,0.645691,22.498217
dec,54,wine_customer.npz,tabular,0.915730,0.718572,0.760829,7.097982
dec,55,crowdsourced_mapping.npz,tabular,0.460478,0.186013,0.110998,315.048086
dec,56,durum_wheat_features.npz,tabular,0.780074,0.530483,0.520726,228.719956
dec,57,classification_in_asteroseismology.npz,tabular,0.923876,0.612926,0.714036,53.465124
dec,58,birds_bones_and_living_habits.npz,tabular,0.472639,0.256666,0.238761,30.853065
dec,59,microbes.npz,tabular,0.210065,0.084813,0.034792,315.096602
dec,60,image_segmentation.npz,tabular,0.538095,0.588261,0.396327,20.917969
dec,61,water_quality.npz,tabular,0.537212,0.002356,0.005021,52.617826
dec,62,insurance_company_benchmark.npz,tabular,0.582847,0.002466,0.006690,149.846125
dec,63,harbermans_survival.npz,tabular,0.669935,0.032950,0.081317,11.096975
dec,64,yeast.npz,tabular,0.417409,0.241076,0.143845,61.824335
dec,65,heart_disease.npz,tabular,0.397306,0.179748,0.169792,8.972368
dec,66,ecoli.npz,tabular,0.805301,0.652651,0.712116,10.785712
dec,67,extyaleb.npz,tabular,0.748589,0.580941,0.530214,31.459641
dec,68,breast_cancer_coimbra.npz,tabular,0.543103,0.060552,-0.001125,6.831237
dec,69,student_grade.npz,tabular,0.684388,0.063065,0.122430,12.242632
dec,70,human_stress_detection.npz,tabular,0.800200,0.662113,0.573459,80.754417
dec,71,fraud_detection_bank.npz,tabular,0.740507,0.082615,0.181825,256.691742
dec,72,pen_based_recognition_of_handwritten_digits.npz,tabular,0.702082,0.678364,0.560461,308.577677
dec,73,diabetic_retinopathy_debrecen.npz,tabular,0.575731,0.015634,0.022134,31.358509
dec,74,pistachio.npz,tabular,0.707076,0.166184,0.188534,87.545095
dec,75,turkish_music_emotion.npz,tabular,0.553500,0.252628,0.232178,29.006401
dec,76,parkinsons.npz,tabular,0.673504,0.056525,-0.074041,7.070278
dec,77,weather.npz,tabular,1.000000,1.000000,1.000000,13.211521
dec,78,blood_transfusion_service_center.npz,tabular,0.700089,0.004674,0.032146,20.748863
dec,79,mfeat-karhunen.npz,tabular,0.770000,0.726580,0.664634,52.324037
dec,80,mfeat-factors.npz,tabular,0.677100,0.671372,0.560920,62.261806
dec,81,wall-robot-navigation.npz,tabular,0.403482,0.095826,0.059865,176.123004
dec,82,Waveform.npz,tabular,0.641200,0.337176,0.342029,156.066003
dec,83,gas-drift.npz,tabular,0.340880,0.160775,0.102979,314.354701
dec,84,mfeat-morphological.npz,tabular,0.642300,0.662026,0.529144,77.939897
dec,85,JapaneseVowels.npz,tabular,0.351692,0.286773,0.166328,434.524292
dec,86,rmftsa_sleepdata.npz,tabular,0.351172,0.039821,0.034221,50.578624
dec,87,first-order-theorem-proving.npz,tabular,0.314940,0.032591,0.038989,227.376774
dec,88,gina_prior2.npz,tabular,0.336121,0.219281,0.143215,93.301666
dec,89,fabert.npz,tabular,0.200194,0.018658,0.009229,366.631892
dec,90,dilbert.npz,tabular,0.322333,0.069123,0.049590,310.702242
dec,91,synthetic_control.npz,tabular,0.614667,0.711269,0.542075,18.846618
dec,92,Drug Consumption.npz,tabular,0.340080,0.005681,0.003479,75.340158
dec,93,shuttle.npz,tabular,0.776000,0.091121,0.210025,248.321677
dec,94,tr45.wc.npz,tabular,0.226627,0.060776,-0.006611,48.621586
dec,95,steel-plates-fault.npz,tabular,0.529006,0.004557,-0.000042,52.851681
dec,96,fbis.wc.npz,tabular,0.255556,0.102332,0.054249,94.291058
dec,97,mfeat-fourier.npz,tabular,0.566800,0.541332,0.412367,84.625779
dec,98,vehicle.npz,tabular,0.403467,0.138308,0.108670,27.826332
dec,99,micro-mass.npz,tabular,0.395556,0.423683,0.202097,12.359667
dec,100,ISOLET.npz,tabular,0.457843,0.623165,0.360388,221.483282
dec,101,poker-hand.npz,tabular,0.513420,0.000315,0.000674,324.942735
dec,102,tamilnadu-electricity.npz,tabular,0.068460,0.006162,-0.000044,442.397913
dec,103,mnist64.npz,image,0.585767,0.533632,0.445060,55.323725
dec,104,MNIST_CLIP.npz,image,0.612865,0.567625,0.459360,278.293413
dec,105,fashion_mnist.npz,image,0.436600,0.431091,0.295869,132.795847
dec,106,FashionMNIST_CLIP.npz,image,0.635300,0.661157,0.528398,384.618201
dec,107,cifar10.npz,image,0.171487,0.043980,0.017296,93.914714
dec,108,CIFAR10_CLIP.npz,image,0.748980,0.709883,0.614974,276.363809
dec,109,coil20.npz,image,0.607639,0.744018,0.536065,39.370113
dec,110,COIL20_CLIP.npz,image,0.760417,0.897773,0.726413,39.651419
dec,111,labeled_faces_in_the_wild.npz,image,0.522000,0.001729,0.001881,81.698127
dec,112,flickr_material_database.npz,image,0.175326,0.049552,0.014991,50.690999
dec,113,street_view_house_numbers.npz,image,0.155464,0.030063,-0.000404,23.461458
dec,114,har.npz,image,0.559184,0.591915,0.496335,22.214734
dec,115,Indian_pines.npz,image,0.510800,0.456060,0.265553,228.342542
dec,116,satellite_image.npz,image,0.590210,0.443043,0.385163,172.417065
dec,117,olivetti_faces.npz,image,0.390500,0.629627,0.210479,34.350138
dec,118,PCam.npz,image,0.225556,0.126643,0.055318,55.559766
dec,119,cnae9.npz,text,0.586523,0.033199,0.044880,145.417284
dec,120,imdb.npz,text,0.497920,0.005156,0.001889,90.691459
dec,121,hate_speech.npz,text,0.538210,0.005050,0.006293,75.012743
dec,122,sentiment_labeld_sentences.npz,text,0.926148,0.410708,0.590280,25.544764
dec,123,sms_spam_collection.npz,text,0.483112,0.382709,0.273731,322.937295
dec,124,wos.npz,text,0.898290,0.630390,0.676693,398.814229
dec,125,enron.npz,text,0.695833,0.404754,0.353310,270.643985
dec,126,reuters.npz,text,0.109098,0.079838,0.022028,307.261808
dec,127,20newsgroups.npz,text,0.579334,0.393965,0.384196,328.224411
dec,128,Mouse_retina.npz,bioinfo,0.184229,0.038786,0.061404,1247.323945
dec,129,Campbell.npz,bioinfo,0.630900,0.065283,0.071562,572.407701
dec,130,Baron Human.npz,bioinfo,0.221796,0.066785,0.037106,1052.914806
divc,0,echocardiogram.npz,tabular,0.803279,0.312176,0.360856,2.888024
divc,1,skillcraft1_master_table_dataset.npz,tabular,0.295792,0.144812,0.080537,74.775888
divc,2,breast_cancer_wisconsin_original.npz,tabular,0.970717,0.802757,0.885372,19.132884
divc,3,smoker_condition.npz,tabular,0.993083,0.938814,0.972446,23.432762
divc,4,glass_identification.npz,tabular,0.453271,0.382189,0.241049,6.725561
divc,5,statlog_image_segmentation.npz,tabular,0.646320,0.644326,0.520985,50.470078
divc,6,planning_relax.npz,tabular,0.549451,0.006833,0.005101,4.399829
divc,7,customer_classification.npz,tabular,0.331400,0.022002,0.018731,30.541229
divc,8,pima_indians_diabetes_database.npz,tabular,0.688802,0.116752,0.141525,16.829216
divc,9,mobile_price_classification.npz,tabular,0.323500,0.039933,0.033500,42.735676
divc,10,spambase.npz,tabular,0.628776,0.050670,0.066134,101.928307
divc,11,rice_seed_gonen_jasmine.npz,tabular,0.978358,0.854241,0.915468,309.376322
divc,12,heart_attack_analysis_prediction_dataset.npz,tabular,0.782178,0.240626,0.316188,8.792619
divc,13,user_knowledge_modeling.npz,tabular,0.422481,0.282975,0.193090,6.971612
divc,14,world12d.npz,tabular,0.840000,0.734180,0.749428,4.383220
divc,15,pumpkin_seeds.npz,tabular,0.852800,0.397789,0.497666,54.756143
divc,16,iris.npz,tabular,0.840000,0.685151,0.633486,4.684356
divc,17,wine.npz,tabular,0.977528,0.910853,0.929490,4.984206
divc,18,letter_recognition.npz,tabular,0.259508,0.341210,0.138555,296.739438
divc,19,mammographic_mass.npz,tabular,0.795181,0.286423,0.347746,19.588474
divc,20,breast_tissue.npz,tabular,0.650943,0.540239,0.415036,4.203039
divc,21,hepatitis.npz,tabular,0.725000,0.201352,0.185698,2.320253
divc,22,predicting_pulsar_star.npz,tabular,0.699105,0.143813,0.132359,219.316703
divc,23,breast_cancer_wisconsin_prognostic.npz,tabular,0.927944,0.612076,0.731025,13.173841
divc,24,wireless_indoor_localization.npz,tabular,0.956600,0.872853,0.891090,45.233079
divc,25,date_fruit.npz,tabular,0.630512,0.603691,0.533725,22.293208
divc,26,zoo.npz,tabular,0.762376,0.796877,0.671131,4.304888
divc,27,htru2.npz,tabular,0.651645,0.111911,0.078148,234.520945
divc,28,ionosphere.npz,tabular,0.730484,0.189912,0.214881,9.928585
divc,29,music_genre_classification.npz,tabular,0.332000,0.278018,0.146851,22.122124
divc,30,spectf_heart.npz,tabular,0.750000,0.221393,0.241260,2.340604
divc,31,rice_dataset_cammeo_and_osmancik.npz,tabular,0.914436,0.590625,0.686925,85.509023
divc,32,ph_recognition.npz,tabular,0.615926,0.634235,0.440085,16.238922
divc,33,banknote_authentication.npz,tabular,0.709913,0.157170,0.175358,34.705347
divc,34,wine_quality.npz,tabular,0.391545,0.034912,0.030159,114.080543
divc,35,cardiovascular_study.npz,tabular,0.604100,0.016918,0.023675,70.679529
divc,36,statlog_german_credit.npz,tabular,0.576000,0.028949,0.021721,23.171111
divc,37,boston.npz,tabular,0.850649,0.654173,0.639451,4.747184
divc,38,seismic_bumps.npz,tabular,0.559443,0.012089,0.007322,17.840568
divc,39,dry_bean.npz,tabular,0.651996,0.617264,0.504115,217.477628
divc,40,credit_risk_classification.npz,tabular,0.576844,0.005041,0.006195,23.096672
divc,41,epileptic_seizure_recognition.npz,tabular,0.295478,0.071993,0.054169,126.509495
divc,42,website_phishing.npz,tabular,0.597044,0.223857,0.268646,33.305429
divc,43,optical_recognition_of_handwritten_digits.npz,tabular,0.661784,0.623722,0.524077,88.145307
divc,44,siberian_weather_stats.npz,tabular,0.254442,0.086207,0.022243,34.056524
divc,45,orbit_classification_for_prediction_nasa.npz,tabular,0.583972,0.067945,0.030492,44.937066
divc,46,magic_gamma_telescope.npz,tabular,0.639364,0.062114,0.088462,230.219398
divc,47,raisin.npz,tabular,0.866667,0.437985,0.537265,19.900341
divc,48,patient_treatment_classification.npz,tabular,0.608930,0.040214,0.052772,108.025195
divc,49,fetal_health_classification.npz,tabular,0.636218,0.066249,0.056792,52.457509
divc,50,dermatology.npz,tabular,0.689944,0.840811,0.687454,9.416827
divc,51,secom.npz,tabular,0.591321,0.004357,0.002628,37.927236
divc,52,paris_housing_classification.npz,tabular,0.722960,0.021385,0.017086,238.761590
divc,53,seeds.npz,tabular,0.919048,0.733455,0.776905,7.494398
divc,54,wine_customer.npz,tabular,0.966292,0.898543,0.903367,5.287490
divc,55,crowdsourced_mapping.npz,tabular,0.454236,0.257254,0.154625,220.230196
divc,56,durum_wheat_features.npz,tabular,0.913000,0.701160,0.759974,198.053349
divc,57,classification_in_asteroseismology.npz,tabular,0.904096,0.581500,0.648989,24.427048
divc,58,birds_bones_and_living_habits.npz,tabular,0.458596,0.268718,0.242411,11.578716
divc,59,microbes.npz,tabular,0.198099,0.084111,0.034006,219.126766
divc,60,image_segmentation.npz,tabular,0.656190,0.603754,0.482136,7.641774
divc,61,water_quality.npz,tabular,0.560219,0.001923,0.007836,52.763649
divc,62,insurance_company_benchmark.npz,tabular,0.767468,0.005419,0.009347,144.206471
divc,63,harbermans_survival.npz,tabular,0.606536,0.006930,0.007760,9.711017
divc,64,yeast.npz,tabular,0.366415,0.223669,0.124290,36.235483
divc,65,heart_disease.npz,tabular,0.358249,0.208927,0.138317,7.353057
divc,66,ecoli.npz,tabular,0.620183,0.570400,0.470273,9.816903
divc,67,extyaleb.npz,tabular,0.481505,0.281318,0.200366,9.760993
divc,68,breast_cancer_coimbra.npz,tabular,0.579310,0.022702,0.018860,4.992071
divc,69,student_grade.npz,tabular,0.721519,0.172997,0.194448,8.734592
divc,70,human_stress_detection.npz,tabular,0.929535,0.827460,0.817247,45.345550
divc,71,fraud_detection_bank.npz,tabular,0.649285,0.071825,0.096930,234.807580
divc,72,pen_based_recognition_of_handwritten_digits.npz,tabular,0.725113,0.704124,0.591903,167.456797
divc,73,diabetic_retinopathy_debrecen.npz,tabular,0.599479,0.027105,0.038696,27.933939
divc,74,pistachio.npz,tabular,0.832868,0.363174,0.442950,48.936333
divc,75,turkish_music_emotion.npz,tabular,0.530000,0.265683,0.221629,8.580639
divc,76,parkinsons.npz,tabular,0.693333,0.218727,0.145672,4.692694
divc,77,weather.npz,tabular,1.000000,1.000000,1.000000,9.150120
divc,78,blood_transfusion_service_center.npz,tabular,0.585561,0.034519,0.033040,18.149402
divc,79,mfeat-karhunen.npz,tabular,0.608500,0.529629,0.396597,44.915021
divc,80,mfeat-factors.npz,tabular,0.691000,0.618263,0.514996,46.485734
divc,81,wall-robot-navigation.npz,tabular,0.423204,0.123068,0.066177,119.399821
divc,82,Waveform.npz,tabular,0.689760,0.366494,0.343775,122.486673
divc,83,gas-drift.npz,tabular,0.525000,0.336028,0.278068,217.552255
divc,84,mfeat-morphological.npz,tabular,0.638000,0.663583,0.528877,43.841015
divc,85,JapaneseVowels.npz,tabular,0.388816,0.346537,0.228743,231.592769
divc,86,rmftsa_sleepdata.npz,tabular,0.373633,0.040189,0.031900,24.611808
divc,87,first-order-theorem-proving.npz,tabular,0.417457,0.000000,0.000000,131.656232
divc,88,gina_prior2.npz,tabular,0.429931,0.391395,0.253568,80.243132
divc,89,fabert.npz,tabular,0.214277,0.046443,0.029467,178.878482
divc,90,dilbert.npz,tabular,0.374500,0.187727,0.139017,237.497152
divc,91,synthetic_control.npz,tabular,0.938333,0.879957,0.860408,12.852087
divc,92,Drug Consumption.npz,tabular,0.357347,0.002836,0.002085,38.473134
divc,93,shuttle.npz,tabular,0.695700,0.208956,0.150124,221.096881
divc,94,tr45.wc.npz,tabular,0.337278,0.242807,0.157809,18.564034
divc,95,steel-plates-fault.npz,tabular,0.601030,0.033686,0.040310,44.227898
divc,96,fbis.wc.npz,tabular,0.303279,0.276718,0.156373,54.211610
divc,97,mfeat-fourier.npz,tabular,0.516000,0.447789,0.342618,44.857918
divc,98,vehicle.npz,tabular,0.401891,0.159112,0.113110,20.168714
divc,99,micro-mass.npz,tabular,0.591667,0.690209,0.471239,9.449382
divc,100,ISOLET.npz,tabular,0.418110,0.535741,0.290702,173.175853
divc,101,poker-hand.npz,tabular,0.514360,0.000167,0.000329,217.934702
divc,102,tamilnadu-electricity.npz,tabular,0.068940,0.006589,0.000085,213.123733
divc,103,mnist64.npz,image,0.881701,0.776739,0.751259,25.959324
divc,104,MNIST_CLIP.npz,image,0.530912,0.438177,0.352537,221.727642
divc,105,fashion_mnist.npz,image,0.486333,0.457855,0.302520,69.576427
divc,106,FashionMNIST_CLIP.npz,image,0.683200,0.643808,0.547529,223.065486
divc,107,cifar10.npz,image,0.204615,0.064871,0.032375,75.923584
divc,108,CIFAR10_CLIP.npz,image,0.708100,0.627980,0.556900,221.360678
divc,109,coil20.npz,image,0.646806,0.726110,0.551282,33.639443
divc,110,COIL20_CLIP.npz,image,0.868750,0.907746,0.808280,34.694386
divc,111,labeled_faces_in_the_wild.npz,image,0.519091,0.001052,0.001004,57.204452
divc,112,flickr_material_database.npz,image,0.325777,0.243729,0.131222,23.025190
divc,113,street_view_house_numbers.npz,image,0.164481,0.037852,0.006275,18.077004
divc,114,har.npz,image,0.513469,0.464738,0.306035,18.115871
divc,115,Indian_pines.npz,image,0.440393,0.377099,0.226121,198.330137
divc,116,satellite_image.npz,image,0.736286,0.617098,0.551010,145.487735
divc,117,olivetti_faces.npz,image,0.480500,0.691462,0.320087,9.821586
divc,118,PCam.npz,image,0.329444,0.220576,0.135051,25.036707
divc,119,cnae9.npz,text,0.600923,0.029592,0.040447,74.179384
divc,120,imdb.npz,text,0.653337,0.010023,0.009885,73.287546
divc,121,hate_speech.npz,text,0.525837,0.004765,0.002478,61.283756
divc,122,sentiment_labeld_sentences.npz,text,0.663473,0.142477,0.101413,19.978215
divc,123,sms_spam_collection.npz,text,0.413324,0.293627,0.200626,231.881271
divc,124,wos.npz,text,0.973797,0.850619,0.897926,246.196220
divc,125,enron.npz,text,0.751673,0.371353,0.401914,158.988711
divc,126,reuters.npz,text,0.135122,0.112350,0.035162,240.547506
divc,127,20newsgroups.npz,text,0.417026,0.393156,0.190316,208.891948
divc,128,Mouse_retina.npz,bioinfo,0.188532,0.306436,0.137705,413.759845
divc,129,Campbell.npz,bioinfo,0.535250,0.003718,0.004722,150.682907
divc,130,Baron Human.npz,bioinfo,0.349308,0.324617,0.166983,306.684907
dmicc,0,echocardiogram.npz,tabular,0.865574,0.414807,0.520537,4.610665
dmicc,1,skillcraft1_master_table_dataset.npz,tabular,0.320194,0.160761,0.103680,137.717276
dmicc,2,breast_cancer_wisconsin_original.npz,tabular,0.970132,0.804378,0.883195,24.462388
dmicc,3,smoker_condition.npz,tabular,0.974308,0.838324,0.900260,38.400443
dmicc,4,glass_identification.npz,tabular,0.464486,0.347100,0.213441,11.328240
dmicc,5,statlog_image_segmentation.npz,tabular,0.608658,0.565075,0.459431,85.428938
dmicc,6,planning_relax.npz,tabular,0.575824,0.004152,0.001534,8.304933
dmicc,7,customer_classification.npz,tabular,0.331200,0.031025,0.026193,43.075521
dmicc,8,pima_indians_diabetes_database.npz,tabular,0.691406,0.096368,0.141255,32.969358
dmicc,9,mobile_price_classification.npz,tabular,0.340200,0.041397,0.036039,74.649777
dmicc,10,spambase.npz,tabular,0.698631,0.132701,0.179145,194.838935
dmicc,11,rice_seed_gonen_jasmine.npz,tabular,0.966697,0.800765,0.871681,385.827785
dmicc,12,heart_attack_analysis_prediction_dataset.npz,tabular,0.790759,0.259822,0.336571,15.872026
dmicc,13,user_knowledge_modeling.npz,tabular,0.479845,0.214949,0.167337,11.642874
dmicc,14,world12d.npz,tabular,0.817333,0.750656,0.746455,11.669361
dmicc,15,pumpkin_seeds.npz,tabular,0.801680,0.289024,0.368051,82.549299
dmicc,16,iris.npz,tabular,0.844000,0.717747,0.682994,8.119334
dmicc,17,wine.npz,tabular,0.893258,0.723825,0.718594,8.164876
dmicc,18,letter_recognition.npz,tabular,0.205604,0.263870,0.093367,376.376673
dmicc,19,mammographic_mass.npz,tabular,0.801928,0.295921,0.364089,32.531941
dmicc,20,breast_tissue.npz,tabular,0.615094,0.546464,0.424194,8.069778
dmicc,21,hepatitis.npz,tabular,0.710000,0.148642,0.185466,4.914095
dmicc,22,predicting_pulsar_star.npz,tabular,0.824178,0.258427,0.366379,402.253591
dmicc,23,breast_cancer_wisconsin_prognostic.npz,tabular,0.915290,0.573356,0.690002,22.622971
dmicc,24,wireless_indoor_localization.npz,tabular,0.905700,0.766538,0.783908,83.603823
dmicc,25,date_fruit.npz,tabular,0.709577,0.640490,0.646576,35.031183
dmicc,26,zoo.npz,tabular,0.813861,0.824505,0.761324,8.359332
dmicc,27,htru2.npz,tabular,0.845725,0.266272,0.395451,389.778259
dmicc,28,ionosphere.npz,tabular,0.719658,0.159558,0.191848,15.393464
dmicc,29,music_genre_classification.npz,tabular,0.355600,0.277077,0.174506,41.011265
dmicc,30,spectf_heart.npz,tabular,0.747500,0.224975,0.259681,4.641546
dmicc,31,rice_dataset_cammeo_and_osmancik.npz,tabular,0.899843,0.531327,0.639500,150.039126
dmicc,32,ph_recognition.npz,tabular,0.573047,0.612522,0.407443,28.630092
dmicc,33,banknote_authentication.npz,tabular,0.675364,0.120480,0.161298,52.768653
dmicc,34,wine_quality.npz,tabular,0.347794,0.053454,0.032639,190.428375
dmicc,35,cardiovascular_study.npz,tabular,0.776700,0.022012,0.094111,110.043175
dmicc,36,statlog_german_credit.npz,tabular,0.595600,0.014233,0.031918,38.082352
dmicc,37,boston.npz,tabular,0.803896,0.562805,0.547023,7.103674
dmicc,38,seismic_bumps.npz,tabular,0.721981,0.006648,0.018886,24.419745
dmicc,39,dry_bean.npz,tabular,0.656057,0.616404,0.519136,376.772933
dmicc,40,credit_risk_classification.npz,tabular,0.601434,0.002651,-0.000520,42.144248
dmicc,41,epileptic_seizure_recognition.npz,tabular,0.416243,0.244054,0.205768,190.255191
dmicc,42,website_phishing.npz,tabular,0.675831,0.268620,0.326671,52.410160
dmicc,43,optical_recognition_of_handwritten_digits.npz,tabular,0.591263,0.524878,0.413767,150.236814
dmicc,44,siberian_weather_stats.npz,tabular,0.257285,0.081989,0.024960,56.496440
dmicc,45,orbit_classification_for_prediction_nasa.npz,tabular,0.523810,0.086281,0.049499,70.985481
dmicc,46,magic_gamma_telescope.npz,tabular,0.643484,0.067707,0.094121,414.420629
dmicc,47,raisin.npz,tabular,0.835333,0.398744,0.451872,36.955330
dmicc,48,patient_treatment_classification.npz,tabular,0.613962,0.029483,0.054080,170.259461
dmicc,49,fetal_health_classification.npz,tabular,0.596143,0.166403,0.177607,81.031172
dmicc,50,dermatology.npz,tabular,0.835754,0.788420,0.768071,15.938450
dmicc,51,secom.npz,tabular,0.817103,0.008973,0.055378,63.466814
dmicc,52,paris_housing_classification.npz,tabular,0.761000,0.000068,-0.000671,346.115042
dmicc,53,seeds.npz,tabular,0.892381,0.709126,0.720630,11.880471
dmicc,54,wine_customer.npz,tabular,0.898876,0.719115,0.726979,7.203280
dmicc,55,crowdsourced_mapping.npz,tabular,0.485806,0.213217,0.145763,387.511108
dmicc,56,durum_wheat_features.npz,tabular,0.806556,0.525432,0.527787,387.723033
dmicc,57,classification_in_asteroseismology.npz,tabular,0.915684,0.607632,0.687404,35.674672
dmicc,58,birds_bones_and_living_habits.npz,tabular,0.465375,0.270592,0.275980,23.783430
dmicc,59,microbes.npz,tabular,0.197779,0.086656,0.035606,399.540874
dmicc,60,image_segmentation.npz,tabular,0.582857,0.595205,0.440057,19.328806
dmicc,61,water_quality.npz,tabular,0.547290,0.003704,0.005499,67.050820
dmicc,62,insurance_company_benchmark.npz,tabular,0.760907,0.000107,0.002957,190.007846
dmicc,63,harbermans_survival.npz,tabular,0.626144,0.027795,0.055316,14.205174
dmicc,64,yeast.npz,tabular,0.357642,0.236641,0.130430,57.470981
dmicc,65,heart_disease.npz,tabular,0.428283,0.195912,0.189921,10.630212
dmicc,66,ecoli.npz,tabular,0.702752,0.561800,0.588474,15.736668
dmicc,67,extyaleb.npz,tabular,0.463950,0.245492,0.152419,14.164013
dmicc,68,breast_cancer_coimbra.npz,tabular,0.579310,0.039635,0.021674,7.062607
dmicc,69,student_grade.npz,tabular,0.796962,0.306199,0.351289,18.148621
dmicc,70,human_stress_detection.npz,tabular,0.805597,0.684772,0.619027,78.473056
dmicc,71,fraud_detection_bank.npz,tabular,0.710231,0.060815,0.121686,377.805214
dmicc,72,pen_based_recognition_of_handwritten_digits.npz,tabular,0.637337,0.587932,0.464889,289.246995
dmicc,73,diabetic_retinopathy_debrecen.npz,tabular,0.579496,0.022330,0.025937,39.374785
dmicc,74,pistachio.npz,tabular,0.717318,0.176160,0.219892,92.361726
dmicc,75,turkish_music_emotion.npz,tabular,0.538000,0.245280,0.213109,19.918546
dmicc,76,parkinsons.npz,tabular,0.669744,0.210295,0.109098,6.713318
dmicc,77,weather.npz,tabular,1.000000,1.000000,1.000000,17.046149
dmicc,78,blood_transfusion_service_center.npz,tabular,0.640909,0.034751,0.058014,26.859592
dmicc,79,mfeat-karhunen.npz,tabular,0.467900,0.364295,0.251196,88.100879
dmicc,80,mfeat-factors.npz,tabular,0.731200,0.641158,0.550207,86.719064
dmicc,81,wall-robot-navigation.npz,tabular,0.398644,0.092174,0.053494,205.303964
dmicc,82,Waveform.npz,tabular,0.596840,0.335639,0.311548,167.113270
dmicc,83,gas-drift.npz,tabular,0.447220,0.284686,0.202548,372.923281
dmicc,84,mfeat-morphological.npz,tabular,0.612900,0.641731,0.501159,67.722817
dmicc,85,JapaneseVowels.npz,tabular,0.277884,0.185243,0.104743,374.421129
dmicc,86,rmftsa_sleepdata.npz,tabular,0.376367,0.055392,0.047459,42.023724
dmicc,87,first-order-theorem-proving.npz,tabular,0.304119,0.033693,0.029064,238.699662
dmicc,88,gina_prior2.npz,tabular,0.401499,0.327300,0.219752,142.289477
dmicc,89,fabert.npz,tabular,0.210853,0.012360,0.009074,283.880146
dmicc,90,dilbert.npz,tabular,0.353640,0.101739,0.078081,395.012358
dmicc,91,synthetic_control.npz,tabular,0.809000,0.781941,0.693539,23.103822
dmicc,92,Drug Consumption.npz,tabular,0.328188,0.006215,0.008321,66.684266
dmicc,93,shuttle.npz,tabular,0.796460,0.221780,0.292533,338.914586
dmicc,94,tr45.wc.npz,tabular,0.289349,0.157727,0.086763,35.371906
dmicc,95,steel-plates-fault.npz,tabular,0.639670,0.077911,0.077542,76.607382
dmicc,96,fbis.wc.npz,tabular,0.358106,0.302642,0.181656,104.468725
dmicc,97,mfeat-fourier.npz,tabular,0.467400,0.409796,0.279681,79.623971
dmicc,98,vehicle.npz,tabular,0.397400,0.118305,0.096539,39.990457
dmicc,99,micro-mass.npz,tabular,0.552778,0.620445,0.399915,16.538933
dmicc,100,ISOLET.npz,tabular,0.359831,0.484319,0.241817,311.560535
dmicc,101,poker-hand.npz,tabular,0.528980,0.000044,0.000252,328.797868
dmicc,102,tamilnadu-electricity.npz,tabular,0.073600,0.007228,-0.000020,331.700837
dmicc,103,mnist64.npz,image,0.795194,0.665592,0.625101,40.717985
dmicc,104,MNIST_CLIP.npz,image,0.491477,0.395072,0.301055,388.482519
dmicc,105,fashion_mnist.npz,image,0.509000,0.471375,0.320080,117.212258
dmicc,106,FashionMNIST_CLIP.npz,image,0.552020,0.541394,0.418789,375.266889
dmicc,107,cifar10.npz,image,0.210154,0.066531,0.033349,142.143243
dmicc,108,CIFAR10_CLIP.npz,image,0.509000,0.460459,0.321271,382.976948
dmicc,109,coil20.npz,image,0.574028,0.687308,0.477043,70.052447
dmicc,110,COIL20_CLIP.npz,image,0.742083,0.836771,0.669809,76.062949
dmicc,111,labeled_faces_in_the_wild.npz,image,0.531000,0.003190,0.003746,89.219792
dmicc,112,flickr_material_database.npz,image,0.265396,0.154464,0.079753,39.229563
dmicc,113,street_view_house_numbers.npz,image,0.162842,0.034191,0.002758,31.807575
dmicc,114,har.npz,image,0.531429,0.511747,0.368436,30.360722
dmicc,115,Indian_pines.npz,image,0.525762,0.448744,0.300769,408.578547
dmicc,116,satellite_image.npz,image,0.709557,0.590190,0.511594,249.816499
dmicc,117,olivetti_faces.npz,image,0.424000,0.661372,0.271362,19.090821
dmicc,118,PCam.npz,image,0.330556,0.198030,0.119159,45.296327
dmicc,119,cnae9.npz,text,0.576431,0.022378,0.029439,137.590690
dmicc,120,imdb.npz,text,0.558833,0.026430,0.050976,115.749565
dmicc,121,hate_speech.npz,text,0.540029,0.009298,0.009407,97.363442
dmicc,122,sentiment_labeld_sentences.npz,text,0.729341,0.093813,0.045537,37.490174
dmicc,123,sms_spam_collection.npz,text,0.368631,0.281912,0.176165,406.847115
dmicc,124,wos.npz,text,0.890309,0.593250,0.625795,389.015944
dmicc,125,enron.npz,text,0.726490,0.390618,0.415080,346.717276
dmicc,126,reuters.npz,text,0.128976,0.096399,0.030995,368.010569
dmicc,127,20newsgroups.npz,text,0.694852,0.440486,0.542942,299.295831
dmicc,128,Mouse_retina.npz,bioinfo,0.259882,0.303573,0.280734,560.992840
dmicc,129,Campbell.npz,bioinfo,0.609750,0.047221,0.060567,197.982940
dmicc,130,Baron Human.npz,bioinfo,0.331795,0.330084,0.174383,494.253306
dscn,0,echocardiogram.npz,tabular,0.773770,0.193199,0.236877,1.942125
dscn,1,skillcraft1_master_table_dataset.npz,tabular,0.257463,0.094988,0.041097,99.336073
dscn,2,breast_cancer_wisconsin_original.npz,tabular,0.927086,0.652722,0.729797,13.411604
dscn,3,smoker_condition.npz,tabular,0.904150,0.676512,0.727376,12.272155
dscn,4,glass_identification.npz,tabular,0.464486,0.339510,0.197973,3.257112
dscn,5,statlog_image_segmentation.npz,tabular,0.420433,0.413545,0.215256,93.359559
dscn,6,planning_relax.npz,tabular,0.723077,0.029947,0.031807,5.960595
dscn,7,customer_classification.npz,tabular,0.319800,0.016929,0.014155,14.923458
dscn,8,pima_indians_diabetes_database.npz,tabular,0.611198,0.085794,0.026004,10.924180
dscn,9,mobile_price_classification.npz,tabular,0.306000,0.020071,0.011554,34.876726
dscn,10,spambase.npz,tabular,0.599913,0.008558,-0.002902,192.212359
dscn,11,rice_seed_gonen_jasmine.npz,tabular,0.975138,0.842456,0.903490,806.533675
dscn,12,heart_attack_analysis_prediction_dataset.npz,tabular,0.737954,0.213410,0.241187,4.280356
dscn,13,user_knowledge_modeling.npz,tabular,0.534884,0.275436,0.209497,4.329073
dscn,14,world12d.npz,tabular,0.677333,0.535408,0.477390,12.738767
dscn,15,pumpkin_seeds.npz,tabular,0.823200,0.330434,0.418753,44.916248
dscn,16,iris.npz,tabular,0.598667,0.412859,0.317508,4.076734
dscn,17,wine.npz,tabular,0.825843,0.567825,0.550477,3.301899
dscn,18,letter_recognition.npz,tabular,0.374800,0.484527,0.079058,757.876798
dscn,19,mammographic_mass.npz,tabular,0.723373,0.188234,0.213981,9.042841
dscn,20,breast_tissue.npz,tabular,0.405660,0.329558,0.173191,2.662364
dscn,21,hepatitis.npz,tabular,0.822500,0.122525,0.196810,2.580821
dscn,22,predicting_pulsar_star.npz,tabular,0.701952,0.108266,0.104249,382.810301
dscn,23,breast_cancer_wisconsin_prognostic.npz,tabular,0.933919,0.638990,0.752328,4.047010
dscn,24,wireless_indoor_localization.npz,tabular,0.737400,0.738700,0.654513,21.672037
dscn,25,date_fruit.npz,tabular,0.665702,0.593451,0.563718,8.353089
dscn,26,zoo.npz,tabular,0.574257,0.454642,0.370919,9.388072
dscn,27,htru2.npz,tabular,0.794779,0.108074,0.148653,491.816291
dscn,28,ionosphere.npz,tabular,0.621083,0.039563,0.056584,2.539611
dscn,29,music_genre_classification.npz,tabular,0.362000,0.285332,0.170423,8.589783
dscn,30,spectf_heart.npz,tabular,0.585000,0.081409,0.029430,1.331367
dscn,31,rice_dataset_cammeo_and_osmancik.npz,tabular,0.880735,0.493975,0.582208,77.150172
dscn,32,ph_recognition.npz,tabular,0.470444,0.559273,0.321164,11.535850
dscn,33,banknote_authentication.npz,tabular,0.660204,0.235159,0.127828,15.286641
dscn,34,wine_quality.npz,tabular,0.411328,0.032166,0.016681,130.153058
dscn,35,cardiovascular_study.npz,tabular,0.844209,0.007447,0.029231,61.440537
dscn,36,statlog_german_credit.npz,tabular,0.676400,0.005873,0.018334,10.077360
dscn,37,boston.npz,tabular,0.658442,0.360940,0.330237,2.065925
dscn,38,seismic_bumps.npz,tabular,0.922910,0.003295,-0.010662,9.333560
dscn,39,dry_bean.npz,tabular,0.782635,0.637278,0.581490,1048.799220
dscn,40,credit_risk_classification.npz,tabular,0.769057,0.000114,-0.004945,11.496012
dscn,41,epileptic_seizure_recognition.npz,tabular,0.253287,0.103184,0.013467,162.018186
dscn,42,website_phishing.npz,tabular,0.663415,0.221781,0.270700,13.661963
dscn,43,optical_recognition_of_handwritten_digits.npz,tabular,0.336647,0.395582,0.145079,175.655972
dscn,44,siberian_weather_stats.npz,tabular,0.326937,0.056575,0.003182,20.003477
dscn,45,orbit_classification_for_prediction_nasa.npz,tabular,0.488037,0.088168,0.035773,21.155984
dscn,46,magic_gamma_telescope.npz,tabular,0.557396,0.013140,-0.011657,550.350417
dscn,47,raisin.npz,tabular,0.754667,0.295337,0.288271,4.527622
dscn,48,patient_treatment_classification.npz,tabular,0.612466,0.020876,0.040246,100.902013
dscn,49,fetal_health_classification.npz,tabular,0.733866,0.069009,0.103379,36.767651
dscn,50,dermatology.npz,tabular,0.820112,0.705360,0.677291,4.936184
dscn,51,secom.npz,tabular,0.927632,0.005232,0.027797,16.973989
dscn,52,paris_housing_classification.npz,tabular,0.630360,0.146589,0.066819,720.101640
dscn,53,seeds.npz,tabular,0.755238,0.450351,0.465172,2.756635
dscn,54,wine_customer.npz,tabular,0.866292,0.652454,0.645972,2.926866
dscn,55,crowdsourced_mapping.npz,tabular,0.717515,0.194769,0.165863,873.339318
dscn,56,durum_wheat_features.npz,tabular,0.596711,0.469158,0.357729,713.472515
dscn,57,classification_in_asteroseismology.npz,tabular,0.860539,0.400491,0.495253,86.732597
dscn,58,birds_bones_and_living_habits.npz,tabular,0.483777,0.271367,0.230161,9.864735
dscn,59,microbes.npz,tabular,0.236278,0.077461,0.033052,937.083409
dscn,60,image_segmentation.npz,tabular,0.540952,0.490497,0.324331,8.410491
dscn,61,water_quality.npz,tabular,0.596619,0.007851,0.018171,16.551840
dscn,62,insurance_company_benchmark.npz,tabular,0.929028,0.007380,0.041810,150.865126
dscn,63,harbermans_survival.npz,tabular,0.708497,0.035672,0.065527,2.430778
dscn,64,yeast.npz,tabular,0.449075,0.202483,0.119049,13.548284
dscn,65,heart_disease.npz,tabular,0.433670,0.182323,0.144554,2.778435
dscn,66,ecoli.npz,tabular,0.746177,0.531784,0.572659,4.703897
dscn,67,extyaleb.npz,tabular,0.895925,0.824450,0.801862,2.586205
dscn,68,breast_cancer_coimbra.npz,tabular,0.634483,0.076306,0.074310,2.539568
dscn,69,student_grade.npz,tabular,0.711392,0.088183,0.135882,2.354146
dscn,70,human_stress_detection.npz,tabular,0.742029,0.571233,0.495903,48.737912
dscn,71,fraud_detection_bank.npz,tabular,0.736114,0.007934,0.012859,571.097388
dscn,72,pen_based_recognition_of_handwritten_digits.npz,tabular,0.693622,0.691476,0.562525,478.765697
dscn,73,diabetic_retinopathy_debrecen.npz,tabular,0.542659,0.009495,0.005211,9.937497
dscn,74,pistachio.npz,tabular,0.789851,0.298949,0.345325,33.450050
dscn,75,turkish_music_emotion.npz,tabular,0.511500,0.253218,0.223202,2.690023
dscn,76,parkinsons.npz,tabular,0.760000,0.086772,0.138586,1.948794
dscn,77,weather.npz,tabular,0.733699,0.723836,0.572118,9.304775
dscn,78,blood_transfusion_service_center.npz,tabular,0.737968,0.014579,0.052130,6.517344
dscn,79,mfeat-karhunen.npz,tabular,0.826400,0.792970,0.732619,30.768988
dscn,80,mfeat-factors.npz,tabular,0.908600,0.829162,0.808246,30.816803
dscn,81,wall-robot-navigation.npz,tabular,0.411657,0.068983,0.049358,233.320176
dscn,82,Waveform.npz,tabular,0.514960,0.183308,0.180396,112.087795
dscn,83,gas-drift.npz,tabular,0.390220,0.271143,0.113005,702.739973
dscn,84,mfeat-morphological.npz,tabular,0.504400,0.579829,0.357549,82.300626
dscn,85,JapaneseVowels.npz,tabular,0.740488,0.652387,0.574314,497.616238
dscn,86,rmftsa_sleepdata.npz,tabular,0.394727,0.038573,0.033178,9.321997
dscn,87,first-order-theorem-proving.npz,tabular,0.394083,0.033409,0.005454,398.488554
dscn,88,gina_prior2.npz,tabular,0.260496,0.267317,0.072215,57.450354
dscn,89,fabert.npz,tabular,0.237368,0.013109,0.001883,757.832512
dscn,90,dilbert.npz,tabular,0.394000,0.164118,0.096486,442.883374
dscn,91,synthetic_control.npz,tabular,0.626333,0.614332,0.473501,4.663428
dscn,92,Drug Consumption.npz,tabular,0.425615,0.006785,0.006149,9.597296
dscn,93,shuttle.npz,tabular,0.846300,0.209455,0.267903,472.954767
dscn,94,tr45.wc.npz,tabular,0.265976,0.116692,0.024715,5.701614
dscn,95,steel-plates-fault.npz,tabular,0.584544,0.038473,-0.021084,13.675657
dscn,96,fbis.wc.npz,tabular,0.299818,0.149493,0.059241,30.289571
dscn,97,mfeat-fourier.npz,tabular,0.585700,0.571789,0.402416,58.076231
dscn,98,vehicle.npz,tabular,0.406147,0.185114,0.115894,3.564971
dscn,99,micro-mass.npz,tabular,0.506667,0.552882,0.350376,3.184120
dscn,100,ISOLET.npz,tabular,0.445530,0.656577,0.324662,1223.510453
dscn,101,poker-hand.npz,tabular,0.518900,0.000108,-0.000878,285.491498
dscn,102,tamilnadu-electricity.npz,tabular,0.070900,0.006380,0.000134,809.316338
dscn,103,mnist64.npz,image,0.606285,0.646318,0.500094,18.371406
dscn,104,MNIST_CLIP.npz,image,0.756202,0.705823,0.633041,464.973377
dscn,105,fashion_mnist.npz,image,0.541600,0.520867,0.356703,92.989075
dscn,106,FashionMNIST_CLIP.npz,image,0.598100,0.598830,0.432199,426.696247
dscn,107,cifar10.npz,image,0.244369,0.094723,0.050737,106.885523
dscn,108,CIFAR10_CLIP.npz,image,0.731200,0.637152,0.550314,550.955222
dscn,109,coil20.npz,image,0.527639,0.684312,0.374486,48.339475
dscn,110,COIL20_CLIP.npz,image,0.617778,0.788519,0.507879,56.599138
dscn,111,labeled_faces_in_the_wild.npz,image,0.519727,0.003943,0.001570,52.177418
dscn,112,flickr_material_database.npz,image,0.393581,0.322875,0.175824,18.815356
dscn,113,street_view_house_numbers.npz,image,0.181148,0.038768,0.001869,6.918553
dscn,114,har.npz,image,0.535510,0.520362,0.352628,10.265826
dscn,115,Indian_pines.npz,image,0.586250,0.447412,0.397942,330.215094
dscn,116,satellite_image.npz,image,0.651406,0.487823,0.419063,200.502847
dscn,117,olivetti_faces.npz,image,0.455000,0.677800,0.253022,6.284636
dscn,118,PCam.npz,image,0.565000,0.493276,0.367999,21.939522
dscn,119,cnae9.npz,text,0.561169,0.020085,0.020040,29.927170
dscn,120,imdb.npz,text,0.752934,0.056744,0.088175,133.593514
dscn,121,hate_speech.npz,text,0.524818,0.011339,0.002461,74.480747
dscn,122,sentiment_labeld_sentences.npz,text,0.855808,0.025941,0.014759,8.456909
dscn,123,sms_spam_collection.npz,text,0.444533,0.337275,0.251129,574.905888
dscn,124,wos.npz,text,0.524792,0.028981,0.010522,450.409515
dscn,125,enron.npz,text,0.654714,0.282889,0.319633,367.188684
dscn,126,reuters.npz,text,0.225403,0.214566,0.043559,668.338772
dscn,127,20newsgroups.npz,text,0.910417,0.705849,0.831904,345.830078
dscn,128,Mouse_retina.npz,bioinfo,0.429401,0.362621,0.284674,750.081395
dscn,129,Campbell.npz,bioinfo,0.551450,0.009014,0.010693,111.330623
dscn,130,Baron Human.npz,bioinfo,0.818365,0.742241,0.710017,403.821794
edesc,0,echocardiogram.npz,tabular,0.829508,0.402787,0.444767,3.754598
edesc,1,skillcraft1_master_table_dataset.npz,tabular,0.316016,0.150599,0.092752,32.249851
edesc,2,breast_cancer_wisconsin_original.npz,tabular,0.974817,0.832493,0.901066,4.978842
edesc,3,smoker_condition.npz,tabular,0.956324,0.795661,0.841697,3.361538
edesc,4,glass_identification.npz,tabular,0.447664,0.325836,0.179722,3.255505
edesc,5,statlog_image_segmentation.npz,tabular,0.544416,0.554915,0.422041,10.884791
edesc,6,planning_relax.npz,tabular,0.570330,0.003064,0.002939,3.680007
edesc,7,customer_classification.npz,tabular,0.343400,0.025551,0.023030,6.456454
edesc,8,pima_indians_diabetes_database.npz,tabular,0.641927,0.080454,0.089827,5.247521
edesc,9,mobile_price_classification.npz,tabular,0.298300,0.015110,0.011099,4.706068
edesc,10,spambase.npz,tabular,0.875897,0.470612,0.565168,25.502301
edesc,11,rice_seed_gonen_jasmine.npz,tabular,0.987579,0.906354,0.950923,30.459377
edesc,12,heart_attack_analysis_prediction_dataset.npz,tabular,0.751155,0.197201,0.259524,4.377648
edesc,13,user_knowledge_modeling.npz,tabular,0.478295,0.189278,0.155027,4.887833
edesc,14,world12d.npz,tabular,0.744000,0.660380,0.638058,2.734743
edesc,15,pumpkin_seeds.npz,tabular,0.783600,0.301471,0.380010,14.982463
edesc,16,iris.npz,tabular,0.818667,0.634614,0.594777,2.389671
edesc,17,wine.npz,tabular,0.928090,0.803531,0.801057,3.472834
edesc,18,letter_recognition.npz,tabular,0.309367,0.390765,0.172236,21.284271
edesc,19,mammographic_mass.npz,tabular,0.787711,0.267046,0.330661,5.681378
edesc,20,breast_tissue.npz,tabular,0.543396,0.579165,0.403006,3.901293
edesc,21,hepatitis.npz,tabular,0.730000,0.197413,0.193423,3.326618
edesc,22,predicting_pulsar_star.npz,tabular,0.844042,0.250057,0.371972,13.212817
edesc,23,breast_cancer_wisconsin_prognostic.npz,tabular,0.928295,0.633623,0.735863,4.606919
edesc,24,wireless_indoor_localization.npz,tabular,0.824000,0.700386,0.678143,4.478156
edesc,25,date_fruit.npz,tabular,0.710690,0.669473,0.626226,4.095915
edesc,26,zoo.npz,tabular,0.827723,0.824145,0.837516,4.296616
edesc,27,htru2.npz,tabular,0.846445,0.282916,0.395345,14.069504
edesc,28,ionosphere.npz,tabular,0.791453,0.251302,0.344820,4.209870
edesc,29,music_genre_classification.npz,tabular,0.348400,0.273614,0.168330,4.501138
edesc,30,spectf_heart.npz,tabular,0.695000,0.159198,0.176285,3.365561
edesc,31,rice_dataset_cammeo_and_osmancik.npz,tabular,0.915118,0.586003,0.689320,15.461910
edesc,32,ph_recognition.npz,tabular,0.468300,0.567718,0.336301,6.349456
edesc,33,banknote_authentication.npz,tabular,0.703936,0.172840,0.203707,3.899963
edesc,34,wine_quality.npz,tabular,0.428278,0.056635,0.042515,58.163730
edesc,35,cardiovascular_study.npz,tabular,0.608405,0.015629,0.038881,11.212956
edesc,36,statlog_german_credit.npz,tabular,0.592400,0.020355,0.033611,5.635137
edesc,37,boston.npz,tabular,0.887013,0.671664,0.688886,3.541533
edesc,38,seismic_bumps.npz,tabular,0.730031,0.020346,0.050094,2.883988
edesc,39,dry_bean.npz,tabular,0.631469,0.550097,0.479290,13.582685
edesc,40,credit_risk_classification.npz,tabular,0.612090,0.002862,0.013251,5.722964
edesc,41,epileptic_seizure_recognition.npz,tabular,0.267791,0.096980,0.059096,49.685877
edesc,42,website_phishing.npz,tabular,0.738359,0.243393,0.334885,8.577614
edesc,43,optical_recognition_of_handwritten_digits.npz,tabular,0.687314,0.696576,0.573174,8.533647
edesc,44,siberian_weather_stats.npz,tabular,0.330064,0.057907,0.028100,7.974598
edesc,45,orbit_classification_for_prediction_nasa.npz,tabular,0.580139,0.054211,-0.020169,11.048346
edesc,46,magic_gamma_telescope.npz,tabular,0.609161,0.039116,0.055759,14.562380
edesc,47,raisin.npz,tabular,0.867111,0.439368,0.538656,5.472154
edesc,48,patient_treatment_classification.npz,tabular,0.594651,0.023736,0.036854,31.522369
edesc,49,fetal_health_classification.npz,tabular,0.576670,0.142939,0.135171,14.459395
edesc,50,dermatology.npz,tabular,0.830168,0.892078,0.829829,3.519905
edesc,51,secom.npz,tabular,0.697511,0.001428,0.000852,4.263660
edesc,52,paris_housing_classification.npz,tabular,0.605680,0.034929,0.023894,14.823356
edesc,53,seeds.npz,tabular,0.855238,0.657218,0.678321,2.954199
edesc,54,wine_customer.npz,tabular,0.911236,0.809017,0.818541,2.957481
edesc,55,crowdsourced_mapping.npz,tabular,0.490207,0.318538,0.247196,48.430416
edesc,56,durum_wheat_features.npz,tabular,0.668644,0.454092,0.400264,40.935182
edesc,57,classification_in_asteroseismology.npz,tabular,0.909291,0.590461,0.666040,5.122929
edesc,58,birds_bones_and_living_habits.npz,tabular,0.533656,0.290299,0.288907,3.319617
edesc,59,microbes.npz,tabular,0.252206,0.079245,0.039818,76.898862
edesc,60,image_segmentation.npz,tabular,0.567619,0.594194,0.428972,3.684288
edesc,61,water_quality.npz,tabular,0.559125,0.004519,0.008114,12.907484
edesc,62,insurance_company_benchmark.npz,tabular,0.752628,0.000627,-0.007361,9.629263
edesc,63,harbermans_survival.npz,tabular,0.637255,0.044703,0.077550,4.363097
edesc,64,yeast.npz,tabular,0.460864,0.221204,0.145554,10.593560
edesc,65,heart_disease.npz,tabular,0.497643,0.234951,0.221680,4.521754
edesc,66,ecoli.npz,tabular,0.781651,0.653400,0.695028,3.236094
edesc,67,extyaleb.npz,tabular,0.667712,0.555119,0.462319,4.896271
edesc,68,breast_cancer_coimbra.npz,tabular,0.594828,0.045643,0.032014,2.418261
edesc,69,student_grade.npz,tabular,0.727089,0.174406,0.206470,4.582860
edesc,70,human_stress_detection.npz,tabular,0.744428,0.624888,0.534724,9.723018
edesc,71,fraud_detection_bank.npz,tabular,0.793239,0.169487,0.303558,16.218795
edesc,72,pen_based_recognition_of_handwritten_digits.npz,tabular,0.706005,0.715727,0.586184,11.929962
edesc,73,diabetic_retinopathy_debrecen.npz,tabular,0.572546,0.016929,0.020589,3.414790
edesc,74,pistachio.npz,tabular,0.694786,0.144169,0.179379,14.409596
edesc,75,turkish_music_emotion.npz,tabular,0.577000,0.310102,0.289427,4.647716
edesc,76,parkinsons.npz,tabular,0.703590,0.238409,0.162305,3.816561
edesc,77,weather.npz,tabular,1.000000,1.000000,1.000000,3.280086
edesc,78,blood_transfusion_service_center.npz,tabular,0.625134,0.053490,0.057121,4.827964
edesc,79,mfeat-karhunen.npz,tabular,0.752900,0.732312,0.645296,5.778370
edesc,80,mfeat-factors.npz,tabular,0.719800,0.758103,0.646644,5.885316
edesc,81,wall-robot-navigation.npz,tabular,0.429216,0.097832,0.053141,41.041235
edesc,82,Waveform.npz,tabular,0.607880,0.376346,0.342235,22.464292
edesc,83,gas-drift.npz,tabular,0.543840,0.406254,0.280937,15.177294
edesc,84,mfeat-morphological.npz,tabular,0.579100,0.609257,0.452564,5.933648
edesc,85,JapaneseVowels.npz,tabular,0.522759,0.526499,0.394154,15.081526
edesc,86,rmftsa_sleepdata.npz,tabular,0.414453,0.036972,0.043334,5.956765
edesc,87,first-order-theorem-proving.npz,tabular,0.301210,0.032544,0.035504,10.888342
edesc,88,gina_prior2.npz,tabular,0.487774,0.445865,0.331679,8.557496
edesc,89,fabert.npz,tabular,0.210271,0.044058,0.030452,13.671464
edesc,90,dilbert.npz,tabular,0.380000,0.165554,0.152463,111.127870
edesc,91,synthetic_control.npz,tabular,0.601333,0.715238,0.560798,3.658329
edesc,92,Drug Consumption.npz,tabular,0.369468,0.008108,0.012212,11.871504
edesc,93,shuttle.npz,tabular,0.734480,0.245884,0.235179,14.380301
edesc,94,tr45.wc.npz,tabular,0.400888,0.288930,0.219621,5.189995
edesc,95,steel-plates-fault.npz,tabular,0.613292,0.052446,0.059120,4.502458
edesc,96,fbis.wc.npz,tabular,0.529235,0.480219,0.379705,13.386161
edesc,97,mfeat-fourier.npz,tabular,0.539200,0.505334,0.370760,5.890842
edesc,98,vehicle.npz,tabular,0.388180,0.142301,0.108238,5.988414
edesc,99,micro-mass.npz,tabular,0.636111,0.746828,0.526356,5.476023
edesc,100,ISOLET.npz,tabular,0.565012,0.705116,0.475165,17.696238
edesc,101,poker-hand.npz,tabular,0.516280,0.000398,0.000731,72.226650
edesc,102,tamilnadu-electricity.npz,tabular,0.074120,0.006330,-0.000014,18.911947
edesc,103,mnist64.npz,image,0.841405,0.774398,0.723644,4.572666
edesc,104,MNIST_CLIP.npz,image,0.779852,0.740190,0.673213,96.057922
edesc,105,fashion_mnist.npz,image,0.507533,0.553720,0.393382,23.859166
edesc,106,FashionMNIST_CLIP.npz,image,0.672900,0.672758,0.562854,17.409202
edesc,107,cifar10.npz,image,0.208677,0.070929,0.037818,8.362641
edesc,108,CIFAR10_CLIP.npz,image,0.805980,0.755664,0.696482,87.851413
edesc,109,coil20.npz,image,0.627500,0.756465,0.560679,8.146468
edesc,110,COIL20_CLIP.npz,image,0.810278,0.927736,0.779761,7.959195
edesc,111,labeled_faces_in_the_wild.npz,image,0.545818,0.006650,0.008605,5.899211
edesc,112,flickr_material_database.npz,image,0.452558,0.404061,0.296240,5.032997
edesc,113,street_view_house_numbers.npz,image,0.169126,0.037546,0.004854,4.556249
edesc,114,har.npz,image,0.555102,0.583367,0.433521,3.700409
edesc,115,Indian_pines.npz,image,0.567374,0.466073,0.347055,61.026776
edesc,116,satellite_image.npz,image,0.769231,0.667855,0.657783,10.462157
edesc,117,olivetti_faces.npz,image,0.438000,0.701600,0.322538,10.036216
edesc,118,PCam.npz,image,0.596111,0.468814,0.402814,5.069979
edesc,119,cnae9.npz,text,0.688000,0.107151,0.144195,24.023258
edesc,120,imdb.npz,text,0.450730,0.005482,-0.009525,6.169984
edesc,121,hate_speech.npz,text,0.535517,0.004930,0.006213,5.845146
edesc,122,sentiment_labeld_sentences.npz,text,0.792096,0.177215,0.275923,5.934005
edesc,123,sms_spam_collection.npz,text,0.576673,0.420946,0.330150,96.908899
edesc,124,wos.npz,text,0.976818,0.860387,0.909422,42.161986
edesc,125,enron.npz,text,0.883364,0.674457,0.688579,43.382576
edesc,126,reuters.npz,text,0.203623,0.205535,0.094102,23.319442
edesc,127,20newsgroups.npz,text,0.904334,0.711963,0.779514,20.771849
edesc,128,Mouse_retina.npz,bioinfo,0.386030,0.387923,0.268938,89.354211
edesc,129,Campbell.npz,bioinfo,0.553950,0.014125,0.018423,30.899350
edesc,130,Baron Human.npz,bioinfo,0.648113,0.599532,0.480032,124.929730
gmm,0,echocardiogram.npz,tabular,0.803279,0.423236,0.397503,0.030604
gmm,1,skillcraft1_master_table_dataset.npz,tabular,0.324675,0.130917,0.081663,13.323522
gmm,2,breast_cancer_wisconsin_original.npz,tabular,0.947291,0.733259,0.799294,0.086513
gmm,3,smoker_condition.npz,tabular,0.993083,0.938814,0.972446,0.067234
gmm,4,glass_identification.npz,tabular,0.445794,0.361026,0.189886,0.086775
gmm,5,statlog_image_segmentation.npz,tabular,0.610130,0.612163,0.491882,1.532373
gmm,6,planning_relax.npz,tabular,0.708791,0.027245,0.083907,0.070564
gmm,7,customer_classification.npz,tabular,0.336200,0.023201,0.019906,0.142900
gmm,8,pima_indians_diabetes_database.npz,tabular,0.672396,0.130829,0.116682,0.181944
gmm,9,mobile_price_classification.npz,tabular,0.295500,0.008451,0.006175,1.117694
gmm,10,spambase.npz,tabular,0.705281,0.179268,0.184948,3.394181
gmm,11,rice_seed_gonen_jasmine.npz,tabular,0.981298,0.879079,0.926572,0.580389
gmm,12,heart_attack_analysis_prediction_dataset.npz,tabular,0.719472,0.149238,0.189556,0.117848
gmm,13,user_knowledge_modeling.npz,tabular,0.600000,0.425211,0.363541,0.185195
gmm,14,world12d.npz,tabular,0.810667,0.766133,0.744845,0.050242
gmm,15,pumpkin_seeds.npz,tabular,0.864640,0.428361,0.531701,1.349752
gmm,16,iris.npz,tabular,0.966667,0.899694,0.903874,0.105753
gmm,17,wine.npz,tabular,0.960674,0.855200,0.878619,0.081618
gmm,18,letter_recognition.npz,tabular,0.329223,0.470344,0.179039,36.223970
gmm,19,mammographic_mass.npz,tabular,0.758795,0.216804,0.267395,0.031351
gmm,20,breast_tissue.npz,tabular,0.545283,0.544512,0.355222,0.061060
gmm,21,hepatitis.npz,tabular,0.810000,0.226912,0.328091,0.122570
gmm,22,predicting_pulsar_star.npz,tabular,0.852367,0.256836,0.361544,1.325404
gmm,23,breast_cancer_wisconsin_prognostic.npz,tabular,0.940246,0.661057,0.774016,0.266445
gmm,24,wireless_indoor_localization.npz,tabular,0.978500,0.924227,0.944277,1.422662
gmm,25,date_fruit.npz,tabular,0.751225,0.748856,0.738256,1.467339
gmm,26,zoo.npz,tabular,0.811881,0.844557,0.744693,0.136239
gmm,27,htru2.npz,tabular,0.850885,0.255930,0.358379,1.295978
gmm,28,ionosphere.npz,tabular,0.847863,0.418184,0.504183,0.298653
gmm,29,music_genre_classification.npz,tabular,0.365800,0.301868,0.177221,1.353768
gmm,30,spectf_heart.npz,tabular,0.657500,0.155645,0.123949,0.023209
gmm,31,rice_dataset_cammeo_and_osmancik.npz,tabular,0.910394,0.561830,0.673362,0.154846
gmm,32,ph_recognition.npz,tabular,0.524655,0.605114,0.367509,0.203634
gmm,33,banknote_authentication.npz,tabular,0.643732,0.092763,0.083198,0.099130
gmm,34,wine_quality.npz,tabular,0.364745,0.053339,0.031943,3.679304
gmm,35,cardiovascular_study.npz,tabular,0.819064,0.034396,0.131815,6.196600
gmm,36,statlog_german_credit.npz,tabular,0.632000,0.005682,-0.011469,0.657136
gmm,37,boston.npz,tabular,0.779221,0.570636,0.527969,0.147081
gmm,38,seismic_bumps.npz,tabular,0.859752,0.012036,0.039209,0.208805
gmm,39,dry_bean.npz,tabular,0.833170,0.738526,0.689940,9.062991
gmm,40,credit_risk_classification.npz,tabular,0.729303,0.000315,-0.008681,0.105765
gmm,41,epileptic_seizure_recognition.npz,tabular,0.403791,0.271958,0.179143,15.152810
gmm,42,website_phishing.npz,tabular,0.690613,0.245429,0.336410,0.168629
gmm,43,optical_recognition_of_handwritten_digits.npz,tabular,0.642532,0.637860,0.502177,10.275139
gmm,44,siberian_weather_stats.npz,tabular,0.310021,0.096950,0.032640,0.623844
gmm,45,orbit_classification_for_prediction_nasa.npz,tabular,0.589779,0.106163,0.049917,0.177042
gmm,46,magic_gamma_telescope.npz,tabular,0.629383,0.026886,0.059758,0.620364
gmm,47,raisin.npz,tabular,0.787556,0.373977,0.331071,0.137907
gmm,48,patient_treatment_classification.npz,tabular,0.629556,0.038427,0.065429,2.286386
gmm,49,fetal_health_classification.npz,tabular,0.671496,0.201432,0.231047,1.636445
gmm,50,dermatology.npz,tabular,0.908380,0.903357,0.874553,0.193155
gmm,51,secom.npz,tabular,0.868539,0.009618,0.066831,1.085562
gmm,52,paris_housing_classification.npz,tabular,0.590760,0.070410,0.022759,1.582066
gmm,53,seeds.npz,tabular,0.921905,0.738920,0.779500,0.047878
gmm,54,wine_customer.npz,tabular,0.959551,0.858214,0.877040,0.072151
gmm,55,crowdsourced_mapping.npz,tabular,0.492008,0.324742,0.151740,4.818096
gmm,56,durum_wheat_features.npz,tabular,0.524044,0.520183,0.382530,22.380235
gmm,57,classification_in_asteroseismology.npz,tabular,0.906094,0.586440,0.655417,0.058305
gmm,58,birds_bones_and_living_habits.npz,tabular,0.545763,0.416580,0.394050,0.246962
gmm,59,microbes.npz,tabular,0.284862,0.145054,0.081302,12.821282
gmm,60,image_segmentation.npz,tabular,0.556190,0.607396,0.416376,0.085989
gmm,61,water_quality.npz,tabular,0.585281,0.011986,0.026151,2.997145
gmm,62,insurance_company_benchmark.npz,tabular,0.875129,0.005247,0.047508,4.773657
gmm,63,harbermans_survival.npz,tabular,0.666667,0.070356,0.103998,0.180120
gmm,64,yeast.npz,tabular,0.472378,0.289530,0.209124,1.404950
gmm,65,heart_disease.npz,tabular,0.437037,0.143927,0.114789,0.122413
gmm,66,ecoli.npz,tabular,0.826911,0.696595,0.739080,0.055078
gmm,67,extyaleb.npz,tabular,0.518495,0.409152,0.167840,0.114723
gmm,68,breast_cancer_coimbra.npz,tabular,0.636207,0.106723,0.066201,0.069410
gmm,69,student_grade.npz,tabular,0.785316,0.199813,0.295501,0.076964
gmm,70,human_stress_detection.npz,tabular,0.796102,0.710272,0.603059,0.139666
gmm,71,fraud_detection_bank.npz,tabular,0.723372,0.061219,0.150941,1.668240
gmm,72,pen_based_recognition_of_handwritten_digits.npz,tabular,0.739445,0.707826,0.565778,12.347223
gmm,73,diabetic_retinopathy_debrecen.npz,tabular,0.597220,0.048203,0.036719,1.064740
gmm,74,pistachio.npz,tabular,0.687616,0.117621,0.140391,0.553257
gmm,75,turkish_music_emotion.npz,tabular,0.559500,0.306146,0.263961,0.187297
gmm,76,parkinsons.npz,tabular,0.629744,0.114876,0.065135,0.157937
gmm,77,weather.npz,tabular,1.000000,1.000000,1.000000,0.065140
gmm,78,blood_transfusion_service_center.npz,tabular,0.665775,0.001821,0.020440,0.086367
gmm,79,mfeat-karhunen.npz,tabular,0.705700,0.680194,0.581695,5.378807
gmm,80,mfeat-factors.npz,tabular,0.788600,0.726572,0.629967,2.611266
gmm,81,wall-robot-navigation.npz,tabular,0.431672,0.108903,0.070531,4.942224
gmm,82,Waveform.npz,tabular,0.837240,0.510951,0.575020,2.941718
gmm,83,gas-drift.npz,tabular,0.519300,0.359977,0.270440,37.573786
gmm,84,mfeat-morphological.npz,tabular,0.614200,0.641613,0.505508,0.708619
gmm,85,JapaneseVowels.npz,tabular,0.537095,0.620965,0.439548,7.282857
gmm,86,rmftsa_sleepdata.npz,tabular,0.379102,0.051127,0.047502,0.117466
gmm,87,first-order-theorem-proving.npz,tabular,0.263942,0.054115,0.021271,5.377776
gmm,88,gina_prior2.npz,tabular,0.490138,0.447618,0.322258,25.398993
gmm,89,fabert.npz,tabular,0.243341,0.017563,0.005061,45.162809
gmm,90,dilbert.npz,tabular,0.371300,0.165861,0.096933,106.137021
gmm,91,synthetic_control.npz,tabular,0.727000,0.788125,0.661722,0.146324
gmm,92,Drug Consumption.npz,tabular,0.364094,0.009332,0.019902,0.566740
gmm,93,shuttle.npz,tabular,0.852080,0.157620,0.304707,0.792095
gmm,94,tr45.wc.npz,tabular,0.247633,0.075851,-0.001204,1296.898059
gmm,95,steel-plates-fault.npz,tabular,0.608346,0.091702,0.054272,0.812261
gmm,96,fbis.wc.npz,tabular,0.274135,0.138579,0.032078,87.148778
gmm,97,mfeat-fourier.npz,tabular,0.561300,0.547499,0.401336,3.057842
gmm,98,vehicle.npz,tabular,0.418913,0.221089,0.134910,0.403895
gmm,99,micro-mass.npz,tabular,0.519444,0.628480,0.350168,13.216507
gmm,100,ISOLET.npz,tabular,0.554213,0.713310,0.476465,18.467385
gmm,101,poker-hand.npz,tabular,0.525840,0.000148,-0.000422,0.673466
gmm,102,tamilnadu-electricity.npz,tabular,0.070260,0.006150,0.000010,1.049246
gmm,103,mnist64.npz,image,0.804436,0.749267,0.677191,1.528674
gmm,104,MNIST_CLIP.npz,image,0.538695,0.505967,0.345364,14.671737
gmm,105,fashion_mnist.npz,image,0.570800,0.514167,0.367211,6.385961
gmm,106,FashionMNIST_CLIP.npz,image,0.634820,0.665815,0.519171,63.514012
gmm,107,cifar10.npz,image,0.225354,0.093664,0.049209,9.814849
gmm,108,CIFAR10_CLIP.npz,image,0.730140,0.676985,0.540726,12.803132
gmm,109,coil20.npz,image,0.657639,0.783531,0.591767,4.865151
gmm,110,COIL20_CLIP.npz,image,0.816389,0.920598,0.792509,6.508127
gmm,111,labeled_faces_in_the_wild.npz,image,0.532818,0.003129,0.003858,15.047970
gmm,112,flickr_material_database.npz,image,0.325376,0.249314,0.123395,39.715572
gmm,113,street_view_house_numbers.npz,image,0.158743,0.028790,-0.000511,15.078144
gmm,114,har.npz,image,0.529560,0.536213,0.387208,20.449798
gmm,115,Indian_pines.npz,image,0.572477,0.473414,0.303293,29.924386
gmm,116,satellite_image.npz,image,0.702067,0.606952,0.514195,1.365172
gmm,117,olivetti_faces.npz,image,0.583500,0.768748,0.434487,1045.198669
gmm,118,PCam.npz,image,0.283519,0.272312,0.066727,11.450769
gmm,119,cnae9.npz,text,0.649169,0.076660,0.099017,6.982545
gmm,120,imdb.npz,text,0.584539,0.006456,0.001641,3.847345
gmm,121,hate_speech.npz,text,0.538865,0.010099,0.008967,0.979909
gmm,122,sentiment_labeld_sentences.npz,text,0.866826,0.042894,0.068497,1.182377
gmm,123,sms_spam_collection.npz,text,0.433770,0.313737,0.212439,1024.369273
gmm,124,wos.npz,text,0.956576,0.783808,0.833829,292.325093
gmm,125,enron.npz,text,0.770803,0.479307,0.487894,195.328924
gmm,126,reuters.npz,text,0.160064,0.135657,0.048265,1755.463284
gmm,127,20newsgroups.npz,text,0.891000,0.618000,0.769000,763.302000
gmm,128,Mouse_retina.npz,bioinfo,0.214270,0.071231,0.054659,2059.786544
gmm,129,Campbell.npz,bioinfo,0.567000,0.015000,0.018000,6362.279000
gmm,130,Baron Human.npz,bioinfo,0.361000,0.151000,0.057000,18787.872000
idec,0,echocardiogram.npz,tabular,0.924590,0.639463,0.713409,6.708667
idec,1,skillcraft1_master_table_dataset.npz,tabular,0.326370,0.133278,0.087186,26.960782
idec,2,breast_cancer_wisconsin_original.npz,tabular,0.617893,0.616999,0.503991,23.768841
idec,3,smoker_condition.npz,tabular,0.989526,0.915774,0.958469,40.995594
idec,4,glass_identification.npz,tabular,0.489720,0.337648,0.188653,11.952185
idec,5,statlog_image_segmentation.npz,tabular,0.617893,0.616999,0.503991,23.768841
idec,6,planning_relax.npz,tabular,0.579121,0.002265,0.008636,9.734842
idec,7,customer_classification.npz,tabular,0.311000,0.017015,0.009873,8.580317
idec,8,pima_indians_diabetes_database.npz,tabular,0.715885,0.101499,0.174951,29.080685
idec,9,mobile_price_classification.npz,tabular,0.321667,0.034464,0.026771,19.259040
idec,10,spambase.npz,tabular,0.548287,0.000504,-0.001966,43.532496
idec,11,rice_seed_gonen_jasmine.npz,tabular,0.876921,0.547355,0.585972,94.745277
idec,12,heart_attack_analysis_prediction_dataset.npz,tabular,0.721452,0.162438,0.206599,15.665162
idec,13,user_knowledge_modeling.npz,tabular,0.481395,0.301679,0.211333,14.206699
idec,14,world12d.npz,tabular,0.788000,0.714187,0.696454,9.517269
idec,15,pumpkin_seeds.npz,tabular,0.876921,0.547355,0.585972,94.745277
idec,16,iris.npz,tabular,0.881333,0.736119,0.703487,9.355219
idec,17,wine.npz,tabular,0.912360,0.737433,0.753973,9.980240
idec,18,letter_recognition.npz,tabular,0.577600,0.027282,0.029890,24.071203
idec,19,mammographic_mass.npz,tabular,0.798072,0.286636,0.354704,32.562702
idec,20,breast_tissue.npz,tabular,0.496226,0.535383,0.264593,9.512980
idec,21,hepatitis.npz,tabular,0.765000,0.120340,0.192236,6.995092
idec,22,predicting_pulsar_star.npz,tabular,0.946655,0.426219,0.615491,89.514895
idec,23,breast_cancer_wisconsin_prognostic.npz,tabular,0.946655,0.426219,0.615491,89.514895
idec,24,wireless_indoor_localization.npz,tabular,0.801667,0.598410,0.566768,19.649214
idec,25,date_fruit.npz,tabular,0.659243,0.615490,0.561563,8.012338
idec,26,zoo.npz,tabular,0.764356,0.728135,0.676135,8.800226
idec,27,htru2.npz,tabular,0.944694,0.405026,0.595401,94.296451
idec,28,ionosphere.npz,tabular,0.893447,0.507606,0.613149,15.585569
idec,29,music_genre_classification.npz,tabular,0.761155,0.330310,0.284661,37.608578
idec,30,spectf_heart.npz,tabular,0.642500,0.087594,0.086323,6.210323
idec,31,rice_dataset_cammeo_and_osmancik.npz,tabular,0.761155,0.330310,0.284661,37.608578
idec,32,ph_recognition.npz,tabular,0.546095,0.608372,0.391449,25.168019
idec,33,banknote_authentication.npz,tabular,0.592420,0.031978,0.043044,49.040039
idec,34,wine_quality.npz,tabular,0.623391,0.011960,0.044549,23.459111
idec,35,cardiovascular_study.npz,tabular,0.643321,0.016958,0.051190,106.458021
idec,36,statlog_german_credit.npz,tabular,0.697400,0.000793,0.004480,36.596031
idec,37,boston.npz,tabular,0.719481,0.430151,0.430143,9.041116
idec,38,seismic_bumps.npz,tabular,0.931889,0.000833,-0.002822,26.752225
idec,39,dry_bean.npz,tabular,0.590244,0.500774,0.422518,94.383784
idec,40,credit_risk_classification.npz,tabular,0.634836,0.003050,-0.015561,36.254232
idec,41,epileptic_seizure_recognition.npz,tabular,0.351594,0.278183,0.127889,45.899733
idec,42,website_phishing.npz,tabular,0.669327,0.202332,0.277876,51.802077
idec,43,optical_recognition_of_handwritten_digits.npz,tabular,0.502311,0.464027,0.317237,30.489473
idec,44,siberian_weather_stats.npz,tabular,0.307747,0.082518,0.022301,53.471773
idec,45,orbit_classification_for_prediction_nasa.npz,tabular,0.811266,0.136101,0.230694,64.877832
idec,46,magic_gamma_telescope.npz,tabular,0.723239,0.131049,0.153162,93.767929
idec,47,raisin.npz,tabular,0.736222,0.256325,0.234598,33.250552
idec,48,patient_treatment_classification.npz,tabular,0.639544,0.038942,0.071580,43.086937
idec,49,fetal_health_classification.npz,tabular,0.616494,0.167392,0.175383,23.426471
idec,50,dermatology.npz,tabular,0.802793,0.846778,0.747144,15.772088
idec,51,secom.npz,tabular,0.880664,0.010666,0.070771,18.067220
idec,52,paris_housing_classification.npz,tabular,0.838000,0.064495,0.186748,77.041916
idec,53,seeds.npz,tabular,0.825714,0.599697,0.592126,11.471347
idec,54,wine_customer.npz,tabular,0.924719,0.746339,0.786756,9.299385
idec,55,crowdsourced_mapping.npz,tabular,0.838000,0.064495,0.186748,77.041916
idec,56,durum_wheat_features.npz,tabular,0.587074,0.463849,0.372192,86.277244
idec,57,classification_in_asteroseismology.npz,tabular,0.926474,0.631209,0.723582,43.012049
idec,58,birds_bones_and_living_habits.npz,tabular,0.481356,0.260748,0.224317,18.386597
idec,59,microbes.npz,tabular,0.587074,0.463849,0.372192,86.277244
idec,60,image_segmentation.npz,tabular,0.551429,0.608565,0.422864,10.898460
idec,61,water_quality.npz,tabular,0.549644,0.002743,0.008473,20.951100
idec,62,insurance_company_benchmark.npz,tabular,0.807798,0.006843,0.043393,55.614260
idec,63,harbermans_survival.npz,tabular,0.671242,0.033387,0.085635,15.475655
idec,64,yeast.npz,tabular,0.441672,0.259654,0.164388,54.906548
idec,65,heart_disease.npz,tabular,0.387879,0.153717,0.154882,11.796796
idec,66,ecoli.npz,tabular,0.797554,0.643832,0.695798,16.181599
idec,67,extyaleb.npz,tabular,0.759248,0.609132,0.547756,15.729167
idec,68,breast_cancer_coimbra.npz,tabular,0.536207,0.069008,-0.003692,8.546611
idec,69,student_grade.npz,tabular,0.661266,0.037278,0.082843,13.960608
idec,70,human_stress_detection.npz,tabular,0.812094,0.678412,0.582781,74.033691
idec,71,fraud_detection_bank.npz,tabular,0.738907,0.067021,0.163205,94.820127
idec,72,pen_based_recognition_of_handwritten_digits.npz,tabular,0.586202,0.588227,0.428694,70.757726
idec,73,diabetic_retinopathy_debrecen.npz,tabular,0.738907,0.067021,0.163205,94.820127
idec,74,pistachio.npz,tabular,0.586202,0.588227,0.428694,70.757726
idec,75,turkish_music_emotion.npz,tabular,0.566464,0.011893,0.016833,11.211895
idec,76,parkinsons.npz,tabular,0.720000,0.054394,0.002229,8.323170
idec,77,weather.npz,tabular,1.000000,1.000000,1.000000,5.030041
idec,78,blood_transfusion_service_center.npz,tabular,0.760160,0.007300,0.019967,30.433490
idec,79,mfeat-karhunen.npz,tabular,1.000000,1.000000,1.000000,5.030041
idec,80,mfeat-factors.npz,tabular,0.559667,0.572974,0.445499,19.161030
idec,81,wall-robot-navigation.npz,tabular,0.424670,0.086783,0.060705,51.029616
idec,82,Waveform.npz,tabular,0.614733,0.253113,0.264669,39.534375
idec,83,gas-drift.npz,tabular,0.328267,0.146546,0.091108,77.355537
idec,84,mfeat-morphological.npz,tabular,0.641833,0.651845,0.505652,15.874673
idec,85,JapaneseVowels.npz,tabular,0.383629,0.341890,0.203100,93.463104
idec,86,rmftsa_sleepdata.npz,tabular,0.377604,0.042886,0.045626,11.630183
idec,87,first-order-theorem-proving.npz,tabular,0.302332,0.045426,0.039895,46.820953
idec,88,gina_prior2.npz,tabular,0.306517,0.205889,0.128604,28.974035
idec,89,fabert.npz,tabular,0.217110,0.016455,0.012573,79.424994
idec,90,dilbert.npz,tabular,0.368100,0.149484,0.108561,101.593297
idec,91,synthetic_control.npz,tabular,0.638333,0.679974,0.564898,6.926179
idec,92,Drug Consumption.npz,tabular,0.344387,0.002550,0.002307,18.289197
idec,93,shuttle.npz,tabular,0.856300,0.168612,0.268558,89.843101
idec,94,tr45.wc.npz,tabular,0.233235,0.063545,0.001633,11.462145
idec,95,steel-plates-fault.npz,tabular,0.547141,0.018147,0.002553,18.619838
idec,96,fbis.wc.npz,tabular,0.242259,0.071090,0.025660,24.658490
idec,97,mfeat-fourier.npz,tabular,0.533000,0.495079,0.371939,18.851250
idec,98,vehicle.npz,tabular,0.391647,0.118534,0.085487,7.953559
idec,99,micro-mass.npz,tabular,0.453704,0.481883,0.278788,5.319987
idec,100,ISOLET.npz,tabular,0.377068,0.543221,0.259500,64.253211
idec,101,poker-hand.npz,tabular,0.544233,0.001302,0.002563,90.306182
idec,102,tamilnadu-electricity.npz,tabular,0.069667,0.006370,0.000067,76.916751
idec,103,mnist64.npz,image,0.474122,0.342770,0.259231,13.060141
idec,104,MNIST_CLIP.npz,image,0.466553,0.378767,0.275409,95.028700
idec,105,fashion_mnist.npz,image,0.501333,0.477086,0.334758,30.504473
idec,106,FashionMNIST_CLIP.npz,image,0.549033,0.562845,0.401073,79.121747
idec,107,cifar10.npz,image,0.168821,0.042446,0.018199,34.701963
idec,108,CIFAR10_CLIP.npz,image,0.554000,0.525745,0.382134,93.984351
idec,109,coil20.npz,image,0.596991,0.730707,0.517698,12.396316
idec,110,COIL20_CLIP.npz,image,0.725694,0.893551,0.709566,12.312162
idec,111,labeled_faces_in_the_wild.npz,image,0.521515,0.002004,0.001523,31.663588
idec,112,flickr_material_database.npz,image,0.188231,0.071907,0.022492,11.071268
idec,113,street_view_house_numbers.npz,image,0.154827,0.027630,-0.000769,9.636787
idec,114,har.npz,image,0.540590,0.553755,0.447578,7.625501
idec,115,Indian_pines.npz,image,0.599609,0.440819,0.309292,69.757198
idec,116,satellite_image.npz,image,0.555711,0.402322,0.332506,59.510188
idec,117,olivetti_faces.npz,image,0.402500,0.646942,0.236398,5.238456
idec,118,PCam.npz,image,0.198148,0.100885,0.053072,11.560089
idec,119,cnae9.npz,text,0.570359,0.020230,0.024394,32.809681
idec,120,imdb.npz,text,0.402980,0.006877,-0.004915,27.023097
idec,121,hate_speech.npz,text,0.548641,0.009650,0.011839,23.038490
idec,122,sentiment_labeld_sentences.npz,text,0.937725,0.465408,0.645114,8.076161
idec,123,sms_spam_collection.npz,text,0.388583,0.283529,0.189302,103.686906
idec,124,wos.npz,text,0.958529,0.787993,0.841745,99.108297
idec,125,enron.npz,text,0.710107,0.390931,0.371882,65.985507
idec,126,reuters.npz,text,0.132853,0.108932,0.033937,119.515596
idec,127,20newsgroups.npz,text,0.592241,0.331280,0.300317,397.632473
idec,128,Mouse_retina.npz,bioinfo,0.579900,0.041714,0.041677,436.283165
idec,129,Campbell.npz,bioinfo,0.616833,0.071069,0.054451,121.890063
idec,130,Baron Human.npz,bioinfo,0.216819,0.031100,0.018728,205.080665
kernel_kmeans,0,echocardiogram.npz,tabular,0.885246,0.428979,0.574930,0.024254
kernel_kmeans,1,skillcraft1_master_table_dataset.npz,tabular,0.333031,0.152240,0.084037,49.276776
kernel_kmeans,2,breast_cancer_wisconsin_original.npz,tabular,0.963397,0.762041,0.857727,0.107509
kernel_kmeans,3,smoker_condition.npz,tabular,0.990119,0.918074,0.960759,0.288793
kernel_kmeans,4,glass_identification.npz,tabular,0.546729,0.368432,0.241321,0.266752
kernel_kmeans,5,statlog_image_segmentation.npz,tabular,0.663636,0.629889,0.523622,4.771371
kernel_kmeans,6,planning_relax.npz,tabular,0.587912,0.002083,0.009649,0.049963
kernel_kmeans,7,customer_classification.npz,tabular,0.340000,0.019345,0.016480,2.201208
kernel_kmeans,8,pima_indians_diabetes_database.npz,tabular,0.713542,0.127789,0.180074,0.812252
kernel_kmeans,9,mobile_price_classification.npz,tabular,0.299500,0.009191,0.006979,5.583108
kernel_kmeans,10,spambase.npz,tabular,0.862204,0.413373,0.522353,3.752454
kernel_kmeans,11,rice_seed_gonen_jasmine.npz,tabular,0.977298,0.859317,0.911227,1.411984
kernel_kmeans,12,heart_attack_analysis_prediction_dataset.npz,tabular,0.815182,0.326155,0.395138,0.140280
kernel_kmeans,13,user_knowledge_modeling.npz,tabular,0.554264,0.283394,0.221253,0.279850
kernel_kmeans,14,world12d.npz,tabular,0.866667,0.767047,0.782341,0.112319
kernel_kmeans,15,pumpkin_seeds.npz,tabular,0.808400,0.301922,0.380174,1.159794
kernel_kmeans,16,iris.npz,tabular,0.853333,0.661287,0.645147,0.062841
kernel_kmeans,17,wine.npz,tabular,0.971910,0.885905,0.916611,0.053148
kernel_kmeans,18,letter_recognition.npz,tabular,0.308247,0.380837,0.156765,339.156548
kernel_kmeans,19,mammographic_mass.npz,tabular,0.797590,0.292606,0.353467,0.150302
kernel_kmeans,20,breast_tissue.npz,tabular,0.509434,0.528730,0.299833,0.062654
kernel_kmeans,21,hepatitis.npz,tabular,0.900000,0.347220,0.543526,0.026737
kernel_kmeans,22,predicting_pulsar_star.npz,tabular,0.967648,0.598774,0.747021,6.120322
kernel_kmeans,23,breast_cancer_wisconsin_prognostic.npz,tabular,0.919156,0.597093,0.699808,0.228968
kernel_kmeans,24,wireless_indoor_localization.npz,tabular,0.928500,0.805883,0.820606,4.245448
kernel_kmeans,25,date_fruit.npz,tabular,0.776169,0.753825,0.754421,2.183298
kernel_kmeans,26,zoo.npz,tabular,0.871287,0.833476,0.856938,0.061867
kernel_kmeans,27,htru2.npz,tabular,0.966397,0.579721,0.740037,3.011042
kernel_kmeans,28,ionosphere.npz,tabular,0.709402,0.129866,0.172724,0.151585
kernel_kmeans,29,music_genre_classification.npz,tabular,0.384000,0.310035,0.182111,6.070540
kernel_kmeans,30,spectf_heart.npz,tabular,0.775000,0.381014,0.295387,0.021367
kernel_kmeans,31,rice_dataset_cammeo_and_osmancik.npz,tabular,0.913911,0.572007,0.685019,0.770775
kernel_kmeans,32,ph_recognition.npz,tabular,0.537519,0.611113,0.392204,2.178460
kernel_kmeans,33,banknote_authentication.npz,tabular,0.739796,0.189196,0.229373,2.544066
kernel_kmeans,34,wine_quality.npz,tabular,0.368356,0.055358,0.044464,16.997051
kernel_kmeans,35,cardiovascular_study.npz,tabular,0.830885,0.018065,0.079872,0.635096
kernel_kmeans,36,statlog_german_credit.npz,tabular,0.695000,0.004713,0.019805,0.391246
kernel_kmeans,37,boston.npz,tabular,0.922078,0.770225,0.754393,0.100451
kernel_kmeans,38,seismic_bumps.npz,tabular,0.897833,0.022476,0.106717,0.166773
kernel_kmeans,39,dry_bean.npz,tabular,0.785036,0.714203,0.668766,26.532996
kernel_kmeans,40,credit_risk_classification.npz,tabular,0.686475,0.000952,0.016280,0.602773
kernel_kmeans,41,epileptic_seizure_recognition.npz,tabular,0.358435,0.109040,0.086144,52.053738
kernel_kmeans,42,website_phishing.npz,tabular,0.705839,0.238773,0.336627,1.096145
kernel_kmeans,43,optical_recognition_of_handwritten_digits.npz,tabular,0.767983,0.731114,0.634163,25.030913
kernel_kmeans,44,siberian_weather_stats.npz,tabular,0.332623,0.110398,0.043635,6.518882
kernel_kmeans,45,orbit_classification_for_prediction_nasa.npz,tabular,0.614402,0.056239,0.058486,9.114319
kernel_kmeans,46,magic_gamma_telescope.npz,tabular,0.565057,0.069688,0.003008,6.971753
kernel_kmeans,47,raisin.npz,tabular,0.768889,0.339398,0.288567,0.852492
kernel_kmeans,48,patient_treatment_classification.npz,tabular,0.612194,0.030201,0.049410,3.345094
kernel_kmeans,49,fetal_health_classification.npz,tabular,0.654280,0.203553,0.199639,2.491379
kernel_kmeans,50,dermatology.npz,tabular,0.846369,0.905922,0.850019,0.371035
kernel_kmeans,51,secom.npz,tabular,0.922144,0.014927,0.067690,0.873959
kernel_kmeans,52,paris_housing_classification.npz,tabular,0.506700,0.000036,0.000050,4.169616
kernel_kmeans,53,seeds.npz,tabular,0.923810,0.740284,0.785207,0.083548
kernel_kmeans,54,wine_customer.npz,tabular,0.971910,0.892585,0.914880,0.071319
kernel_kmeans,55,crowdsourced_mapping.npz,tabular,0.488547,0.293553,0.157066,61.830049
kernel_kmeans,56,durum_wheat_features.npz,tabular,0.758222,0.472225,0.431290,5.198262
kernel_kmeans,57,classification_in_asteroseismology.npz,tabular,0.914086,0.606913,0.681480,1.537568
kernel_kmeans,58,birds_bones_and_living_habits.npz,tabular,0.450363,0.279367,0.241320,0.706853
kernel_kmeans,59,microbes.npz,tabular,0.204402,0.076734,0.030857,62.993918
kernel_kmeans,60,image_segmentation.npz,tabular,0.666667,0.661717,0.538843,0.333176
kernel_kmeans,61,water_quality.npz,tabular,0.525609,0.000119,-0.001758,1.829240
kernel_kmeans,62,insurance_company_benchmark.npz,tabular,0.940055,0.000093,-0.000321,1.021736
kernel_kmeans,63,harbermans_survival.npz,tabular,0.748366,0.059622,0.146191,0.115401
kernel_kmeans,64,yeast.npz,tabular,0.478410,0.293933,0.213587,5.465177
kernel_kmeans,65,heart_disease.npz,tabular,0.383838,0.216824,0.179890,0.337189
kernel_kmeans,66,ecoli.npz,tabular,0.834862,0.671819,0.731085,0.239599
kernel_kmeans,67,extyaleb.npz,tabular,0.498433,0.410216,0.192017,0.359504
kernel_kmeans,68,breast_cancer_coimbra.npz,tabular,0.637931,0.050096,0.067933,0.104907
kernel_kmeans,69,student_grade.npz,tabular,0.792405,0.291671,0.340058,0.166085
kernel_kmeans,70,human_stress_detection.npz,tabular,0.828086,0.707679,0.628423,3.620791
kernel_kmeans,71,fraud_detection_bank.npz,tabular,0.765777,0.099409,0.117927,8.247780
kernel_kmeans,72,pen_based_recognition_of_handwritten_digits.npz,tabular,0.777022,0.723022,0.630736,61.408572
kernel_kmeans,73,diabetic_retinopathy_debrecen.npz,tabular,0.589053,0.021466,0.030826,0.606040
kernel_kmeans,74,pistachio.npz,tabular,0.778399,0.269314,0.309571,0.974070
kernel_kmeans,75,turkish_music_emotion.npz,tabular,0.600000,0.329213,0.323134,0.685619
kernel_kmeans,76,parkinsons.npz,tabular,0.625641,0.143297,0.053447,0.083702
kernel_kmeans,77,weather.npz,tabular,1.000000,1.000000,1.000000,0.224377
kernel_kmeans,78,blood_transfusion_service_center.npz,tabular,0.766043,0.016081,0.021485,0.119765
kernel_kmeans,79,mfeat-karhunen.npz,tabular,0.768000,0.674244,0.581873,13.456762
kernel_kmeans,80,mfeat-factors.npz,tabular,0.759500,0.724863,0.643735,10.280474
kernel_kmeans,81,wall-robot-navigation.npz,tabular,0.476723,0.125633,0.086675,8.313021
kernel_kmeans,82,Waveform.npz,tabular,0.505600,0.365070,0.253856,3.074656
kernel_kmeans,83,gas-drift.npz,tabular,0.364500,0.262764,0.087346,13.917298
kernel_kmeans,84,mfeat-morphological.npz,tabular,0.678500,0.695743,0.575873,8.412847
kernel_kmeans,85,JapaneseVowels.npz,tabular,0.416625,0.410451,0.255658,96.310508
kernel_kmeans,86,rmftsa_sleepdata.npz,tabular,0.348633,0.060383,0.049638,1.660486
kernel_kmeans,87,first-order-theorem-proving.npz,tabular,0.326087,0.036349,0.019836,13.030300
kernel_kmeans,88,gina_prior2.npz,tabular,0.498558,0.444072,0.320830,33.215214
kernel_kmeans,89,fabert.npz,tabular,0.261382,0.080293,0.005181,36.527145
kernel_kmeans,90,dilbert.npz,tabular,0.360500,0.159790,0.101681,72.076712
kernel_kmeans,91,synthetic_control.npz,tabular,0.831667,0.760727,0.665958,0.775455
kernel_kmeans,92,Drug Consumption.npz,tabular,0.379646,0.008687,0.010893,1.766650
kernel_kmeans,93,shuttle.npz,tabular,0.912300,0.435434,0.524908,5.121084
kernel_kmeans,94,tr45.wc.npz,tabular,0.276627,0.099240,-0.009594,7.756398
kernel_kmeans,95,steel-plates-fault.npz,tabular,0.652756,0.000675,-0.000483,0.375847
kernel_kmeans,96,fbis.wc.npz,tabular,0.328780,0.190127,0.068879,22.484582
kernel_kmeans,97,mfeat-fourier.npz,tabular,0.556000,0.525192,0.384000,10.222357
kernel_kmeans,98,vehicle.npz,tabular,0.362884,0.149893,0.094676,0.432177
kernel_kmeans,99,micro-mass.npz,tabular,0.486111,0.669973,0.422769,1.164202
kernel_kmeans,100,ISOLET.npz,tabular,0.555085,0.711896,0.497669,169.251390
kernel_kmeans,101,poker-hand.npz,tabular,0.508100,0.000200,0.000163,13.031353
kernel_kmeans,102,tamilnadu-electricity.npz,tabular,0.067100,0.005965,0.000009,363.081020
kernel_kmeans,103,mnist64.npz,image,0.839187,0.725903,0.674510,4.087729
kernel_kmeans,104,MNIST_CLIP.npz,image,0.570128,0.518717,0.396686,286.340493
kernel_kmeans,105,fashion_mnist.npz,image,0.564000,0.502069,0.366996,41.993127
kernel_kmeans,106,FashionMNIST_CLIP.npz,image,0.670900,0.667628,0.555580,130.933800
kernel_kmeans,107,cifar10.npz,image,0.209538,0.073208,0.034691,64.341399
kernel_kmeans,108,CIFAR10_CLIP.npz,image,0.731200,0.676343,0.569428,134.483699
kernel_kmeans,109,coil20.npz,image,0.631944,0.749603,0.536775,11.134115
kernel_kmeans,110,COIL20_CLIP.npz,image,0.800000,0.915414,0.790047,13.190676
kernel_kmeans,111,labeled_faces_in_the_wild.npz,image,0.525000,0.001832,0.002051,9.578233
kernel_kmeans,112,flickr_material_database.npz,image,0.348044,0.267223,0.136923,22.519061
kernel_kmeans,113,street_view_house_numbers.npz,image,0.155738,0.032909,0.000478,2.733941
kernel_kmeans,114,har.npz,image,0.557823,0.572487,0.495581,0.900659
kernel_kmeans,115,Indian_pines.npz,image,0.575412,0.474513,0.308109,8.423703
kernel_kmeans,116,satellite_image.npz,image,0.684382,0.612312,0.531902,17.200400
kernel_kmeans,117,olivetti_faces.npz,image,0.552500,0.772211,0.401580,19.171445
kernel_kmeans,118,PCam.npz,image,0.334259,0.367933,0.088326,2.790987
kernel_kmeans,119,cnae9.npz,text,0.738769,0.171871,0.227806,17.133382
kernel_kmeans,120,imdb.npz,text,0.775225,0.043142,0.123177,1.012290
kernel_kmeans,121,hate_speech.npz,text,0.559680,0.081782,0.014098,0.568698
kernel_kmeans,122,sentiment_labeld_sentences.npz,text,0.946108,0.529512,0.681064,0.319967
kernel_kmeans,123,sms_spam_collection.npz,text,0.462439,0.318234,0.239680,136.236668
kernel_kmeans,124,wos.npz,text,0.960896,0.766393,0.849686,27.249680
kernel_kmeans,125,enron.npz,text,0.830900,0.528205,0.561291,16.976007
kernel_kmeans,126,reuters.npz,text,0.169052,0.135370,0.047157,424.172984
kernel_kmeans,127,20newsgroups.npz,text,0.940852,0.738819,0.854118,79.316751
kernel_kmeans,128,Mouse_retina.npz,bioinfo,0.469128,0.314758,0.345064,809.174065
kernel_kmeans,129,Campbell.npz,bioinfo,0.557000,0.010458,0.012754,31.754357
kernel_kmeans,130,Baron Human.npz,bioinfo,0.411549,0.210036,0.087535,292.365533
kfsc,0,echocardiogram.npz,tabular,0.586885,0.203231,-0.009351,0.127016
kfsc,1,skillcraft1_master_table_dataset.npz,tabular,0.257645,0.059444,0.029643,5.766108
kfsc,2,breast_cancer_wisconsin_original.npz,tabular,0.703953,0.122735,0.164903,0.485338
kfsc,3,smoker_condition.npz,tabular,0.613636,0.038027,0.050809,0.592692
kfsc,4,glass_identification.npz,tabular,0.449533,0.298089,0.205044,0.425324
kfsc,5,statlog_image_segmentation.npz,tabular,0.618701,0.524162,0.442241,3.326779
kfsc,6,planning_relax.npz,tabular,0.695604,0.003407,0.011730,0.800598
kfsc,7,customer_classification.npz,tabular,0.292800,0.005765,0.003608,1.490809
kfsc,8,pima_indians_diabetes_database.npz,tabular,0.664062,0.013364,0.036383,0.690751
kfsc,9,mobile_price_classification.npz,tabular,0.278100,0.004559,0.002703,1.950661
kfsc,10,spambase.npz,tabular,0.659943,0.062720,0.100602,1.187356
kfsc,11,rice_seed_gonen_jasmine.npz,tabular,0.735974,0.185903,0.220884,3.658114
kfsc,12,heart_attack_analysis_prediction_dataset.npz,tabular,0.625083,0.042733,0.059434,0.236916
kfsc,13,user_knowledge_modeling.npz,tabular,0.337209,0.073293,0.039325,0.110710
kfsc,14,world12d.npz,tabular,0.673333,0.530078,0.527031,0.586074
kfsc,15,pumpkin_seeds.npz,tabular,0.698640,0.116536,0.157495,1.567804
kfsc,16,iris.npz,tabular,0.613333,0.220033,0.175295,0.028571
kfsc,17,wine.npz,tabular,0.837079,0.533477,0.564203,0.799987
kfsc,18,letter_recognition.npz,tabular,0.302682,0.330891,0.154266,34.939508
kfsc,19,mammographic_mass.npz,tabular,0.538554,0.005120,0.005308,2.583691
kfsc,20,breast_tissue.npz,tabular,0.484906,0.346947,0.198068,0.279720
kfsc,21,hepatitis.npz,tabular,0.667500,0.110842,0.103302,0.431803
kfsc,22,predicting_pulsar_star.npz,tabular,0.907538,0.258911,0.481976,2.456807
kfsc,23,breast_cancer_wisconsin_prognostic.npz,tabular,0.608787,0.050040,0.044896,1.041446
kfsc,24,wireless_indoor_localization.npz,tabular,0.720500,0.437585,0.433558,3.495996
kfsc,25,date_fruit.npz,tabular,0.700223,0.620225,0.637770,3.497819
kfsc,26,zoo.npz,tabular,0.657426,0.674453,0.533304,0.782141
kfsc,27,htru2.npz,tabular,0.908971,0.250915,0.475104,2.604355
kfsc,28,ionosphere.npz,tabular,0.885470,0.465126,0.591409,0.415072
kfsc,29,music_genre_classification.npz,tabular,0.356800,0.228727,0.163206,5.318236
kfsc,30,spectf_heart.npz,tabular,0.647500,0.067119,0.078193,0.475355
kfsc,31,rice_dataset_cammeo_and_osmancik.npz,tabular,0.604357,0.031697,0.043295,1.902431
kfsc,32,ph_recognition.npz,tabular,0.486064,0.494659,0.302463,1.328911
kfsc,33,banknote_authentication.npz,tabular,0.638192,0.070802,0.075409,1.235485
kfsc,34,wine_quality.npz,tabular,0.410630,0.002336,-0.001152,6.513257
kfsc,35,cardiovascular_study.npz,tabular,0.741305,0.000030,0.003213,1.679841
kfsc,36,statlog_german_credit.npz,tabular,0.577000,0.003774,0.013425,0.680358
kfsc,37,boston.npz,tabular,0.727273,0.373366,0.343484,0.138884
kfsc,38,seismic_bumps.npz,tabular,0.916718,0.004748,-0.025051,1.081270
kfsc,39,dry_bean.npz,tabular,0.476523,0.344427,0.245360,8.282600
kfsc,40,credit_risk_classification.npz,tabular,0.662500,0.000193,-0.001223,1.048680
kfsc,41,epileptic_seizure_recognition.npz,tabular,0.426783,0.180945,0.143171,13.857086
kfsc,42,website_phishing.npz,tabular,0.523577,0.047826,0.028077,1.608131
kfsc,43,optical_recognition_of_handwritten_digits.npz,tabular,0.859273,0.793108,0.752335,7.073027
kfsc,44,siberian_weather_stats.npz,tabular,0.332196,0.008842,-0.000780,5.702512
kfsc,45,orbit_classification_for_prediction_nasa.npz,tabular,0.724274,0.010950,-0.046498,1.875483
kfsc,46,magic_gamma_telescope.npz,tabular,0.588859,0.010056,0.026738,9.542366
kfsc,47,raisin.npz,tabular,0.533111,0.003203,0.003293,0.788412
kfsc,48,patient_treatment_classification.npz,tabular,0.595648,0.000161,0.000055,2.118709
kfsc,49,fetal_health_classification.npz,tabular,0.607244,0.129882,0.152396,1.453903
kfsc,50,dermatology.npz,tabular,0.914525,0.816537,0.824408,0.492215
kfsc,51,secom.npz,tabular,0.511040,0.000513,0.000252,2.246992
kfsc,52,paris_housing_classification.npz,tabular,0.821220,0.000520,0.014075,3.887720
kfsc,53,seeds.npz,tabular,0.690476,0.284812,0.284882,0.135448
kfsc,54,wine_customer.npz,tabular,0.837079,0.533477,0.564203,0.784667
kfsc,55,crowdsourced_mapping.npz,tabular,0.484865,0.179305,0.158928,8.116610
kfsc,56,durum_wheat_features.npz,tabular,0.580267,0.233260,0.224524,8.692845
kfsc,57,classification_in_asteroseismology.npz,tabular,0.664535,0.016604,0.063487,0.064649
kfsc,58,birds_bones_and_living_habits.npz,tabular,0.425666,0.165609,0.159409,1.897735
kfsc,59,microbes.npz,tabular,0.199420,0.018783,0.003711,32.145585
kfsc,60,image_segmentation.npz,tabular,0.640952,0.582730,0.474850,1.336436
kfsc,61,water_quality.npz,tabular,0.564595,0.011479,0.016743,0.984369
kfsc,62,insurance_company_benchmark.npz,tabular,0.654620,0.001852,0.014818,5.349502
kfsc,63,harbermans_survival.npz,tabular,0.735294,0.007440,0.000000,0.166784
kfsc,64,yeast.npz,tabular,0.344483,0.152435,0.082667,3.010320
kfsc,65,heart_disease.npz,tabular,0.539394,0.032642,0.018009,1.904158
kfsc,66,ecoli.npz,tabular,0.591437,0.305704,0.242598,2.390438
kfsc,67,extyaleb.npz,tabular,0.909091,0.776324,0.783901,0.753860
kfsc,68,breast_cancer_coimbra.npz,tabular,0.612069,0.053316,0.048006,0.135059
kfsc,69,student_grade.npz,tabular,0.616709,0.033289,0.051319,0.802139
kfsc,70,human_stress_detection.npz,tabular,0.421189,0.060418,0.024918,1.044338
kfsc,71,fraud_detection_bank.npz,tabular,0.734673,0.110460,0.204149,5.314338
kfsc,72,pen_based_recognition_of_handwritten_digits.npz,tabular,0.803656,0.730773,0.680021,17.109207
kfsc,73,diabetic_retinopathy_debrecen.npz,tabular,0.551347,0.018849,0.012882,0.581177
kfsc,74,pistachio.npz,tabular,0.622905,0.029184,0.054507,1.962665
kfsc,75,turkish_music_emotion.npz,tabular,0.521500,0.187591,0.187977,1.675252
kfsc,76,parkinsons.npz,tabular,0.748718,0.002604,-0.006859,0.816007
kfsc,77,weather.npz,tabular,1.000000,1.000000,1.000000,0.891593
kfsc,78,blood_transfusion_service_center.npz,tabular,0.762032,0.003481,0.000000,0.585665
kfsc,79,mfeat-karhunen.npz,tabular,0.926500,0.850484,0.844582,5.577648
kfsc,80,mfeat-factors.npz,tabular,0.896700,0.840252,0.815091,9.605501
kfsc,81,wall-robot-navigation.npz,tabular,0.389626,0.066058,0.051628,5.793230
kfsc,82,Waveform.npz,tabular,0.407000,0.060619,0.041302,3.648788
kfsc,83,gas-drift.npz,tabular,0.478540,0.279387,0.159600,17.316380
kfsc,84,mfeat-morphological.npz,tabular,0.543200,0.540668,0.419770,4.603127
kfsc,85,JapaneseVowels.npz,tabular,0.490152,0.393033,0.276423,28.734365
kfsc,86,rmftsa_sleepdata.npz,tabular,0.408398,0.009916,0.011914,2.297163
kfsc,87,first-order-theorem-proving.npz,tabular,0.281366,0.042386,0.027704,12.562499
kfsc,88,gina_prior2.npz,tabular,0.469146,0.416323,0.299104,25.557834
kfsc,89,fabert.npz,tabular,0.204856,0.039642,0.025089,22.577482
kfsc,90,dilbert.npz,tabular,0.382460,0.174968,0.133508,23.579108
kfsc,91,synthetic_control.npz,tabular,0.482333,0.580956,0.414163,2.436444
kfsc,92,Drug Consumption.npz,tabular,0.433619,0.002381,-0.000243,3.311234
kfsc,93,shuttle.npz,tabular,0.812140,0.112206,0.266359,1.462823
kfsc,94,tr45.wc.npz,tabular,0.514497,0.408455,0.317281,7.151579
kfsc,95,steel-plates-fault.npz,tabular,0.691396,0.228120,0.151869,0.882090
kfsc,96,fbis.wc.npz,tabular,0.545537,0.495684,0.362873,16.406233
kfsc,97,mfeat-fourier.npz,tabular,0.631500,0.536301,0.444949,3.473708
kfsc,98,vehicle.npz,tabular,0.374704,0.088004,0.072441,0.767086
kfsc,99,micro-mass.npz,tabular,0.442778,0.422864,0.255898,8.070523
kfsc,100,ISOLET.npz,tabular,0.577632,0.676980,0.486716,76.092809
kfsc,101,poker-hand.npz,tabular,0.521280,0.001370,0.002073,12.238476
kfsc,102,tamilnadu-electricity.npz,tabular,0.072640,0.005931,-0.000025,97.994577
kfsc,103,mnist64.npz,image,0.949353,0.894396,0.888320,1.129657
kfsc,104,MNIST_CLIP.npz,image,0.888195,0.778693,0.776420,50.093670
kfsc,105,fashion_mnist.npz,image,0.590733,0.535067,0.417999,22.845189
kfsc,106,FashionMNIST_CLIP.npz,image,0.676980,0.652839,0.559746,40.005153
kfsc,107,cifar10.npz,image,0.202215,0.078039,0.038594,23.981591
kfsc,108,CIFAR10_CLIP.npz,image,0.791740,0.669363,0.623865,28.683877
kfsc,109,coil20.npz,image,0.692500,0.811882,0.648923,13.497653
kfsc,110,COIL20_CLIP.npz,image,0.679722,0.754943,0.579792,17.562458
kfsc,111,labeled_faces_in_the_wild.npz,image,0.510182,0.000362,0.000048,2.393260
kfsc,112,flickr_material_database.npz,image,0.496289,0.366244,0.273749,9.555145
kfsc,113,street_view_house_numbers.npz,image,0.180601,0.056385,0.017671,10.038853
kfsc,114,har.npz,image,0.362449,0.278681,0.187437,5.585995
kfsc,115,Indian_pines.npz,image,0.395575,0.207040,0.092020,16.827523
kfsc,116,satellite_image.npz,image,0.618524,0.440935,0.433119,3.866411
kfsc,117,olivetti_faces.npz,image,0.461500,0.671066,0.287707,13.714133
kfsc,118,PCam.npz,image,0.612593,0.491251,0.416831,6.739591
kfsc,119,cnae9.npz,text,0.579815,0.020744,0.028271,5.120266
kfsc,120,imdb.npz,text,0.408134,0.026536,0.017123,2.749144
kfsc,121,hate_speech.npz,text,0.548326,0.007826,0.010084,2.391564
kfsc,122,sentiment_labeld_sentences.npz,text,0.619401,0.008949,-0.032857,1.042806
kfsc,123,sms_spam_collection.npz,text,0.508513,0.362396,0.272901,45.053754
kfsc,124,wos.npz,text,0.734273,0.167900,0.221741,10.898625
kfsc,125,enron.npz,text,0.565906,0.133426,0.142129,15.848203
kfsc,126,reuters.npz,text,0.363747,0.320208,0.201915,55.071988
kfsc,127,20newsgroups.npz,text,0.229837,0.018328,0.013262,31.993702
kfsc,128,Mouse_retina.npz,bioinfo,0.434044,0.400794,0.280521,76.186195
kfsc,129,Campbell.npz,bioinfo,0.588650,0.024601,0.031238,5.234961
kfsc,130,Baron Human.npz,bioinfo,0.539652,0.520069,0.421641,41.039465
kmeans,0,echocardiogram.npz,tabular,0.885246,0.561365,0.584648,0.096228
kmeans,1,skillcraft1_master_table_dataset.npz,tabular,0.321768,0.143160,0.078737,0.128133
kmeans,2,breast_cancer_wisconsin_original.npz,tabular,0.972182,0.814377,0.890982,0.437139
kmeans,3,smoker_condition.npz,tabular,0.988142,0.906951,0.953011,0.012813
kmeans,4,glass_identification.npz,tabular,0.546729,0.455312,0.284240,0.006080
kmeans,5,statlog_image_segmentation.npz,tabular,0.599134,0.633045,0.477573,0.061219
kmeans,6,planning_relax.npz,tabular,0.554945,0.003791,0.005438,0.061826
kmeans,7,customer_classification.npz,tabular,0.328200,0.020773,0.015085,0.039035
kmeans,8,pima_indians_diabetes_database.npz,tabular,0.699219,0.100023,0.154847,0.010525
kmeans,9,mobile_price_classification.npz,tabular,0.296900,0.008366,0.006238,0.078520
kmeans,10,spambase.npz,tabular,0.849381,0.378545,0.487501,0.783380
kmeans,11,rice_seed_gonen_jasmine.npz,tabular,0.984498,0.889584,0.938941,6.450340
kmeans,12,heart_attack_analysis_prediction_dataset.npz,tabular,0.814521,0.327032,0.393479,0.012425
kmeans,13,user_knowledge_modeling.npz,tabular,0.458140,0.215004,0.157356,0.020941
kmeans,14,world12d.npz,tabular,0.821333,0.773492,0.756235,0.011420
kmeans,15,pumpkin_seeds.npz,tabular,0.839600,0.373205,0.461082,0.188266
kmeans,16,iris.npz,tabular,0.830667,0.656715,0.616110,0.007868
kmeans,17,wine.npz,tabular,0.967416,0.879232,0.900972,0.009937
kmeans,18,letter_recognition.npz,tabular,0.308547,0.392775,0.167031,18.052533
kmeans,19,mammographic_mass.npz,tabular,0.802410,0.298987,0.365045,0.668772
kmeans,20,breast_tissue.npz,tabular,0.547170,0.536047,0.335855,0.544413
kmeans,21,hepatitis.npz,tabular,0.787500,0.146915,0.258097,0.003140
kmeans,22,predicting_pulsar_star.npz,tabular,0.969805,0.615949,0.767573,0.126349
kmeans,23,breast_cancer_wisconsin_prognostic.npz,tabular,0.917399,0.576872,0.695426,0.711588
kmeans,24,wireless_indoor_localization.npz,tabular,0.937500,0.830104,0.840857,0.030416
kmeans,25,date_fruit.npz,tabular,0.759465,0.721483,0.708772,0.037378
kmeans,26,zoo.npz,tabular,0.851485,0.847111,0.804353,0.017573
kmeans,27,htru2.npz,tabular,0.941094,0.429037,0.629754,0.167490
kmeans,28,ionosphere.npz,tabular,0.706553,0.124997,0.167902,0.013372
kmeans,29,music_genre_classification.npz,tabular,0.382000,0.296287,0.182872,0.034245
kmeans,30,spectf_heart.npz,tabular,0.762500,0.254655,0.267330,0.515620
kmeans,31,rice_dataset_cammeo_and_osmancik.npz,tabular,0.912598,0.570810,0.680791,0.667169
kmeans,32,ph_recognition.npz,tabular,0.574273,0.633282,0.430122,1.160493
kmeans,33,banknote_authentication.npz,tabular,0.562682,0.012253,0.014995,0.019913
kmeans,34,wine_quality.npz,tabular,0.319926,0.076751,0.048303,0.840132
kmeans,35,cardiovascular_study.npz,tabular,0.709259,0.028566,0.091070,0.049426
kmeans,36,statlog_german_credit.npz,tabular,0.640000,0.013869,0.049901,0.819177
kmeans,37,boston.npz,tabular,0.935065,0.794864,0.793596,0.004715
kmeans,38,seismic_bumps.npz,tabular,0.840557,0.052232,0.155982,0.015929
kmeans,39,dry_bean.npz,tabular,0.879064,0.761221,0.731763,0.240185
kmeans,40,credit_risk_classification.npz,tabular,0.662910,0.000437,0.009821,0.016462
kmeans,41,epileptic_seizure_recognition.npz,tabular,0.237043,0.211966,0.045069,0.845464
kmeans,42,website_phishing.npz,tabular,0.689431,0.239387,0.328652,0.034897
kmeans,43,optical_recognition_of_handwritten_digits.npz,tabular,0.834685,0.748018,0.689150,0.925274
kmeans,44,siberian_weather_stats.npz,tabular,0.323667,0.096529,0.037539,0.052078
kmeans,45,orbit_classification_for_prediction_nasa.npz,tabular,0.468641,0.100161,0.047686,0.039800
kmeans,46,magic_gamma_telescope.npz,tabular,0.556156,0.002980,0.009729,0.287059
kmeans,47,raisin.npz,tabular,0.845556,0.398020,0.477066,0.620007
kmeans,48,patient_treatment_classification.npz,tabular,0.609474,0.030987,0.047407,0.064032
kmeans,49,fetal_health_classification.npz,tabular,0.644403,0.201881,0.187585,0.059045
kmeans,50,dermatology.npz,tabular,0.963687,0.939210,0.939648,0.656307
kmeans,51,secom.npz,tabular,0.926484,0.006652,0.033093,0.044456
kmeans,52,paris_housing_classification.npz,tabular,0.504700,0.000029,0.000012,0.209575
kmeans,53,seeds.npz,tabular,0.919048,0.727864,0.773294,0.018868
kmeans,54,wine_customer.npz,tabular,0.966292,0.875894,0.897495,0.016534
kmeans,55,crowdsourced_mapping.npz,tabular,0.493768,0.244734,0.130748,0.159748
kmeans,56,durum_wheat_features.npz,tabular,0.486556,0.520858,0.355050,0.156019
kmeans,57,classification_in_asteroseismology.npz,tabular,0.929071,0.584590,0.726393,0.015203
kmeans,58,birds_bones_and_living_habits.npz,tabular,0.484262,0.313435,0.253282,0.990107
kmeans,59,microbes.npz,tabular,0.198799,0.081547,0.033674,21.616556
kmeans,60,image_segmentation.npz,tabular,0.666667,0.623729,0.508212,0.021007
kmeans,61,water_quality.npz,tabular,0.521134,0.000074,0.000258,0.037461
kmeans,62,insurance_company_benchmark.npz,tabular,0.681037,0.013517,0.036864,0.470767
kmeans,63,harbermans_survival.npz,tabular,0.751634,0.065437,0.155578,0.006649
kmeans,64,yeast.npz,tabular,0.475394,0.292085,0.211002,0.074624
kmeans,65,heart_disease.npz,tabular,0.494949,0.244306,0.282975,0.008696
kmeans,66,ecoli.npz,tabular,0.817737,0.674591,0.724244,0.027785
kmeans,67,extyaleb.npz,tabular,0.529154,0.424131,0.196955,0.030658
kmeans,68,breast_cancer_coimbra.npz,tabular,0.551724,0.070301,0.001008,0.003411
kmeans,69,student_grade.npz,tabular,0.789873,0.219815,0.327155,0.014929
kmeans,70,human_stress_detection.npz,tabular,0.824088,0.702721,0.622058,0.030946
kmeans,71,fraud_detection_bank.npz,tabular,0.802980,0.231417,0.244111,0.834190
kmeans,72,pen_based_recognition_of_handwritten_digits.npz,tabular,0.784227,0.720541,0.634356,0.423897
kmeans,73,diabetic_retinopathy_debrecen.npz,tabular,0.560382,0.011466,0.013715,0.220591
kmeans,74,pistachio.npz,tabular,0.799348,0.287573,0.358145,0.076048
kmeans,75,turkish_music_emotion.npz,tabular,0.600000,0.354117,0.306273,0.038047
kmeans,76,parkinsons.npz,tabular,0.671795,0.211081,0.112042,0.017110
kmeans,77,weather.npz,tabular,1.000000,1.000000,1.000000,0.031892
kmeans,78,blood_transfusion_service_center.npz,tabular,0.685829,0.010353,0.054886,0.010994
kmeans,79,mfeat-karhunen.npz,tabular,0.755500,0.671420,0.576486,0.239532
kmeans,80,mfeat-factors.npz,tabular,0.850500,0.754245,0.695596,0.092198
kmeans,81,wall-robot-navigation.npz,tabular,0.512830,0.150628,0.104311,0.137442
kmeans,82,Waveform.npz,tabular,0.501600,0.373581,0.258310,0.120343
kmeans,83,gas-drift.npz,tabular,0.490500,0.350011,0.196983,0.356364
kmeans,84,mfeat-morphological.npz,tabular,0.640800,0.682758,0.549555,0.059313
kmeans,85,JapaneseVowels.npz,tabular,0.431684,0.416596,0.267749,0.613575
kmeans,86,rmftsa_sleepdata.npz,tabular,0.350781,0.034498,0.032644,0.030508
kmeans,87,first-order-theorem-proving.npz,tabular,0.283916,0.038844,0.008982,0.125961
kmeans,88,gina_prior2.npz,tabular,0.519031,0.476518,0.345135,3.060934
kmeans,89,fabert.npz,tabular,0.250698,0.073705,0.003142,16.319171
kmeans,90,dilbert.npz,tabular,0.357900,0.144177,0.109289,4.040869
kmeans,91,synthetic_control.npz,tabular,0.665000,0.771973,0.621447,0.057997
kmeans,92,Drug Consumption.npz,tabular,0.347627,0.007097,0.005889,0.041213
kmeans,93,shuttle.npz,tabular,0.854900,0.186742,0.367780,0.253260
kmeans,94,tr45.wc.npz,tabular,0.408284,0.359609,0.222601,1.237802
kmeans,95,steel-plates-fault.npz,tabular,0.510046,0.086689,-0.037596,0.029215
kmeans,96,fbis.wc.npz,tabular,0.430328,0.395077,0.234196,5.213175
kmeans,97,mfeat-fourier.npz,tabular,0.584000,0.533987,0.406803,3.390336
kmeans,98,vehicle.npz,tabular,0.418440,0.177250,0.125497,0.016589
kmeans,99,micro-mass.npz,tabular,0.652778,0.776470,0.563563,1.206859
kmeans,100,ISOLET.npz,tabular,0.574323,0.725325,0.512617,32.445418
kmeans,101,poker-hand.npz,tabular,0.504600,0.000082,-0.000017,12.284653
kmeans,102,tamilnadu-electricity.npz,tabular,0.067500,0.006503,0.000078,0.255447
kmeans,103,mnist64.npz,image,0.878004,0.773362,0.748538,1.102169
kmeans,104,MNIST_CLIP.npz,image,0.573729,0.521369,0.408112,25.699049
kmeans,105,fashion_mnist.npz,image,0.506333,0.549343,0.378924,1.122169
kmeans,106,FashionMNIST_CLIP.npz,image,0.675900,0.666568,0.556134,6.443303
kmeans,107,cifar10.npz,image,0.227692,0.076293,0.043236,15.436658
kmeans,108,CIFAR10_CLIP.npz,image,0.728100,0.669395,0.573570,28.813765
kmeans,109,coil20.npz,image,0.690972,0.779230,0.606330,2.954690
kmeans,110,COIL20_CLIP.npz,image,0.875694,0.942314,0.847863,2.987041
kmeans,111,labeled_faces_in_the_wild.npz,image,0.523091,0.001562,0.001684,1.307627
kmeans,112,flickr_material_database.npz,image,0.410231,0.319086,0.164794,3.280757
kmeans,113,street_view_house_numbers.npz,image,0.159836,0.033968,0.001154,2.140024
kmeans,114,har.npz,image,0.508844,0.586700,0.407686,1.312790
kmeans,115,Indian_pines.npz,image,0.572454,0.472339,0.302136,0.285851
kmeans,116,satellite_image.npz,image,0.706294,0.630169,0.569698,36.248196
kmeans,117,olivetti_faces.npz,image,0.604500,0.786950,0.461708,0.786116
kmeans,118,PCam.npz,image,0.620370,0.589586,0.281009,2.618515
kmeans,119,cnae9.npz,text,0.634892,0.053758,0.072576,0.164298
kmeans,120,imdb.npz,text,0.682707,0.013235,0.070643,6.157872
kmeans,121,hate_speech.npz,text,0.525837,0.004765,0.002478,2.631817
kmeans,122,sentiment_labeld_sentences.npz,text,0.876407,0.088185,0.110223,0.026404
kmeans,123,sms_spam_collection.npz,text,0.472142,0.321106,0.245111,46.772483
kmeans,124,wos.npz,text,0.956576,0.783808,0.833829,3.320433
kmeans,125,enron.npz,text,0.828011,0.522201,0.554775,17.452076
kmeans,126,reuters.npz,text,0.167851,0.150851,0.053833,144.509931
kmeans,127,20newsgroups.npz,text,0.913290,0.663931,0.754123,3.098845
kmeans,128,Mouse_retina.npz,bioinfo,0.462304,0.279679,0.346527,163.056782
kmeans,129,Campbell.npz,bioinfo,0.555750,0.009937,0.012190,6.544669
kmeans,130,Baron Human.npz,bioinfo,0.508461,0.541341,0.338109,181.858587
kpc,0,echocardiogram.npz,tabular,0.659016,0.011894,-0.001458,0.052754
kpc,1,skillcraft1_master_table_dataset.npz,tabular,0.223857,0.035761,0.013082,0.619202
kpc,2,breast_cancer_wisconsin_original.npz,tabular,0.655051,0.019720,0.042916,0.090963
kpc,3,smoker_condition.npz,tabular,0.598419,0.018043,0.033783,0.100302
kpc,4,glass_identification.npz,tabular,0.357944,0.151187,0.098233,0.039141
kpc,5,statlog_image_segmentation.npz,tabular,0.487359,0.397898,0.326862,0.482506
kpc,6,planning_relax.npz,tabular,0.715385,0.009779,0.005250,0.070784
kpc,7,customer_classification.npz,tabular,0.294000,0.009087,0.004597,0.083938
kpc,8,pima_indians_diabetes_database.npz,tabular,0.540365,0.000801,0.001753,0.033566
kpc,9,mobile_price_classification.npz,tabular,0.275700,0.003999,0.002152,0.196737
kpc,10,spambase.npz,tabular,0.564312,0.013619,-0.016978,0.207332
kpc,11,rice_seed_gonen_jasmine.npz,tabular,0.552215,0.001076,0.002669,0.356696
kpc,12,heart_attack_analysis_prediction_dataset.npz,tabular,0.539934,0.009968,0.008429,0.022809
kpc,13,user_knowledge_modeling.npz,tabular,0.349612,0.032787,0.013431,0.074658
kpc,14,world12d.npz,tabular,0.289333,0.040911,0.000026,0.103416
kpc,15,pumpkin_seeds.npz,tabular,0.520080,0.000424,0.000013,0.183495
kpc,16,iris.npz,tabular,0.442667,0.089079,0.038878,0.050109
kpc,17,wine.npz,tabular,0.483146,0.098933,0.063194,0.018854
kpc,18,letter_recognition.npz,tabular,0.264872,0.342865,0.145675,3.193809
kpc,19,mammographic_mass.npz,tabular,0.574217,0.024810,0.032217,0.021512
kpc,20,breast_tissue.npz,tabular,0.369811,0.241545,0.132045,0.120015
kpc,21,hepatitis.npz,tabular,0.690000,0.014654,0.015247,0.014957
kpc,22,predicting_pulsar_star.npz,tabular,0.905101,0.236226,0.456983,0.515226
kpc,23,breast_cancer_wisconsin_prognostic.npz,tabular,0.564148,0.023357,0.014456,0.029937
kpc,24,wireless_indoor_localization.npz,tabular,0.377300,0.120149,0.083563,0.082509
kpc,25,date_fruit.npz,tabular,0.317149,0.112780,0.067630,0.388598
kpc,26,zoo.npz,tabular,0.453465,0.320380,0.134596,0.108494
kpc,27,htru2.npz,tabular,0.915972,0.286151,0.513389,0.410759
kpc,28,ionosphere.npz,tabular,0.793732,0.241763,0.322175,0.017177
kpc,29,music_genre_classification.npz,tabular,0.217200,0.085171,0.046177,0.539969
kpc,30,spectf_heart.npz,tabular,0.562500,0.019799,0.008565,0.026211
kpc,31,rice_dataset_cammeo_and_osmancik.npz,tabular,0.645722,0.059875,0.085771,0.069853
kpc,32,ph_recognition.npz,tabular,0.206126,0.201540,0.083191,0.190009
kpc,33,banknote_authentication.npz,tabular,0.609184,0.036471,0.049171,0.026659
kpc,34,wine_quality.npz,tabular,0.275888,0.028428,0.016119,0.493797
kpc,35,cardiovascular_study.npz,tabular,0.609976,0.000300,0.002269,0.153969
kpc,36,statlog_german_credit.npz,tabular,0.629200,0.003436,0.021642,0.076048
kpc,37,boston.npz,tabular,0.522078,0.118723,0.085131,0.030500
kpc,38,seismic_bumps.npz,tabular,0.626006,0.002849,0.014247,0.027398
kpc,39,dry_bean.npz,tabular,0.391417,0.246230,0.165277,1.532246
kpc,40,credit_risk_classification.npz,tabular,0.583607,0.001222,0.009029,0.032037
kpc,41,epileptic_seizure_recognition.npz,tabular,0.278852,0.080954,0.057935,4.651575
kpc,42,website_phishing.npz,tabular,0.380044,0.007585,0.006211,0.045853
kpc,43,optical_recognition_of_handwritten_digits.npz,tabular,0.518179,0.475150,0.357582,0.906772
kpc,44,siberian_weather_stats.npz,tabular,0.238237,0.050475,0.017299,0.139988
kpc,45,orbit_classification_for_prediction_nasa.npz,tabular,0.373635,0.004127,0.002103,0.107146
kpc,46,magic_gamma_telescope.npz,tabular,0.620782,0.016293,0.046346,0.190496
kpc,47,raisin.npz,tabular,0.622222,0.048199,0.058802,0.020226
kpc,48,patient_treatment_classification.npz,tabular,0.528740,0.002051,0.002498,0.134349
kpc,49,fetal_health_classification.npz,tabular,0.493321,0.031610,-0.038886,0.129791
kpc,50,dermatology.npz,tabular,0.586592,0.518216,0.389524,0.198862
kpc,51,secom.npz,tabular,0.662029,0.000762,0.008809,0.473210
kpc,52,paris_housing_classification.npz,tabular,0.538660,0.011151,0.007451,0.359559
kpc,53,seeds.npz,tabular,0.433333,0.077345,0.055635,0.022668
kpc,54,wine_customer.npz,tabular,0.462921,0.090065,0.056151,0.020030
kpc,55,crowdsourced_mapping.npz,tabular,0.370831,0.071495,0.023607,0.948222
kpc,56,durum_wheat_features.npz,tabular,0.489067,0.085393,0.099323,8.233281
kpc,57,classification_in_asteroseismology.npz,tabular,0.680919,0.003932,0.016567,0.067208
kpc,58,birds_bones_and_living_habits.npz,tabular,0.442615,0.163408,0.155457,0.090965
kpc,59,microbes.npz,tabular,0.170725,0.030367,0.011549,1.299782
kpc,60,image_segmentation.npz,tabular,0.474286,0.386220,0.272901,0.138880
kpc,61,water_quality.npz,tabular,0.521333,0.001630,0.001815,0.127226
kpc,62,insurance_company_benchmark.npz,tabular,0.928993,0.009340,0.060882,0.472355
kpc,63,harbermans_survival.npz,tabular,0.689542,0.009933,0.015625,0.053857
kpc,64,yeast.npz,tabular,0.245922,0.070858,0.026236,0.204268
kpc,65,heart_disease.npz,tabular,0.284175,0.022924,0.007859,0.039666
kpc,66,ecoli.npz,tabular,0.363914,0.124815,0.057402,0.040230
kpc,67,extyaleb.npz,tabular,0.821317,0.700456,0.658347,0.071983
kpc,68,breast_cancer_coimbra.npz,tabular,0.601724,0.045333,0.042295,0.051462
kpc,69,student_grade.npz,tabular,0.516962,0.021363,-0.018075,0.034397
kpc,70,human_stress_detection.npz,tabular,0.414493,0.016721,0.010183,0.196318
kpc,71,fraud_detection_bank.npz,tabular,0.728553,0.000268,-0.001730,1.250359
kpc,72,pen_based_recognition_of_handwritten_digits.npz,tabular,0.600507,0.573270,0.464651,0.942256
kpc,73,diabetic_retinopathy_debrecen.npz,tabular,0.532233,0.003081,0.004789,0.028903
kpc,74,pistachio.npz,tabular,0.533333,0.002287,0.003529,0.132164
kpc,75,turkish_music_emotion.npz,tabular,0.388500,0.055003,0.046636,0.121533
kpc,76,parkinsons.npz,tabular,0.615385,0.013741,-0.027674,0.017988
kpc,77,weather.npz,tabular,0.307397,0.236112,0.152983,1.037777
kpc,78,blood_transfusion_service_center.npz,tabular,0.762032,0.003481,0.000000,0.115664
kpc,79,mfeat-karhunen.npz,tabular,0.579700,0.532107,0.398770,0.486625
kpc,80,mfeat-factors.npz,tabular,0.304600,0.244244,0.189200,5.262784
kpc,81,wall-robot-navigation.npz,tabular,0.359824,0.062852,0.027368,0.401761
kpc,82,Waveform.npz,tabular,0.342720,0.000277,-0.000098,0.204150
kpc,83,gas-drift.npz,tabular,0.392380,0.165052,0.112843,6.357040
kpc,84,mfeat-morphological.npz,tabular,0.372800,0.383132,0.271178,0.143200
kpc,85,JapaneseVowels.npz,tabular,0.422347,0.325437,0.219553,1.501183
kpc,86,rmftsa_sleepdata.npz,tabular,0.358594,0.007788,-0.000727,0.096027
kpc,87,first-order-theorem-proving.npz,tabular,0.331906,0.021168,0.033298,0.517767
kpc,88,gina_prior2.npz,tabular,0.355652,0.280430,0.175248,2.540482
kpc,89,fabert.npz,tabular,0.211849,0.035655,0.030399,6.750340
kpc,90,dilbert.npz,tabular,0.376800,0.139153,0.128095,12.349145
kpc,91,synthetic_control.npz,tabular,0.303333,0.345841,0.162712,0.083924
kpc,92,Drug Consumption.npz,tabular,0.309663,0.003722,0.003548,0.155880
kpc,93,shuttle.npz,tabular,0.832380,0.000086,-0.002217,0.182333
kpc,94,tr45.wc.npz,tabular,0.208284,0.053846,0.017267,0.350797
kpc,95,steel-plates-fault.npz,tabular,0.603297,0.014002,0.031764,0.078489
kpc,96,fbis.wc.npz,tabular,0.252186,0.115084,0.057413,1.338503
kpc,97,mfeat-fourier.npz,tabular,0.390500,0.384497,0.281968,0.468979
kpc,98,vehicle.npz,tabular,0.349882,0.052805,0.039904,0.068097
kpc,99,micro-mass.npz,tabular,0.238333,0.130042,0.041831,0.307989
kpc,100,ISOLET.npz,tabular,0.484853,0.603152,0.366763,7.353555
kpc,101,poker-hand.npz,tabular,0.503260,0.000031,-0.000046,0.394612
kpc,102,tamilnadu-electricity.npz,tabular,0.073780,0.005622,-0.000195,2.894229
kpc,103,mnist64.npz,image,0.485767,0.333807,0.275894,0.149625
kpc,104,MNIST_CLIP.npz,image,0.423850,0.326433,0.247859,9.857282
kpc,105,fashion_mnist.npz,image,0.449133,0.408540,0.283930,2.495721
kpc,106,FashionMNIST_CLIP.npz,image,0.485400,0.455701,0.341395,8.871868
kpc,107,cifar10.npz,image,0.135631,0.011766,0.003400,2.386090
kpc,108,CIFAR10_CLIP.npz,image,0.590380,0.509185,0.417908,8.329316
kpc,109,coil20.npz,image,0.266111,0.357506,0.157482,19.503093
kpc,110,COIL20_CLIP.npz,image,0.531806,0.697755,0.464435,2.651973
kpc,111,labeled_faces_in_the_wild.npz,image,0.511455,0.000483,0.000215,1.294783
kpc,112,flickr_material_database.npz,image,0.195988,0.056393,0.023230,0.726514
kpc,113,street_view_house_numbers.npz,image,0.163388,0.028720,0.002667,0.357875
kpc,114,har.npz,image,0.262585,0.061266,0.046882,0.406800
kpc,115,Indian_pines.npz,image,0.404471,0.208100,0.113923,8.300749
kpc,116,satellite_image.npz,image,0.505455,0.310272,0.290067,0.742920
kpc,117,olivetti_faces.npz,image,0.268000,0.498928,0.090104,0.878540
kpc,118,PCam.npz,image,0.378333,0.231032,0.159903,0.801438
kpc,119,cnae9.npz,text,0.516062,0.001259,0.001381,1.826721
kpc,120,imdb.npz,text,0.587830,0.009414,0.005896,0.432017
kpc,121,hate_speech.npz,text,0.528457,0.002462,0.003094,0.522678
kpc,122,sentiment_labeld_sentences.npz,text,0.626347,0.019157,0.045250,0.164198
kpc,123,sms_spam_collection.npz,text,0.349725,0.172788,0.121959,11.837919
kpc,124,wos.npz,text,0.643044,0.093041,0.119524,6.871449
kpc,125,enron.npz,text,0.488169,0.093948,0.103228,7.534789
kpc,126,reuters.npz,text,0.331819,0.296775,0.181738,11.280223
kpc,127,20newsgroups.npz,text,0.572845,0.041874,0.157972,10.660134
kpc,128,Mouse_retina.npz,bioinfo,0.427699,0.424017,0.209489,6.782570
kpc,129,Campbell.npz,bioinfo,0.517750,0.001439,0.001737,2.618728
kpc,130,Baron Human.npz,bioinfo,0.637179,0.509666,0.574422,6.862969
lfss,0,echocardiogram.npz,tabular,0.918033,0.639762,0.690470,26.842382
lfss,1,skillcraft1_master_table_dataset.npz,tabular,0.283379,0.108544,0.079358,92.550536
lfss,2,breast_cancer_wisconsin_original.npz,tabular,0.969253,0.815169,0.879998,31.944791
lfss,3,smoker_condition.npz,tabular,0.975296,0.840776,0.903418,47.565122
lfss,4,glass_identification.npz,tabular,0.471963,0.396428,0.239337,41.427352
lfss,5,statlog_image_segmentation.npz,tabular,0.616450,0.559494,0.468082,45.329323
lfss,6,planning_relax.npz,tabular,0.576923,0.012915,0.017879,28.484036
lfss,7,customer_classification.npz,tabular,0.337000,0.027888,0.023748,55.918466
lfss,8,pima_indians_diabetes_database.npz,tabular,0.677083,0.102470,0.124362,27.872681
lfss,9,mobile_price_classification.npz,tabular,0.331000,0.042113,0.036644,84.665293
lfss,10,spambase.npz,tabular,0.600522,0.040602,0.039643,38.302258
lfss,11,rice_seed_gonen_jasmine.npz,tabular,0.983798,0.882339,0.936233,101.701653
lfss,12,heart_attack_analysis_prediction_dataset.npz,tabular,0.752475,0.189325,0.252428,25.573720
lfss,13,user_knowledge_modeling.npz,tabular,0.511628,0.336022,0.221561,46.282571
lfss,14,world12d.npz,tabular,0.873333,0.832299,0.827108,29.134959
lfss,15,pumpkin_seeds.npz,tabular,0.866400,0.432475,0.536809,36.753593
lfss,16,iris.npz,tabular,0.880000,0.716010,0.701115,30.096303
lfss,17,wine.npz,tabular,0.898876,0.715900,0.712401,29.656220
lfss,18,letter_recognition.npz,tabular,0.316053,0.385168,0.175731,276.372843
lfss,19,mammographic_mass.npz,tabular,0.804819,0.290246,0.370901,23.840774
lfss,20,breast_tissue.npz,tabular,0.632075,0.575710,0.443222,50.894558
lfss,21,hepatitis.npz,tabular,0.637500,0.140565,0.069211,32.056609
lfss,22,predicting_pulsar_star.npz,tabular,0.699126,0.145789,0.125725,115.388577
lfss,23,breast_cancer_wisconsin_prognostic.npz,tabular,0.875220,0.470715,0.562054,40.693825
lfss,24,wireless_indoor_localization.npz,tabular,0.905000,0.764196,0.772018,45.520478
lfss,25,date_fruit.npz,tabular,0.668151,0.655698,0.613708,83.714434
lfss,26,zoo.npz,tabular,0.693069,0.701616,0.548901,32.826330
lfss,27,htru2.npz,tabular,0.753975,0.160565,0.186810,83.164813
lfss,28,ionosphere.npz,tabular,0.769231,0.254326,0.288068,33.309676
lfss,29,music_genre_classification.npz,tabular,0.340000,0.275946,0.156659,79.303116
lfss,30,spectf_heart.npz,tabular,0.762500,0.220454,0.266626,33.571768
lfss,31,rice_dataset_cammeo_and_osmancik.npz,tabular,0.911549,0.564713,0.677187,59.418458
lfss,32,ph_recognition.npz,tabular,0.629403,0.647041,0.449947,71.626033
lfss,33,banknote_authentication.npz,tabular,0.879738,0.502624,0.576487,37.689052
lfss,34,wine_quality.npz,tabular,0.303304,0.063865,0.041067,111.224206
lfss,35,cardiovascular_study.npz,tabular,0.650837,0.030063,0.062476,76.579998
lfss,36,statlog_german_credit.npz,tabular,0.589000,0.019009,0.029726,88.350355
lfss,37,boston.npz,tabular,0.850649,0.622159,0.594162,42.714944
lfss,38,seismic_bumps.npz,tabular,0.684211,0.003590,-0.021402,34.056021
lfss,39,dry_bean.npz,tabular,0.701911,0.661028,0.556872,185.871863
lfss,40,credit_risk_classification.npz,tabular,0.662910,0.006323,0.037668,61.196300
lfss,41,epileptic_seizure_recognition.npz,tabular,0.423478,0.247118,0.207796,115.898673
lfss,42,website_phishing.npz,tabular,0.617886,0.209998,0.274507,37.212984
lfss,43,optical_recognition_of_handwritten_digits.npz,tabular,0.643474,0.541701,0.453877,161.114782
lfss,44,siberian_weather_stats.npz,tabular,0.273632,0.090265,0.028438,82.506789
lfss,45,orbit_classification_for_prediction_nasa.npz,tabular,0.479675,0.081261,0.022221,64.302864
lfss,46,magic_gamma_telescope.npz,tabular,0.620262,0.054337,0.057582,137.641819
lfss,47,raisin.npz,tabular,0.865556,0.435888,0.534008,45.700674
lfss,48,patient_treatment_classification.npz,tabular,0.676564,0.089800,0.124355,69.670880
lfss,49,fetal_health_classification.npz,tabular,0.509407,0.161170,0.118950,51.437996
lfss,50,dermatology.npz,tabular,0.849162,0.703198,0.701447,46.301601
lfss,51,secom.npz,tabular,0.625399,0.003308,0.013173,31.078826
lfss,52,paris_housing_classification.npz,tabular,0.605000,0.036068,0.037772,77.499663
lfss,53,seeds.npz,tabular,0.933333,0.767007,0.812596,25.588017
lfss,54,wine_customer.npz,tabular,0.949438,0.807436,0.847861,28.463696
lfss,55,crowdsourced_mapping.npz,tabular,0.447034,0.184238,0.141196,192.700793
lfss,56,durum_wheat_features.npz,tabular,0.809000,0.510937,0.543005,146.421360
lfss,57,classification_in_asteroseismology.npz,tabular,0.904096,0.581500,0.648989,19.034348
lfss,58,birds_bones_and_living_habits.npz,tabular,0.479419,0.288393,0.282298,36.301006
lfss,59,microbes.npz,tabular,0.209405,0.083673,0.036853,174.895704
lfss,60,image_segmentation.npz,tabular,0.609524,0.603088,0.478374,39.307600
lfss,61,water_quality.npz,tabular,0.570860,0.011434,0.019231,75.960214
lfss,62,insurance_company_benchmark.npz,tabular,0.567846,0.003768,0.006795,112.640993
lfss,63,harbermans_survival.npz,tabular,0.578431,0.016971,0.021367,28.591078
lfss,64,yeast.npz,tabular,0.370802,0.236533,0.127343,81.220807
lfss,65,heart_disease.npz,tabular,0.360269,0.164071,0.102111,44.521869
lfss,66,ecoli.npz,tabular,0.660550,0.585850,0.490994,52.854825
lfss,67,extyaleb.npz,tabular,0.470219,0.243662,0.195623,69.202084
lfss,68,breast_cancer_coimbra.npz,tabular,0.706897,0.122282,0.163981,50.619601
lfss,69,student_grade.npz,tabular,0.696203,0.162634,0.151556,53.516738
lfss,70,human_stress_detection.npz,tabular,0.914043,0.764813,0.764673,62.404844
lfss,71,fraud_detection_bank.npz,tabular,0.650465,0.045513,0.082578,77.653746
lfss,72,pen_based_recognition_of_handwritten_digits.npz,tabular,0.790232,0.713242,0.631036,247.279834
lfss,73,diabetic_retinopathy_debrecen.npz,tabular,0.615986,0.040334,0.052986,41.870220
lfss,74,pistachio.npz,tabular,0.727188,0.150846,0.205961,92.363141
lfss,75,turkish_music_emotion.npz,tabular,0.512500,0.183801,0.186290,61.822574
lfss,76,parkinsons.npz,tabular,0.733333,0.145026,0.204919,30.904003
lfss,77,weather.npz,tabular,1.000000,1.000000,1.000000,29.884476
lfss,78,blood_transfusion_service_center.npz,tabular,0.628342,0.038360,0.060001,31.898870
lfss,79,mfeat-karhunen.npz,tabular,0.414000,0.284476,0.200324,156.487021
lfss,80,mfeat-factors.npz,tabular,0.685000,0.620901,0.534224,84.899148
lfss,81,wall-robot-navigation.npz,tabular,0.358138,0.090786,0.048871,79.874089
lfss,82,Waveform.npz,tabular,0.527000,0.333799,0.248041,108.286861
lfss,83,gas-drift.npz,tabular,0.642000,0.472403,0.409411,181.721633
lfss,84,mfeat-morphological.npz,tabular,0.650500,0.674563,0.550070,95.160689
lfss,85,JapaneseVowels.npz,tabular,0.453368,0.352176,0.245822,295.440181
lfss,86,rmftsa_sleepdata.npz,tabular,0.369141,0.050909,0.033277,54.184116
lfss,87,first-order-theorem-proving.npz,tabular,0.302877,0.059509,0.046183,99.241138
lfss,88,gina_prior2.npz,tabular,0.321511,0.175081,0.136534,93.839042
lfss,89,fabert.npz,tabular,0.187083,0.006851,0.004684,429.988210
lfss,90,dilbert.npz,tabular,0.369800,0.120041,0.098759,338.775602
lfss,91,synthetic_control.npz,tabular,0.886667,0.813390,0.770094,79.602419
lfss,92,Drug Consumption.npz,tabular,0.331618,0.008550,0.013623,48.806709
lfss,93,shuttle.npz,tabular,0.710700,0.243055,0.173497,85.856241
lfss,94,tr45.wc.npz,tabular,0.210059,0.063819,0.023884,114.967857
lfss,95,steel-plates-fault.npz,tabular,0.676455,0.097103,0.123957,32.113094
lfss,96,fbis.wc.npz,tabular,0.209927,0.063080,0.039028,107.498121
lfss,97,mfeat-fourier.npz,tabular,0.445000,0.329152,0.234965,233.756693
lfss,98,vehicle.npz,tabular,0.426714,0.162122,0.121839,42.060891
lfss,99,micro-mass.npz,tabular,0.358333,0.292256,0.134536,60.190356
lfss,100,ISOLET.npz,tabular,0.417468,0.444115,0.256265,500.888340
lfss,101,poker-hand.npz,tabular,0.520200,0.000006,0.000109,93.159834
lfss,102,tamilnadu-electricity.npz,tabular,0.072000,0.006373,0.000234,120.934481
lfss,103,mnist64.npz,image,0.734750,0.542143,0.504136,98.017865
lfss,104,MNIST_CLIP.npz,image,0.455682,0.330552,0.259574,195.595915
lfss,105,fashion_mnist.npz,image,0.492333,0.458407,0.331650,156.576772
lfss,106,FashionMNIST_CLIP.npz,image,0.600600,0.479156,0.401516,165.411710
lfss,107,cifar10.npz,image,0.196615,0.056836,0.027874,228.707174
lfss,108,CIFAR10_CLIP.npz,image,0.546400,0.354219,0.288803,399.949150
lfss,109,coil20.npz,image,0.617361,0.677147,0.501548,93.491996
lfss,110,COIL20_CLIP.npz,image,0.755556,0.849061,0.697470,94.562895
lfss,111,labeled_faces_in_the_wild.npz,image,0.526364,0.002063,0.002336,107.521915
lfss,112,flickr_material_database.npz,image,0.216650,0.072283,0.031372,126.060550
lfss,113,street_view_house_numbers.npz,image,0.176230,0.039041,0.008483,121.680878
lfss,114,har.npz,image,0.600000,0.503745,0.410446,58.102849
lfss,115,Indian_pines.npz,image,0.546173,0.433268,0.268290,118.479572
lfss,116,satellite_image.npz,image,0.752292,0.619069,0.588459,64.233731
lfss,117,olivetti_faces.npz,image,0.502500,0.703119,0.335127,185.198058
lfss,118,PCam.npz,image,0.232407,0.081623,0.036773,111.846682
lfss,119,cnae9.npz,text,0.539385,0.004489,0.005899,51.986295
lfss,120,imdb.npz,text,0.467867,0.003519,0.003796,116.271220
lfss,121,hate_speech.npz,text,0.518923,0.001425,0.001102,54.247889
lfss,122,sentiment_labeld_sentences.npz,text,0.588024,0.104201,0.029200,43.649760
lfss,123,sms_spam_collection.npz,text,0.264579,0.082060,0.066856,677.023941
lfss,124,wos.npz,text,0.820182,0.333616,0.410008,258.810460
lfss,125,enron.npz,text,0.495590,0.083680,0.103438,123.138373
lfss,126,reuters.npz,text,0.128616,0.082933,0.029093,403.311988
lfss,127,20newsgroups.npz,text,0.337524,0.219728,0.038195,274.354207
lfss,128,Mouse_retina.npz,bioinfo,0.127289,0.013761,0.012498,639.779416
lfss,129,Campbell.npz,bioinfo,0.664250,0.079463,0.107690,250.686162
lfss,130,Baron Human.npz,bioinfo,0.171932,0.022902,0.012000,874.116776
lrr,0,echocardiogram.npz,tabular,0.655700,0.035600,0.071400,1.480500
lrr,1,skillcraft1_master_table_dataset.npz,tabular,0.257342,0.072351,0.035659,168.172038
lrr,2,breast_cancer_wisconsin_original.npz,tabular,0.540264,0.024076,-0.001231,13.855377
lrr,3,smoker_condition.npz,tabular,0.602767,0.000037,-0.000333,8.271009
lrr,4,glass_identification.npz,tabular,0.411215,0.270273,0.145227,1.267546
lrr,5,statlog_image_segmentation.npz,tabular,0.659740,0.562092,0.492071,60.455538
lrr,6,planning_relax.npz,tabular,0.697802,0.000469,0.007666,1.490267
lrr,7,customer_classification.npz,tabular,0.294000,0.009707,0.001288,6.485513
lrr,8,pima_indians_diabetes_database.npz,tabular,0.507812,0.010147,-0.008680,25.750656
lrr,9,mobile_price_classification.npz,tabular,0.281000,0.004572,0.002126,40.261251
lrr,10,spambase.npz,tabular,0.620100,0.011300,0.018500,1194.600000
lrr,11,rice_seed_gonen_jasmine.npz,tabular,0.701470,0.121884,0.162278,3929.372012
lrr,12,heart_attack_analysis_prediction_dataset.npz,tabular,0.531353,0.011563,-0.000542,2.248483
lrr,13,user_knowledge_modeling.npz,tabular,0.345000,0.059000,0.035800,1.577000
lrr,14,world12d.npz,tabular,0.480000,0.342800,0.267500,1.382700
lrr,15,pumpkin_seeds.npz,tabular,0.769200,0.240793,0.289562,74.970585
lrr,16,iris.npz,tabular,0.586700,0.164200,0.141800,1.321000
lrr,17,wine.npz,tabular,0.623596,0.251952,0.228151,0.786872
lrr,18,letter_recognition.npz,tabular,0.382306,0.428619,0.236841,1696.470977
lrr,19,mammographic_mass.npz,tabular,0.549400,0.007500,0.008600,22.411800
lrr,20,breast_tissue.npz,tabular,0.537736,0.383765,0.247088,0.456034
lrr,21,hepatitis.npz,tabular,0.737500,0.088700,0.174600,0.326000
lrr,22,predicting_pulsar_star.npz,tabular,0.952227,0.452941,0.666123,3300.942138
lrr,23,breast_cancer_wisconsin_prognostic.npz,tabular,0.841828,0.339864,0.460774,6.748527
lrr,24,wireless_indoor_localization.npz,tabular,0.740000,0.446456,0.442480,279.654701
lrr,25,date_fruit.npz,tabular,0.573497,0.636349,0.504717,16.534606
lrr,26,zoo.npz,tabular,0.534700,0.550800,0.397100,0.699300
lrr,27,htru2.npz,tabular,0.950095,0.451234,0.658361,4225.330378
lrr,28,ionosphere.npz,tabular,0.538462,0.095970,-0.024725,3.111509
lrr,29,music_genre_classification.npz,tabular,0.350000,0.230240,0.139010,3.157423
lrr,30,spectf_heart.npz,tabular,0.625000,0.045687,0.050511,0.388956
lrr,31,rice_dataset_cammeo_and_osmancik.npz,tabular,0.629134,0.045476,0.066323,309.490185
lrr,32,ph_recognition.npz,tabular,0.529900,0.503000,0.318800,13.950000
lrr,33,banknote_authentication.npz,tabular,0.674198,0.088551,0.120733,15.448897
lrr,34,wine_quality.npz,tabular,0.324236,0.024627,0.013965,262.858762
lrr,35,cardiovascular_study.npz,tabular,0.846942,0.002414,0.015304,264.607379
lrr,36,statlog_german_credit.npz,tabular,0.692000,0.000029,0.001352,8.024886
lrr,37,boston.npz,tabular,0.694805,0.318428,0.271336,0.603401
lrr,38,seismic_bumps.npz,tabular,0.917957,0.004394,-0.023549,17.087653
lrr,39,dry_bean.npz,tabular,0.808843,0.670390,0.586053,4426.170392
lrr,40,credit_risk_classification.npz,tabular,0.760246,0.000234,-0.009046,31.070861
lrr,41,epileptic_seizure_recognition.npz,tabular,0.391130,0.152132,0.107974,939.604217
lrr,42,website_phishing.npz,tabular,0.432373,0.009371,0.006750,14.825399
lrr,43,optical_recognition_of_handwritten_digits.npz,tabular,0.599529,0.550970,0.449467,591.428352
lrr,44,siberian_weather_stats.npz,tabular,0.285004,0.067689,0.026489,6.356166
lrr,45,orbit_classification_for_prediction_nasa.npz,tabular,0.481998,0.046045,0.044308,28.810132
lrr,46,magic_gamma_telescope.npz,tabular,0.586859,0.012615,0.027637,8390.338967
lrr,47,raisin.npz,tabular,0.676667,0.094234,0.123890,25.862390
lrr,48,patient_treatment_classification.npz,tabular,0.528800,0.002800,0.003100,2689.100000
lrr,49,fetal_health_classification.npz,tabular,0.786924,0.099103,0.208763,51.728839
lrr,50,dermatology.npz,tabular,0.863128,0.762297,0.701047,3.165524
lrr,51,secom.npz,tabular,0.827058,0.001432,0.025404,12.514283
lrr,52,paris_housing_classification.npz,tabular,0.564000,0.013923,-0.029267,5010.539500
lrr,53,seeds.npz,tabular,0.552381,0.138466,0.121537,1.003795
lrr,54,wine_customer.npz,tabular,0.623596,0.251952,0.228151,0.756298
lrr,55,crowdsourced_mapping.npz,tabular,0.536361,0.218715,0.066007,1615.244445
lrr,56,durum_wheat_features.npz,tabular,0.451111,0.220493,0.172148,3370.577894
lrr,57,classification_in_asteroseismology.npz,tabular,0.660340,0.016478,0.061893,46.865425
lrr,58,birds_bones_and_living_habits.npz,tabular,0.508475,0.312950,0.304458,4.444178
lrr,59,microbes.npz,tabular,0.227014,0.090417,0.042155,5130.977476
lrr,60,image_segmentation.npz,tabular,0.604762,0.593707,0.461493,2.282800
lrr,61,water_quality.npz,tabular,0.520139,0.002679,0.000790,88.678021
lrr,62,insurance_company_benchmark.npz,tabular,0.929062,0.005872,0.047021,400.709257
lrr,63,harbermans_survival.npz,tabular,0.529400,0.005600,0.000600,2.095300
lrr,64,yeast.npz,tabular,0.326251,0.144330,0.087294,39.227620
lrr,65,heart_disease.npz,tabular,0.299663,0.036008,0.013116,2.135070
lrr,66,ecoli.npz,tabular,0.504600,0.276300,0.211700,2.630600
lrr,67,extyaleb.npz,tabular,0.937304,0.851469,0.845247,1.989050
lrr,68,breast_cancer_coimbra.npz,tabular,0.646552,0.057470,0.077908,0.505238
lrr,69,student_grade.npz,tabular,0.711392,0.052052,0.104716,3.265313
lrr,70,human_stress_detection.npz,tabular,0.503248,0.100146,0.076816,280.133783
lrr,71,fraud_detection_bank.npz,tabular,0.812881,0.180673,0.284330,4289.843972
lrr,72,pen_based_recognition_of_handwritten_digits.npz,tabular,0.799840,0.711071,0.631095,1749.245500
lrr,73,diabetic_retinopathy_debrecen.npz,tabular,0.549088,0.005095,0.008530,70.690863
lrr,74,pistachio.npz,tabular,0.580074,0.004024,0.012887,23.887297
lrr,75,turkish_music_emotion.npz,tabular,0.417500,0.080320,0.070655,4.166251
lrr,76,parkinsons.npz,tabular,0.707700,0.112000,0.163300,2.738300
lrr,77,weather.npz,tabular,1.000000,1.000000,1.000000,3.958582
lrr,78,blood_transfusion_service_center.npz,tabular,0.561500,0.003500,0.010100,15.341000
lrr,79,mfeat-karhunen.npz,tabular,0.629500,0.639575,0.543399,42.899301
lrr,80,mfeat-factors.npz,tabular,0.763500,0.745089,0.655790,51.753441
lrr,81,wall-robot-navigation.npz,tabular,0.398460,0.085089,0.044760,695.420366
lrr,82,Waveform.npz,tabular,0.349800,0.001000,0.000500,1151.100000
lrr,83,gas-drift.npz,tabular,0.575000,0.367775,0.280886,3984.150277
lrr,84,mfeat-morphological.npz,tabular,0.559000,0.567700,0.432800,279.900000
lrr,85,JapaneseVowels.npz,tabular,0.637085,0.510968,0.383038,1603.698839
lrr,86,rmftsa_sleepdata.npz,tabular,0.301800,0.022300,0.005000,51.222000
lrr,87,first-order-theorem-proving.npz,tabular,0.322654,0.061143,0.032602,437.068434
lrr,88,gina_prior2.npz,tabular,0.183700,0.069700,0.035000,525.870000
lrr,89,fabert.npz,tabular,0.222290,0.047015,0.011228,988.624204
lrr,90,dilbert.npz,tabular,0.282500,0.033052,0.026435,10503.699668
lrr,91,synthetic_control.npz,tabular,0.528333,0.607023,0.503091,9.933050
lrr,92,Drug Consumption.npz,tabular,0.311600,0.004100,0.004900,61.081000
lrr,93,shuttle.npz,tabular,0.606500,0.112900,0.042700,8376.000000
lrr,94,tr45.wc.npz,tabular,0.316568,0.218988,0.091872,13.929971
lrr,95,steel-plates-fault.npz,tabular,0.565173,0.050140,0.007868,81.682678
lrr,96,fbis.wc.npz,tabular,0.423042,0.301751,0.191961,35.662681
lrr,97,mfeat-fourier.npz,tabular,0.488000,0.440575,0.317908,44.223956
lrr,98,vehicle.npz,tabular,0.407801,0.139844,0.108718,25.708012
lrr,99,micro-mass.npz,tabular,0.319444,0.262651,0.127810,2.784538
lrr,100,ISOLET.npz,tabular,0.234064,0.197189,0.083250,891.543279
lrr,101,poker-hand.npz,tabular,0.509900,0.000032,0.000120,3879.704999
lrr,102,tamilnadu-electricity.npz,tabular,0.070000,0.006200,0.000100,8269.700000
lrr,103,mnist64.npz,image,0.650600,0.596500,0.523200,21.673000
lrr,104,MNIST_CLIP.npz,image,0.410000,0.218300,0.163900,9238.100000
lrr,105,fashion_mnist.npz,image,0.330667,0.270754,0.183014,62.488051
lrr,106,FashionMNIST_CLIP.npz,image,0.428100,0.281400,0.202300,9950.900000
lrr,107,cifar10.npz,image,0.142769,0.018051,0.006527,74.022920
lrr,108,CIFAR10_CLIP.npz,image,0.352900,0.194500,0.134400,9201.100000
lrr,109,coil20.npz,image,0.754167,0.829590,0.689442,22.377627
lrr,110,COIL20_CLIP.npz,image,0.330600,0.372900,0.181300,64.280000
lrr,111,labeled_faces_in_the_wild.npz,image,0.521800,0.001400,0.001500,165.010000
lrr,112,flickr_material_database.npz,image,0.218656,0.070268,0.023645,29.923437
lrr,113,street_view_house_numbers.npz,image,0.165301,0.032666,0.003526,19.786780
lrr,114,har.npz,image,0.278912,0.111758,0.081201,11.208254
lrr,115,Indian_pines.npz,image,0.616731,0.445971,0.392555,1229.706346
lrr,116,satellite_image.npz,image,0.584771,0.420689,0.374704,7393.258672
lrr,117,olivetti_faces.npz,image,0.295000,0.510082,0.095710,3.887048
lrr,118,PCam.npz,image,0.469444,0.361955,0.231825,5.876487
lrr,119,cnae9.npz,text,0.511100,0.000400,0.000200,522.510000
lrr,120,imdb.npz,text,0.709717,0.049058,0.050565,65.091709
lrr,121,hate_speech.npz,text,0.528020,0.004139,0.002942,47.584977
lrr,122,sentiment_labeld_sentences.npz,text,0.785629,0.004417,-0.039875,23.851622
lrr,123,sms_spam_collection.npz,text,0.269281,0.075321,0.050915,1990.224926
lrr,124,wos.npz,text,0.550455,0.007599,0.010085,29142.286688
lrr,125,enron.npz,text,0.505931,0.070409,0.074352,2763.900515
lrr,126,reuters.npz,text,0.149735,0.067850,0.029855,1709.519340
lrr,127,20newsgroups.npz,text,0.507184,0.020131,0.062858,1030.122149
lrr,128,Mouse_retina.npz,bioinfo,0.150705,0.117079,0.065101,9083.058508
lrr,129,Campbell.npz,bioinfo,0.537500,0.007129,0.005414,727.630617
lrr,130,Baron Human.npz,bioinfo,0.337238,0.254398,0.133803,1067.953696
meanshift,0,echocardiogram.npz,tabular,0.770492,0.308511,0.330400,0.146003
meanshift,1,skillcraft1_master_table_dataset.npz,tabular,0.248562,0.074844,0.001779,2.137805
meanshift,2,breast_cancer_wisconsin_original.npz,tabular,0.907760,0.695345,0.815410,0.589285
meanshift,3,smoker_condition.npz,tabular,0.936759,0.762700,0.850776,1.556177
meanshift,4,glass_identification.npz,tabular,0.471963,0.479097,0.288192,0.824922
meanshift,5,statlog_image_segmentation.npz,tabular,0.516017,0.525786,0.357423,1.247041
meanshift,6,planning_relax.npz,tabular,0.714286,0.000000,0.000000,0.340196
meanshift,7,customer_classification.npz,tabular,0.279000,0.021143,-0.001995,1.349391
meanshift,8,pima_indians_diabetes_database.npz,tabular,0.604167,0.065698,0.081965,1.406752
meanshift,9,mobile_price_classification.npz,tabular,0.250000,0.000000,0.000000,1.236603
meanshift,10,spambase.npz,tabular,0.574658,0.052703,-0.005762,5.030780
meanshift,11,rice_seed_gonen_jasmine.npz,tabular,0.974197,0.846192,0.901510,24.700794
meanshift,12,heart_attack_analysis_prediction_dataset.npz,tabular,0.541254,0.109432,0.051079,6.309743
meanshift,13,user_knowledge_modeling.npz,tabular,0.406977,0.103025,0.037175,2.522888
meanshift,14,world12d.npz,tabular,0.773333,0.719633,0.683500,0.590697
meanshift,15,pumpkin_seeds.npz,tabular,0.596800,0.126007,0.059820,2.663651
meanshift,16,iris.npz,tabular,0.666667,0.733680,0.568116,0.929908
meanshift,17,wine.npz,tabular,0.601124,0.502082,0.400997,0.601639
meanshift,18,letter_recognition.npz,tabular,0.040633,0.000000,0.000000,18.238355
meanshift,19,mammographic_mass.npz,tabular,0.720482,0.237186,0.292970,1.135049
meanshift,20,breast_tissue.npz,tabular,0.386792,0.463738,0.159295,0.479956
meanshift,21,hepatitis.npz,tabular,0.662500,0.206877,0.269637,0.089313
meanshift,22,predicting_pulsar_star.npz,tabular,0.952874,0.528748,0.681904,19.430152
meanshift,23,breast_cancer_wisconsin_prognostic.npz,tabular,0.615114,0.277430,0.315902,0.357228
meanshift,24,wireless_indoor_localization.npz,tabular,0.900000,0.783928,0.801586,2.035278
meanshift,25,date_fruit.npz,tabular,0.640312,0.575923,0.493017,8.409457
meanshift,26,zoo.npz,tabular,0.841584,0.869402,0.863843,0.098706
meanshift,27,htru2.npz,tabular,0.921692,0.400076,0.541923,22.252314
meanshift,28,ionosphere.npz,tabular,0.507123,0.295581,0.340807,0.361226
meanshift,29,music_genre_classification.npz,tabular,0.269000,0.253554,0.090834,0.710770
meanshift,30,spectf_heart.npz,tabular,0.512500,0.157568,0.042066,0.087507
meanshift,31,rice_dataset_cammeo_and_osmancik.npz,tabular,0.903675,0.553128,0.676816,6.002503
meanshift,32,ph_recognition.npz,tabular,0.316998,0.565783,0.304351,0.884452
meanshift,33,banknote_authentication.npz,tabular,0.572886,0.099581,0.120500,1.528042
meanshift,34,wine_quality.npz,tabular,0.432383,0.044589,0.004505,18.133695
meanshift,35,cardiovascular_study.npz,tabular,0.807653,0.039211,0.104841,6.724686
meanshift,36,statlog_german_credit.npz,tabular,0.676000,0.011092,0.010087,0.735007
meanshift,37,boston.npz,tabular,0.545455,0.384260,0.265473,0.463483
meanshift,38,seismic_bumps.npz,tabular,0.907121,0.006863,-0.008418,0.495874
meanshift,39,dry_bean.npz,tabular,0.440632,0.433143,0.267198,145.748662
meanshift,40,credit_risk_classification.npz,tabular,0.804303,0.003808,0.005104,1.044185
meanshift,41,epileptic_seizure_recognition.npz,tabular,0.201739,0.236331,0.077727,7.763863
meanshift,42,website_phishing.npz,tabular,0.479675,0.044299,-0.000238,1.206722
meanshift,43,optical_recognition_of_handwritten_digits.npz,tabular,0.116401,0.046267,0.000310,83.958869
meanshift,44,siberian_weather_stats.npz,tabular,0.329780,0.055531,0.012516,28.553384
meanshift,45,orbit_classification_for_prediction_nasa.npz,tabular,0.857143,0.000350,-0.001018,1.032504
meanshift,46,magic_gamma_telescope.npz,tabular,0.616562,0.101418,0.147712,29.290447
meanshift,47,raisin.npz,tabular,0.556667,0.137685,0.055115,0.844446
meanshift,48,patient_treatment_classification.npz,tabular,0.593382,0.002451,0.000661,5.645130
meanshift,49,fetal_health_classification.npz,tabular,0.731891,0.171364,0.181306,26.373333
meanshift,50,dermatology.npz,tabular,0.720670,0.811849,0.657655,0.517400
meanshift,51,secom.npz,tabular,0.874920,0.052781,0.084620,10.136856
meanshift,52,paris_housing_classification.npz,tabular,0.873500,0.000000,0.000000,25.419957
meanshift,53,seeds.npz,tabular,0.776190,0.623821,0.621001,0.442070
meanshift,54,wine_customer.npz,tabular,0.601124,0.502082,0.400997,0.484202
meanshift,55,crowdsourced_mapping.npz,tabular,0.722517,0.000000,0.000000,13.442588
meanshift,56,durum_wheat_features.npz,tabular,0.477222,0.490928,0.331379,37.221980
meanshift,57,classification_in_asteroseismology.npz,tabular,0.838162,0.531226,0.624329,0.922718
meanshift,58,birds_bones_and_living_habits.npz,tabular,0.433414,0.301575,0.183462,1.055594
meanshift,59,microbes.npz,tabular,0.242121,0.053849,0.000584,29.161456
meanshift,60,image_segmentation.npz,tabular,0.423810,0.531125,0.237719,0.151580
meanshift,61,water_quality.npz,tabular,0.598707,0.005254,0.001919,8.957595
meanshift,62,insurance_company_benchmark.npz,tabular,0.894881,0.026665,0.044024,7.735263
meanshift,63,harbermans_survival.npz,tabular,0.653595,0.060338,0.173650,0.549024
meanshift,64,yeast.npz,tabular,0.328307,0.097635,0.028628,1.463593
meanshift,65,heart_disease.npz,tabular,0.558923,0.126741,0.126328,0.535211
meanshift,66,ecoli.npz,tabular,0.795107,0.701622,0.723395,0.603598
meanshift,67,extyaleb.npz,tabular,0.203762,0.000000,0.000000,0.391519
meanshift,68,breast_cancer_coimbra.npz,tabular,0.525862,0.037993,-0.008497,0.170648
meanshift,69,student_grade.npz,tabular,0.663291,0.075077,0.062665,0.276123
meanshift,70,human_stress_detection.npz,tabular,0.472264,0.618650,0.438434,3.312654
meanshift,71,fraud_detection_bank.npz,tabular,0.685769,0.120171,0.165261,23.688381
meanshift,72,pen_based_recognition_of_handwritten_digits.npz,tabular,0.215639,0.252051,0.090816,52.606114
meanshift,73,diabetic_retinopathy_debrecen.npz,tabular,0.519548,0.028182,-0.001923,0.703583
meanshift,74,pistachio.npz,tabular,0.568436,0.007945,-0.002558,9.480965
meanshift,75,turkish_music_emotion.npz,tabular,0.262500,0.115425,0.002723,0.305888
meanshift,76,parkinsons.npz,tabular,0.712821,0.031402,-0.048298,0.225814
meanshift,77,weather.npz,tabular,0.967123,0.965716,0.957283,0.321627
meanshift,78,blood_transfusion_service_center.npz,tabular,0.767380,0.032500,0.056481,0.748094
meanshift,79,mfeat-karhunen.npz,tabular,0.100000,0.000000,0.000000,1.896494
meanshift,80,mfeat-factors.npz,tabular,0.124500,0.049739,0.000950,2.909961
meanshift,81,wall-robot-navigation.npz,tabular,0.408541,0.004001,0.001128,4.069005
meanshift,82,Waveform.npz,tabular,0.339200,0.000000,0.000000,3.966569
meanshift,83,gas-drift.npz,tabular,0.276200,0.258619,0.013365,27.039050
meanshift,84,mfeat-morphological.npz,tabular,0.552000,0.626533,0.457311,2.050488
meanshift,85,JapaneseVowels.npz,tabular,0.162032,0.000000,0.000000,29.509343
meanshift,86,rmftsa_sleepdata.npz,tabular,0.388672,0.015341,0.015079,3.502771
meanshift,87,first-order-theorem-proving.npz,tabular,0.403073,0.041785,0.016901,8.353209
meanshift,88,gina_prior2.npz,tabular,0.125721,0.155187,0.002839,164.084267
meanshift,89,fabert.npz,tabular,0.219983,0.104238,0.001206,375.614578
meanshift,90,dilbert.npz,tabular,0.207600,0.008167,-0.000046,1191.148819
meanshift,91,synthetic_control.npz,tabular,0.401667,0.677935,0.416379,0.420073
meanshift,92,Drug Consumption.npz,tabular,0.429960,0.011605,0.004665,7.097304
meanshift,93,shuttle.npz,tabular,0.892300,0.291663,0.480029,31.434134
meanshift,94,tr45.wc.npz,tabular,0.162722,0.306001,-0.001966,13.580248
meanshift,95,steel-plates-fault.npz,tabular,0.652756,0.000675,-0.000483,1.218271
meanshift,96,fbis.wc.npz,tabular,0.172587,0.241329,-0.008664,371.254202
meanshift,97,mfeat-fourier.npz,tabular,0.113000,0.045109,0.000329,1.444579
meanshift,98,vehicle.npz,tabular,0.399527,0.200057,0.096878,8.101654
meanshift,99,micro-mass.npz,tabular,0.150000,0.251414,0.001683,19.137632
meanshift,100,ISOLET.npz,tabular,0.045787,0.030188,0.000365,352.350607
meanshift,101,poker-hand.npz,tabular,0.542600,0.000000,0.000000,54.139196
meanshift,102,tamilnadu-electricity.npz,tabular,0.072300,0.002348,0.000001,191.254951
meanshift,103,mnist64.npz,image,0.174677,0.040932,0.000300,13.261904
meanshift,104,MNIST_CLIP.npz,image,0.115546,0.011958,0.000027,140.585205
meanshift,105,fashion_mnist.npz,image,0.146333,0.200401,0.010536,41.887326
meanshift,106,FashionMNIST_CLIP.npz,image,0.101200,0.005197,0.000003,254.321426
meanshift,107,cifar10.npz,image,0.110462,0.113949,0.000970,44.929595
meanshift,108,CIFAR10_CLIP.npz,image,0.100100,0.000200,0.000000,92.121361
meanshift,109,coil20.npz,image,0.085417,0.097789,0.002378,3.188839
meanshift,110,COIL20_CLIP.npz,image,0.050000,0.000000,0.000000,5.687002
meanshift,111,labeled_faces_in_the_wild.npz,image,0.480909,0.053875,-0.000031,10.256682
meanshift,112,flickr_material_database.npz,image,0.101304,0.162665,-0.000101,49.601450
meanshift,113,street_view_house_numbers.npz,image,0.153005,0.162653,-0.008980,31.499404
meanshift,114,har.npz,image,0.349660,0.522665,0.316946,1.047563
meanshift,115,Indian_pines.npz,image,0.616279,0.478506,0.340777,39.074870
meanshift,116,satellite_image.npz,image,0.653458,0.609762,0.533489,8.475309
meanshift,117,olivetti_faces.npz,image,0.070000,0.174349,0.000800,4.323265
meanshift,118,PCam.npz,image,0.107407,0.294865,0.004344,138.410661
meanshift,119,cnae9.npz,text,0.500000,0.000000,0.000000,10.673234
meanshift,120,imdb.npz,text,0.773362,0.000692,0.003676,16.788478
meanshift,121,hate_speech.npz,text,0.502911,0.010340,0.000296,2.487386
meanshift,122,sentiment_labeld_sentences.npz,text,0.800000,0.223956,0.361318,0.998707
meanshift,123,sms_spam_collection.npz,text,0.310393,0.000000,0.000000,1440.380626
meanshift,124,wos.npz,text,0.499550,0.023176,0.000226,61.516448
meanshift,125,enron.npz,text,0.432026,0.000952,0.000073,25.666473
meanshift,126,reuters.npz,text,0.060855,0.057311,0.000058,1746.899756
meanshift,127,20newsgroups.npz,text,0.767481,0.455521,0.790631,2173.426138
meanshift,128,Mouse_retina.npz,bioinfo,0.417893,0.259663,0.117533,119.592287
meanshift,129,Campbell.npz,bioinfo,0.457750,0.107571,0.013445,44.563942
meanshift,130,Baron Human.npz,bioinfo,0.267306,0.242345,0.083784,65.962159
p2ot,0,echocardiogram.npz,tabular,0.841530,0.455511,0.485573,18.698920
p2ot,1,skillcraft1_master_table_dataset.npz,tabular,0.298920,0.106859,0.069496,8911.230512
p2ot,2,breast_cancer_wisconsin_original.npz,tabular,0.970229,0.812667,0.883639,470.631860
p2ot,3,smoker_condition.npz,tabular,0.921607,0.694124,0.727378,263.068245
p2ot,4,glass_identification.npz,tabular,0.437695,0.355394,0.200852,85.473446
p2ot,5,statlog_image_segmentation.npz,tabular,0.630592,0.570012,0.466366,1000.273695
p2ot,6,planning_relax.npz,tabular,0.553114,0.000834,-0.003843,366.533003
p2ot,7,customer_classification.npz,tabular,0.331667,0.025642,0.022045,627.519807
p2ot,8,pima_indians_diabetes_database.npz,tabular,0.654080,0.083029,0.098848,1789.635400
p2ot,9,mobile_price_classification.npz,tabular,0.334667,0.048966,0.045804,4602.303933
p2ot,10,spambase.npz,tabular,0.721727,0.190377,0.231188,1199.493406
p2ot,11,rice_seed_gonen_jasmine.npz,tabular,0.971797,0.824520,0.890378,1383.156612
p2ot,12,heart_attack_analysis_prediction_dataset.npz,tabular,0.754675,0.204450,0.263167,143.715669
p2ot,13,user_knowledge_modeling.npz,tabular,0.463824,0.188695,0.130848,129.253492
p2ot,14,world12d.npz,tabular,0.742222,0.701896,0.677748,166.358069
p2ot,15,pumpkin_seeds.npz,tabular,0.794000,0.287917,0.352261,1169.265549
p2ot,16,iris.npz,tabular,0.813333,0.622729,0.582979,47.326531
p2ot,17,wine.npz,tabular,0.934457,0.800294,0.811416,104.355008
p2ot,18,letter_recognition.npz,tabular,0.288831,0.374924,0.165391,12437.759221
p2ot,19,mammographic_mass.npz,tabular,0.780321,0.250727,0.314102,367.353495
p2ot,20,breast_tissue.npz,tabular,0.588050,0.520920,0.369489,75.734405
p2ot,21,hepatitis.npz,tabular,0.745833,0.221035,0.226195,117.938198
p2ot,22,predicting_pulsar_star.npz,tabular,0.675905,0.130838,0.116118,4439.741514
p2ot,23,breast_cancer_wisconsin_prognostic.npz,tabular,0.883421,0.511222,0.596714,99.826728
p2ot,24,wireless_indoor_localization.npz,tabular,0.947667,0.849599,0.870513,353.352493
p2ot,25,date_fruit.npz,tabular,0.692279,0.653568,0.627432,235.896804
p2ot,26,zoo.npz,tabular,0.785479,0.734805,0.655911,55.232193
p2ot,27,htru2.npz,tabular,0.655466,0.130915,0.097669,10337.958501
p2ot,28,ionosphere.npz,tabular,0.710351,0.147448,0.175486,52.354424
p2ot,29,music_genre_classification.npz,tabular,0.336333,0.274537,0.153125,276.388237
p2ot,30,spectf_heart.npz,tabular,0.762500,0.240954,0.267064,40.496141
p2ot,31,rice_dataset_cammeo_and_osmancik.npz,tabular,0.899475,0.541202,0.640672,4851.497243
p2ot,32,ph_recognition.npz,tabular,0.565084,0.602516,0.387495,2783.793274
p2ot,33,banknote_authentication.npz,tabular,0.711127,0.189113,0.242172,1710.175526
p2ot,34,wine_quality.npz,tabular,0.300294,0.055933,0.033449,10926.605741
p2ot,35,cardiovascular_study.npz,tabular,0.577725,0.009838,0.017894,564.366024
p2ot,36,statlog_german_credit.npz,tabular,0.626333,0.033718,0.062801,1368.184161
p2ot,37,boston.npz,tabular,0.880952,0.672519,0.693826,170.781845
p2ot,38,seismic_bumps.npz,tabular,0.603715,0.002213,0.003836,690.764681
p2ot,39,dry_bean.npz,tabular,0.577073,0.502207,0.385927,3726.574080
p2ot,40,credit_risk_classification.npz,tabular,0.576844,0.002995,-0.000598,1676.683844
p2ot,41,epileptic_seizure_recognition.npz,tabular,0.252696,0.014664,0.011058,2012.868152
p2ot,42,website_phishing.npz,tabular,0.581178,0.213407,0.235781,510.969884
p2ot,43,optical_recognition_of_handwritten_digits.npz,tabular,0.707560,0.647113,0.567244,2572.085611
p2ot,44,siberian_weather_stats.npz,tabular,0.248756,0.080272,0.020007,32.996188
p2ot,45,orbit_classification_for_prediction_nasa.npz,tabular,0.511808,0.083507,0.049931,200.246728
p2ot,46,magic_gamma_telescope.npz,tabular,0.587492,0.020963,0.032826,841.280656
p2ot,47,raisin.npz,tabular,0.856667,0.414592,0.508305,33.124168
p2ot,48,patient_treatment_classification.npz,tabular,0.607132,0.033790,0.045405,630.310117
p2ot,49,fetal_health_classification.npz,tabular,0.559737,0.132715,0.113440,195.527726
p2ot,50,dermatology.npz,tabular,0.893855,0.863561,0.860693,186.725677
p2ot,51,secom.npz,tabular,0.610508,0.001207,-0.004911,403.703420
p2ot,52,paris_housing_classification.npz,tabular,0.625033,0.045375,0.019659,2684.633150
p2ot,53,seeds.npz,tabular,0.904762,0.700897,0.741710,97.694151
p2ot,54,wine_customer.npz,tabular,0.947566,0.825730,0.846623,107.998191
p2ot,55,crowdsourced_mapping.npz,tabular,0.443866,0.213562,0.137830,6457.617806
p2ot,56,durum_wheat_features.npz,tabular,0.810259,0.508348,0.527285,1100.257753
p2ot,57,classification_in_asteroseismology.npz,tabular,0.903430,0.579987,0.646916,426.076128
p2ot,58,birds_bones_and_living_habits.npz,tabular,0.502825,0.341118,0.332472,224.815222
p2ot,59,microbes.npz,tabular,0.191029,0.072138,0.031532,6158.398161
p2ot,60,image_segmentation.npz,tabular,0.611111,0.610592,0.460092,40.804438
p2ot,61,water_quality.npz,tabular,0.535389,0.001855,0.003217,1207.486643
p2ot,62,insurance_company_benchmark.npz,tabular,0.603172,0.003555,-0.003356,5578.794241
p2ot,63,harbermans_survival.npz,tabular,0.583878,0.018427,0.024291,168.165438
p2ot,64,yeast.npz,tabular,0.386338,0.241686,0.144186,1100.891956
p2ot,65,heart_disease.npz,tabular,0.380471,0.195806,0.154854,209.577096
p2ot,66,ecoli.npz,tabular,0.628950,0.556337,0.472588,150.935766
p2ot,67,extyaleb.npz,tabular,0.553814,0.389549,0.284114,135.141065
p2ot,68,breast_cancer_coimbra.npz,tabular,0.597701,0.029206,0.030301,105.050632
p2ot,69,student_grade.npz,tabular,0.755274,0.203790,0.272824,349.494097
p2ot,70,human_stress_detection.npz,tabular,0.911711,0.814676,0.786545,2517.168629
p2ot,71,fraud_detection_bank.npz,tabular,0.591492,0.037909,0.046858,8176.645928
p2ot,72,pen_based_recognition_of_handwritten_digits.npz,tabular,0.776977,0.702901,0.627030,2439.739357
p2ot,73,diabetic_retinopathy_debrecen.npz,tabular,0.574283,0.016492,0.021741,283.205380
p2ot,74,pistachio.npz,tabular,0.781192,0.255962,0.316372,513.267240
p2ot,75,turkish_music_emotion.npz,tabular,0.522500,0.242597,0.217080,113.571626
p2ot,76,parkinsons.npz,tabular,0.690598,0.212585,0.140917,194.782454
p2ot,77,weather.npz,tabular,0.975342,0.958108,0.943662,548.869674
p2ot,78,blood_transfusion_service_center.npz,tabular,0.581996,0.035725,0.025346,187.856564
p2ot,79,mfeat-karhunen.npz,tabular,0.637333,0.580778,0.472466,772.324491
p2ot,80,mfeat-factors.npz,tabular,0.678833,0.635626,0.511310,926.257414
p2ot,81,wall-robot-navigation.npz,tabular,0.397422,0.102788,0.055451,1148.617724
p2ot,82,Waveform.npz,tabular,0.628000,0.396638,0.310931,1576.368807
p2ot,83,gas-drift.npz,tabular,0.586333,0.439534,0.345629,3132.316625
p2ot,84,mfeat-morphological.npz,tabular,0.630500,0.647988,0.500017,3446.160535
p2ot,85,JapaneseVowels.npz,tabular,0.492989,0.432969,0.320745,3299.871824
p2ot,86,rmftsa_sleepdata.npz,tabular,0.356445,0.052709,0.050377,1204.133331
p2ot,87,first-order-theorem-proving.npz,tabular,0.268279,0.049271,0.033687,1363.268582
p2ot,88,gina_prior2.npz,tabular,0.506824,0.430052,0.309627,488.730609
p2ot,89,fabert.npz,tabular,0.195298,0.024730,0.015013,1129.372148
p2ot,90,dilbert.npz,tabular,0.401467,0.178051,0.133467,1266.354326
p2ot,91,synthetic_control.npz,tabular,0.698333,0.823850,0.670518,264.806021
p2ot,92,Drug Consumption.npz,tabular,0.303602,0.009204,0.007134,255.971642
p2ot,93,shuttle.npz,tabular,0.641800,0.175533,0.085477,2479.135629
p2ot,94,tr45.wc.npz,tabular,0.268738,0.135749,0.048752,63.473588
p2ot,95,steel-plates-fault.npz,tabular,0.584750,0.021035,0.033595,407.917908
p2ot,96,fbis.wc.npz,tabular,0.422738,0.402359,0.261686,586.823296
p2ot,97,mfeat-fourier.npz,tabular,0.520667,0.474435,0.347866,85.221438
p2ot,98,vehicle.npz,tabular,0.404255,0.148361,0.115709,112.452755
p2ot,99,micro-mass.npz,tabular,0.522222,0.635901,0.401073,207.699838
p2ot,100,ISOLET.npz,tabular,0.509042,0.633987,0.402366,840.074721
p2ot,101,poker-hand.npz,tabular,0.513800,0.000116,-0.000211,2258.801782
p2ot,102,tamilnadu-electricity.npz,tabular,0.069733,0.006379,0.000058,9195.099083
p2ot,103,mnist64.npz,image,0.776956,0.669376,0.599135,287.599671
p2ot,104,MNIST_CLIP.npz,image,0.538282,0.478604,0.372554,759.419482
p2ot,105,fashion_mnist.npz,image,0.557000,0.507708,0.362437,1460.203343
p2ot,106,FashionMNIST_CLIP.npz,image,0.636067,0.583398,0.482807,730.572284
p2ot,107,cifar10.npz,image,0.209026,0.070118,0.036737,139.056064
p2ot,108,CIFAR10_CLIP.npz,image,0.726533,0.634170,0.556500,391.328286
p2ot,109,coil20.npz,image,0.624769,0.766666,0.576463,687.717416
p2ot,110,COIL20_CLIP.npz,image,0.723380,0.874687,0.694265,219.692825
p2ot,111,labeled_faces_in_the_wild.npz,image,0.525606,0.002334,0.002718,250.981510
p2ot,112,flickr_material_database.npz,image,0.373454,0.264030,0.141075,210.818315
p2ot,113,street_view_house_numbers.npz,image,0.164845,0.038945,0.005741,218.643864
p2ot,114,har.npz,image,0.505669,0.488209,0.329793,37.704857
p2ot,115,Indian_pines.npz,image,0.501844,0.389734,0.254402,1936.108509
p2ot,116,satellite_image.npz,image,0.760736,0.608709,0.579111,798.031163
p2ot,117,olivetti_faces.npz,image,0.478333,0.722241,0.337218,249.886535
p2ot,118,PCam.npz,image,0.350617,0.225941,0.157888,456.782829
p2ot,119,cnae9.npz,text,0.592615,0.027396,0.037161,155.398367
p2ot,120,imdb.npz,text,0.438684,0.010555,0.011071,1361.563863
p2ot,121,hate_speech.npz,text,0.531902,0.005046,0.004116,832.156381
p2ot,122,sentiment_labeld_sentences.npz,text,0.717365,0.095319,0.053079,72.290345
p2ot,123,sms_spam_collection.npz,text,0.382882,0.210681,0.164626,4286.310037
p2ot,124,wos.npz,text,0.922059,0.634298,0.716733,544.136437
p2ot,125,enron.npz,text,0.728001,0.360325,0.385627,4151.361019
p2ot,126,reuters.npz,text,0.147967,0.132028,0.042951,4173.684988
p2ot,127,20newsgroups.npz,text,0.591874,0.456337,0.351872,3394.359586
p2ot,128,Mouse_retina.npz,bioinfo,0.271223,0.282904,0.191300,5817.246311
p2ot,129,Campbell.npz,bioinfo,0.537667,0.004277,0.005436,332.390260
p2ot,130,Baron Human.npz,bioinfo,0.471187,0.494252,0.311030,650.630952
pica,0,echocardiogram.npz,tabular,0.836066,0.442083,0.445743,2.601397
pica,1,skillcraft1_master_table_dataset.npz,tabular,0.300131,0.151360,0.084769,69.163791
pica,2,breast_cancer_wisconsin_original.npz,tabular,0.970717,0.802976,0.885383,20.124510
pica,3,smoker_condition.npz,tabular,0.992754,0.936392,0.971145,34.294827
pica,4,glass_identification.npz,tabular,0.459502,0.345640,0.201235,6.964493
pica,5,statlog_image_segmentation.npz,tabular,0.657662,0.622066,0.519446,64.471796
pica,6,planning_relax.npz,tabular,0.542125,0.005759,0.002705,3.998565
pica,7,customer_classification.npz,tabular,0.330333,0.020612,0.017149,20.221627
pica,8,pima_indians_diabetes_database.npz,tabular,0.654167,0.084002,0.106008,20.481017
pica,9,mobile_price_classification.npz,tabular,0.328200,0.025401,0.022720,50.714806
pica,10,spambase.npz,tabular,0.735058,0.188411,0.233029,95.982481
pica,11,rice_seed_gonen_jasmine.npz,tabular,0.979498,0.862789,0.919792,234.115127
pica,12,heart_attack_analysis_prediction_dataset.npz,tabular,0.757976,0.206333,0.268677,9.647421
pica,13,user_knowledge_modeling.npz,tabular,0.479328,0.296511,0.199312,6.076178
pica,14,world12d.npz,tabular,0.862222,0.772182,0.787342,5.706215
pica,15,pumpkin_seeds.npz,tabular,0.799867,0.288768,0.368620,50.666690
pica,16,iris.npz,tabular,0.831111,0.672463,0.619962,5.621034
pica,17,wine.npz,tabular,0.958801,0.860843,0.880086,3.935868
pica,18,letter_recognition.npz,tabular,0.257266,0.329233,0.132065,247.268836
pica,19,mammographic_mass.npz,tabular,0.790361,0.265575,0.336677,18.527353
pica,20,breast_tissue.npz,tabular,0.628931,0.531854,0.391501,4.141321
pica,21,hepatitis.npz,tabular,0.683333,0.242446,0.130282,2.407168
pica,22,predicting_pulsar_star.npz,tabular,0.710644,0.098915,0.071982,220.765505
pica,23,breast_cancer_wisconsin_prognostic.npz,tabular,0.900176,0.527654,0.641179,14.433752
pica,24,wireless_indoor_localization.npz,tabular,0.962400,0.879107,0.904365,49.787044
pica,25,date_fruit.npz,tabular,0.651893,0.621017,0.570573,21.388365
pica,26,zoo.npz,tabular,0.854785,0.825348,0.844172,4.019702
pica,27,htru2.npz,tabular,0.669500,0.128399,0.097152,255.363529
pica,28,ionosphere.npz,tabular,0.723077,0.171199,0.200976,10.099843
pica,29,music_genre_classification.npz,tabular,0.322333,0.275971,0.142563,23.318868
pica,30,spectf_heart.npz,tabular,0.770000,0.228999,0.286513,2.820160
pica,31,rice_dataset_cammeo_and_osmancik.npz,tabular,0.915311,0.580232,0.689835,109.897816
pica,32,ph_recognition.npz,tabular,0.634609,0.635209,0.445863,18.236637
pica,33,banknote_authentication.npz,tabular,0.783236,0.288332,0.345466,36.580215
pica,34,wine_quality.npz,tabular,0.442274,0.014474,0.008936,122.126598
pica,35,cardiovascular_study.npz,tabular,0.671404,0.008088,0.016399,75.988644
pica,36,statlog_german_credit.npz,tabular,0.593000,0.027277,0.035136,23.994146
pica,37,boston.npz,tabular,0.863636,0.650378,0.650446,6.615534
pica,38,seismic_bumps.npz,tabular,0.570175,0.010719,0.003231,20.747919
pica,39,dry_bean.npz,tabular,0.643893,0.610446,0.497727,280.438676
pica,40,credit_risk_classification.npz,tabular,0.557377,0.001701,-0.002305,24.156036
pica,41,epileptic_seizure_recognition.npz,tabular,0.289797,0.071331,0.053058,117.996613
pica,42,website_phishing.npz,tabular,0.566297,0.227634,0.244890,34.493821
pica,43,optical_recognition_of_handwritten_digits.npz,tabular,0.684750,0.617502,0.536680,97.735005
pica,44,siberian_weather_stats.npz,tabular,0.246861,0.080763,0.023916,40.670960
pica,45,orbit_classification_for_prediction_nasa.npz,tabular,0.633682,0.059972,0.022475,43.289406
pica,46,magic_gamma_telescope.npz,tabular,0.577318,0.037199,0.040897,241.383599
pica,47,raisin.npz,tabular,0.870741,0.451058,0.549383,27.994819
pica,48,patient_treatment_classification.npz,tabular,0.599547,0.030792,0.040659,110.161689
pica,49,fetal_health_classification.npz,tabular,0.601223,0.098551,0.078333,52.186064
pica,50,dermatology.npz,tabular,0.797765,0.846909,0.752698,9.681579
pica,51,secom.npz,tabular,0.667262,0.003017,-0.000171,39.055456
pica,52,paris_housing_classification.npz,tabular,0.632960,0.034118,0.042848,237.724915
pica,53,seeds.npz,tabular,0.922222,0.739028,0.783962,6.132822
pica,54,wine_customer.npz,tabular,0.958801,0.870162,0.878527,5.720242
pica,55,crowdsourced_mapping.npz,tabular,0.440732,0.232307,0.129268,260.836774
pica,56,durum_wheat_features.npz,tabular,0.812133,0.513174,0.541769,223.034835
pica,57,classification_in_asteroseismology.npz,tabular,0.904096,0.581500,0.648989,25.105643
pica,58,birds_bones_and_living_habits.npz,tabular,0.468119,0.273159,0.255274,11.446192
pica,59,microbes.npz,tabular,0.195198,0.085966,0.033158,222.640256
pica,60,image_segmentation.npz,tabular,0.669841,0.632864,0.502973,6.219094
pica,61,water_quality.npz,tabular,0.563799,0.000382,0.002014,50.003218
pica,62,insurance_company_benchmark.npz,tabular,0.842150,0.002792,0.006222,139.646003
pica,63,harbermans_survival.npz,tabular,0.607843,0.021593,0.042903,9.514856
pica,64,yeast.npz,tabular,0.358693,0.225457,0.124817,30.543405
pica,65,heart_disease.npz,tabular,0.397306,0.231507,0.190374,6.368611
pica,66,ecoli.npz,tabular,0.668705,0.591830,0.529501,8.252571
pica,67,extyaleb.npz,tabular,0.503448,0.300126,0.219549,9.577600
pica,68,breast_cancer_coimbra.npz,tabular,0.582759,0.025884,0.025493,4.915622
pica,69,student_grade.npz,tabular,0.738228,0.212934,0.231677,9.740363
pica,70,human_stress_detection.npz,tabular,0.937531,0.835629,0.838705,49.034373
pica,71,fraud_detection_bank.npz,tabular,0.678228,0.075121,0.091098,238.337460
pica,72,pen_based_recognition_of_handwritten_digits.npz,tabular,0.715328,0.678206,0.559939,156.962207
pica,73,diabetic_retinopathy_debrecen.npz,tabular,0.568202,0.014067,0.018488,25.357098
pica,74,pistachio.npz,tabular,0.794507,0.277900,0.349023,56.308229
pica,75,turkish_music_emotion.npz,tabular,0.553333,0.282025,0.255925,8.837732
pica,76,parkinsons.npz,tabular,0.708718,0.231979,0.171034,5.321031
pica,77,weather.npz,tabular,0.989954,0.985917,0.975321,8.343853
pica,78,blood_transfusion_service_center.npz,tabular,0.592513,0.033737,0.037033,19.040615
pica,79,mfeat-karhunen.npz,tabular,0.536100,0.446592,0.326526,49.500614
pica,80,mfeat-factors.npz,tabular,0.689200,0.607578,0.505009,49.912457
pica,81,wall-robot-navigation.npz,tabular,0.411657,0.110582,0.068657,133.423019
pica,82,Waveform.npz,tabular,0.676280,0.407080,0.351423,119.627715
pica,83,gas-drift.npz,tabular,0.487760,0.336902,0.252807,247.207728
pica,84,mfeat-morphological.npz,tabular,0.660500,0.651607,0.520998,41.175925
pica,85,JapaneseVowels.npz,tabular,0.389660,0.324906,0.211796,239.079759
pica,86,rmftsa_sleepdata.npz,tabular,0.373633,0.044573,0.031872,26.063913
pica,87,first-order-theorem-proving.npz,tabular,0.417457,0.000000,0.000000,147.066414
pica,88,gina_prior2.npz,tabular,0.426817,0.356331,0.243739,85.802516
pica,89,fabert.npz,tabular,0.199263,0.034269,0.021788,171.080288
pica,90,dilbert.npz,tabular,0.378100,0.152002,0.113071,212.736672
pica,91,synthetic_control.npz,tabular,0.932222,0.875700,0.850543,12.187552
pica,92,Drug Consumption.npz,tabular,0.366152,0.004100,0.005579,43.068298
pica,93,shuttle.npz,tabular,0.751800,0.260202,0.244193,204.377406
pica,94,tr45.wc.npz,tabular,0.301775,0.197340,0.106917,19.809064
pica,95,steel-plates-fault.npz,tabular,0.580526,0.067832,0.023498,47.371079
pica,96,fbis.wc.npz,tabular,0.323619,0.317949,0.186461,47.300227
pica,97,mfeat-fourier.npz,tabular,0.487000,0.437669,0.319009,41.485231
pica,98,vehicle.npz,tabular,0.401655,0.136034,0.104996,21.031862
pica,99,micro-mass.npz,tabular,0.625000,0.691152,0.489946,10.186746
pica,100,ISOLET.npz,tabular,0.405455,0.531980,0.283708,159.903907
pica,101,poker-hand.npz,tabular,0.519360,0.000093,0.000263,235.982262
pica,102,tamilnadu-electricity.npz,tabular,0.069360,0.006428,0.000113,236.565811
pica,103,mnist64.npz,image,0.828404,0.705413,0.662636,22.987602
pica,104,MNIST_CLIP.npz,image,0.503035,0.446082,0.337743,204.029860
pica,105,fashion_mnist.npz,image,0.511778,0.461202,0.316635,62.101849
pica,106,FashionMNIST_CLIP.npz,image,0.652733,0.623863,0.517113,203.569736
pica,107,cifar10.npz,image,0.195692,0.060917,0.030594,69.194236
pica,108,CIFAR10_CLIP.npz,image,0.711900,0.635719,0.556473,204.418007
pica,109,coil20.npz,image,0.676806,0.754352,0.592287,36.805452
pica,110,COIL20_CLIP.npz,image,0.867361,0.910845,0.823646,36.873776
pica,111,labeled_faces_in_the_wild.npz,image,0.515364,0.000938,0.000845,59.890578
pica,112,flickr_material_database.npz,image,0.307924,0.232520,0.123246,24.843789
pica,113,street_view_house_numbers.npz,image,0.162568,0.036204,0.006090,19.840677
pica,114,har.npz,image,0.494694,0.438478,0.273631,20.514020
pica,115,Indian_pines.npz,image,0.452472,0.362768,0.211724,181.623092
pica,116,satellite_image.npz,image,0.738513,0.608241,0.543799,131.861324
pica,117,olivetti_faces.npz,image,0.478500,0.693152,0.318344,10.774455
pica,118,PCam.npz,image,0.339815,0.246640,0.152922,24.069637
pica,119,cnae9.npz,text,0.623487,0.044846,0.060820,67.429535
pica,120,imdb.npz,text,0.717355,0.002164,0.005942,78.469100
pica,121,hate_speech.npz,text,0.529330,0.004818,0.003771,66.992962
pica,122,sentiment_labeld_sentences.npz,text,0.662675,0.140169,0.100119,18.592261
pica,123,sms_spam_collection.npz,text,0.394585,0.289233,0.190389,221.376073
pica,124,wos.npz,text,0.960796,0.796728,0.849726,215.589356
pica,125,enron.npz,text,0.782593,0.467385,0.486144,145.663424
pica,126,reuters.npz,text,0.141027,0.116553,0.037465,222.601823
pica,127,20newsgroups.npz,text,0.418702,0.426767,0.214749,187.153836
pica,128,Mouse_retina.npz,bioinfo,0.184529,0.296899,0.114601,323.190760
pica,129,Campbell.npz,bioinfo,0.535167,0.003711,0.004700,120.121384
pica,130,Baron Human.npz,bioinfo,0.333688,0.343519,0.175025,256.586068
s3comp,0,echocardiogram.npz,tabular,0.659000,0.013000,-0.037900,0.366673
s3comp,1,skillcraft1_master_table_dataset.npz,tabular,0.246200,0.027100,0.018700,36.021684
s3comp,2,breast_cancer_wisconsin_original.npz,tabular,0.583016,0.025241,0.026170,1.705289
s3comp,3,smoker_condition.npz,tabular,0.568972,0.024168,0.018901,2.885522
s3comp,4,glass_identification.npz,tabular,0.357009,0.141280,0.089415,1.056411
s3comp,5,statlog_image_segmentation.npz,tabular,0.573160,0.417001,0.348582,20.139314
s3comp,6,planning_relax.npz,tabular,0.682418,0.004725,0.028144,0.442404
s3comp,7,customer_classification.npz,tabular,0.287600,0.005554,0.002726,2.748617
s3comp,8,pima_indians_diabetes_database.npz,tabular,0.560417,0.002529,0.000955,5.146547
s3comp,9,mobile_price_classification.npz,tabular,0.277800,0.003928,0.001503,7.105011
s3comp,10,spambase.npz,tabular,0.574093,0.021685,-0.017975,22.985177
s3comp,11,rice_seed_gonen_jasmine.npz,tabular,0.553515,0.011152,0.016489,314.263430
s3comp,12,heart_attack_analysis_prediction_dataset.npz,tabular,0.545215,0.014449,0.010993,0.779564
s3comp,13,user_knowledge_modeling.npz,tabular,0.345736,0.034916,0.021672,0.659747
s3comp,14,world12d.npz,tabular,0.574667,0.325186,0.290580,0.784136
s3comp,15,pumpkin_seeds.npz,tabular,0.570080,0.017950,0.021828,8.293799
s3comp,16,iris.npz,tabular,0.460000,0.063400,0.052500,0.610343
s3comp,17,wine.npz,tabular,0.565169,0.214010,0.192522,0.864220
s3comp,18,letter_recognition.npz,tabular,0.251201,0.245166,0.082496,252.828199
s3comp,19,mammographic_mass.npz,tabular,0.569157,0.014305,0.018162,6.465739
s3comp,20,breast_tissue.npz,tabular,0.477358,0.303868,0.177040,0.695585
s3comp,21,hepatitis.npz,tabular,0.800000,0.015400,-0.048400,0.386964
s3comp,22,predicting_pulsar_star.npz,tabular,0.542306,0.014844,0.007462,378.348052
s3comp,23,breast_cancer_wisconsin_prognostic.npz,tabular,0.619000,0.004700,-0.006000,2.956632
s3comp,24,wireless_indoor_localization.npz,tabular,0.496500,0.162010,0.160763,18.367778
s3comp,25,date_fruit.npz,tabular,0.503786,0.448147,0.373634,2.525058
s3comp,26,zoo.npz,tabular,0.390099,0.433537,0.142072,0.565060
s3comp,27,htru2.npz,tabular,0.632600,0.013100,0.035600,298.023319
s3comp,28,ionosphere.npz,tabular,0.520798,0.091459,-0.040950,1.034007
s3comp,29,music_genre_classification.npz,tabular,0.318400,0.178395,0.119077,2.859309
s3comp,30,spectf_heart.npz,tabular,0.560000,0.014981,0.008134,0.256430
s3comp,31,rice_dataset_cammeo_and_osmancik.npz,tabular,0.548871,0.006717,0.009612,18.539860
s3comp,32,ph_recognition.npz,tabular,0.473201,0.464041,0.277247,3.531124
s3comp,33,banknote_authentication.npz,tabular,0.544898,0.005052,0.007565,3.922607
s3comp,34,wine_quality.npz,tabular,0.382300,0.005400,0.004100,68.764406
s3comp,35,cardiovascular_study.npz,tabular,0.734600,0.000400,-0.008200,29.144680
s3comp,36,statlog_german_credit.npz,tabular,0.690600,0.006137,0.024771,5.991673
s3comp,37,boston.npz,tabular,0.548052,0.148037,0.110387,0.820507
s3comp,38,seismic_bumps.npz,tabular,0.867800,0.004200,0.000000,3.560822
s3comp,39,dry_bean.npz,tabular,0.428248,0.260631,0.198052,156.118748
s3comp,40,credit_risk_classification.npz,tabular,0.801000,0.000100,0.000200,5.799948
s3comp,41,epileptic_seizure_recognition.npz,tabular,0.336070,0.110232,0.083788,43.075087
s3comp,42,website_phishing.npz,tabular,0.523600,0.012500,0.000600,9.092766
s3comp,43,optical_recognition_of_handwritten_digits.npz,tabular,0.919173,0.839728,0.833237,48.187822
s3comp,44,siberian_weather_stats.npz,tabular,0.263000,0.026100,0.003000,9.691399
s3comp,45,orbit_classification_for_prediction_nasa.npz,tabular,0.436702,0.000944,-0.004256,12.953002
s3comp,46,magic_gamma_telescope.npz,tabular,0.529573,0.012648,-0.000116,246.482343
s3comp,47,raisin.npz,tabular,0.524222,0.002837,0.002600,2.532041
s3comp,48,patient_treatment_classification.npz,tabular,0.527600,0.001100,0.002500,57.487654
s3comp,49,fetal_health_classification.npz,tabular,0.680339,0.113874,0.212165,46.073627
s3comp,50,dermatology.npz,tabular,0.878771,0.751828,0.785087,6.104287
s3comp,51,secom.npz,tabular,0.930800,0.000900,0.000900,20.474737
s3comp,52,paris_housing_classification.npz,tabular,0.830200,0.028372,0.119218,250.064323
s3comp,53,seeds.npz,tabular,0.496190,0.089624,0.090413,0.538445
s3comp,54,wine_customer.npz,tabular,0.570787,0.207350,0.191441,3.547495
s3comp,55,crowdsourced_mapping.npz,tabular,0.710900,0.010000,0.012800,244.531619
s3comp,56,durum_wheat_features.npz,tabular,0.353178,0.015424,0.001388,414.236506
s3comp,57,classification_in_asteroseismology.npz,tabular,0.630800,0.001700,-0.015700,6.079109
s3comp,58,birds_bones_and_living_habits.npz,tabular,0.451332,0.242618,0.248688,1.942708
s3comp,59,microbes.npz,tabular,0.189600,0.020400,0.008900,245.363011
s3comp,60,image_segmentation.npz,tabular,0.462857,0.394046,0.257723,1.020722
s3comp,61,water_quality.npz,tabular,0.550800,0.000500,0.001700,16.771377
s3comp,62,insurance_company_benchmark.npz,tabular,0.939700,0.001000,0.004600,96.237174
s3comp,63,harbermans_survival.npz,tabular,0.534641,0.005038,0.002050,1.407229
s3comp,64,yeast.npz,tabular,0.281974,0.090204,0.043881,11.367346
s3comp,65,heart_disease.npz,tabular,0.334700,0.022600,0.012200,1.383533
s3comp,66,ecoli.npz,tabular,0.435474,0.254203,0.139409,6.094513
s3comp,67,extyaleb.npz,tabular,0.926646,0.836521,0.820239,0.898682
s3comp,68,breast_cancer_coimbra.npz,tabular,0.653448,0.071387,0.094489,0.735981
s3comp,69,student_grade.npz,tabular,0.668861,0.004717,0.019240,1.129862
s3comp,70,human_stress_detection.npz,tabular,0.505947,0.090486,0.084128,49.596299
s3comp,71,fraud_detection_bank.npz,tabular,0.755136,0.046661,0.077693,224.470776
s3comp,72,pen_based_recognition_of_handwritten_digits.npz,tabular,0.456205,0.388873,0.280613,150.133660
s3comp,73,diabetic_retinopathy_debrecen.npz,tabular,0.519400,0.000300,-0.001200,7.625178
s3comp,74,pistachio.npz,tabular,0.595065,0.018193,0.034465,8.369164
s3comp,75,turkish_music_emotion.npz,tabular,0.323000,0.046065,0.015499,1.032132
s3comp,76,parkinsons.npz,tabular,0.685128,0.003479,0.025064,0.501690
s3comp,77,weather.npz,tabular,1.000000,1.000000,1.000000,5.894384
s3comp,78,blood_transfusion_service_center.npz,tabular,0.645200,0.009300,0.032600,3.932521
s3comp,79,mfeat-karhunen.npz,tabular,0.731900,0.767873,0.684048,17.391446
s3comp,80,mfeat-factors.npz,tabular,0.848900,0.795318,0.737929,19.566983
s3comp,81,wall-robot-navigation.npz,tabular,0.400800,0.004100,-0.003200,85.051070
s3comp,82,Waveform.npz,tabular,0.347800,0.001068,0.000593,66.167101
s3comp,83,gas-drift.npz,tabular,0.380620,0.164716,0.107549,268.528617
s3comp,84,mfeat-morphological.npz,tabular,0.458100,0.375531,0.286162,17.837646
s3comp,85,JapaneseVowels.npz,tabular,0.426483,0.294079,0.207655,444.889762
s3comp,86,rmftsa_sleepdata.npz,tabular,0.296680,0.016666,0.004617,3.245521
s3comp,87,first-order-theorem-proving.npz,tabular,0.372540,0.026460,0.018546,145.100160
s3comp,88,gina_prior2.npz,tabular,0.542445,0.545651,0.423316,94.929069
s3comp,89,fabert.npz,tabular,0.251766,0.101947,0.054932,747.462937
s3comp,90,dilbert.npz,tabular,0.331100,0.188340,0.158952,920.421688
s3comp,91,synthetic_control.npz,tabular,0.443333,0.339739,0.281453,4.160112
s3comp,92,Drug Consumption.npz,tabular,0.309891,0.001417,0.001129,17.811833
s3comp,93,shuttle.npz,tabular,0.738460,0.029390,-0.083225,791.075943
s3comp,94,tr45.wc.npz,tabular,0.780178,0.644828,0.639549,9.191196
s3comp,95,steel-plates-fault.npz,tabular,0.518805,0.103917,-0.038400,7.000860
s3comp,96,fbis.wc.npz,tabular,0.514754,0.467467,0.347883,10.543072
s3comp,97,mfeat-fourier.npz,tabular,0.520200,0.523268,0.362059,21.763500
s3comp,98,vehicle.npz,tabular,0.346572,0.049310,0.037985,2.438678
s3comp,99,micro-mass.npz,tabular,0.761111,0.781581,0.632905,6.281372
s3comp,100,ISOLET.npz,tabular,0.490471,0.678265,0.428587,324.162477
s3comp,101,poker-hand.npz,tabular,0.538180,0.000194,0.000890,204.229328
s3comp,102,tamilnadu-electricity.npz,tabular,0.071280,0.006075,-0.000003,274.903017
s3comp,103,mnist64.npz,image,0.942144,0.868046,0.869730,7.664474
s3comp,104,MNIST_CLIP.npz,image,0.789516,0.779163,0.712172,437.735487
s3comp,105,fashion_mnist.npz,image,0.613333,0.608641,0.478495,17.267160
s3comp,106,FashionMNIST_CLIP.npz,image,0.655000,0.671249,0.539917,404.795171
s3comp,107,cifar10.npz,image,0.197231,0.070283,0.042290,155.180251
s3comp,108,CIFAR10_CLIP.npz,image,0.864740,0.753276,0.724119,410.232499
s3comp,109,coil20.npz,image,0.699722,0.799726,0.601554,7.121133
s3comp,110,COIL20_CLIP.npz,image,0.841800,0.918600,0.807200,17.958387
s3comp,111,labeled_faces_in_the_wild.npz,image,0.509200,0.001300,0.000400,0.000000
s3comp,112,flickr_material_database.npz,image,0.615246,0.536575,0.425675,20.462806
s3comp,113,street_view_house_numbers.npz,image,0.248634,0.115129,0.056849,11.599964
s3comp,114,har.npz,image,0.565442,0.524238,0.410732,7.913332
s3comp,115,Indian_pines.npz,image,0.343576,0.101800,0.040011,293.744872
s3comp,116,satellite_image.npz,image,0.452246,0.262549,0.204176,232.412149
s3comp,117,olivetti_faces.npz,image,0.691000,0.825600,0.563600,0.000000
s3comp,118,PCam.npz,image,0.743889,0.687896,0.608977,28.283791
s3comp,119,cnae9.npz,text,0.505969,0.001465,0.000171,143.237240
s3comp,120,imdb.npz,text,0.691152,0.024263,0.023272,15.384379
s3comp,121,hate_speech.npz,text,0.510699,0.005341,0.000361,30.316999
s3comp,122,sentiment_labeld_sentences.npz,text,0.860800,0.001800,-0.008200,8.994518
s3comp,123,sms_spam_collection.npz,text,0.605600,0.410100,0.344800,722.266861
s3comp,124,wos.npz,text,0.504870,0.007154,0.000105,180.650040
s3comp,125,enron.npz,text,0.699600,0.375500,0.424700,502.201262
s3comp,126,reuters.npz,text,0.282314,0.282493,0.139943,894.237888
s3comp,127,20newsgroups.npz,text,0.733300,0.257200,0.390700,139.132854
s3comp,128,Mouse_retina.npz,bioinfo,0.260883,0.128190,-0.056502,236.394232
s3comp,129,Campbell.npz,bioinfo,0.510900,0.007777,0.000343,23.577865
s3comp,130,Baron Human.npz,bioinfo,0.833203,0.696665,0.735414,139.198024
spectral_clustering,0,echocardiogram.npz,tabular,0.918033,0.639762,0.690470,0.021895
spectral_clustering,1,skillcraft1_master_table_dataset.npz,tabular,0.316318,0.128065,0.073820,7.273383
spectral_clustering,2,breast_cancer_wisconsin_original.npz,tabular,0.970717,0.802432,0.885368,0.087059
spectral_clustering,3,smoker_condition.npz,tabular,0.993083,0.938814,0.972446,0.130827
spectral_clustering,4,glass_identification.npz,tabular,0.461682,0.346910,0.219652,0.042198
spectral_clustering,5,statlog_image_segmentation.npz,tabular,0.548485,0.566048,0.368623,0.819744
spectral_clustering,6,planning_relax.npz,tabular,0.725275,0.042261,0.032896,0.005872
spectral_clustering,7,customer_classification.npz,tabular,0.334200,0.019664,0.014501,0.018683
spectral_clustering,8,pima_indians_diabetes_database.npz,tabular,0.715885,0.132642,0.184288,0.013536
spectral_clustering,9,mobile_price_classification.npz,tabular,0.304100,0.008823,0.006917,0.052109
spectral_clustering,10,spambase.npz,tabular,0.878722,0.562569,0.573620,0.303292
spectral_clustering,11,rice_seed_gonen_jasmine.npz,tabular,0.973517,0.843957,0.896843,5.750026
spectral_clustering,12,heart_attack_analysis_prediction_dataset.npz,tabular,0.825083,0.357043,0.420557,0.082946
spectral_clustering,13,user_knowledge_modeling.npz,tabular,0.567442,0.310398,0.256183,0.011156
spectral_clustering,14,world12d.npz,tabular,0.920000,0.842395,0.850444,0.046292
spectral_clustering,15,pumpkin_seeds.npz,tabular,0.808000,0.293872,0.379207,1.406829
spectral_clustering,16,iris.npz,tabular,0.846667,0.672844,0.641006,0.026308
spectral_clustering,17,wine.npz,tabular,0.983146,0.927647,0.947132,0.030485
spectral_clustering,18,letter_recognition.npz,tabular,0.600200,0.719605,0.502136,2.039677
spectral_clustering,19,mammographic_mass.npz,tabular,0.793976,0.285389,0.344904,0.140638
spectral_clustering,20,breast_tissue.npz,tabular,0.641509,0.532104,0.409670,0.059860
spectral_clustering,21,hepatitis.npz,tabular,0.837500,0.241757,0.382042,0.074342
spectral_clustering,22,predicting_pulsar_star.npz,tabular,0.955117,0.475424,0.675491,1.715857
spectral_clustering,23,breast_cancer_wisconsin_prognostic.npz,tabular,0.942004,0.708137,0.779256,0.065721
spectral_clustering,24,wireless_indoor_localization.npz,tabular,0.966000,0.908271,0.913525,0.379216
spectral_clustering,25,date_fruit.npz,tabular,0.787973,0.790667,0.738715,0.017226
spectral_clustering,26,zoo.npz,tabular,0.855446,0.823786,0.783778,0.005794
spectral_clustering,27,htru2.npz,tabular,0.965497,0.585541,0.724188,6.513088
spectral_clustering,28,ionosphere.npz,tabular,0.700855,0.125821,0.159007,0.010968
spectral_clustering,29,music_genre_classification.npz,tabular,0.481000,0.453663,0.300895,0.021129
spectral_clustering,30,spectf_heart.npz,tabular,0.802500,0.447798,0.418546,0.003617
spectral_clustering,31,rice_dataset_cammeo_and_osmancik.npz,tabular,0.919423,0.593538,0.703364,0.217120
spectral_clustering,32,ph_recognition.npz,tabular,0.618683,0.623800,0.418059,0.113038
spectral_clustering,33,banknote_authentication.npz,tabular,0.683236,0.190413,0.128340,0.028099
spectral_clustering,34,wine_quality.npz,tabular,0.448800,0.050218,0.006578,7.639081
spectral_clustering,35,cardiovascular_study.npz,tabular,0.831227,0.018970,0.082244,1.817755
spectral_clustering,36,statlog_german_credit.npz,tabular,0.695000,0.004713,0.019805,0.349429
spectral_clustering,37,boston.npz,tabular,0.954545,0.821740,0.867162,0.034466
spectral_clustering,38,seismic_bumps.npz,tabular,0.931889,0.000833,-0.002822,0.011205
spectral_clustering,39,dry_bean.npz,tabular,0.751726,0.724378,0.631319,6.125792
spectral_clustering,40,credit_risk_classification.npz,tabular,0.805738,0.001396,-0.002481,0.019218
spectral_clustering,41,epileptic_seizure_recognition.npz,tabular,0.308104,0.139981,0.086628,0.586879
spectral_clustering,42,website_phishing.npz,tabular,0.686918,0.203495,0.291668,0.028119
spectral_clustering,43,optical_recognition_of_handwritten_digits.npz,tabular,0.794664,0.832360,0.720655,1.486328
spectral_clustering,44,siberian_weather_stats.npz,tabular,0.381805,0.075506,0.027576,0.034537
spectral_clustering,45,orbit_classification_for_prediction_nasa.npz,tabular,0.839837,0.006437,-0.023856,0.370376
spectral_clustering,46,magic_gamma_telescope.npz,tabular,0.648625,0.001171,0.000794,4.877361
spectral_clustering,47,raisin.npz,tabular,0.813333,0.391671,0.392108,0.175169
spectral_clustering,48,patient_treatment_classification.npz,tabular,0.597643,0.002779,0.002503,5.416235
spectral_clustering,49,fetal_health_classification.npz,tabular,0.767639,0.262896,0.391807,0.909853
spectral_clustering,50,dermatology.npz,tabular,0.963687,0.927364,0.933628,0.077267
spectral_clustering,51,secom.npz,tabular,0.922782,0.015732,0.069125,1.047641
spectral_clustering,52,paris_housing_classification.npz,tabular,0.873140,0.000254,-0.000614,7.788736
spectral_clustering,53,seeds.npz,tabular,0.933333,0.762923,0.810869,0.101896
spectral_clustering,54,wine_customer.npz,tabular,0.983146,0.927647,0.947132,0.040524
spectral_clustering,55,crowdsourced_mapping.npz,tabular,0.565530,0.446248,0.305206,2.017403
spectral_clustering,56,durum_wheat_features.npz,tabular,0.600333,0.536578,0.404281,24.963708
spectral_clustering,57,classification_in_asteroseismology.npz,tabular,0.941059,0.658371,0.772699,0.285816
spectral_clustering,58,birds_bones_and_living_habits.npz,tabular,0.542857,0.444998,0.321494,0.015544
spectral_clustering,59,microbes.npz,tabular,0.368464,0.258541,0.179967,2.040052
spectral_clustering,60,image_segmentation.npz,tabular,0.780952,0.709495,0.604440,0.056173
spectral_clustering,61,water_quality.npz,tabular,0.597215,0.001331,0.000477,0.050869
spectral_clustering,62,insurance_company_benchmark.npz,tabular,0.935933,0.003160,0.018540,37.384889
spectral_clustering,63,harbermans_survival.npz,tabular,0.738562,0.014531,0.011577,0.011432
spectral_clustering,64,yeast.npz,tabular,0.447156,0.284411,0.178381,0.283453
spectral_clustering,65,heart_disease.npz,tabular,0.612795,0.326184,0.422696,0.010799
spectral_clustering,66,ecoli.npz,tabular,0.853823,0.696048,0.748387,0.047944
spectral_clustering,67,extyaleb.npz,tabular,0.912226,0.820307,0.780950,0.087053
spectral_clustering,68,breast_cancer_coimbra.npz,tabular,0.568966,0.091613,0.016495,0.005092
spectral_clustering,69,student_grade.npz,tabular,0.749367,0.290445,0.246204,0.126735
spectral_clustering,70,human_stress_detection.npz,tabular,0.976512,0.918141,0.934461,0.462041
spectral_clustering,71,fraud_detection_bank.npz,tabular,0.745075,0.032791,0.048635,71.671238
spectral_clustering,72,pen_based_recognition_of_handwritten_digits.npz,tabular,0.797705,0.817447,0.685596,7.530357
spectral_clustering,73,diabetic_retinopathy_debrecen.npz,tabular,0.559513,0.009901,0.013308,0.343978
spectral_clustering,74,pistachio.npz,tabular,0.789385,0.334888,0.334252,0.057647
spectral_clustering,75,turkish_music_emotion.npz,tabular,0.627500,0.429075,0.403432,0.014931
spectral_clustering,76,parkinsons.npz,tabular,0.851282,0.293496,0.408249,0.044981
spectral_clustering,77,weather.npz,tabular,1.000000,1.000000,1.000000,0.083804
spectral_clustering,78,blood_transfusion_service_center.npz,tabular,0.764973,0.012128,0.020696,0.013552
spectral_clustering,79,mfeat-karhunen.npz,tabular,0.768100,0.801951,0.687211,0.337361
spectral_clustering,80,mfeat-factors.npz,tabular,0.931500,0.873576,0.857613,0.340957
spectral_clustering,81,wall-robot-navigation.npz,tabular,0.477309,0.128482,0.076272,0.499934
spectral_clustering,82,Waveform.npz,tabular,0.506600,0.370203,0.251860,11.759339
spectral_clustering,83,gas-drift.npz,tabular,0.539400,0.486383,0.200063,14.782149
spectral_clustering,84,mfeat-morphological.npz,tabular,0.832500,0.846853,0.764559,0.052447
spectral_clustering,85,JapaneseVowels.npz,tabular,0.779741,0.806832,0.689152,5.224354
spectral_clustering,86,rmftsa_sleepdata.npz,tabular,0.375391,0.051178,0.050721,0.020551
spectral_clustering,87,first-order-theorem-proving.npz,tabular,0.411670,0.016260,0.002518,9.740894
spectral_clustering,88,gina_prior2.npz,tabular,0.455479,0.561680,0.313686,2.152139
spectral_clustering,89,fabert.npz,tabular,0.240743,0.025972,0.001791,40.510515
spectral_clustering,90,dilbert.npz,tabular,0.470780,0.381857,0.277839,10.598858
spectral_clustering,91,synthetic_control.npz,tabular,0.817000,0.797433,0.695737,0.014044
spectral_clustering,92,Drug Consumption.npz,tabular,0.432247,0.005756,0.000217,0.043263
spectral_clustering,93,shuttle.npz,tabular,0.813600,0.372618,0.367480,17.925245
spectral_clustering,94,tr45.wc.npz,tabular,0.347929,0.259187,0.131350,0.360992
spectral_clustering,95,steel-plates-fault.npz,tabular,0.632148,0.035220,-0.005265,0.045993
spectral_clustering,96,fbis.wc.npz,tabular,0.443625,0.353913,0.176997,3.794261
spectral_clustering,97,mfeat-fourier.npz,tabular,0.582800,0.644663,0.423456,0.525930
spectral_clustering,98,vehicle.npz,tabular,0.411348,0.210331,0.115544,0.155692
spectral_clustering,99,micro-mass.npz,tabular,0.772778,0.782918,0.624012,0.015665
spectral_clustering,100,ISOLET.npz,tabular,0.533077,0.748144,0.454031,13.608617
spectral_clustering,101,poker-hand.npz,tabular,0.542280,0.000355,-0.000094,6.995078
spectral_clustering,102,tamilnadu-electricity.npz,tabular,0.071500,0.007438,0.000215,222.239982
spectral_clustering,103,mnist64.npz,image,0.958410,0.915122,0.908516,0.161605
spectral_clustering,104,MNIST_CLIP.npz,image,0.781052,0.786954,0.677858,8.691323
spectral_clustering,105,fashion_mnist.npz,image,0.552000,0.581780,0.396810,0.805689
spectral_clustering,106,FashionMNIST_CLIP.npz,image,0.687260,0.717375,0.553938,3.549488
spectral_clustering,107,cifar10.npz,image,0.203631,0.068154,0.033458,0.161227
spectral_clustering,108,CIFAR10_CLIP.npz,image,0.767100,0.707087,0.486800,18.242495
spectral_clustering,109,coil20.npz,image,0.746667,0.869150,0.710246,0.715178
spectral_clustering,110,COIL20_CLIP.npz,image,0.930556,0.954035,0.905104,0.461595
spectral_clustering,111,labeled_faces_in_the_wild.npz,image,0.526818,0.002101,0.002427,2.412091
spectral_clustering,112,flickr_material_database.npz,image,0.773721,0.735012,0.640264,0.021435
spectral_clustering,113,street_view_house_numbers.npz,image,0.187158,0.021533,-0.003270,0.015250
spectral_clustering,114,har.npz,image,0.527700,0.691196,0.492263,23.234440
spectral_clustering,115,Indian_pines.npz,image,0.675231,0.599900,0.489314,1.556006
spectral_clustering,116,satellite_image.npz,image,0.674312,0.638191,0.520983,2.262996
spectral_clustering,117,olivetti_faces.npz,image,0.721000,0.885234,0.639160,0.025008
spectral_clustering,118,PCam.npz,image,0.571852,0.584547,0.280839,0.518893
spectral_clustering,119,cnae9.npz,text,0.509600,0.000270,0.000064,0.147026
spectral_clustering,120,imdb.npz,text,0.771189,0.042163,0.111295,1.695115
spectral_clustering,121,hate_speech.npz,text,0.537482,0.036136,0.005479,4.770290
spectral_clustering,122,sentiment_labeld_sentences.npz,text,0.871856,0.056396,0.063702,0.092967
spectral_clustering,123,sms_spam_collection.npz,text,0.557927,0.391425,0.314018,164.548288
spectral_clustering,124,wos.npz,text,0.914771,0.656638,0.688111,2.232356
spectral_clustering,125,enron.npz,text,0.721259,0.539411,0.483950,16.515546
spectral_clustering,126,reuters.npz,text,0.441117,0.525246,0.319992,2.156478
spectral_clustering,127,20newsgroups.npz,text,0.847079,0.283003,0.348379,115.985379
spectral_clustering,128,Mouse_retina.npz,bioinfo,0.489743,0.439507,0.322254,2.502006
spectral_clustering,129,Campbell.npz,bioinfo,0.613750,0.063404,0.051550,6.489644
spectral_clustering,130,Baron Human.npz,bioinfo,0.542066,0.449496,0.268683,68.885849
ssc,0,echocardiogram.npz,tabular,0.737705,0.036001,0.051322,1.491849
ssc,1,skillcraft1_master_table_dataset.npz,tabular,0.224039,0.013934,0.011462,352.819186
ssc,2,breast_cancer_wisconsin_original.npz,tabular,0.658900,0.014400,0.015300,2.586503
ssc,3,smoker_condition.npz,tabular,0.602767,0.000743,-0.000679,19.759158
ssc,4,glass_identification.npz,tabular,0.355140,0.176022,0.107184,0.291660
ssc,5,statlog_image_segmentation.npz,tabular,0.732035,0.642234,0.550443,52.426327
ssc,6,planning_relax.npz,tabular,0.719780,0.011569,0.016405,0.370446
ssc,7,customer_classification.npz,tabular,0.292000,0.006454,0.002190,11.236263
ssc,8,pima_indians_diabetes_database.npz,tabular,0.649740,0.000865,-0.001208,9.610753
ssc,9,mobile_price_classification.npz,tabular,0.281000,0.002985,0.001176,57.832660
ssc,10,spambase.npz,tabular,0.607042,0.001511,0.001172,576.250584
ssc,11,rice_seed_gonen_jasmine.npz,tabular,0.573257,0.022959,0.020814,4341.151429
ssc,12,heart_attack_analysis_prediction_dataset.npz,tabular,0.564356,0.007046,0.012298,0.211360
ssc,13,user_knowledge_modeling.npz,tabular,0.395300,0.056100,0.044900,0.456311
ssc,14,world12d.npz,tabular,0.526667,0.375122,0.293791,0.205507
ssc,15,pumpkin_seeds.npz,tabular,0.584400,0.022972,0.027729,60.462345
ssc,16,iris.npz,tabular,0.586667,0.280328,0.248951,0.114199
ssc,17,wine.npz,tabular,0.494382,0.130677,0.111226,0.162508
ssc,18,letter_recognition.npz,tabular,0.302742,0.352079,0.144487,5115.067888
ssc,19,mammographic_mass.npz,tabular,0.607200,0.035600,0.044900,3.615571
ssc,20,breast_tissue.npz,tabular,0.471698,0.352768,0.178106,0.151380
ssc,21,hepatitis.npz,tabular,0.850000,0.052116,0.099785,0.060866
ssc,22,predicting_pulsar_star.npz,tabular,0.879974,0.207630,0.406498,6549.694521
ssc,23,breast_cancer_wisconsin_prognostic.npz,tabular,0.706503,0.139189,0.169202,1.166708
ssc,24,wireless_indoor_localization.npz,tabular,0.478000,0.255146,0.235646,85.955846
ssc,25,date_fruit.npz,tabular,0.577951,0.647219,0.534833,3.652353
ssc,26,zoo.npz,tabular,0.386139,0.382389,0.089935,0.140380
ssc,27,htru2.npz,tabular,0.928793,0.333557,0.564426,8128.247382
ssc,28,ionosphere.npz,tabular,0.589700,0.099900,0.016700,0.712827
ssc,29,music_genre_classification.npz,tabular,0.299000,0.179118,0.103348,5.265290
ssc,30,spectf_heart.npz,tabular,0.625000,0.052400,0.052000,0.119651
ssc,31,rice_dataset_cammeo_and_osmancik.npz,tabular,0.590026,0.018634,0.031597,509.125518
ssc,32,ph_recognition.npz,tabular,0.465544,0.465541,0.284223,1.323881
ssc,33,banknote_authentication.npz,tabular,0.637026,0.047951,0.073780,32.636571
ssc,34,wine_quality.npz,tabular,0.453109,0.005911,0.002694,1020.823311
ssc,35,cardiovascular_study.npz,tabular,0.838700,0.008500,0.055100,110.220502
ssc,36,statlog_german_credit.npz,tabular,0.694000,0.001145,0.010565,8.715960
ssc,37,boston.npz,tabular,0.577900,0.182200,0.158800,0.249575
ssc,38,seismic_bumps.npz,tabular,0.931889,0.000436,-0.002822,6.365935
ssc,39,dry_bean.npz,tabular,0.501751,0.399336,0.328519,4448.016239
ssc,40,credit_risk_classification.npz,tabular,0.806352,0.000448,-0.001556,16.520441
ssc,41,epileptic_seizure_recognition.npz,tabular,0.280174,0.042732,0.030907,963.513652
ssc,42,website_phishing.npz,tabular,0.541759,0.101720,0.005866,23.565163
ssc,43,optical_recognition_of_handwritten_digits.npz,tabular,0.697358,0.725853,0.600710,333.412431
ssc,44,siberian_weather_stats.npz,tabular,0.315600,0.021900,0.020100,13.986377
ssc,45,orbit_classification_for_prediction_nasa.npz,tabular,0.856562,0.000354,-0.002030,68.140999
ssc,46,magic_gamma_telescope.npz,tabular,0.657266,0.028691,0.076704,4868.108662
ssc,47,raisin.npz,tabular,0.552200,0.008700,0.009900,4.421392
ssc,48,patient_treatment_classification.npz,tabular,0.596300,0.000500,0.001900,465.409206
ssc,49,fetal_health_classification.npz,tabular,0.705080,0.100298,0.226246,44.264155
ssc,50,dermatology.npz,tabular,0.927374,0.831038,0.861831,0.331887
ssc,51,secom.npz,tabular,0.933600,0.003700,0.015200,5.175490
ssc,52,paris_housing_classification.npz,tabular,0.873400,0.000036,-0.000171,8672.606842
ssc,53,seeds.npz,tabular,0.733333,0.319599,0.360079,0.189119
ssc,54,wine_customer.npz,tabular,0.500000,0.154021,0.098312,0.151976
ssc,55,crowdsourced_mapping.npz,tabular,0.787936,0.199020,0.306868,9547.904647
ssc,56,durum_wheat_features.npz,tabular,0.574111,0.320104,0.303549,2498.089308
ssc,57,classification_in_asteroseismology.npz,tabular,0.794200,0.179800,0.252800,7.617851
ssc,58,birds_bones_and_living_habits.npz,tabular,0.447942,0.210545,0.223776,0.575347
ssc,59,microbes.npz,tabular,0.248024,0.014716,0.004438,4314.662851
ssc,60,image_segmentation.npz,tabular,0.700000,0.602872,0.471184,0.189121
ssc,61,water_quality.npz,tabular,0.597215,0.000670,0.000477,104.247571
ssc,62,insurance_company_benchmark.npz,tabular,0.940055,0.000047,-0.000321,2027.703639
ssc,63,harbermans_survival.npz,tabular,0.738562,0.007542,0.011577,0.833016
ssc,64,yeast.npz,tabular,0.318000,0.084300,0.029400,18.206048
ssc,65,heart_disease.npz,tabular,0.548822,0.020256,0.017046,0.648466
ssc,66,ecoli.npz,tabular,0.480122,0.255974,0.174858,0.341631
ssc,67,extyaleb.npz,tabular,0.724138,0.564962,0.363288,0.384133
ssc,68,breast_cancer_coimbra.npz,tabular,0.629310,0.041448,0.058417,0.142568
ssc,69,student_grade.npz,tabular,0.673418,0.004451,0.005251,1.429125
ssc,70,human_stress_detection.npz,tabular,0.523238,0.148064,0.105077,87.507613
ssc,71,fraud_detection_bank.npz,tabular,0.738674,0.008321,0.016487,8152.289576
ssc,72,pen_based_recognition_of_handwritten_digits.npz,tabular,0.700961,0.676571,0.557127,3485.130948
ssc,73,diabetic_retinopathy_debrecen.npz,tabular,0.574283,0.013356,0.020564,6.611464
ssc,74,pistachio.npz,tabular,0.571695,0.010809,0.019517,35.073568
ssc,75,turkish_music_emotion.npz,tabular,0.332500,0.037084,0.022269,0.618288
ssc,76,parkinsons.npz,tabular,0.728205,0.028446,0.105484,0.138878
ssc,77,weather.npz,tabular,1.000000,1.000000,1.000000,0.679932
ssc,78,blood_transfusion_service_center.npz,tabular,0.760695,0.000663,-0.001835,8.448722
ssc,79,mfeat-karhunen.npz,tabular,0.632500,0.707164,0.590678,38.356580
ssc,80,mfeat-factors.npz,tabular,0.902500,0.817142,0.796907,21.682530
ssc,81,wall-robot-navigation.npz,tabular,0.410740,0.028400,-0.007428,971.084530
ssc,82,Waveform.npz,tabular,0.342200,0.000284,-0.000072,485.065196
ssc,83,gas-drift.npz,tabular,0.382800,0.199021,0.072013,3110.477847
ssc,84,mfeat-morphological.npz,tabular,0.462500,0.393315,0.275558,31.053625
ssc,85,JapaneseVowels.npz,tabular,0.431583,0.385721,0.244686,5583.420589
ssc,86,rmftsa_sleepdata.npz,tabular,0.407200,0.016000,0.019900,6.903945
ssc,87,first-order-theorem-proving.npz,tabular,0.417620,0.000825,0.000020,2321.925392
ssc,88,gina_prior2.npz,tabular,0.447232,0.420228,0.278531,108.896472
ssc,89,fabert.npz,tabular,0.217434,0.025665,-0.005654,1998.194373
ssc,90,dilbert.npz,tabular,0.411700,0.195117,0.173961,2569.169122
ssc,91,synthetic_control.npz,tabular,0.383333,0.266098,0.184198,1.088903
ssc,92,Drug Consumption.npz,tabular,0.433962,0.002015,0.000573,70.820217
ssc,93,shuttle.npz,tabular,0.836500,0.000040,-0.000161,9476.185544
ssc,94,tr45.wc.npz,tabular,0.377219,0.282280,0.172583,6.239851
ssc,95,steel-plates-fault.npz,tabular,0.653787,0.000846,0.000911,96.514916
ssc,96,fbis.wc.npz,tabular,0.332900,0.331600,0.181400,54.272215
ssc,97,mfeat-fourier.npz,tabular,0.458000,0.486068,0.296052,36.286600
ssc,98,vehicle.npz,tabular,0.401891,0.137126,0.097573,3.040231
ssc,99,micro-mass.npz,tabular,0.669444,0.703389,0.539995,1.121575
ssc,100,ISOLET.npz,tabular,0.572271,0.663832,0.458887,1142.616988
ssc,101,poker-hand.npz,tabular,0.542700,0.000113,0.000037,3195.432079
ssc,102,tamilnadu-electricity.npz,tabular,0.064400,0.001900,0.000000,177.474867
ssc,103,mnist64.npz,image,0.878928,0.786688,0.756057,5.417318
ssc,104,MNIST_CLIP.npz,image,0.663665,0.631239,0.471565,2768.613815
ssc,105,fashion_mnist.npz,image,0.523667,0.556912,0.398473,169.391007
ssc,106,FashionMNIST_CLIP.npz,image,0.553300,0.597864,0.450964,2788.326184
ssc,107,cifar10.npz,image,0.215692,0.080768,0.039295,171.150208
ssc,108,CIFAR10_CLIP.npz,image,0.714800,0.624894,0.535004,2724.845908
ssc,109,coil20.npz,image,0.633333,0.794785,0.536893,14.277559
ssc,110,COIL20_CLIP.npz,image,0.397222,0.658405,0.370725,14.680382
ssc,111,labeled_faces_in_the_wild.npz,image,0.503182,0.000029,-0.000414,41.574158
ssc,112,flickr_material_database.npz,image,0.483450,0.384622,0.251120,4.367599
ssc,113,street_view_house_numbers.npz,image,0.200820,0.076430,0.027868,3.257043
ssc,114,har.npz,image,0.417687,0.413131,0.266744,1.938395
ssc,115,Indian_pines.npz,image,0.457300,0.000700,0.000500,2631.881968
ssc,116,satellite_image.npz,image,0.540326,0.397855,0.328097,2286.552673
ssc,117,olivetti_faces.npz,image,0.547500,0.739093,0.405320,0.872737
ssc,118,PCam.npz,image,0.735185,0.668685,0.580793,12.991492
ssc,119,cnae9.npz,text,0.625538,0.045968,0.062751,91.778455
ssc,120,imdb.npz,text,0.729277,0.046146,0.037415,389.975821
ssc,121,hate_speech.npz,text,0.505095,0.000737,0.000027,136.806791
ssc,122,sentiment_labeld_sentences.npz,text,0.859900,0.000800,0.011100,4.523670
ssc,123,sms_spam_collection.npz,text,0.544763,0.351216,0.282691,2991.327639
ssc,124,wos.npz,text,0.504150,0.006684,0.000041,3716.441878
ssc,125,enron.npz,text,0.431113,0.001806,-0.000482,1625.346130
ssc,126,reuters.npz,text,0.308578,0.296282,0.158482,3392.055574
ssc,127,20newsgroups.npz,text,0.803640,0.000136,-0.000823,3976.944704
ssc,128,Mouse_retina.npz,bioinfo,0.253477,0.307177,0.102457,6479.838562
ssc,129,Campbell.npz,bioinfo,0.518000,0.017894,0.001151,194.256136
ssc,130,Baron Human.npz,bioinfo,0.909951,0.813396,0.864915,1714.213416
