batch,version,variant,control_variant,dataset,protocol,source_catalog,n_runs,seeds,n_samples,n_features,n_clusters,ari_mean,ari_std,nmi_mean,nmi_std,acc_mean,acc_std,head_ari_mean,head_ari_std,kmeans_ari_mean,kmeans_ari_std,ari_vs_control,head_ari_vs_control,kmeans_ari_vs_control,ari_vs_ahdpc,ari_vs_hdpc,gate_mean_active,target_gate_mean_active,risk_help_mean_active,reconstruction_help_mean_active,cluster_help_mean_active,edge_consistency_mean_active,temporal_recurrence_mean_active,graph_mean_active,topology_trust_mean,effective_neighbor_count,source_sha256_count,k_source,labels_used_during_fit,provenance_status,evidence_tier,notes
v9_paper_preprocess,V9,v9_adaptive,AHDPC_reference,2d_20c_no0,paper_preprocess,comparison_by_dataset.csv + per-run summary.json,3,123|42|7,1517,2,20,0.7631170528133611,0.006163661846924065,0.8975754923235254,0.004174762559944571,0.7969676994067237,0.01026879494225262,0.7631170528133611,,,,,,,-0.18262306360484748,-0.22499421763144956,,,,,,,,,,,1,labels_unique,False,complete_per_run_summary,3-seed paired V9; persisted single-run baselines,"AHDPC/HDPC are persisted references, not symmetric multi-seed reruns."
v9_paper_preprocess,V9,v9_adaptive,AHDPC_reference,2d_4c_no4,paper_preprocess,comparison_by_dataset.csv + per-run summary.json,3,123|42|7,863,2,4,0.6825374068177448,0.019369274301745676,0.7567142632265867,0.01119998856878815,0.8964851293935882,0.007348898258184805,0.6825374068177448,,,,,,,-0.022944326413013694,-0.3133368493002736,,,,,,,,,,,1,labels_unique,False,complete_per_run_summary,3-seed paired V9; persisted single-run baselines,"AHDPC/HDPC are persisted references, not symmetric multi-seed reruns."
v9_paper_preprocess,V9,v9_adaptive,AHDPC_reference,2d_4c_no9,paper_preprocess,comparison_by_dataset.csv + per-run summary.json,3,123|42|7,876,2,4,0.8075788088540458,0.004603579393617662,0.8449871858503694,0.0059654300001449265,0.8420852359208523,0.002847532257818844,0.8075788088540458,,,,,,,-0.15403432785402715,-0.15403432785402715,,,,,,,,,,,1,labels_unique,False,complete_per_run_summary,3-seed paired V9; persisted single-run baselines,"AHDPC/HDPC are persisted references, not symmetric multi-seed reruns."
v9_paper_preprocess,V9,v9_adaptive,AHDPC_reference,aggregation,paper_preprocess,comparison_by_dataset.csv + per-run summary.json,3,123|42|7,788,2,7,0.5796844844981669,0.0064809071567973105,0.756171132032113,0.003772324356296077,0.7233502538071065,0.007471878905522711,0.5796844844981669,,,,,,,-0.4203155155018331,-0.1892375468293115,,,,,,,,,,,1,labels_unique,False,complete_per_run_summary,3-seed paired V9; persisted single-run baselines,"AHDPC/HDPC are persisted references, not symmetric multi-seed reruns."
v9_paper_preprocess,V9,v9_adaptive,AHDPC_reference,asymmetric,paper_preprocess,comparison_by_dataset.csv + per-run summary.json,3,123|42|7,1000,2,5,0.5323813073087422,0.056145981474437875,0.655029079025189,0.03579518882299356,0.64,0.09188035698668132,0.5323813073087422,,,,,,,-0.43995482369049965,-0.4375896765958285,,,,,,,,,,,1,labels_unique,False,complete_per_run_summary,3-seed paired V9; persisted single-run baselines,"AHDPC/HDPC are persisted references, not symmetric multi-seed reruns."
v9_paper_preprocess,V9,v9_adaptive,AHDPC_reference,balance_scale,paper_preprocess,comparison_by_dataset.csv + per-run summary.json,3,123|42|7,625,4,3,0.1908439302387874,0.073938381484029,0.17723852512500884,0.07931933772432317,0.5461333333333332,0.0513054469709493,0.1908439302387874,,,,,,,0.1756694506409014,-0.14808757527092534,,,,,,,,,,,1,labels_unique,False,complete_per_run_summary,3-seed paired V9; persisted single-run baselines,"AHDPC/HDPC are persisted references, not symmetric multi-seed reruns."
v9_paper_preprocess,V9,v9_adaptive,AHDPC_reference,banknote,paper_preprocess,comparison_by_dataset.csv + per-run summary.json,3,123|42|7,1372,4,2,0.01160914633237149,0.0056018482897161985,0.010127784122719818,0.004708889041357552,0.5541788143828961,0.012402574361613442,0.01160914633237149,,,,,,,-0.9508183682096208,-0.6123154205313597,,,,,,,,,,,1,labels_unique,False,complete_per_run_summary,3-seed paired V9; persisted single-run baselines,"AHDPC/HDPC are persisted references, not symmetric multi-seed reruns."
v9_paper_preprocess,V9,v9_adaptive,AHDPC_reference,dim064,paper_preprocess,comparison_by_dataset.csv + per-run summary.json,3,123|42|7,1024,64,16,0.9965480363630581,0.0025779139652711935,0.9975213941172724,0.0018138286320309185,0.9983723958333334,0.0012179874305904756,0.9965480363630581,,,,,,,-0.0034519636369418905,-0.0034519636369418905,,,,,,,,,,,1,labels_unique,False,complete_per_run_summary,3-seed paired V9; persisted single-run baselines,"AHDPC/HDPC are persisted references, not symmetric multi-seed reruns."
v9_paper_preprocess,V9,v9_adaptive,AHDPC_reference,dim512,paper_preprocess,comparison_by_dataset.csv + per-run summary.json,3,123|42|7,1024,512,16,1.0,0.0,1.0,0.0,1.0,0.0,1.0,,,,,,,0.0,0.0,,,,,,,,,,,1,labels_unique,False,complete_per_run_summary,3-seed paired V9; persisted single-run baselines,"AHDPC/HDPC are persisted references, not symmetric multi-seed reruns."
v9_paper_preprocess,V9,v9_adaptive,AHDPC_reference,flame,paper_preprocess,comparison_by_dataset.csv + per-run summary.json,3,123|42|7,240,2,2,0.13242592070039383,0.0028510238488306215,0.13855807410536208,0.007500409065922764,0.6847222222222222,0.0019641855032959585,0.13242592070039383,,,,,,,-0.8341855724399194,-0.6295456162742903,,,,,,,,,,,1,labels_unique,False,complete_per_run_summary,3-seed paired V9; persisted single-run baselines,"AHDPC/HDPC are persisted references, not symmetric multi-seed reruns."
v9_paper_preprocess,V9,v9_adaptive,AHDPC_reference,glass,paper_preprocess,comparison_by_dataset.csv + per-run summary.json,3,123|42|7,214,10,6,0.3904035144222399,0.008018432902762086,0.6378303241890863,0.014317912448345162,0.4517133956386292,0.002202824863509494,0.3904035144222399,,,,,,,-0.01907361422931836,-0.04914434162205522,,,,,,,,,,,1,labels_unique,False,complete_per_run_summary,3-seed paired V9; persisted single-run baselines,"AHDPC/HDPC are persisted references, not symmetric multi-seed reruns."
v9_paper_preprocess,V9,v9_adaptive,AHDPC_reference,image_segment,paper_preprocess,comparison_by_dataset.csv + per-run summary.json,3,123|42|7,210,19,7,0.2711652211731086,0.03487320369502169,0.38190777728507647,0.012590803323386598,0.4952380952380952,0.026937401188058936,0.2711652211731086,,,,,,,-0.14841970271697486,-0.14855341368552405,,,,,,,,,,,1,labels_unique,False,complete_per_run_summary,3-seed paired V9; persisted single-run baselines,"AHDPC/HDPC are persisted references, not symmetric multi-seed reruns."
v9_paper_preprocess,V9,v9_adaptive,AHDPC_reference,landsat,paper_preprocess,comparison_by_dataset.csv + per-run summary.json,3,123|42|7,4435,36,6,0.5379929329249283,0.004904229713079485,0.6310832185826737,0.003828847645654849,0.7089064261555805,0.003145952579700349,0.5379929329249283,,,,,,,0.02479245845124356,0.06817447107416208,,,,,,,,,,,1,labels_unique,False,complete_per_run_summary,3-seed paired V9; persisted single-run baselines,"AHDPC/HDPC are persisted references, not symmetric multi-seed reruns."
v9_paper_preprocess,V9,v9_adaptive,AHDPC_reference,libras_movement,paper_preprocess,comparison_by_dataset.csv + per-run summary.json,3,123|42|7,360,90,15,0.21509272837865587,0.00815070832266815,0.5056567260429795,0.005609586170813408,0.35833333333333334,0.006000685831859135,0.21509272837865587,,,,,,,-0.0636692709480142,-0.056574649301341345,,,,,,,,,,,1,labels_unique,False,complete_per_run_summary,3-seed paired V9; persisted single-run baselines,"AHDPC/HDPC are persisted references, not symmetric multi-seed reruns."
v9_paper_preprocess,V9,v9_adaptive,AHDPC_reference,olivetti_faces,paper_preprocess,comparison_by_dataset.csv + per-run summary.json,3,123|42|7,400,4096,40,0.1103018401104718,0.005131114740299315,0.5365344308875735,0.0031007267395379815,0.285,0.0040824829046386115,0.1103018401104718,,,,,,,-0.38958376824774416,-0.45948360845074393,,,,,,,,,,,1,labels_unique,False,complete_per_run_summary,3-seed paired V9; persisted single-run baselines,"AHDPC/HDPC are persisted references, not symmetric multi-seed reruns."
v9_paper_preprocess,V9,v9_adaptive,AHDPC_reference,rice,paper_preprocess,comparison_by_dataset.csv + per-run summary.json,3,123|42|7,3810,7,2,0.2664010662585181,0.047407619624816724,0.24016950034021153,0.01394127089310574,0.7573053368328959,0.023501523322337126,0.2664010662585181,,,,,,,-0.26938223207610557,-0.1792151265470775,,,,,,,,,,,1,labels_unique,False,complete_per_run_summary,3-seed paired V9; persisted single-run baselines,"AHDPC/HDPC are persisted references, not symmetric multi-seed reruns."
v9_paper_preprocess,V9,v9_adaptive,AHDPC_reference,smile,paper_preprocess,comparison_by_dataset.csv + per-run summary.json,3,123|42|7,266,2,3,0.37068904281385695,0.015532303475950552,0.5093793546283886,0.01250303710265071,0.7105263157894736,0.012278144074101143,0.37068904281385695,,,,,,,-0.1858771597787494,-0.1858771597787494,,,,,,,,,,,1,labels_unique,False,complete_per_run_summary,3-seed paired V9; persisted single-run baselines,"AHDPC/HDPC are persisted references, not symmetric multi-seed reruns."
v9_paper_preprocess,V9,v9_adaptive,AHDPC_reference,spect_heart,paper_preprocess,comparison_by_dataset.csv + per-run summary.json,3,123|42|7,267,22,2,0.24593617568101855,0.02353556467606475,0.14819202237414256,0.008799306468317475,0.7652933832709113,0.015391795263343252,0.24593617568101855,,,,,,,0.26130298473858987,0.2733763318326888,,,,,,,,,,,1,labels_unique,False,complete_per_run_summary,3-seed paired V9; persisted single-run baselines,"AHDPC/HDPC are persisted references, not symmetric multi-seed reruns."
v9_paper_preprocess,V9,v9_adaptive,AHDPC_reference,student_evaluation,paper_preprocess,comparison_by_dataset.csv + per-run summary.json,3,123|42|7,5820,33,3,0.004175445816031016,0.009204648196805408,0.007392589393344282,0.004696884318908871,0.42016036655211914,0.031637938542336055,0.004175445816031016,,,,,,,-0.014000610362232841,-0.02527376287807545,,,,,,,,,,,1,labels_unique,False,complete_per_run_summary,3-seed paired V9; persisted single-run baselines,"AHDPC/HDPC are persisted references, not symmetric multi-seed reruns."
v9_paper_preprocess,V9,v9_adaptive,AHDPC_reference,twodiamonds,paper_preprocess,comparison_by_dataset.csv + per-run summary.json,3,123|42|7,800,2,2,0.985050040838027,0.007035678085533804,0.968841198605448,0.013117245023444673,0.99625,0.0017677669529663834,0.985050040838027,,,,,,,-0.014949959161972948,-0.014949959161972948,,,,,,,,,,,1,labels_unique,False,complete_per_run_summary,3-seed paired V9; persisted single-run baselines,"AHDPC/HDPC are persisted references, not symmetric multi-seed reruns."
v9_paper_preprocess,V9,v9_adaptive,AHDPC_reference,unbalance,paper_preprocess,comparison_by_dataset.csv + per-run summary.json,3,123|42|7,6500,2,8,0.5749934467063595,0.00010460046514834587,0.7674517238022592,0.0013412295671096839,0.5037435897435897,0.00029009508971759043,0.5749934467063595,,,,,,,-0.4249834404549424,-0.4249834404549424,,,,,,,,,,,1,labels_unique,False,complete_per_run_summary,3-seed paired V9; persisted single-run baselines,"AHDPC/HDPC are persisted references, not symmetric multi-seed reruns."
v9_paper_preprocess,V9,v9_adaptive,AHDPC_reference,vehicle,paper_preprocess,comparison_by_dataset.csv + per-run summary.json,3,123|42|7,846,18,4,0.0748653631604413,0.008108252003588699,0.11259096684181706,0.006563015038306009,0.3951930654058313,0.021174198333403293,0.0748653631604413,,,,,,,-0.01198374149034781,0.006337607231310216,,,,,,,,,,,1,labels_unique,False,complete_per_run_summary,3-seed paired V9; persisted single-run baselines,"AHDPC/HDPC are persisted references, not symmetric multi-seed reruns."
v9_paper_preprocess,V9,v9_adaptive,AHDPC_reference,vertebral_column,paper_preprocess,comparison_by_dataset.csv + per-run summary.json,3,123|42|7,310,6,2,0.23399849286975907,0.005852463646778544,0.21822568477702106,0.00899123699758721,0.7430107526881721,0.0030413194889743534,0.23399849286975907,,,,,,,-0.02302761187391164,0.015845513008548195,,,,,,,,,,,1,labels_unique,False,complete_per_run_summary,3-seed paired V9; persisted single-run baselines,"AHDPC/HDPC are persisted references, not symmetric multi-seed reruns."
v9_paper_preprocess,V9,v9_adaptive,AHDPC_reference,website_phishing,paper_preprocess,comparison_by_dataset.csv + per-run summary.json,3,123|42|7,1353,9,3,0.2928897261827423,0.04874370795165838,0.2558460482076175,0.035730868181160294,0.620349839862035,0.044743773677246586,0.2928897261827423,,,,,,,-0.0034138397126223796,0.22171888613941337,,,,,,,,,,,1,labels_unique,False,complete_per_run_summary,3-seed paired V9; persisted single-run baselines,"AHDPC/HDPC are persisted references, not symmetric multi-seed reruns."
v9_advantage_ablation,V9,v9_full,v9_nomix,balance_scale,raw_related_advantage,ablation_runs.csv + run_record.json,3,123|42|7,625,4,3,0.1900421686316707,0.08920445547737885,0.1767377685515685,0.09628692695596018,0.5456,0.06198838600899364,,,,,0.0809405428520673,,,,,,,,,,,,,,,1,runner_code:np.unique(y),code_audit_false,partial_summary_dataset_adhoc; CSV/run_record identity retained,3-seed paired ablation,The underlying run_record/CSV has the real dataset; generated summary.json says dataset=adhoc and omits source metadata.
v9_advantage_ablation,V9,v9_nomix,v9_nomix,balance_scale,raw_related_advantage,ablation_runs.csv + run_record.json,3,123|42|7,625,4,3,0.1091016257796034,0.10334801977873861,0.09525404258057113,0.0877805278992265,0.4832,0.09361025584838446,,,,,0.0,,,,,,,,,,,,,,,1,runner_code:np.unique(y),code_audit_false,partial_summary_dataset_adhoc; CSV/run_record identity retained,3-seed paired ablation,The underlying run_record/CSV has the real dataset; generated summary.json says dataset=adhoc and omits source metadata.
v9_advantage_ablation,V9,v9_random,v9_nomix,balance_scale,raw_related_advantage,ablation_runs.csv + run_record.json,3,123|42|7,625,4,3,0.19798070497127176,0.08155249931255694,0.18480996737959995,0.08600445573829471,0.5493333333333333,0.061643274842705556,,,,,0.08887907919166836,,,,,,,,,,,,,,,1,runner_code:np.unique(y),code_audit_false,partial_summary_dataset_adhoc; CSV/run_record identity retained,3-seed paired ablation,The underlying run_record/CSV has the real dataset; generated summary.json says dataset=adhoc and omits source metadata.
v9_advantage_ablation,V9,v9_static,v9_nomix,balance_scale,raw_related_advantage,ablation_runs.csv + run_record.json,3,123|42|7,625,4,3,0.20307906861549554,0.15031886791603946,0.18462969610695742,0.14702169853899325,0.5568,0.09011281817810385,,,,,0.09397744283589214,,,,,,,,,,,,,,,1,runner_code:np.unique(y),code_audit_false,partial_summary_dataset_adhoc; CSV/run_record identity retained,3-seed paired ablation,The underlying run_record/CSV has the real dataset; generated summary.json says dataset=adhoc and omits source metadata.
v9_advantage_ablation,V9,v9_full,v9_nomix,glass,raw_related_advantage,ablation_runs.csv + run_record.json,3,123|42|7,214,10,6,0.3904035144222399,0.009820534574255439,0.6378303241890863,0.017535789840144526,0.4517133956386293,0.00269789845415713,,,,,0.040739276370795385,,,,,,,,,,,,,,,1,runner_code:np.unique(y),code_audit_false,partial_summary_dataset_adhoc; CSV/run_record identity retained,3-seed paired ablation,The underlying run_record/CSV has the real dataset; generated summary.json says dataset=adhoc and omits source metadata.
v9_advantage_ablation,V9,v9_nomix,v9_nomix,glass,raw_related_advantage,ablation_runs.csv + run_record.json,3,123|42|7,214,10,6,0.34966423805144453,0.06889943253730171,0.6138760452489297,0.04401780033488142,0.43769470404984423,0.01888528917909991,,,,,0.0,,,,,,,,,,,,,,,1,runner_code:np.unique(y),code_audit_false,partial_summary_dataset_adhoc; CSV/run_record identity retained,3-seed paired ablation,The underlying run_record/CSV has the real dataset; generated summary.json says dataset=adhoc and omits source metadata.
v9_advantage_ablation,V9,v9_random,v9_nomix,glass,raw_related_advantage,ablation_runs.csv + run_record.json,3,123|42|7,214,10,6,0.3885850907263187,0.005732288797534241,0.6360936618691732,0.010449586334612375,0.45482866043613707,0.00269789845415713,,,,,0.03892085267487416,,,,,,,,,,,,,,,1,runner_code:np.unique(y),code_audit_false,partial_summary_dataset_adhoc; CSV/run_record identity retained,3-seed paired ablation,The underlying run_record/CSV has the real dataset; generated summary.json says dataset=adhoc and omits source metadata.
v9_advantage_ablation,V9,v9_static,v9_nomix,glass,raw_related_advantage,ablation_runs.csv + run_record.json,3,123|42|7,214,10,6,0.37781710220348524,0.024326003876262315,0.6283199949572533,0.012870282651021905,0.4454828660436137,0.00539579690831426,,,,,0.028152864152040713,,,,,,,,,,,,,,,1,runner_code:np.unique(y),code_audit_false,partial_summary_dataset_adhoc; CSV/run_record identity retained,3-seed paired ablation,The underlying run_record/CSV has the real dataset; generated summary.json says dataset=adhoc and omits source metadata.
v9_advantage_ablation,V9,v9_full,v9_nomix,image_segment,raw_related_advantage,ablation_runs.csv + run_record.json,3,123|42|7,210,19,7,0.2728147343853067,0.039912556883647865,0.3810087176372659,0.016975542752750688,0.49682539682539684,0.030242156957551784,,,,,0.021354645028687447,,,,,,,,,,,,,,,1,runner_code:np.unique(y),code_audit_false,partial_summary_dataset_adhoc; CSV/run_record identity retained,3-seed paired ablation,The underlying run_record/CSV has the real dataset; generated summary.json says dataset=adhoc and omits source metadata.
v9_advantage_ablation,V9,v9_nomix,v9_nomix,image_segment,raw_related_advantage,ablation_runs.csv + run_record.json,3,123|42|7,210,19,7,0.25146008935661923,0.013977084500672464,0.3808858958701949,0.010052122837859053,0.4936507936507937,0.015307382160306287,,,,,0.0,,,,,,,,,,,,,,,1,runner_code:np.unique(y),code_audit_false,partial_summary_dataset_adhoc; CSV/run_record identity retained,3-seed paired ablation,The underlying run_record/CSV has the real dataset; generated summary.json says dataset=adhoc and omits source metadata.
v9_advantage_ablation,V9,v9_random,v9_nomix,image_segment,raw_related_advantage,ablation_runs.csv + run_record.json,3,123|42|7,210,19,7,0.2523134932017097,0.029321012774178874,0.3660293650070296,0.022593007316167202,0.48095238095238096,0.028965535858562912,,,,,0.0008534038450904724,,,,,,,,,,,,,,,1,runner_code:np.unique(y),code_audit_false,partial_summary_dataset_adhoc; CSV/run_record identity retained,3-seed paired ablation,The underlying run_record/CSV has the real dataset; generated summary.json says dataset=adhoc and omits source metadata.
v9_advantage_ablation,V9,v9_static,v9_nomix,image_segment,raw_related_advantage,ablation_runs.csv + run_record.json,3,123|42|7,210,19,7,0.26524674327109743,0.021771335842712642,0.37929594437526143,0.009699808664596453,0.5047619047619047,0.008247860988423197,,,,,0.013786653914478197,,,,,,,,,,,,,,,1,runner_code:np.unique(y),code_audit_false,partial_summary_dataset_adhoc; CSV/run_record identity retained,3-seed paired ablation,The underlying run_record/CSV has the real dataset; generated summary.json says dataset=adhoc and omits source metadata.
v9_advantage_ablation,V9,v9_full,v9_nomix,landsat,raw_related_advantage,ablation_runs.csv + run_record.json,3,123|42|7,4435,36,6,0.5379230057771865,0.0064331151059735655,0.6309316148023604,0.004885344381170262,0.7088312664411874,0.004010318398182422,,,,,0.005500697072558514,,,,,,,,,,,,,,,1,runner_code:np.unique(y),code_audit_false,partial_summary_dataset_adhoc; CSV/run_record identity retained,3-seed paired ablation,The underlying run_record/CSV has the real dataset; generated summary.json says dataset=adhoc and omits source metadata.
v9_advantage_ablation,V9,v9_nomix,v9_nomix,landsat,raw_related_advantage,ablation_runs.csv + run_record.json,3,123|42|7,4435,36,6,0.532422308704628,0.009932519147373378,0.6306824065243285,0.0010847483347966747,0.7053739195791056,0.005660978596813362,,,,,0.0,,,,,,,,,,,,,,,1,runner_code:np.unique(y),code_audit_false,partial_summary_dataset_adhoc; CSV/run_record identity retained,3-seed paired ablation,The underlying run_record/CSV has the real dataset; generated summary.json says dataset=adhoc and omits source metadata.
v9_advantage_ablation,V9,v9_random,v9_nomix,landsat,raw_related_advantage,ablation_runs.csv + run_record.json,3,123|42|7,4435,36,6,0.5392200542980489,0.0044936437174592165,0.6321418406434489,0.0036462724600040864,0.7095828635851184,0.0034046603992201837,,,,,0.006797745593420834,,,,,,,,,,,,,,,1,runner_code:np.unique(y),code_audit_false,partial_summary_dataset_adhoc; CSV/run_record identity retained,3-seed paired ablation,The underlying run_record/CSV has the real dataset; generated summary.json says dataset=adhoc and omits source metadata.
v9_advantage_ablation,V9,v9_static,v9_nomix,landsat,raw_related_advantage,ablation_runs.csv + run_record.json,3,123|42|7,4435,36,6,0.5355872224183192,0.003203738971013348,0.6333066026856576,0.006934391463344092,0.7079293498684706,0.0022585462910660425,,,,,0.0031649137136912087,,,,,,,,,,,,,,,1,runner_code:np.unique(y),code_audit_false,partial_summary_dataset_adhoc; CSV/run_record identity retained,3-seed paired ablation,The underlying run_record/CSV has the real dataset; generated summary.json says dataset=adhoc and omits source metadata.
v9_advantage_ablation,V9,v9_full,v9_nomix,spect_heart,raw_related_advantage,ablation_runs.csv + run_record.json,3,123|42|7,267,22,2,0.24806707310785492,0.025299503655242844,0.14931858245074148,0.00908791111900692,0.766541822721598,0.01688857585326925,,,,,-0.012542380308478207,,,,,,,,,,,,,,,1,runner_code:np.unique(y),code_audit_false,partial_summary_dataset_adhoc; CSV/run_record identity retained,3-seed paired ablation,The underlying run_record/CSV has the real dataset; generated summary.json says dataset=adhoc and omits source metadata.
v9_advantage_ablation,V9,v9_nomix,v9_nomix,spect_heart,raw_related_advantage,ablation_runs.csv + run_record.json,3,123|42|7,267,22,2,0.2606094534163331,0.016904965444689935,0.15729515559817417,0.01141325086657846,0.7727840199750312,0.008649442235050594,,,,,0.0,,,,,,,,,,,,,,,1,runner_code:np.unique(y),code_audit_false,partial_summary_dataset_adhoc; CSV/run_record identity retained,3-seed paired ablation,The underlying run_record/CSV has the real dataset; generated summary.json says dataset=adhoc and omits source metadata.
v9_advantage_ablation,V9,v9_random,v9_nomix,spect_heart,raw_related_advantage,ablation_runs.csv + run_record.json,3,123|42|7,267,22,2,0.217015126607934,0.04729316828509442,0.13854353550999754,0.011393240693361364,0.7478152309612983,0.03539936798691095,,,,,-0.043594326808399114,,,,,,,,,,,,,,,1,runner_code:np.unique(y),code_audit_false,partial_summary_dataset_adhoc; CSV/run_record identity retained,3-seed paired ablation,The underlying run_record/CSV has the real dataset; generated summary.json says dataset=adhoc and omits source metadata.
v9_advantage_ablation,V9,v9_static,v9_nomix,spect_heart,raw_related_advantage,ablation_runs.csv + run_record.json,3,123|42|7,267,22,2,0.24911311669707367,0.016387153968320585,0.13999463982501703,0.013474356651836604,0.7715355805243446,0.013503937361288382,,,,,-0.011496336719259453,,,,,,,,,,,,,,,1,runner_code:np.unique(y),code_audit_false,partial_summary_dataset_adhoc; CSV/run_record identity retained,3-seed paired ablation,The underlying run_record/CSV has the real dataset; generated summary.json says dataset=adhoc and omits source metadata.
v9_advantage_ablation,V9,v9_full,v9_nomix,vehicle,raw_related_advantage,ablation_runs.csv + run_record.json,3,123|42|7,846,18,4,0.07486536316044129,0.009930540057345835,0.11259096684181706,0.008038019009031156,0.3951930654058313,0.025932990814664016,,,,,-0.011436264001038643,,,,,,,,,,,,,,,1,runner_code:np.unique(y),code_audit_false,partial_summary_dataset_adhoc; CSV/run_record identity retained,3-seed paired ablation,The underlying run_record/CSV has the real dataset; generated summary.json says dataset=adhoc and omits source metadata.
v9_advantage_ablation,V9,v9_nomix,v9_nomix,vehicle,raw_related_advantage,ablation_runs.csv + run_record.json,3,123|42|7,846,18,4,0.08630162716147993,0.027375855391420335,0.12356728646637959,0.025877389631137206,0.4066193853427896,0.03606653972196777,,,,,0.0,,,,,,,,,,,,,,,1,runner_code:np.unique(y),code_audit_false,partial_summary_dataset_adhoc; CSV/run_record identity retained,3-seed paired ablation,The underlying run_record/CSV has the real dataset; generated summary.json says dataset=adhoc and omits source metadata.
v9_advantage_ablation,V9,v9_random,v9_nomix,vehicle,raw_related_advantage,ablation_runs.csv + run_record.json,3,123|42|7,846,18,4,0.07499630909667078,0.010049279533938447,0.11274633084645191,0.008180642498779199,0.3951930654058313,0.025932990814664016,,,,,-0.011305318064809153,,,,,,,,,,,,,,,1,runner_code:np.unique(y),code_audit_false,partial_summary_dataset_adhoc; CSV/run_record identity retained,3-seed paired ablation,The underlying run_record/CSV has the real dataset; generated summary.json says dataset=adhoc and omits source metadata.
v9_advantage_ablation,V9,v9_static,v9_nomix,vehicle,raw_related_advantage,ablation_runs.csv + run_record.json,3,123|42|7,846,18,4,0.08365803820732477,0.0031864932432678263,0.11960131460719131,0.002837112499222561,0.4141055949566588,0.004475105079432846,,,,,-0.00264358895415516,,,,,,,,,,,,,,,1,runner_code:np.unique(y),code_audit_false,partial_summary_dataset_adhoc; CSV/run_record identity retained,3-seed paired ablation,The underlying run_record/CSV has the real dataset; generated summary.json says dataset=adhoc and omits source metadata.
v9_advantage_ablation,V9,v9_full,v9_nomix,vertebral_column,raw_related_advantage,ablation_runs.csv + run_record.json,3,123|42|7,310,6,2,0.23399849286975907,0.007167774836397738,0.218225684777021,0.011011971400261245,0.7430107526881721,0.0037248404463846277,,,,,-0.017061309644922223,,,,,,,,,,,,,,,1,runner_code:np.unique(y),code_audit_false,partial_summary_dataset_adhoc; CSV/run_record identity retained,3-seed paired ablation,The underlying run_record/CSV has the real dataset; generated summary.json says dataset=adhoc and omits source metadata.
v9_advantage_ablation,V9,v9_nomix,v9_nomix,vertebral_column,raw_related_advantage,ablation_runs.csv + run_record.json,3,123|42|7,310,6,2,0.2510598025146813,0.013027648170815536,0.22443076939996956,0.01587107993583501,0.7516129032258064,0.006451612903225823,,,,,0.0,,,,,,,,,,,,,,,1,runner_code:np.unique(y),code_audit_false,partial_summary_dataset_adhoc; CSV/run_record identity retained,3-seed paired ablation,The underlying run_record/CSV has the real dataset; generated summary.json says dataset=adhoc and omits source metadata.
v9_advantage_ablation,V9,v9_random,v9_nomix,vertebral_column,raw_related_advantage,ablation_runs.csv + run_record.json,3,123|42|7,310,6,2,0.23399849286975907,0.007167774836397738,0.218225684777021,0.01101197140026124,0.7430107526881721,0.0037248404463846277,,,,,-0.017061309644922223,,,,,,,,,,,,,,,1,runner_code:np.unique(y),code_audit_false,partial_summary_dataset_adhoc; CSV/run_record identity retained,3-seed paired ablation,The underlying run_record/CSV has the real dataset; generated summary.json says dataset=adhoc and omits source metadata.
v9_advantage_ablation,V9,v9_static,v9_nomix,vertebral_column,raw_related_advantage,ablation_runs.csv + run_record.json,3,123|42|7,310,6,2,0.24245303611773675,0.007491496180857952,0.22120807311115934,0.014591388521736916,0.7473118279569891,0.003724840446384692,,,,,-0.008606766396944548,,,,,,,,,,,,,,,1,runner_code:np.unique(y),code_audit_false,partial_summary_dataset_adhoc; CSV/run_record identity retained,3-seed paired ablation,The underlying run_record/CSV has the real dataset; generated summary.json says dataset=adhoc and omits source metadata.
v12_advantage,V12,v12_full,v12_nomix,banknote_authentication,raw_related_advantage,runs.csv + per-run summary.json,3,123|42|7,1372,4,2,0.04114747940132802,0.010087359384471735,0.025685791812335268,0.006829702197287517,0.6027696793002916,0.012042792741879256,0.04114747940132802,0.010087359384471735,,,0.01923856243607206,0.01923856243607206,,,,,,,,,,,,,,1,runner_code:np.unique(y),code_audit_false,partial_summary_dataset_adhoc; CSV contains source hash,3-seed paired mechanism comparison,"V12 risk summary is available, but summary.json lacks source_path, K protocol, and explicit label flag."
v12_advantage,V12,v12_nomix,v12_nomix,banknote_authentication,raw_related_advantage,runs.csv + per-run summary.json,3,123|42|7,1372,4,2,0.02190891696525596,0.001919424463327923,0.015311218329533942,0.0027743295404141187,0.5753158406219631,0.00294566463872257,0.02190891696525596,0.001919424463327923,,,0.0,0.0,,,,,,,,,,,,,,1,runner_code:np.unique(y),code_audit_false,partial_summary_dataset_adhoc; CSV contains source hash,3-seed paired mechanism comparison,"V12 risk summary is available, but summary.json lacks source_path, K protocol, and explicit label flag."
v12_advantage,V12,v12_full,v12_nomix,glass_identification,raw_related_advantage,runs.csv + per-run summary.json,3,123|42|7,214,9,6,0.25680588622457184,0.00894652918550136,0.4129583639586592,0.027529046949249722,0.5389408099688473,0.026571218238679077,0.25680588622457184,0.00894652918550136,,,0.005115903130906041,0.005115903130906041,,,,,,,,,,,,,,1,runner_code:np.unique(y),code_audit_false,partial_summary_dataset_adhoc; CSV contains source hash,3-seed paired mechanism comparison,"V12 risk summary is available, but summary.json lacks source_path, K protocol, and explicit label flag."
v12_advantage,V12,v12_nomix,v12_nomix,glass_identification,raw_related_advantage,runs.csv + per-run summary.json,3,123|42|7,214,9,6,0.2516899830936658,0.012212910616088923,0.4060855414911631,0.03197247852153299,0.5280373831775701,0.01684837044609338,0.2516899830936658,0.012212910616088923,,,0.0,0.0,,,,,,,,,,,,,,1,runner_code:np.unique(y),code_audit_false,partial_summary_dataset_adhoc; CSV contains source hash,3-seed paired mechanism comparison,"V12 risk summary is available, but summary.json lacks source_path, K protocol, and explicit label flag."
v12_advantage,V12,v12_full,v12_nomix,image_segmentation,raw_related_advantage,runs.csv + per-run summary.json,3,123|42|7,210,19,7,0.24615633033869952,0.03749273303199489,0.3759116003444353,0.026679128210445695,0.4777777777777778,0.027492869961410718,0.24615633033869952,0.03749273303199489,,,-0.00455477186715178,-0.00455477186715178,,,,,,,,,,,,,,1,runner_code:np.unique(y),code_audit_false,partial_summary_dataset_adhoc; CSV contains source hash,3-seed paired mechanism comparison,"V12 risk summary is available, but summary.json lacks source_path, K protocol, and explicit label flag."
v12_advantage,V12,v12_nomix,v12_nomix,image_segmentation,raw_related_advantage,runs.csv + per-run summary.json,3,123|42|7,210,19,7,0.2507111022058513,0.009301410111693597,0.36718822672661394,0.014673738493717886,0.48888888888888893,0.005498573992282162,0.2507111022058513,0.009301410111693597,,,0.0,0.0,,,,,,,,,,,,,,1,runner_code:np.unique(y),code_audit_false,partial_summary_dataset_adhoc; CSV contains source hash,3-seed paired mechanism comparison,"V12 risk summary is available, but summary.json lacks source_path, K protocol, and explicit label flag."
v12_advantage,V12,v12_full,v12_nomix,ionosphere,raw_related_advantage,runs.csv + per-run summary.json,3,123|42|7,351,34,2,0.17098066776858226,0.014147475325510275,0.124584283628376,0.013992824872208808,0.7084520417853751,0.008224362808969021,0.17098066776858226,0.014147475325510275,,,-0.007887719693271456,-0.007887719693271456,,,,,,,,,,,,,,1,runner_code:np.unique(y),code_audit_false,partial_summary_dataset_adhoc; CSV contains source hash,3-seed paired mechanism comparison,"V12 risk summary is available, but summary.json lacks source_path, K protocol, and explicit label flag."
v12_advantage,V12,v12_nomix,v12_nomix,ionosphere,raw_related_advantage,runs.csv + per-run summary.json,3,123|42|7,351,34,2,0.1788683874618537,0.0025323296470541245,0.1310623421059526,0.001526616854346515,0.7132003798670464,0.0016448725617938425,0.1788683874618537,0.0025323296470541245,,,0.0,0.0,,,,,,,,,,,,,,1,runner_code:np.unique(y),code_audit_false,partial_summary_dataset_adhoc; CSV contains source hash,3-seed paired mechanism comparison,"V12 risk summary is available, but summary.json lacks source_path, K protocol, and explicit label flag."
v12_advantage,V12,v12_full,v12_nomix,rice_dataset_cammeo_and_osmancik,raw_related_advantage,runs.csv + per-run summary.json,3,123|42|7,3810,7,2,0.2702621630819356,0.010134594199468624,0.253161320194806,0.004802277698853939,0.7601924759405074,0.004842027682247338,0.2702621630819356,0.010134594199468624,,,-0.03969049074408959,-0.03969049074408959,,,,,,,,,,,,,,1,runner_code:np.unique(y),code_audit_false,partial_summary_dataset_adhoc; CSV contains source hash,3-seed paired mechanism comparison,"V12 risk summary is available, but summary.json lacks source_path, K protocol, and explicit label flag."
v12_advantage,V12,v12_nomix,v12_nomix,rice_dataset_cammeo_and_osmancik,raw_related_advantage,runs.csv + per-run summary.json,3,123|42|7,3810,7,2,0.3099526538260252,0.03884109162426322,0.263425917920165,0.01893527476339579,0.7781277340332459,0.017693351864004565,0.3099526538260252,0.03884109162426322,,,0.0,0.0,,,,,,,,,,,,,,1,runner_code:np.unique(y),code_audit_false,partial_summary_dataset_adhoc; CSV contains source hash,3-seed paired mechanism comparison,"V12 risk summary is available, but summary.json lacks source_path, K protocol, and explicit label flag."
v12_advantage,V12,v12_full,v12_nomix,satellite_image,raw_related_advantage,runs.csv + per-run summary.json,3,123|42|7,6435,36,6,0.5296278353807805,0.007248378072737894,0.6337548763131785,0.002023106175081668,0.7030821030821031,0.004845728036336434,0.5296278353807805,0.007248378072737894,,,-0.003212097308917361,-0.003212097308917361,,,,,,,,,,,,,,1,runner_code:np.unique(y),code_audit_false,partial_summary_dataset_adhoc; CSV contains source hash,3-seed paired mechanism comparison,"V12 risk summary is available, but summary.json lacks source_path, K protocol, and explicit label flag."
v12_advantage,V12,v12_nomix,v12_nomix,satellite_image,raw_related_advantage,runs.csv + per-run summary.json,3,123|42|7,6435,36,6,0.5328399326896979,0.004016636328405101,0.6360179184576568,0.00043903822101449527,0.7081585081585082,0.002500928817316392,0.5328399326896979,0.004016636328405101,,,0.0,0.0,,,,,,,,,,,,,,1,runner_code:np.unique(y),code_audit_false,partial_summary_dataset_adhoc; CSV contains source hash,3-seed paired mechanism comparison,"V12 risk summary is available, but summary.json lacks source_path, K protocol, and explicit label flag."
v12_advantage,V12,v12_full,v12_nomix,seeds,raw_related_advantage,runs.csv + per-run summary.json,3,123|42|7,210,7,3,0.37403737738351445,0.022348642630971333,0.43822640957439357,0.016300343622592254,0.6984126984126985,0.00991269523555304,0.37403737738351445,0.022348642630971333,,,-0.0098129871318835,-0.0098129871318835,,,,,,,,,,,,,,1,runner_code:np.unique(y),code_audit_false,partial_summary_dataset_adhoc; CSV contains source hash,3-seed paired mechanism comparison,"V12 risk summary is available, but summary.json lacks source_path, K protocol, and explicit label flag."
v12_advantage,V12,v12_nomix,v12_nomix,seeds,raw_related_advantage,runs.csv + per-run summary.json,3,123|42|7,210,7,3,0.38385036451539795,0.017656310226975874,0.44453869179796035,0.013213955441385383,0.707936507936508,0.00549857399228213,0.38385036451539795,0.017656310226975874,,,0.0,0.0,,,,,,,,,,,,,,1,runner_code:np.unique(y),code_audit_false,partial_summary_dataset_adhoc; CSV contains source hash,3-seed paired mechanism comparison,"V12 risk summary is available, but summary.json lacks source_path, K protocol, and explicit label flag."
v12_advantage,V12,v12_full,v12_nomix,spectf_heart,raw_related_advantage,runs.csv + per-run summary.json,3,123|42|7,80,44,2,0.07955706231752688,0.01720616801889342,0.1870178556536655,0.04322266264086163,0.6458333333333334,0.014433756729740658,0.07955706231752688,0.01720616801889342,,,0.033308159747957006,0.033308159747957006,,,,,,,,,,,,,,1,runner_code:np.unique(y),code_audit_false,partial_summary_dataset_adhoc; CSV contains source hash,3-seed paired mechanism comparison,"V12 risk summary is available, but summary.json lacks source_path, K protocol, and explicit label flag."
v12_advantage,V12,v12_nomix,v12_nomix,spectf_heart,raw_related_advantage,runs.csv + per-run summary.json,3,123|42|7,80,44,2,0.04624890256956987,0.033797684472136075,0.15732820371313866,0.04856705039678249,0.6083333333333333,0.0381881307912987,0.04624890256956987,0.033797684472136075,,,0.0,0.0,,,,,,,,,,,,,,1,runner_code:np.unique(y),code_audit_false,partial_summary_dataset_adhoc; CSV contains source hash,3-seed paired mechanism comparison,"V12 risk summary is available, but summary.json lacks source_path, K protocol, and explicit label flag."
v12_advantage,V12,v12_full,v12_nomix,statlog_image_segmentation,raw_related_advantage,runs.csv + per-run summary.json,3,123|42|7,2310,19,7,0.42297940014301494,0.014217936486781803,0.548904546292634,0.007115050402875016,0.5906204906204906,0.008938459258844808,0.42297940014301494,0.014217936486781803,,,0.013466217135254699,0.013466217135254699,,,,,,,,,,,,,,1,runner_code:np.unique(y),code_audit_false,partial_summary_dataset_adhoc; CSV contains source hash,3-seed paired mechanism comparison,"V12 risk summary is available, but summary.json lacks source_path, K protocol, and explicit label flag."
v12_advantage,V12,v12_nomix,v12_nomix,statlog_image_segmentation,raw_related_advantage,runs.csv + per-run summary.json,3,123|42|7,2310,19,7,0.40951318300776024,0.015970706634573933,0.5305674887142983,0.008638669125666255,0.5848484848484848,0.015769701818257133,0.40951318300776024,0.015970706634573933,,,0.0,0.0,,,,,,,,,,,,,,1,runner_code:np.unique(y),code_audit_false,partial_summary_dataset_adhoc; CSV contains source hash,3-seed paired mechanism comparison,"V12 risk summary is available, but summary.json lacks source_path, K protocol, and explicit label flag."
v12_advantage,V12,v12_full,v12_nomix,vehicle,raw_related_advantage,runs.csv + per-run summary.json,3,123|42|7,846,18,4,0.07428202128353424,0.0099125480528736,0.1120791614668854,0.007904515338386063,0.39322301024428685,0.029440297625252368,0.07428202128353424,0.0099125480528736,,,-0.0038335962925337003,-0.0038335962925337003,,,,,,,,,,,,,,1,runner_code:np.unique(y),code_audit_false,partial_summary_dataset_adhoc; CSV contains source hash,3-seed paired mechanism comparison,"V12 risk summary is available, but summary.json lacks source_path, K protocol, and explicit label flag."
v12_advantage,V12,v12_nomix,v12_nomix,vehicle,raw_related_advantage,runs.csv + per-run summary.json,3,123|42|7,846,18,4,0.07811561757606794,0.013979023754161664,0.11580354397529596,0.012492198335552,0.39913317572892043,0.03418372139754762,0.07811561757606794,0.013979023754161664,,,0.0,0.0,,,,,,,,,,,,,,1,runner_code:np.unique(y),code_audit_false,partial_summary_dataset_adhoc; CSV contains source hash,3-seed paired mechanism comparison,"V12 risk summary is available, but summary.json lacks source_path, K protocol, and explicit label flag."
v12_advantage,V12,v12_full,v12_nomix,vertebral_column,raw_related_advantage,runs.csv + per-run summary.json,3,123|42|7,310,6,2,0.24078184861789395,0.02952707123030271,0.2222683442372174,0.0127147474036533,0.7462365591397849,0.015244566536298744,0.24078184861789395,0.02952707123030271,,,-0.0037586247880026513,-0.0037586247880026513,,,,,,,,,,,,,,1,runner_code:np.unique(y),code_audit_false,partial_summary_dataset_adhoc; CSV contains source hash,3-seed paired mechanism comparison,"V12 risk summary is available, but summary.json lacks source_path, K protocol, and explicit label flag."
v12_advantage,V12,v12_nomix,v12_nomix,vertebral_column,raw_related_advantage,runs.csv + per-run summary.json,3,123|42|7,310,6,2,0.2445404734058966,0.00017931734663659445,0.2243809958042068,0.012503097217553537,0.7483870967741936,0.0,0.2445404734058966,0.00017931734663659445,,,0.0,0.0,,,,,,,,,,,,,,1,runner_code:np.unique(y),code_audit_false,partial_summary_dataset_adhoc; CSV contains source hash,3-seed paired mechanism comparison,"V12 risk summary is available, but summary.json lacks source_path, K protocol, and explicit label flag."
v12_advantage,V12,v12_full,v12_nomix,wine,raw_related_advantage,runs.csv + per-run summary.json,3,123|42|7,178,13,3,0.3681304631118421,0.05006162019669226,0.4099229211040704,0.06570795134354628,0.7247191011235955,0.03127957507207874,0.3681304631118421,0.05006162019669226,,,-0.013303813783448193,-0.013303813783448193,,,,,,,,,,,,,,1,runner_code:np.unique(y),code_audit_false,partial_summary_dataset_adhoc; CSV contains source hash,3-seed paired mechanism comparison,"V12 risk summary is available, but summary.json lacks source_path, K protocol, and explicit label flag."
v12_advantage,V12,v12_nomix,v12_nomix,wine,raw_related_advantage,runs.csv + per-run summary.json,3,123|42|7,178,13,3,0.3814342768952903,0.013816688593850388,0.4211895560837145,0.03773816557258148,0.7265917602996255,0.017163204850021915,0.3814342768952903,0.013816688593850388,,,0.0,0.0,,,,,,,,,,,,,,1,runner_code:np.unique(y),code_audit_false,partial_summary_dataset_adhoc; CSV contains source hash,3-seed paired mechanism comparison,"V12 risk summary is available, but summary.json lacks source_path, K protocol, and explicit label flag."
v11_minimum_5x3,V11,V11_full,V11_nomix,Mouse_retina,extended_5_dataset_multiseed,gpu*/comparison.csv + per-run summary.json,3,123|42|7,8352,6198,5,0.749517689383195,0.03818566566202835,0.6832040699053245,0.016507388904002614,0.8769955300127714,0.016181669080280632,0.749517689383195,0.03818566566202835,0.7483973420420517,0.05597610997438014,0.0006088646954117705,0.0006088646954117705,-0.03566937335324405,,,,,,,,,,,,,1,benchmark_oracle_from_y,code_audit_false; field absent,source_hash_and_k_protocol_present; explicit label flag absent,5-dataset x 3-seed paired candidate,Candidate minimum combiner; not a universal V11 claim and not the same data manifest as V14.
v11_minimum_5x3,V11,V11_nomix,V11_nomix,Mouse_retina,extended_5_dataset_multiseed,gpu*/comparison.csv + per-run summary.json,3,123|42|7,8352,6198,5,0.7489088246877832,0.01823211778814244,0.6793425895264144,0.01497313992439067,0.8811861430395913,0.0049574363758597825,0.7489088246877832,0.01823211778814244,0.7840667153952957,0.07771910556135457,0.0,0.0,0.0,,,,,,,,,,,,,1,benchmark_oracle_from_y,code_audit_false; field absent,source_hash_and_k_protocol_present; explicit label flag absent,5-dataset x 3-seed paired candidate,Candidate minimum combiner; not a universal V11 claim and not the same data manifest as V14.
v11_minimum_5x3,V11,V11_full,V11_nomix,breast_cancer_wisconsin_original,extended_5_dataset_multiseed,gpu*/comparison.csv + per-run summary.json,3,123|42|7,683,9,2,0.8947030595481485,0.0032229092796878366,0.8200623774307095,0.005192856045100571,0.9731576378721328,0.0008453151818296292,0.8947030595481485,0.0032229092796878366,0.8965834941896871,0.005604488062870554,-4.546022877471856e-06,-4.546022877471856e-06,0.005591484046462036,,,,,,,,,,,,,1,benchmark_oracle_from_y,code_audit_false; field absent,source_hash_and_k_protocol_present; explicit label flag absent,5-dataset x 3-seed paired candidate,Candidate minimum combiner; not a universal V11 claim and not the same data manifest as V14.
v11_minimum_5x3,V11,V11_nomix,V11_nomix,breast_cancer_wisconsin_original,extended_5_dataset_multiseed,gpu*/comparison.csv + per-run summary.json,3,123|42|7,683,9,2,0.894707605571026,0.011626901652020705,0.8182175154779757,0.015738148673994853,0.9731576378721328,0.0030478272320148313,0.894707605571026,0.011626901652020705,0.890992010143225,0.014769385674202426,0.0,0.0,0.0,,,,,,,,,,,,,1,benchmark_oracle_from_y,code_audit_false; field absent,source_hash_and_k_protocol_present; explicit label flag absent,5-dataset x 3-seed paired candidate,Candidate minimum combiner; not a universal V11 claim and not the same data manifest as V14.
v11_minimum_5x3,V11,V11_full,V11_nomix,enron,extended_5_dataset_multiseed,gpu*/comparison.csv + per-run summary.json,3,123|42|7,9999,4096,2,0.7743900035218377,0.07051224202279754,0.717206446421422,0.07394139258292161,0.9396939693969397,0.02021018768474785,0.7743900035218377,0.07051224202279754,0.8091654687225208,0.08043905708691573,-0.007787270756682618,-0.007787270756682618,0.00024632773671640074,,,,,,,,,,,,,1,benchmark_oracle_from_y,code_audit_false; field absent,source_hash_and_k_protocol_present; explicit label flag absent,5-dataset x 3-seed paired candidate,Candidate minimum combiner; not a universal V11 claim and not the same data manifest as V14.
v11_minimum_5x3,V11,V11_nomix,V11_nomix,enron,extended_5_dataset_multiseed,gpu*/comparison.csv + per-run summary.json,3,123|42|7,9999,4096,2,0.7821772742785204,0.05447245176462793,0.7227803158406907,0.04930523093055987,0.942027536086942,0.015558333563122001,0.7821772742785204,0.05447245176462793,0.8089191409858044,0.059909093787750944,0.0,0.0,0.0,,,,,,,,,,,,,1,benchmark_oracle_from_y,code_audit_false; field absent,source_hash_and_k_protocol_present; explicit label flag absent,5-dataset x 3-seed paired candidate,Candidate minimum combiner; not a universal V11 claim and not the same data manifest as V14.
v11_minimum_5x3,V11,V11_full,V11_nomix,har,extended_5_dataset_multiseed,gpu*/comparison.csv + per-run summary.json,3,123|42|7,735,561,6,0.3815046607896364,0.004759852871475416,0.5741406380867763,0.005750899766669258,0.4884353741496599,0.006802721088435382,0.3815046607896364,0.004759852871475416,0.37954341966422184,0.0030262308077439026,0.00011204024455424566,0.00011204024455424566,0.0020370336358438434,,,,,,,,,,,,,1,benchmark_oracle_from_y,code_audit_false; field absent,source_hash_and_k_protocol_present; explicit label flag absent,5-dataset x 3-seed paired candidate,Candidate minimum combiner; not a universal V11 claim and not the same data manifest as V14.
v11_minimum_5x3,V11,V11_nomix,V11_nomix,har,extended_5_dataset_multiseed,gpu*/comparison.csv + per-run summary.json,3,123|42|7,735,561,6,0.38139262054508216,0.004598138033099677,0.5719335174819689,0.006163655859926602,0.48707482993197276,0.0062347968638854865,0.38139262054508216,0.004598138033099677,0.377506386028378,0.001526938544434173,0.0,0.0,0.0,,,,,,,,,,,,,1,benchmark_oracle_from_y,code_audit_false; field absent,source_hash_and_k_protocol_present; explicit label flag absent,5-dataset x 3-seed paired candidate,Candidate minimum combiner; not a universal V11 claim and not the same data manifest as V14.
v11_minimum_5x3,V11,V11_full,V11_nomix,spambase,extended_5_dataset_multiseed,gpu*/comparison.csv + per-run summary.json,3,123|42|7,4601,57,2,0.4678475454232684,0.06071527542719252,0.36272138466482423,0.064224808741178,0.8424255596609432,0.021861182093561585,0.4678475454232684,0.06071527542719252,0.4815620031575341,0.06764240149603584,0.004696631405787854,0.004696631405787854,0.06499279430868876,,,,,,,,,,,,,1,benchmark_oracle_from_y,code_audit_false; field absent,source_hash_and_k_protocol_present; explicit label flag absent,5-dataset x 3-seed paired candidate,Candidate minimum combiner; not a universal V11 claim and not the same data manifest as V14.
v11_minimum_5x3,V11,V11_nomix,V11_nomix,spambase,extended_5_dataset_multiseed,gpu*/comparison.csv + per-run summary.json,3,123|42|7,4601,57,2,0.46315091401748054,0.0559350901627675,0.3587461610196536,0.05954578089687774,0.840831703252916,0.02026007251873754,0.46315091401748054,0.0559350901627675,0.41656920884884535,0.04525931221596914,0.0,0.0,0.0,,,,,,,,,,,,,1,benchmark_oracle_from_y,code_audit_false; field absent,source_hash_and_k_protocol_present; explicit label flag absent,5-dataset x 3-seed paired candidate,Candidate minimum combiner; not a universal V11 claim and not the same data manifest as V14.
static_gate_legacy_table,StaticGate,static_gate_constant_gate,static_gate_nomix,Campbell,historical_merged_summary,ablation/merged_summary.csv,1,42,9993,26774,14,0.05659299559098457,0.0,0.4478251281304356,0.0,0.3615530871610127,0.0,,,,,0.000877263051396647,,,,,,,,,,,,,,,0,table_only,,metrics_table_without_source_hash_or_label_flag,multi-seed legacy ablation table,Useful for mechanism direction only; do not merge with V9 paper-preprocess rows.
static_gate_legacy_table,StaticGate,static_gate_edge_only,static_gate_nomix,Campbell,historical_merged_summary,ablation/merged_summary.csv,1,42,9993,26774,14,0.04502597533897405,0.0,0.23187561577680182,0.0,0.24437105974181927,0.0,,,,,-0.010689757200613867,,,,,,,,,,,,,,,0,table_only,,metrics_table_without_source_hash_or_label_flag,multi-seed legacy ablation table,Useful for mechanism direction only; do not merge with V9 paper-preprocess rows.
static_gate_legacy_table,StaticGate,static_gate_far_neighbors,static_gate_nomix,Campbell,historical_merged_summary,ablation/merged_summary.csv,1,42,9993,26774,14,0.045994390833936874,0.0,0.21557726205625918,0.0,0.24056839787851497,0.0,,,,,-0.009721341705651046,,,,,,,,,,,,,,,0,table_only,,metrics_table_without_source_hash_or_label_flag,multi-seed legacy ablation table,Useful for mechanism direction only; do not merge with V9 paper-preprocess rows.
static_gate_legacy_table,StaticGate,static_gate_full,static_gate_nomix,Campbell,historical_merged_summary,ablation/merged_summary.csv,1,42,9993,26774,14,0.08618128807034943,0.0,0.43373883257062756,0.0,0.41679175422795955,0.0,,,,,0.03046555553076151,,,,,,,,,,,,,,,0,table_only,,metrics_table_without_source_hash_or_label_flag,multi-seed legacy ablation table,Useful for mechanism direction only; do not merge with V9 paper-preprocess rows.
static_gate_legacy_table,StaticGate,static_gate_gate_only,static_gate_nomix,Campbell,historical_merged_summary,ablation/merged_summary.csv,1,42,9993,26774,14,0.04680310268335154,0.0,0.2332900709631895,0.0,0.23646552586810768,0.0,,,,,-0.008912629856236379,,,,,,,,,,,,,,,0,table_only,,metrics_table_without_source_hash_or_label_flag,multi-seed legacy ablation table,Useful for mechanism direction only; do not merge with V9 paper-preprocess rows.
static_gate_legacy_table,StaticGate,static_gate_no_topology_features,static_gate_nomix,Campbell,historical_merged_summary,ablation/merged_summary.csv,1,42,9993,26774,14,0.07103885643349436,0.0,0.2144558474637383,0.0,0.2879015310717502,0.0,,,,,0.015323123893906443,,,,,,,,,,,,,,,0,table_only,,metrics_table_without_source_hash_or_label_flag,multi-seed legacy ablation table,Useful for mechanism direction only; do not merge with V9 paper-preprocess rows.
static_gate_legacy_table,StaticGate,static_gate_nomix,static_gate_nomix,Campbell,historical_merged_summary,ablation/merged_summary.csv,1,42,9993,26774,14,0.05571573253958792,0.0,0.3873865625949689,0.0,0.3787651355949164,0.0,,,,,0.0,,,,,,,,,,,,,,,0,table_only,,metrics_table_without_source_hash_or_label_flag,multi-seed legacy ablation table,Useful for mechanism direction only; do not merge with V9 paper-preprocess rows.
static_gate_legacy_table,StaticGate,static_gate_random_neighbors,static_gate_nomix,Campbell,historical_merged_summary,ablation/merged_summary.csv,1,42,9993,26774,14,0.05186013026534371,0.0,0.4032387667504413,0.0,0.38476933853697587,0.0,,,,,-0.0038556022742442103,,,,,,,,,,,,,,,0,table_only,,metrics_table_without_source_hash_or_label_flag,multi-seed legacy ablation table,Useful for mechanism direction only; do not merge with V9 paper-preprocess rows.
static_gate_legacy_table,StaticGate,static_gate_constant_gate,static_gate_nomix,ISOLET,historical_merged_summary,ablation/merged_summary.csv,1,42,7797,617,26,0.5007509722302896,0.0,0.7373097503959702,0.0,0.5697062972938309,0.0,,,,,-0.046491737186588056,,,,,,,,,,,,,,,0,table_only,,metrics_table_without_source_hash_or_label_flag,multi-seed legacy ablation table,Useful for mechanism direction only; do not merge with V9 paper-preprocess rows.
static_gate_legacy_table,StaticGate,static_gate_edge_only,static_gate_nomix,ISOLET,historical_merged_summary,ablation/merged_summary.csv,1,42,7797,617,26,0.5321878407723066,0.0,0.7430876048733713,0.0,0.5685520071822496,0.0,,,,,-0.015054868644571062,,,,,,,,,,,,,,,0,table_only,,metrics_table_without_source_hash_or_label_flag,multi-seed legacy ablation table,Useful for mechanism direction only; do not merge with V9 paper-preprocess rows.
static_gate_legacy_table,StaticGate,static_gate_far_neighbors,static_gate_nomix,ISOLET,historical_merged_summary,ablation/merged_summary.csv,1,42,7797,617,26,0.47217018275191736,0.0,0.7229812083558342,0.0,0.5417468257021931,0.0,,,,,-0.07507252666496034,,,,,,,,,,,,,,,0,table_only,,metrics_table_without_source_hash_or_label_flag,multi-seed legacy ablation table,Useful for mechanism direction only; do not merge with V9 paper-preprocess rows.
static_gate_legacy_table,StaticGate,static_gate_full,static_gate_nomix,ISOLET,historical_merged_summary,ablation/merged_summary.csv,1,42,7797,617,26,0.4696532541760504,0.0,0.7241706749522016,0.0,0.5327690137232269,0.0,,,,,-0.07758945524082728,,,,,,,,,,,,,,,0,table_only,,metrics_table_without_source_hash_or_label_flag,multi-seed legacy ablation table,Useful for mechanism direction only; do not merge with V9 paper-preprocess rows.
static_gate_legacy_table,StaticGate,static_gate_gate_only,static_gate_nomix,ISOLET,historical_merged_summary,ablation/merged_summary.csv,1,42,7797,617,26,0.48459134341459903,0.0,0.7238042923886345,0.0,0.5784276003591124,0.0,,,,,-0.06265136600227866,,,,,,,,,,,,,,,0,table_only,,metrics_table_without_source_hash_or_label_flag,multi-seed legacy ablation table,Useful for mechanism direction only; do not merge with V9 paper-preprocess rows.
static_gate_legacy_table,StaticGate,static_gate_no_topology_features,static_gate_nomix,ISOLET,historical_merged_summary,ablation/merged_summary.csv,1,42,7797,617,26,0.49090713490727467,0.0,0.7269366759261228,0.0,0.5748364755675259,0.0,,,,,-0.056335574509603026,,,,,,,,,,,,,,,0,table_only,,metrics_table_without_source_hash_or_label_flag,multi-seed legacy ablation table,Useful for mechanism direction only; do not merge with V9 paper-preprocess rows.
static_gate_legacy_table,StaticGate,static_gate_nomix,static_gate_nomix,ISOLET,historical_merged_summary,ablation/merged_summary.csv,1,42,7797,617,26,0.5472427094168777,0.0,0.7588768255243593,0.0,0.6362703603950237,0.0,,,,,0.0,,,,,,,,,,,,,,,0,table_only,,metrics_table_without_source_hash_or_label_flag,multi-seed legacy ablation table,Useful for mechanism direction only; do not merge with V9 paper-preprocess rows.
static_gate_legacy_table,StaticGate,static_gate_random_neighbors,static_gate_nomix,ISOLET,historical_merged_summary,ablation/merged_summary.csv,1,42,7797,617,26,0.5089446873103084,0.0,0.7362919238179852,0.0,0.5585481595485443,0.0,,,,,-0.038298022106569296,,,,,,,,,,,,,,,0,table_only,,metrics_table_without_source_hash_or_label_flag,multi-seed legacy ablation table,Useful for mechanism direction only; do not merge with V9 paper-preprocess rows.
static_gate_legacy_table,StaticGate,static_gate_constant_gate,static_gate_nomix,Mouse_retina,historical_merged_summary,ablation/merged_summary.csv,1,42,8352,6198,5,0.9415531662597286,0.0,0.9023735912582832,0.0,0.9843151340996169,0.0,,,,,-0.004091566423285453,,,,,,,,,,,,,,,0,table_only,,metrics_table_without_source_hash_or_label_flag,multi-seed legacy ablation table,Useful for mechanism direction only; do not merge with V9 paper-preprocess rows.
static_gate_legacy_table,StaticGate,static_gate_edge_only,static_gate_nomix,Mouse_retina,historical_merged_summary,ablation/merged_summary.csv,1,42,8352,6198,5,0.9403355653584983,0.0,0.9027653189122019,0.0,0.9840756704980843,0.0,,,,,-0.005309167324515807,,,,,,,,,,,,,,,0,table_only,,metrics_table_without_source_hash_or_label_flag,multi-seed legacy ablation table,Useful for mechanism direction only; do not merge with V9 paper-preprocess rows.
static_gate_legacy_table,StaticGate,static_gate_far_neighbors,static_gate_nomix,Mouse_retina,historical_merged_summary,ablation/merged_summary.csv,1,42,8352,6198,5,0.8467738834196568,0.0,0.7819730978617766,0.0,0.9499521072796935,0.0,,,,,-0.09887084926335732,,,,,,,,,,,,,,,0,table_only,,metrics_table_without_source_hash_or_label_flag,multi-seed legacy ablation table,Useful for mechanism direction only; do not merge with V9 paper-preprocess rows.
static_gate_legacy_table,StaticGate,static_gate_full,static_gate_nomix,Mouse_retina,historical_merged_summary,ablation/merged_summary.csv,1,42,8352,6198,5,0.94162495445075,0.0,0.9021517176772497,0.0,0.9843151340996169,0.0,,,,,-0.004019778232264071,,,,,,,,,,,,,,,0,table_only,,metrics_table_without_source_hash_or_label_flag,multi-seed legacy ablation table,Useful for mechanism direction only; do not merge with V9 paper-preprocess rows.
static_gate_legacy_table,StaticGate,static_gate_gate_only,static_gate_nomix,Mouse_retina,historical_merged_summary,ablation/merged_summary.csv,1,42,8352,6198,5,0.9383612816847255,0.0,0.8960693296978546,0.0,0.9834770114942529,0.0,,,,,-0.007283450998288532,,,,,,,,,,,,,,,0,table_only,,metrics_table_without_source_hash_or_label_flag,multi-seed legacy ablation table,Useful for mechanism direction only; do not merge with V9 paper-preprocess rows.
static_gate_legacy_table,StaticGate,static_gate_no_topology_features,static_gate_nomix,Mouse_retina,historical_merged_summary,ablation/merged_summary.csv,1,42,8352,6198,5,0.9410587609605096,0.0,0.9021809402920127,0.0,0.9841954022988506,0.0,,,,,-0.004585971722504523,,,,,,,,,,,,,,,0,table_only,,metrics_table_without_source_hash_or_label_flag,multi-seed legacy ablation table,Useful for mechanism direction only; do not merge with V9 paper-preprocess rows.
static_gate_legacy_table,StaticGate,static_gate_nomix,static_gate_nomix,Mouse_retina,historical_merged_summary,ablation/merged_summary.csv,1,42,8352,6198,5,0.9456447326830141,0.0,0.9021776981653293,0.0,0.9851532567049809,0.0,,,,,0.0,,,,,,,,,,,,,,,0,table_only,,metrics_table_without_source_hash_or_label_flag,multi-seed legacy ablation table,Useful for mechanism direction only; do not merge with V9 paper-preprocess rows.
static_gate_legacy_table,StaticGate,static_gate_random_neighbors,static_gate_nomix,Mouse_retina,historical_merged_summary,ablation/merged_summary.csv,1,42,8352,6198,5,0.9310145128313416,0.0,0.8827019338288249,0.0,0.9813218390804598,0.0,,,,,-0.014630219851672455,,,,,,,,,,,,,,,0,table_only,,metrics_table_without_source_hash_or_label_flag,multi-seed legacy ablation table,Useful for mechanism direction only; do not merge with V9 paper-preprocess rows.
static_gate_legacy_table,StaticGate,static_gate_constant_gate,static_gate_nomix,Quake_Smart-seq2_Lung,historical_merged_summary,ablation/merged_summary.csv,1,42,1676,23341,11,0.1494073354325667,0.0,0.39788798659648433,0.0,0.3317422434367542,0.0,,,,,-0.04036267016176198,,,,,,,,,,,,,,,0,table_only,,metrics_table_without_source_hash_or_label_flag,multi-seed legacy ablation table,Useful for mechanism direction only; do not merge with V9 paper-preprocess rows.
static_gate_legacy_table,StaticGate,static_gate_edge_only,static_gate_nomix,Quake_Smart-seq2_Lung,historical_merged_summary,ablation/merged_summary.csv,1,42,1676,23341,11,0.14472883812236412,0.0,0.37055143545111396,0.0,0.3884248210023866,0.0,,,,,-0.04504116747196457,,,,,,,,,,,,,,,0,table_only,,metrics_table_without_source_hash_or_label_flag,multi-seed legacy ablation table,Useful for mechanism direction only; do not merge with V9 paper-preprocess rows.
static_gate_legacy_table,StaticGate,static_gate_far_neighbors,static_gate_nomix,Quake_Smart-seq2_Lung,historical_merged_summary,ablation/merged_summary.csv,1,42,1676,23341,11,0.1274752950631615,0.0,0.39294519734118216,0.0,0.36097852028639615,0.0,,,,,-0.0622947105311672,,,,,,,,,,,,,,,0,table_only,,metrics_table_without_source_hash_or_label_flag,multi-seed legacy ablation table,Useful for mechanism direction only; do not merge with V9 paper-preprocess rows.
static_gate_legacy_table,StaticGate,static_gate_full,static_gate_nomix,Quake_Smart-seq2_Lung,historical_merged_summary,ablation/merged_summary.csv,1,42,1676,23341,11,0.1463858199220555,0.0,0.3920027920630419,0.0,0.3305489260143198,0.0,,,,,-0.0433841856722732,,,,,,,,,,,,,,,0,table_only,,metrics_table_without_source_hash_or_label_flag,multi-seed legacy ablation table,Useful for mechanism direction only; do not merge with V9 paper-preprocess rows.
static_gate_legacy_table,StaticGate,static_gate_gate_only,static_gate_nomix,Quake_Smart-seq2_Lung,historical_merged_summary,ablation/merged_summary.csv,1,42,1676,23341,11,0.1505694192230683,0.0,0.3638029203293782,0.0,0.36515513126491644,0.0,,,,,-0.03920058637126039,,,,,,,,,,,,,,,0,table_only,,metrics_table_without_source_hash_or_label_flag,multi-seed legacy ablation table,Useful for mechanism direction only; do not merge with V9 paper-preprocess rows.
static_gate_legacy_table,StaticGate,static_gate_no_topology_features,static_gate_nomix,Quake_Smart-seq2_Lung,historical_merged_summary,ablation/merged_summary.csv,1,42,1676,23341,11,0.16268537400642413,0.0,0.39374739450125834,0.0,0.37708830548926014,0.0,,,,,-0.027084631587904556,,,,,,,,,,,,,,,0,table_only,,metrics_table_without_source_hash_or_label_flag,multi-seed legacy ablation table,Useful for mechanism direction only; do not merge with V9 paper-preprocess rows.
static_gate_legacy_table,StaticGate,static_gate_nomix,static_gate_nomix,Quake_Smart-seq2_Lung,historical_merged_summary,ablation/merged_summary.csv,1,42,1676,23341,11,0.1897700055943287,0.0,0.43887037597116674,0.0,0.35441527446300713,0.0,,,,,0.0,,,,,,,,,,,,,,,0,table_only,,metrics_table_without_source_hash_or_label_flag,multi-seed legacy ablation table,Useful for mechanism direction only; do not merge with V9 paper-preprocess rows.
static_gate_legacy_table,StaticGate,static_gate_random_neighbors,static_gate_nomix,Quake_Smart-seq2_Lung,historical_merged_summary,ablation/merged_summary.csv,1,42,1676,23341,11,0.14354634125835936,0.0,0.41596278381023805,0.0,0.3496420047732697,0.0,,,,,-0.04622366433596933,,,,,,,,,,,,,,,0,table_only,,metrics_table_without_source_hash_or_label_flag,multi-seed legacy ablation table,Useful for mechanism direction only; do not merge with V9 paper-preprocess rows.
static_gate_legacy_table,StaticGate,static_gate_constant_gate,static_gate_nomix,breast_cancer_wisconsin_original,historical_merged_summary,ablation/merged_summary.csv,1,42,683,9,2,0.8854640525573996,0.0,0.8112351393369028,0.0,0.9707174231332357,0.0,,,,,-0.0055478085085808315,,,,,,,,,,,,,,,0,table_only,,metrics_table_without_source_hash_or_label_flag,multi-seed legacy ablation table,Useful for mechanism direction only; do not merge with V9 paper-preprocess rows.
static_gate_legacy_table,StaticGate,static_gate_edge_only,static_gate_nomix,breast_cancer_wisconsin_original,historical_merged_summary,ablation/merged_summary.csv,1,42,683,9,2,0.8854640525573996,0.0,0.8112351393369028,0.0,0.9707174231332357,0.0,,,,,-0.0055478085085808315,,,,,,,,,,,,,,,0,table_only,,metrics_table_without_source_hash_or_label_flag,multi-seed legacy ablation table,Useful for mechanism direction only; do not merge with V9 paper-preprocess rows.
static_gate_legacy_table,StaticGate,static_gate_far_neighbors,static_gate_nomix,breast_cancer_wisconsin_original,historical_merged_summary,ablation/merged_summary.csv,1,42,683,9,2,0.8909190251664287,0.0,0.8094553782375804,0.0,0.972181551976574,0.0,,,,,-9.283589955166871e-05,,,,,,,,,,,,,,,0,table_only,,metrics_table_without_source_hash_or_label_flag,multi-seed legacy ablation table,Useful for mechanism direction only; do not merge with V9 paper-preprocess rows.
static_gate_legacy_table,StaticGate,static_gate_full,static_gate_nomix,breast_cancer_wisconsin_original,historical_merged_summary,ablation/merged_summary.csv,1,42,683,9,2,0.9021072608540192,0.0,0.8258681724158916,0.0,0.9751098096632503,0.0,,,,,0.011095399788038751,,,,,,,,,,,,,,,0,table_only,,metrics_table_without_source_hash_or_label_flag,multi-seed legacy ablation table,Useful for mechanism direction only; do not merge with V9 paper-preprocess rows.
static_gate_legacy_table,StaticGate,static_gate_gate_only,static_gate_nomix,breast_cancer_wisconsin_original,historical_merged_summary,ablation/merged_summary.csv,1,42,683,9,2,0.9021072608540192,0.0,0.8258681724158916,0.0,0.9751098096632503,0.0,,,,,0.011095399788038751,,,,,,,,,,,,,,,0,table_only,,metrics_table_without_source_hash_or_label_flag,multi-seed legacy ablation table,Useful for mechanism direction only; do not merge with V9 paper-preprocess rows.
static_gate_legacy_table,StaticGate,static_gate_no_topology_features,static_gate_nomix,breast_cancer_wisconsin_original,historical_merged_summary,ablation/merged_summary.csv,1,42,683,9,2,0.8965492708208687,0.0,0.8212544649661092,0.0,0.9736456808199122,0.0,,,,,0.005537409754888256,,,,,,,,,,,,,,,0,table_only,,metrics_table_without_source_hash_or_label_flag,multi-seed legacy ablation table,Useful for mechanism direction only; do not merge with V9 paper-preprocess rows.
static_gate_legacy_table,StaticGate,static_gate_nomix,static_gate_nomix,breast_cancer_wisconsin_original,historical_merged_summary,ablation/merged_summary.csv,1,42,683,9,2,0.8910118610659804,0.0,0.8178227522988706,0.0,0.972181551976574,0.0,,,,,0.0,,,,,,,,,,,,,,,0,table_only,,metrics_table_without_source_hash_or_label_flag,multi-seed legacy ablation table,Useful for mechanism direction only; do not merge with V9 paper-preprocess rows.
static_gate_legacy_table,StaticGate,static_gate_random_neighbors,static_gate_nomix,breast_cancer_wisconsin_original,historical_merged_summary,ablation/merged_summary.csv,1,42,683,9,2,0.8853339513714736,0.0,0.8006215302691663,0.0,0.9707174231332357,0.0,,,,,-0.005677909694506766,,,,,,,,,,,,,,,0,table_only,,metrics_table_without_source_hash_or_label_flag,multi-seed legacy ablation table,Useful for mechanism direction only; do not merge with V9 paper-preprocess rows.
static_gate_legacy_table,StaticGate,static_gate_constant_gate,static_gate_nomix,cnae9,historical_merged_summary,ablation/merged_summary.csv,1,42,1080,856,9,0.3329167379271216,0.0,0.5886837703125654,0.0,0.5861111111111111,0.0,,,,,0.06246756610468346,,,,,,,,,,,,,,,0,table_only,,metrics_table_without_source_hash_or_label_flag,multi-seed legacy ablation table,Useful for mechanism direction only; do not merge with V9 paper-preprocess rows.
static_gate_legacy_table,StaticGate,static_gate_edge_only,static_gate_nomix,cnae9,historical_merged_summary,ablation/merged_summary.csv,1,42,1080,856,9,0.34980742172695795,0.0,0.530029484516482,0.0,0.5851851851851851,0.0,,,,,0.07935824990451978,,,,,,,,,,,,,,,0,table_only,,metrics_table_without_source_hash_or_label_flag,multi-seed legacy ablation table,Useful for mechanism direction only; do not merge with V9 paper-preprocess rows.
static_gate_legacy_table,StaticGate,static_gate_far_neighbors,static_gate_nomix,cnae9,historical_merged_summary,ablation/merged_summary.csv,1,42,1080,856,9,0.3082844778793286,0.0,0.45327669828619654,0.0,0.5296296296296297,0.0,,,,,0.03783530605689045,,,,,,,,,,,,,,,0,table_only,,metrics_table_without_source_hash_or_label_flag,multi-seed legacy ablation table,Useful for mechanism direction only; do not merge with V9 paper-preprocess rows.
static_gate_legacy_table,StaticGate,static_gate_full,static_gate_nomix,cnae9,historical_merged_summary,ablation/merged_summary.csv,1,42,1080,856,9,0.28628209770827595,0.0,0.555863955674129,0.0,0.5685185185185185,0.0,,,,,0.01583292588583779,,,,,,,,,,,,,,,0,table_only,,metrics_table_without_source_hash_or_label_flag,multi-seed legacy ablation table,Useful for mechanism direction only; do not merge with V9 paper-preprocess rows.
static_gate_legacy_table,StaticGate,static_gate_gate_only,static_gate_nomix,cnae9,historical_merged_summary,ablation/merged_summary.csv,1,42,1080,856,9,0.350263166224347,0.0,0.52380326914492,0.0,0.5787037037037037,0.0,,,,,0.07981399440190884,,,,,,,,,,,,,,,0,table_only,,metrics_table_without_source_hash_or_label_flag,multi-seed legacy ablation table,Useful for mechanism direction only; do not merge with V9 paper-preprocess rows.
static_gate_legacy_table,StaticGate,static_gate_no_topology_features,static_gate_nomix,cnae9,historical_merged_summary,ablation/merged_summary.csv,1,42,1080,856,9,0.3369144282441169,0.0,0.5278798391803928,0.0,0.575,0.0,,,,,0.06646525642167872,,,,,,,,,,,,,,,0,table_only,,metrics_table_without_source_hash_or_label_flag,multi-seed legacy ablation table,Useful for mechanism direction only; do not merge with V9 paper-preprocess rows.
static_gate_legacy_table,StaticGate,static_gate_nomix,static_gate_nomix,cnae9,historical_merged_summary,ablation/merged_summary.csv,1,42,1080,856,9,0.27044917182243816,0.0,0.5497771165332398,0.0,0.5518518518518518,0.0,,,,,0.0,,,,,,,,,,,,,,,0,table_only,,metrics_table_without_source_hash_or_label_flag,multi-seed legacy ablation table,Useful for mechanism direction only; do not merge with V9 paper-preprocess rows.
static_gate_legacy_table,StaticGate,static_gate_random_neighbors,static_gate_nomix,cnae9,historical_merged_summary,ablation/merged_summary.csv,1,42,1080,856,9,0.269558685983069,0.0,0.5468251678325042,0.0,0.5453703703703704,0.0,,,,,-0.0008904858393691817,,,,,,,,,,,,,,,0,table_only,,metrics_table_without_source_hash_or_label_flag,multi-seed legacy ablation table,Useful for mechanism direction only; do not merge with V9 paper-preprocess rows.
static_gate_legacy_table,StaticGate,static_gate_constant_gate,static_gate_nomix,enron,historical_merged_summary,ablation/merged_summary.csv,1,42,9999,4096,2,0.7810601979334522,0.0,0.7328375634324545,0.0,0.9418941894189419,0.0,,,,,-0.09426267294328672,,,,,,,,,,,,,,,0,table_only,,metrics_table_without_source_hash_or_label_flag,multi-seed legacy ablation table,Useful for mechanism direction only; do not merge with V9 paper-preprocess rows.
static_gate_legacy_table,StaticGate,static_gate_edge_only,static_gate_nomix,enron,historical_merged_summary,ablation/merged_summary.csv,1,42,9999,4096,2,0.7956244475707918,0.0,0.7459869560171636,0.0,0.945994599459946,0.0,,,,,-0.07969842330594712,,,,,,,,,,,,,,,0,table_only,,metrics_table_without_source_hash_or_label_flag,multi-seed legacy ablation table,Useful for mechanism direction only; do not merge with V9 paper-preprocess rows.
static_gate_legacy_table,StaticGate,static_gate_far_neighbors,static_gate_nomix,enron,historical_merged_summary,ablation/merged_summary.csv,1,42,9999,4096,2,0.7842457071719174,0.0,0.7375693468549179,0.0,0.9427942794279428,0.0,,,,,-0.09107716370482144,,,,,,,,,,,,,,,0,table_only,,metrics_table_without_source_hash_or_label_flag,multi-seed legacy ablation table,Useful for mechanism direction only; do not merge with V9 paper-preprocess rows.
static_gate_legacy_table,StaticGate,static_gate_full,static_gate_nomix,enron,historical_merged_summary,ablation/merged_summary.csv,1,42,9999,4096,2,0.7676817464279653,0.0,0.72100487902071,0.0,0.9380938093809381,0.0,,,,,-0.1076411244487736,,,,,,,,,,,,,,,0,table_only,,metrics_table_without_source_hash_or_label_flag,multi-seed legacy ablation table,Useful for mechanism direction only; do not merge with V9 paper-preprocess rows.
static_gate_legacy_table,StaticGate,static_gate_gate_only,static_gate_nomix,enron,historical_merged_summary,ablation/merged_summary.csv,1,42,9999,4096,2,0.7676817464279653,0.0,0.72100487902071,0.0,0.9380938093809381,0.0,,,,,-0.1076411244487736,,,,,,,,,,,,,,,0,table_only,,metrics_table_without_source_hash_or_label_flag,multi-seed legacy ablation table,Useful for mechanism direction only; do not merge with V9 paper-preprocess rows.
static_gate_legacy_table,StaticGate,static_gate_no_topology_features,static_gate_nomix,enron,historical_merged_summary,ablation/merged_summary.csv,1,42,9999,4096,2,0.7895692867615527,0.0,0.7404846665768312,0.0,0.9442944294429443,0.0,,,,,-0.08575358411518619,,,,,,,,,,,,,,,0,table_only,,metrics_table_without_source_hash_or_label_flag,multi-seed legacy ablation table,Useful for mechanism direction only; do not merge with V9 paper-preprocess rows.
static_gate_legacy_table,StaticGate,static_gate_nomix,static_gate_nomix,enron,historical_merged_summary,ablation/merged_summary.csv,1,42,9999,4096,2,0.8753228708767389,0.0,0.8259261968454176,0.0,0.9677967796779678,0.0,,,,,0.0,,,,,,,,,,,,,,,0,table_only,,metrics_table_without_source_hash_or_label_flag,multi-seed legacy ablation table,Useful for mechanism direction only; do not merge with V9 paper-preprocess rows.
static_gate_legacy_table,StaticGate,static_gate_random_neighbors,static_gate_nomix,enron,historical_merged_summary,ablation/merged_summary.csv,1,42,9999,4096,2,0.7838914391173414,0.0,0.7353712118149328,0.0,0.9426942694269427,0.0,,,,,-0.0914314317593975,,,,,,,,,,,,,,,0,table_only,,metrics_table_without_source_hash_or_label_flag,multi-seed legacy ablation table,Useful for mechanism direction only; do not merge with V9 paper-preprocess rows.
static_gate_legacy_table,StaticGate,static_gate_constant_gate,static_gate_nomix,first-order-theorem-proving,historical_merged_summary,ablation/merged_summary.csv,1,42,6118,51,6,0.027382956794242373,0.0,0.056092954414917684,0.0,0.2576005230467473,0.0,,,,,0.00023154658183395516,,,,,,,,,,,,,,,0,table_only,,metrics_table_without_source_hash_or_label_flag,multi-seed legacy ablation table,Useful for mechanism direction only; do not merge with V9 paper-preprocess rows.
static_gate_legacy_table,StaticGate,static_gate_edge_only,static_gate_nomix,first-order-theorem-proving,historical_merged_summary,ablation/merged_summary.csv,1,42,6118,51,6,0.028938742566039812,0.0,0.055669446490063404,0.0,0.2520431513566525,0.0,,,,,0.0017873323536313941,,,,,,,,,,,,,,,0,table_only,,metrics_table_without_source_hash_or_label_flag,multi-seed legacy ablation table,Useful for mechanism direction only; do not merge with V9 paper-preprocess rows.
static_gate_legacy_table,StaticGate,static_gate_far_neighbors,static_gate_nomix,first-order-theorem-proving,historical_merged_summary,ablation/merged_summary.csv,1,42,6118,51,6,0.02008427460325859,0.0,0.05667041600707805,0.0,0.2665903890160183,0.0,,,,,-0.0070671356091498265,,,,,,,,,,,,,,,0,table_only,,metrics_table_without_source_hash_or_label_flag,multi-seed legacy ablation table,Useful for mechanism direction only; do not merge with V9 paper-preprocess rows.
static_gate_legacy_table,StaticGate,static_gate_full,static_gate_nomix,first-order-theorem-proving,historical_merged_summary,ablation/merged_summary.csv,1,42,6118,51,6,0.024433992575380765,0.0,0.05633695336511889,0.0,0.2533507682249101,0.0,,,,,-0.0027174176370276526,,,,,,,,,,,,,,,0,table_only,,metrics_table_without_source_hash_or_label_flag,multi-seed legacy ablation table,Useful for mechanism direction only; do not merge with V9 paper-preprocess rows.
static_gate_legacy_table,StaticGate,static_gate_gate_only,static_gate_nomix,first-order-theorem-proving,historical_merged_summary,ablation/merged_summary.csv,1,42,6118,51,6,0.026656005293400595,0.0,0.05458087052733727,0.0,0.2505720823798627,0.0,,,,,-0.0004954049190078226,,,,,,,,,,,,,,,0,table_only,,metrics_table_without_source_hash_or_label_flag,multi-seed legacy ablation table,Useful for mechanism direction only; do not merge with V9 paper-preprocess rows.
static_gate_legacy_table,StaticGate,static_gate_no_topology_features,static_gate_nomix,first-order-theorem-proving,historical_merged_summary,ablation/merged_summary.csv,1,42,6118,51,6,0.01879204428489454,0.0,0.05625057615802241,0.0,0.2649558679306963,0.0,,,,,-0.008359365927513879,,,,,,,,,,,,,,,0,table_only,,metrics_table_without_source_hash_or_label_flag,multi-seed legacy ablation table,Useful for mechanism direction only; do not merge with V9 paper-preprocess rows.
static_gate_legacy_table,StaticGate,static_gate_nomix,static_gate_nomix,first-order-theorem-proving,historical_merged_summary,ablation/merged_summary.csv,1,42,6118,51,6,0.027151410212408418,0.0,0.061571282405354526,0.0,0.2759071592023537,0.0,,,,,0.0,,,,,,,,,,,,,,,0,table_only,,metrics_table_without_source_hash_or_label_flag,multi-seed legacy ablation table,Useful for mechanism direction only; do not merge with V9 paper-preprocess rows.
static_gate_legacy_table,StaticGate,static_gate_random_neighbors,static_gate_nomix,first-order-theorem-proving,historical_merged_summary,ablation/merged_summary.csv,1,42,6118,51,6,0.0255541166396139,0.0,0.05756005200092328,0.0,0.2745995423340961,0.0,,,,,-0.0015972935727945198,,,,,,,,,,,,,,,0,table_only,,metrics_table_without_source_hash_or_label_flag,multi-seed legacy ablation table,Useful for mechanism direction only; do not merge with V9 paper-preprocess rows.
static_gate_legacy_table,StaticGate,static_gate_constant_gate,static_gate_nomix,har,historical_merged_summary,ablation/merged_summary.csv,1,42,735,561,6,0.553774764250772,0.0,0.661021336671586,0.0,0.7047619047619048,0.0,,,,,0.09557640119631,,,,,,,,,,,,,,,0,table_only,,metrics_table_without_source_hash_or_label_flag,multi-seed legacy ablation table,Useful for mechanism direction only; do not merge with V9 paper-preprocess rows.
static_gate_legacy_table,StaticGate,static_gate_edge_only,static_gate_nomix,har,historical_merged_summary,ablation/merged_summary.csv,1,42,735,561,6,0.5579147729331243,0.0,0.6624706409204806,0.0,0.7074829931972789,0.0,,,,,0.09971640987866232,,,,,,,,,,,,,,,0,table_only,,metrics_table_without_source_hash_or_label_flag,multi-seed legacy ablation table,Useful for mechanism direction only; do not merge with V9 paper-preprocess rows.
static_gate_legacy_table,StaticGate,static_gate_far_neighbors,static_gate_nomix,har,historical_merged_summary,ablation/merged_summary.csv,1,42,735,561,6,0.5569733622340515,0.0,0.6626043483093039,0.0,0.708843537414966,0.0,,,,,0.09877499917958948,,,,,,,,,,,,,,,0,table_only,,metrics_table_without_source_hash_or_label_flag,multi-seed legacy ablation table,Useful for mechanism direction only; do not merge with V9 paper-preprocess rows.
static_gate_legacy_table,StaticGate,static_gate_full,static_gate_nomix,har,historical_merged_summary,ablation/merged_summary.csv,1,42,735,561,6,0.5579147729331243,0.0,0.6624706409204806,0.0,0.7074829931972789,0.0,,,,,0.09971640987866232,,,,,,,,,,,,,,,0,table_only,,metrics_table_without_source_hash_or_label_flag,multi-seed legacy ablation table,Useful for mechanism direction only; do not merge with V9 paper-preprocess rows.
static_gate_legacy_table,StaticGate,static_gate_gate_only,static_gate_nomix,har,historical_merged_summary,ablation/merged_summary.csv,1,42,735,561,6,0.5579147729331243,0.0,0.6624706409204806,0.0,0.7074829931972789,0.0,,,,,0.09971640987866232,,,,,,,,,,,,,,,0,table_only,,metrics_table_without_source_hash_or_label_flag,multi-seed legacy ablation table,Useful for mechanism direction only; do not merge with V9 paper-preprocess rows.
static_gate_legacy_table,StaticGate,static_gate_no_topology_features,static_gate_nomix,har,historical_merged_summary,ablation/merged_summary.csv,1,42,735,561,6,0.5579147729331243,0.0,0.6624706409204806,0.0,0.7074829931972789,0.0,,,,,0.09971640987866232,,,,,,,,,,,,,,,0,table_only,,metrics_table_without_source_hash_or_label_flag,multi-seed legacy ablation table,Useful for mechanism direction only; do not merge with V9 paper-preprocess rows.
static_gate_legacy_table,StaticGate,static_gate_nomix,static_gate_nomix,har,historical_merged_summary,ablation/merged_summary.csv,1,42,735,561,6,0.458198363054462,0.0,0.5919119413188487,0.0,0.5482993197278911,0.0,,,,,0.0,,,,,,,,,,,,,,,0,table_only,,metrics_table_without_source_hash_or_label_flag,multi-seed legacy ablation table,Useful for mechanism direction only; do not merge with V9 paper-preprocess rows.
static_gate_legacy_table,StaticGate,static_gate_random_neighbors,static_gate_nomix,har,historical_merged_summary,ablation/merged_summary.csv,1,42,735,561,6,0.5379575555896738,0.0,0.665841338252182,0.0,0.6517006802721088,0.0,,,,,0.07975919253521185,,,,,,,,,,,,,,,0,table_only,,metrics_table_without_source_hash_or_label_flag,multi-seed legacy ablation table,Useful for mechanism direction only; do not merge with V9 paper-preprocess rows.
static_gate_legacy_table,StaticGate,static_gate_constant_gate,static_gate_nomix,hrvatin_filtered,historical_merged_summary,ablation/merged_summary.csv,1,42,48266,500,8,0.0029763879245828413,0.0,0.09187068060904591,0.0,0.31546015828947915,0.0,,,,,0.0011968810276295541,,,,,,,,,,,,,,,0,table_only,,metrics_table_without_source_hash_or_label_flag,multi-seed legacy ablation table,Useful for mechanism direction only; do not merge with V9 paper-preprocess rows.
static_gate_legacy_table,StaticGate,static_gate_edge_only,static_gate_nomix,hrvatin_filtered,historical_merged_summary,ablation/merged_summary.csv,1,42,48266,500,8,0.0024773948034412436,0.0,0.07086731946568675,0.0,0.3011436622052791,0.0,,,,,0.0006978879064879564,,,,,,,,,,,,,,,0,table_only,,metrics_table_without_source_hash_or_label_flag,multi-seed legacy ablation table,Useful for mechanism direction only; do not merge with V9 paper-preprocess rows.
static_gate_legacy_table,StaticGate,static_gate_far_neighbors,static_gate_nomix,hrvatin_filtered,historical_merged_summary,ablation/merged_summary.csv,1,42,48266,500,8,0.002634759436786239,0.0,0.0704368888978716,0.0,0.30789789914225335,0.0,,,,,0.0008552525398329519,,,,,,,,,,,,,,,0,table_only,,metrics_table_without_source_hash_or_label_flag,multi-seed legacy ablation table,Useful for mechanism direction only; do not merge with V9 paper-preprocess rows.
static_gate_legacy_table,StaticGate,static_gate_full,static_gate_nomix,hrvatin_filtered,historical_merged_summary,ablation/merged_summary.csv,1,42,48266,500,8,0.0022612137284940843,0.0,0.08021463373467141,0.0,0.3124352546305888,0.0,,,,,0.0004817068315407971,,,,,,,,,,,,,,,0,table_only,,metrics_table_without_source_hash_or_label_flag,multi-seed legacy ablation table,Useful for mechanism direction only; do not merge with V9 paper-preprocess rows.
static_gate_legacy_table,StaticGate,static_gate_gate_only,static_gate_nomix,hrvatin_filtered,historical_merged_summary,ablation/merged_summary.csv,1,42,48266,500,8,0.002397218111816783,0.0,0.0672766602320651,0.0,0.3060746695396345,0.0,,,,,0.0006177112148634957,,,,,,,,,,,,,,,0,table_only,,metrics_table_without_source_hash_or_label_flag,multi-seed legacy ablation table,Useful for mechanism direction only; do not merge with V9 paper-preprocess rows.
static_gate_legacy_table,StaticGate,static_gate_no_topology_features,static_gate_nomix,hrvatin_filtered,historical_merged_summary,ablation/merged_summary.csv,1,42,48266,500,8,0.002538012053093925,0.0,0.07098418042628502,0.0,0.3091824472713712,0.0,,,,,0.000758505156140638,,,,,,,,,,,,,,,0,table_only,,metrics_table_without_source_hash_or_label_flag,multi-seed legacy ablation table,Useful for mechanism direction only; do not merge with V9 paper-preprocess rows.
static_gate_legacy_table,StaticGate,static_gate_nomix,static_gate_nomix,hrvatin_filtered,historical_merged_summary,ablation/merged_summary.csv,1,42,48266,500,8,0.0017795068969532872,0.0,0.060880384716035754,0.0,0.3031533584718021,0.0,,,,,0.0,,,,,,,,,,,,,,,0,table_only,,metrics_table_without_source_hash_or_label_flag,multi-seed legacy ablation table,Useful for mechanism direction only; do not merge with V9 paper-preprocess rows.
static_gate_legacy_table,StaticGate,static_gate_random_neighbors,static_gate_nomix,hrvatin_filtered,historical_merged_summary,ablation/merged_summary.csv,1,42,48266,500,8,0.003090089830931326,0.0,0.09319871883502759,0.0,0.31535656569842124,0.0,,,,,0.001310582933978039,,,,,,,,,,,,,,,0,table_only,,metrics_table_without_source_hash_or_label_flag,multi-seed legacy ablation table,Useful for mechanism direction only; do not merge with V9 paper-preprocess rows.
static_gate_legacy_table,StaticGate,static_gate_constant_gate,static_gate_nomix,iris,historical_merged_summary,ablation/merged_summary.csv,1,42,150,4,3,0.6402223987291501,0.0,0.7086848921371024,0.0,0.84,0.0,,,,,-0.1317814815031768,,,,,,,,,,,,,,,0,table_only,,metrics_table_without_source_hash_or_label_flag,multi-seed legacy ablation table,Useful for mechanism direction only; do not merge with V9 paper-preprocess rows.
static_gate_legacy_table,StaticGate,static_gate_edge_only,static_gate_nomix,iris,historical_merged_summary,ablation/merged_summary.csv,1,42,150,4,3,0.703743816882739,0.0,0.7346249737691951,0.0,0.88,0.0,,,,,-0.0682600633495879,,,,,,,,,,,,,,,0,table_only,,metrics_table_without_source_hash_or_label_flag,multi-seed legacy ablation table,Useful for mechanism direction only; do not merge with V9 paper-preprocess rows.
static_gate_legacy_table,StaticGate,static_gate_far_neighbors,static_gate_nomix,iris,historical_merged_summary,ablation/merged_summary.csv,1,42,150,4,3,0.6799982818699698,0.0,0.7212217716565239,0.0,0.8666666666666667,0.0,,,,,-0.09200559836235711,,,,,,,,,,,,,,,0,table_only,,metrics_table_without_source_hash_or_label_flag,multi-seed legacy ablation table,Useful for mechanism direction only; do not merge with V9 paper-preprocess rows.
static_gate_legacy_table,StaticGate,static_gate_full,static_gate_nomix,iris,historical_merged_summary,ablation/merged_summary.csv,1,42,150,4,3,0.6402223987291501,0.0,0.7086848921371024,0.0,0.84,0.0,,,,,-0.1317814815031768,,,,,,,,,,,,,,,0,table_only,,metrics_table_without_source_hash_or_label_flag,multi-seed legacy ablation table,Useful for mechanism direction only; do not merge with V9 paper-preprocess rows.
static_gate_legacy_table,StaticGate,static_gate_gate_only,static_gate_nomix,iris,historical_merged_summary,ablation/merged_summary.csv,1,42,150,4,3,0.703743816882739,0.0,0.7346249737691951,0.0,0.88,0.0,,,,,-0.0682600633495879,,,,,,,,,,,,,,,0,table_only,,metrics_table_without_source_hash_or_label_flag,multi-seed legacy ablation table,Useful for mechanism direction only; do not merge with V9 paper-preprocess rows.
static_gate_legacy_table,StaticGate,static_gate_no_topology_features,static_gate_nomix,iris,historical_merged_summary,ablation/merged_summary.csv,1,42,150,4,3,0.703743816882739,0.0,0.7346249737691951,0.0,0.88,0.0,,,,,-0.0682600633495879,,,,,,,,,,,,,,,0,table_only,,metrics_table_without_source_hash_or_label_flag,multi-seed legacy ablation table,Useful for mechanism direction only; do not merge with V9 paper-preprocess rows.
static_gate_legacy_table,StaticGate,static_gate_nomix,static_gate_nomix,iris,historical_merged_summary,ablation/merged_summary.csv,1,42,150,4,3,0.7720038802323269,0.0,0.7831589314611245,0.0,0.9133333333333333,0.0,,,,,0.0,,,,,,,,,,,,,,,0,table_only,,metrics_table_without_source_hash_or_label_flag,multi-seed legacy ablation table,Useful for mechanism direction only; do not merge with V9 paper-preprocess rows.
static_gate_legacy_table,StaticGate,static_gate_random_neighbors,static_gate_nomix,iris,historical_merged_summary,ablation/merged_summary.csv,1,42,150,4,3,0.6402223987291501,0.0,0.7086848921371024,0.0,0.84,0.0,,,,,-0.1317814815031768,,,,,,,,,,,,,,,0,table_only,,metrics_table_without_source_hash_or_label_flag,multi-seed legacy ablation table,Useful for mechanism direction only; do not merge with V9 paper-preprocess rows.
static_gate_legacy_table,StaticGate,static_gate_constant_gate,static_gate_nomix,mammographic_mass,historical_merged_summary,ablation/merged_summary.csv,1,42,830,5,2,0.36505259778795407,0.0,0.3227622194417013,0.0,0.8024096385542169,0.0,,,,,-0.014733237629015794,,,,,,,,,,,,,,,0,table_only,,metrics_table_without_source_hash_or_label_flag,multi-seed legacy ablation table,Useful for mechanism direction only; do not merge with V9 paper-preprocess rows.
static_gate_legacy_table,StaticGate,static_gate_edge_only,static_gate_nomix,mammographic_mass,historical_merged_summary,ablation/merged_summary.csv,1,42,830,5,2,0.32533750096764624,0.0,0.28672064986927065,0.0,0.7855421686746988,0.0,,,,,-0.05444833444932362,,,,,,,,,,,,,,,0,table_only,,metrics_table_without_source_hash_or_label_flag,multi-seed legacy ablation table,Useful for mechanism direction only; do not merge with V9 paper-preprocess rows.
static_gate_legacy_table,StaticGate,static_gate_far_neighbors,static_gate_nomix,mammographic_mass,historical_merged_summary,ablation/merged_summary.csv,1,42,830,5,2,0.34207661025738706,0.0,0.2941612505727109,0.0,0.7927710843373494,0.0,,,,,-0.037709225159582804,,,,,,,,,,,,,,,0,table_only,,metrics_table_without_source_hash_or_label_flag,multi-seed legacy ablation table,Useful for mechanism direction only; do not merge with V9 paper-preprocess rows.
static_gate_legacy_table,StaticGate,static_gate_full,static_gate_nomix,mammographic_mass,historical_merged_summary,ablation/merged_summary.csv,1,42,830,5,2,0.36214144855481556,0.0,0.3243097467824188,0.0,0.8012048192771084,0.0,,,,,-0.017644386862154304,,,,,,,,,,,,,,,0,table_only,,metrics_table_without_source_hash_or_label_flag,multi-seed legacy ablation table,Useful for mechanism direction only; do not merge with V9 paper-preprocess rows.
static_gate_legacy_table,StaticGate,static_gate_gate_only,static_gate_nomix,mammographic_mass,historical_merged_summary,ablation/merged_summary.csv,1,42,830,5,2,0.3364535506279667,0.0,0.3009681729388046,0.0,0.7903614457831325,0.0,,,,,-0.04333228478900314,,,,,,,,,,,,,,,0,table_only,,metrics_table_without_source_hash_or_label_flag,multi-seed legacy ablation table,Useful for mechanism direction only; do not merge with V9 paper-preprocess rows.
static_gate_legacy_table,StaticGate,static_gate_no_topology_features,static_gate_nomix,mammographic_mass,historical_merged_summary,ablation/merged_summary.csv,1,42,830,5,2,0.34775233897136565,0.0,0.30558604307497134,0.0,0.7951807228915663,0.0,,,,,-0.032033496445604215,,,,,,,,,,,,,,,0,table_only,,metrics_table_without_source_hash_or_label_flag,multi-seed legacy ablation table,Useful for mechanism direction only; do not merge with V9 paper-preprocess rows.
static_gate_legacy_table,StaticGate,static_gate_nomix,static_gate_nomix,mammographic_mass,historical_merged_summary,ablation/merged_summary.csv,1,42,830,5,2,0.37978583541696986,0.0,0.32522323154121735,0.0,0.808433734939759,0.0,,,,,0.0,,,,,,,,,,,,,,,0,table_only,,metrics_table_without_source_hash_or_label_flag,multi-seed legacy ablation table,Useful for mechanism direction only; do not merge with V9 paper-preprocess rows.
static_gate_legacy_table,StaticGate,static_gate_random_neighbors,static_gate_nomix,mammographic_mass,historical_merged_summary,ablation/merged_summary.csv,1,42,830,5,2,0.3592409063233746,0.0,0.3222763855414347,0.0,0.8,0.0,,,,,-0.020544929093595288,,,,,,,,,,,,,,,0,table_only,,metrics_table_without_source_hash_or_label_flag,multi-seed legacy ablation table,Useful for mechanism direction only; do not merge with V9 paper-preprocess rows.
static_gate_legacy_table,StaticGate,static_gate_constant_gate,static_gate_nomix,reuters,historical_merged_summary,ablation/merged_summary.csv,1,42,6576,4096,3,0.20745272873969364,0.0,0.29991367295749866,0.0,0.5328467153284672,0.0,,,,,-0.004555645137263475,,,,,,,,,,,,,,,0,table_only,,metrics_table_without_source_hash_or_label_flag,multi-seed legacy ablation table,Useful for mechanism direction only; do not merge with V9 paper-preprocess rows.
static_gate_legacy_table,StaticGate,static_gate_edge_only,static_gate_nomix,reuters,historical_merged_summary,ablation/merged_summary.csv,1,42,6576,4096,3,0.1819125175556919,0.0,0.2833689445482681,0.0,0.5165754257907542,0.0,,,,,-0.030095856321265213,,,,,,,,,,,,,,,0,table_only,,metrics_table_without_source_hash_or_label_flag,multi-seed legacy ablation table,Useful for mechanism direction only; do not merge with V9 paper-preprocess rows.
static_gate_legacy_table,StaticGate,static_gate_far_neighbors,static_gate_nomix,reuters,historical_merged_summary,ablation/merged_summary.csv,1,42,6576,4096,3,0.18103910726332134,0.0,0.28275414437421964,0.0,0.5159671532846716,0.0,,,,,-0.030969266613635776,,,,,,,,,,,,,,,0,table_only,,metrics_table_without_source_hash_or_label_flag,multi-seed legacy ablation table,Useful for mechanism direction only; do not merge with V9 paper-preprocess rows.
static_gate_legacy_table,StaticGate,static_gate_full,static_gate_nomix,reuters,historical_merged_summary,ablation/merged_summary.csv,1,42,6576,4096,3,0.207409772486687,0.0,0.30017889144725524,0.0,0.5337591240875912,0.0,,,,,-0.0045986013902701295,,,,,,,,,,,,,,,0,table_only,,metrics_table_without_source_hash_or_label_flag,multi-seed legacy ablation table,Useful for mechanism direction only; do not merge with V9 paper-preprocess rows.
static_gate_legacy_table,StaticGate,static_gate_gate_only,static_gate_nomix,reuters,historical_merged_summary,ablation/merged_summary.csv,1,42,6576,4096,3,0.17990585660694558,0.0,0.28200213311938227,0.0,0.5156630170316302,0.0,,,,,-0.03210251727001154,,,,,,,,,,,,,,,0,table_only,,metrics_table_without_source_hash_or_label_flag,multi-seed legacy ablation table,Useful for mechanism direction only; do not merge with V9 paper-preprocess rows.
static_gate_legacy_table,StaticGate,static_gate_no_topology_features,static_gate_nomix,reuters,historical_merged_summary,ablation/merged_summary.csv,1,42,6576,4096,3,0.18185457033955277,0.0,0.28349478037159165,0.0,0.5162712895377128,0.0,,,,,-0.03015380353740435,,,,,,,,,,,,,,,0,table_only,,metrics_table_without_source_hash_or_label_flag,multi-seed legacy ablation table,Useful for mechanism direction only; do not merge with V9 paper-preprocess rows.
static_gate_legacy_table,StaticGate,static_gate_nomix,static_gate_nomix,reuters,historical_merged_summary,ablation/merged_summary.csv,1,42,6576,4096,3,0.21200837387695712,0.0,0.3037319023052318,0.0,0.5355839416058394,0.0,,,,,0.0,,,,,,,,,,,,,,,0,table_only,,metrics_table_without_source_hash_or_label_flag,multi-seed legacy ablation table,Useful for mechanism direction only; do not merge with V9 paper-preprocess rows.
static_gate_legacy_table,StaticGate,static_gate_random_neighbors,static_gate_nomix,reuters,historical_merged_summary,ablation/merged_summary.csv,1,42,6576,4096,3,0.21203467912977572,0.0,0.3037954425745429,0.0,0.5358880778588808,0.0,,,,,2.630525281860363e-05,,,,,,,,,,,,,,,0,table_only,,metrics_table_without_source_hash_or_label_flag,multi-seed legacy ablation table,Useful for mechanism direction only; do not merge with V9 paper-preprocess rows.
static_gate_legacy_table,StaticGate,static_gate_constant_gate,static_gate_nomix,sms_spam_collection,historical_merged_summary,ablation/merged_summary.csv,1,42,835,500,2,0.8478283860945162,0.0,0.7370032753577076,0.0,0.9736526946107784,0.0,,,,,0.003527122958423279,,,,,,,,,,,,,,,0,table_only,,metrics_table_without_source_hash_or_label_flag,multi-seed legacy ablation table,Useful for mechanism direction only; do not merge with V9 paper-preprocess rows.
static_gate_legacy_table,StaticGate,static_gate_edge_only,static_gate_nomix,sms_spam_collection,historical_merged_summary,ablation/merged_summary.csv,1,42,835,500,2,0.8478283860945162,0.0,0.7370032753577076,0.0,0.9736526946107784,0.0,,,,,0.003527122958423279,,,,,,,,,,,,,,,0,table_only,,metrics_table_without_source_hash_or_label_flag,multi-seed legacy ablation table,Useful for mechanism direction only; do not merge with V9 paper-preprocess rows.
static_gate_legacy_table,StaticGate,static_gate_far_neighbors,static_gate_nomix,sms_spam_collection,historical_merged_summary,ablation/merged_summary.csv,1,42,835,500,2,0.7118527469765656,0.0,0.5998084798081688,0.0,0.9520958083832335,0.0,,,,,-0.13244851615952724,,,,,,,,,,,,,,,0,table_only,,metrics_table_without_source_hash_or_label_flag,multi-seed legacy ablation table,Useful for mechanism direction only; do not merge with V9 paper-preprocess rows.
static_gate_legacy_table,StaticGate,static_gate_full,static_gate_nomix,sms_spam_collection,historical_merged_summary,ablation/merged_summary.csv,1,42,835,500,2,0.8199757155412392,0.0,0.6947204142863673,0.0,0.9688622754491018,0.0,,,,,-0.024325547594853725,,,,,,,,,,,,,,,0,table_only,,metrics_table_without_source_hash_or_label_flag,multi-seed legacy ablation table,Useful for mechanism direction only; do not merge with V9 paper-preprocess rows.
static_gate_legacy_table,StaticGate,static_gate_gate_only,static_gate_nomix,sms_spam_collection,historical_merged_summary,ablation/merged_summary.csv,1,42,835,500,2,0.8188862501474372,0.0,0.7017554533609652,0.0,0.9688622754491018,0.0,,,,,-0.025415012988655672,,,,,,,,,,,,,,,0,table_only,,metrics_table_without_source_hash_or_label_flag,multi-seed legacy ablation table,Useful for mechanism direction only; do not merge with V9 paper-preprocess rows.
static_gate_legacy_table,StaticGate,static_gate_no_topology_features,static_gate_nomix,sms_spam_collection,historical_merged_summary,ablation/merged_summary.csv,1,42,835,500,2,0.8199757155412392,0.0,0.6947204142863673,0.0,0.9688622754491018,0.0,,,,,-0.024325547594853725,,,,,,,,,,,,,,,0,table_only,,metrics_table_without_source_hash_or_label_flag,multi-seed legacy ablation table,Useful for mechanism direction only; do not merge with V9 paper-preprocess rows.
static_gate_legacy_table,StaticGate,static_gate_nomix,static_gate_nomix,sms_spam_collection,historical_merged_summary,ablation/merged_summary.csv,1,42,835,500,2,0.8443012631360929,0.0,0.7100015650180532,0.0,0.9724550898203593,0.0,,,,,0.0,,,,,,,,,,,,,,,0,table_only,,metrics_table_without_source_hash_or_label_flag,multi-seed legacy ablation table,Useful for mechanism direction only; do not merge with V9 paper-preprocess rows.
static_gate_legacy_table,StaticGate,static_gate_random_neighbors,static_gate_nomix,sms_spam_collection,historical_merged_summary,ablation/merged_summary.csv,1,42,835,500,2,0.7291784442424734,0.0,0.6028392249022532,0.0,0.9544910179640719,0.0,,,,,-0.11512281889361953,,,,,,,,,,,,,,,0,table_only,,metrics_table_without_source_hash_or_label_flag,multi-seed legacy ablation table,Useful for mechanism direction only; do not merge with V9 paper-preprocess rows.
static_gate_legacy_table,StaticGate,static_gate_constant_gate,static_gate_nomix,spambase,historical_merged_summary,ablation/merged_summary.csv,1,42,4601,57,2,0.6601811646381365,0.0,0.5401388239050676,0.0,0.9065420560747663,0.0,,,,,0.02160449054919622,,,,,,,,,,,,,,,0,table_only,,metrics_table_without_source_hash_or_label_flag,multi-seed legacy ablation table,Useful for mechanism direction only; do not merge with V9 paper-preprocess rows.
static_gate_legacy_table,StaticGate,static_gate_edge_only,static_gate_nomix,spambase,historical_merged_summary,ablation/merged_summary.csv,1,42,4601,57,2,0.6540294622727736,0.0,0.5343815033925918,0.0,0.9045859595740057,0.0,,,,,0.015452788183833333,,,,,,,,,,,,,,,0,table_only,,metrics_table_without_source_hash_or_label_flag,multi-seed legacy ablation table,Useful for mechanism direction only; do not merge with V9 paper-preprocess rows.
static_gate_legacy_table,StaticGate,static_gate_far_neighbors,static_gate_nomix,spambase,historical_merged_summary,ablation/merged_summary.csv,1,42,4601,57,2,0.3273451258256285,0.0,0.2767480960631634,0.0,0.786133449250163,0.0,,,,,-0.31123154826331173,,,,,,,,,,,,,,,0,table_only,,metrics_table_without_source_hash_or_label_flag,multi-seed legacy ablation table,Useful for mechanism direction only; do not merge with V9 paper-preprocess rows.
static_gate_legacy_table,StaticGate,static_gate_full,static_gate_nomix,spambase,historical_merged_summary,ablation/merged_summary.csv,1,42,4601,57,2,0.6650336830457455,0.0,0.5462059688367872,0.0,0.9080634644642469,0.0,,,,,0.02645700895680525,,,,,,,,,,,,,,,0,table_only,,metrics_table_without_source_hash_or_label_flag,multi-seed legacy ablation table,Useful for mechanism direction only; do not merge with V9 paper-preprocess rows.
static_gate_legacy_table,StaticGate,static_gate_gate_only,static_gate_nomix,spambase,historical_merged_summary,ablation/merged_summary.csv,1,42,4601,57,2,0.6581093215266629,0.0,0.5378456779395369,0.0,0.9058900239078461,0.0,,,,,0.01953264743772265,,,,,,,,,,,,,,,0,table_only,,metrics_table_without_source_hash_or_label_flag,multi-seed legacy ablation table,Useful for mechanism direction only; do not merge with V9 paper-preprocess rows.
static_gate_legacy_table,StaticGate,static_gate_no_topology_features,static_gate_nomix,spambase,historical_merged_summary,ablation/merged_summary.csv,1,42,4601,57,2,0.6517966576606987,0.0,0.5313861775225697,0.0,0.9039339274070854,0.0,,,,,0.013219983571758465,,,,,,,,,,,,,,,0,table_only,,metrics_table_without_source_hash_or_label_flag,multi-seed legacy ablation table,Useful for mechanism direction only; do not merge with V9 paper-preprocess rows.
static_gate_legacy_table,StaticGate,static_gate_nomix,static_gate_nomix,spambase,historical_merged_summary,ablation/merged_summary.csv,1,42,4601,57,2,0.6385766740889403,0.0,0.5183905254484154,0.0,0.8998043903499239,0.0,,,,,0.0,,,,,,,,,,,,,,,0,table_only,,metrics_table_without_source_hash_or_label_flag,multi-seed legacy ablation table,Useful for mechanism direction only; do not merge with V9 paper-preprocess rows.
static_gate_legacy_table,StaticGate,static_gate_random_neighbors,static_gate_nomix,spambase,historical_merged_summary,ablation/merged_summary.csv,1,42,4601,57,2,0.13714666873453013,0.0,0.12420780495844881,0.0,0.6855031514888068,0.0,,,,,-0.5014300053544101,,,,,,,,,,,,,,,0,table_only,,metrics_table_without_source_hash_or_label_flag,multi-seed legacy ablation table,Useful for mechanism direction only; do not merge with V9 paper-preprocess rows.
v13_advantage,V13,v13_full,v13_nomix,banknote_authentication,raw_related_advantage,runs.csv + per-run summary.json,3,123|42|7,1372,4,2,0.11695247519697294,0.048934371660872285,0.20121300773161377,0.052955186401563416,0.6734693877551021,0.03490180727059149,0.11695247519697294,0.048934371660872285,0.16243335044516707,0.029423371731344156,0.0013971419638783705,0.0013971419638783705,-0.007316866902467634,,,,,,,,,,,,,1,runner_code:np.unique(y),code_audit_false,source_hash_and_k_in_runs_csv; explicit label flag absent,3-seed paired mechanism comparison,Full and NoMix are paired within this batch; do not compare dataset names across different source manifests.
v13_advantage,V13,v13_nomix,v13_nomix,banknote_authentication,raw_related_advantage,runs.csv + per-run summary.json,3,123|42|7,1372,4,2,0.11555533323309457,0.046339814089397705,0.20014058210746863,0.049870272274055674,0.6727405247813412,0.03289587200115673,0.11555533323309457,0.046339814089397705,0.1697502173476347,0.01930245444500792,0.0,0.0,0.0,,,,,,,,,,,,,1,runner_code:np.unique(y),code_audit_false,source_hash_and_k_in_runs_csv; explicit label flag absent,3-seed paired mechanism comparison,Full and NoMix are paired within this batch; do not compare dataset names across different source manifests.
v13_advantage,V13,v13_full,v13_nomix,glass_identification,raw_related_advantage,runs.csv + per-run summary.json,3,123|42|7,214,9,6,0.0,0.0,0.0,0.0,0.35514018691588783,0.0,0.0,0.0,0.2547568974109808,0.030151068148573136,0.0,0.0,-0.0007079047016704809,,,,,,,,,,,,,1,runner_code:np.unique(y),code_audit_false,source_hash_and_k_in_runs_csv; explicit label flag absent,3-seed paired mechanism comparison,Full and NoMix are paired within this batch; do not compare dataset names across different source manifests.
v13_advantage,V13,v13_nomix,v13_nomix,glass_identification,raw_related_advantage,runs.csv + per-run summary.json,3,123|42|7,214,9,6,0.0,0.0,0.0,0.0,0.35514018691588783,0.0,0.0,0.0,0.25546480211265127,0.028442429526756324,0.0,0.0,0.0,,,,,,,,,,,,,1,runner_code:np.unique(y),code_audit_false,source_hash_and_k_in_runs_csv; explicit label flag absent,3-seed paired mechanism comparison,Full and NoMix are paired within this batch; do not compare dataset names across different source manifests.
v13_advantage,V13,v13_full,v13_nomix,image_segmentation,raw_related_advantage,runs.csv + per-run summary.json,3,123|42|7,210,19,7,0.25850850980352563,0.011642234830571504,0.4032431412325799,0.010927215133001461,0.4444444444444444,0.01982539047110604,0.25850850980352563,0.011642234830571504,0.25663014640714255,0.009106965100351614,-0.0013216384694306749,-0.0013216384694306749,1.9671443501956265e-05,,,,,,,,,,,,,1,runner_code:np.unique(y),code_audit_false,source_hash_and_k_in_runs_csv; explicit label flag absent,3-seed paired mechanism comparison,Full and NoMix are paired within this batch; do not compare dataset names across different source manifests.
v13_advantage,V13,v13_nomix,v13_nomix,image_segmentation,raw_related_advantage,runs.csv + per-run summary.json,3,123|42|7,210,19,7,0.2598301482729563,0.007206215405252688,0.4039442689058815,0.006646304895245917,0.44761904761904764,0.021821789023599245,0.2598301482729563,0.007206215405252688,0.2566104749636406,0.008956964016469364,0.0,0.0,0.0,,,,,,,,,,,,,1,runner_code:np.unique(y),code_audit_false,source_hash_and_k_in_runs_csv; explicit label flag absent,3-seed paired mechanism comparison,Full and NoMix are paired within this batch; do not compare dataset names across different source manifests.
v13_advantage,V13,v13_full,v13_nomix,ionosphere,raw_related_advantage,runs.csv + per-run summary.json,3,123|42|7,351,34,2,0.15782771916507832,0.01319839870245514,0.10885162832751778,0.007111361153323642,0.7008547008547009,0.008547008547008572,0.15782771916507832,0.01319839870245514,0.1295917201553203,0.010614684314293311,-0.0028947126048706473,-0.0028947126048706473,0.0014374779095497892,,,,,,,,,,,,,1,runner_code:np.unique(y),code_audit_false,source_hash_and_k_in_runs_csv; explicit label flag absent,3-seed paired mechanism comparison,Full and NoMix are paired within this batch; do not compare dataset names across different source manifests.
v13_advantage,V13,v13_nomix,v13_nomix,ionosphere,raw_related_advantage,runs.csv + per-run summary.json,3,123|42|7,351,34,2,0.16072243176994896,0.004556239705930912,0.11116782647104162,0.0014370169777377588,0.7027540360873693,0.0032897451235876208,0.16072243176994896,0.004556239705930912,0.12815424224577052,0.010667908476716954,0.0,0.0,0.0,,,,,,,,,,,,,1,runner_code:np.unique(y),code_audit_false,source_hash_and_k_in_runs_csv; explicit label flag absent,3-seed paired mechanism comparison,Full and NoMix are paired within this batch; do not compare dataset names across different source manifests.
v13_advantage,V13,v13_full,v13_nomix,rice_dataset_cammeo_and_osmancik,raw_related_advantage,runs.csv + per-run summary.json,3,123|42|7,3810,7,2,0.0,0.0,0.0,0.0,0.5721784776902887,0.0,0.0,0.0,0.07122333297273335,0.09855906971454292,0.0,0.0,0.050249984799934894,,,,,,,,,,,,,1,runner_code:np.unique(y),code_audit_false,source_hash_and_k_in_runs_csv; explicit label flag absent,3-seed paired mechanism comparison,Full and NoMix are paired within this batch; do not compare dataset names across different source manifests.
v13_advantage,V13,v13_nomix,v13_nomix,rice_dataset_cammeo_and_osmancik,raw_related_advantage,runs.csv + per-run summary.json,3,123|42|7,3810,7,2,0.0,0.0,0.0,0.0,0.5721784776902887,0.0,0.0,0.0,0.020973348172798455,0.030232961461898748,0.0,0.0,0.0,,,,,,,,,,,,,1,runner_code:np.unique(y),code_audit_false,source_hash_and_k_in_runs_csv; explicit label flag absent,3-seed paired mechanism comparison,Full and NoMix are paired within this batch; do not compare dataset names across different source manifests.
v13_advantage,V13,v13_full,v13_nomix,satellite_image,raw_related_advantage,runs.csv + per-run summary.json,3,123|42|7,6435,36,6,0.4546998751078151,0.02121539744354124,0.6145953350010954,0.018004428161467724,0.6219114219114219,0.0336741774191934,0.4546998751078151,0.02121539744354124,0.4977230378628798,0.02613737387877656,-0.0019157922514764225,-0.0019157922514764225,-0.005009950470630409,,,,,,,,,,,,,1,runner_code:np.unique(y),code_audit_false,source_hash_and_k_in_runs_csv; explicit label flag absent,3-seed paired mechanism comparison,Full and NoMix are paired within this batch; do not compare dataset names across different source manifests.
v13_advantage,V13,v13_nomix,v13_nomix,satellite_image,raw_related_advantage,runs.csv + per-run summary.json,3,123|42|7,6435,36,6,0.45661566735929154,0.01942728072071887,0.6200386280449036,0.016791259994556697,0.6237244237244237,0.0277581103410266,0.45661566735929154,0.01942728072071887,0.5027329883335102,0.023457640078330948,0.0,0.0,0.0,,,,,,,,,,,,,1,runner_code:np.unique(y),code_audit_false,source_hash_and_k_in_runs_csv; explicit label flag absent,3-seed paired mechanism comparison,Full and NoMix are paired within this batch; do not compare dataset names across different source manifests.
v13_advantage,V13,v13_full,v13_nomix,seeds,raw_related_advantage,runs.csv + per-run summary.json,3,123|42|7,210,7,3,0.23361630594362523,0.11217487053506653,0.34278535906892255,0.14087541685715055,0.557142857142857,0.04364357804719849,0.23361630594362523,0.11217487053506653,0.3673919124989862,0.04542770914534471,-0.011562094134279027,-0.011562094134279027,0.002574771427323652,,,,,,,,,,,,,1,runner_code:np.unique(y),code_audit_false,source_hash_and_k_in_runs_csv; explicit label flag absent,3-seed paired mechanism comparison,Full and NoMix are paired within this batch; do not compare dataset names across different source manifests.
v13_advantage,V13,v13_nomix,v13_nomix,seeds,raw_related_advantage,runs.csv + per-run summary.json,3,123|42|7,210,7,3,0.24517840007790426,0.100912973299388,0.3518530846784668,0.13320276251998894,0.5634920634920635,0.036369648372665375,0.24517840007790426,0.100912973299388,0.3648171410716625,0.037677540734599724,0.0,0.0,0.0,,,,,,,,,,,,,1,runner_code:np.unique(y),code_audit_false,source_hash_and_k_in_runs_csv; explicit label flag absent,3-seed paired mechanism comparison,Full and NoMix are paired within this batch; do not compare dataset names across different source manifests.
v13_advantage,V13,v13_full,v13_nomix,spectf_heart,raw_related_advantage,runs.csv + per-run summary.json,3,123|42|7,80,44,2,0.0,0.0,0.0,0.0,0.5,0.0,0.0,0.0,0.00931918880290693,0.015057059949209873,0.0,0.0,0.0,,,,,,,,,,,,,1,runner_code:np.unique(y),code_audit_false,source_hash_and_k_in_runs_csv; explicit label flag absent,3-seed paired mechanism comparison,Full and NoMix are paired within this batch; do not compare dataset names across different source manifests.
v13_advantage,V13,v13_nomix,v13_nomix,spectf_heart,raw_related_advantage,runs.csv + per-run summary.json,3,123|42|7,80,44,2,0.0,0.0,0.0,0.0,0.5,0.0,0.0,0.0,0.00931918880290693,0.015057059949209873,0.0,0.0,0.0,,,,,,,,,,,,,1,runner_code:np.unique(y),code_audit_false,source_hash_and_k_in_runs_csv; explicit label flag absent,3-seed paired mechanism comparison,Full and NoMix are paired within this batch; do not compare dataset names across different source manifests.
v13_advantage,V13,v13_full,v13_nomix,statlog_image_segmentation,raw_related_advantage,runs.csv + per-run summary.json,3,123|42|7,2310,19,7,0.47855401762071764,0.03750222803385122,0.5849406712453057,0.05942943651184708,0.6444444444444445,0.02934903178233435,0.47855401762071764,0.03750222803385122,0.49538178421747375,0.01008058590863306,0.008683607599700327,0.008683607599700327,-0.004193007892452916,,,,,,,,,,,,,1,runner_code:np.unique(y),code_audit_false,source_hash_and_k_in_runs_csv; explicit label flag absent,3-seed paired mechanism comparison,Full and NoMix are paired within this batch; do not compare dataset names across different source manifests.
v13_advantage,V13,v13_nomix,v13_nomix,statlog_image_segmentation,raw_related_advantage,runs.csv + per-run summary.json,3,123|42|7,2310,19,7,0.4698704100210173,0.0358216629215391,0.5812687153272402,0.05840265210443232,0.6333333333333333,0.021941689865756165,0.4698704100210173,0.0358216629215391,0.49957479210992667,0.007799950859711186,0.0,0.0,0.0,,,,,,,,,,,,,1,runner_code:np.unique(y),code_audit_false,source_hash_and_k_in_runs_csv; explicit label flag absent,3-seed paired mechanism comparison,Full and NoMix are paired within this batch; do not compare dataset names across different source manifests.
v13_advantage,V13,v13_full,v13_nomix,vehicle,raw_related_advantage,runs.csv + per-run summary.json,3,123|42|7,846,18,4,0.13236910427616702,0.03384558863751509,0.1919785946396156,0.02175552058669683,0.44996059889676915,0.020347913843459978,0.13236910427616702,0.03384558863751509,0.13744993368802746,0.002790337890687253,0.005838367770096886,0.005838367770096886,0.0006840099014686352,,,,,,,,,,,,,1,runner_code:np.unique(y),code_audit_false,source_hash_and_k_in_runs_csv; explicit label flag absent,3-seed paired mechanism comparison,Full and NoMix are paired within this batch; do not compare dataset names across different source manifests.
v13_advantage,V13,v13_nomix,v13_nomix,vehicle,raw_related_advantage,runs.csv + per-run summary.json,3,123|42|7,846,18,4,0.12653073650607014,0.04506997263946226,0.18693216303302843,0.03194921299968358,0.4448384554767533,0.03335623957966411,0.12653073650607014,0.04506997263946226,0.13676592378655883,0.003387913412613236,0.0,0.0,0.0,,,,,,,,,,,,,1,runner_code:np.unique(y),code_audit_false,source_hash_and_k_in_runs_csv; explicit label flag absent,3-seed paired mechanism comparison,Full and NoMix are paired within this batch; do not compare dataset names across different source manifests.
v13_advantage,V13,v13_full,v13_nomix,vertebral_column,raw_related_advantage,runs.csv + per-run summary.json,3,123|42|7,310,6,2,0.2055082729372122,0.009124517553346343,0.2109217198185307,0.0022336278816411847,0.7279569892473118,0.004927500747264381,0.2055082729372122,0.009124517553346343,0.22153436821348127,0.012541889062658289,-0.0018737238856162408,-0.0018737238856162408,0.0061515915970248025,,,,,,,,,,,,,1,runner_code:np.unique(y),code_audit_false,source_hash_and_k_in_runs_csv; explicit label flag absent,3-seed paired mechanism comparison,Full and NoMix are paired within this batch; do not compare dataset names across different source manifests.
v13_advantage,V13,v13_nomix,v13_nomix,vertebral_column,raw_related_advantage,runs.csv + per-run summary.json,3,123|42|7,310,6,2,0.20738199682282843,0.0,0.21615425402626795,0.0,0.7290322580645161,0.0,0.20738199682282843,0.0,0.21538277661645647,0.008959404509062489,0.0,0.0,0.0,,,,,,,,,,,,,1,runner_code:np.unique(y),code_audit_false,source_hash_and_k_in_runs_csv; explicit label flag absent,3-seed paired mechanism comparison,Full and NoMix are paired within this batch; do not compare dataset names across different source manifests.
v13_advantage,V13,v13_full,v13_nomix,wine,raw_related_advantage,runs.csv + per-run summary.json,3,123|42|7,178,13,3,-0.001653901156766643,0.002864640834216764,0.0232779949629766,0.04031866997420788,0.398876404494382,0.0,-0.001653901156766643,0.002864640834216764,0.3538791378923571,0.010496139157762624,0.0007971239165717829,0.0007971239165717829,0.0,,,,,,,,,,,,,1,runner_code:np.unique(y),code_audit_false,source_hash_and_k_in_runs_csv; explicit label flag absent,3-seed paired mechanism comparison,Full and NoMix are paired within this batch; do not compare dataset names across different source manifests.
v13_advantage,V13,v13_nomix,v13_nomix,wine,raw_related_advantage,runs.csv + per-run summary.json,3,123|42|7,178,13,3,-0.002451025073338426,0.004245299957647387,0.021466715833403205,0.037181442495097625,0.39513108614232206,0.006487081676287914,-0.002451025073338426,0.004245299957647387,0.3538791378923571,0.010496139157762624,0.0,0.0,0.0,,,,,,,,,,,,,1,runner_code:np.unique(y),code_audit_false,source_hash_and_k_in_runs_csv; explicit label flag absent,3-seed paired mechanism comparison,Full and NoMix are paired within this batch; do not compare dataset names across different source manifests.
v14_advantage_5ds,V14,v14_full,v14_nomix,balance_scale,raw_related_advantage,runs.csv + per-run summary.json,3,123|42|7,,,,0.16902791404256942,0.03756606313686255,0.1817515196075021,0.058408324899773344,0.5408,0.02514597383280278,0.16902791404256942,0.03756606313686255,0.1903162441099746,0.04932371419071083,0.0028467831402617105,0.0028467831402617105,-0.001819998641660353,,,,,,,,,,,,,1,runner_code:np.unique(y),code_audit_false,source_hash_and_k_in_runs_csv; explicit label flag absent,3-seed paired mechanism comparison,Full and NoMix are paired within this batch; do not compare dataset names across different source manifests.
v14_advantage_5ds,V14,v14_nomix,v14_nomix,balance_scale,raw_related_advantage,runs.csv + per-run summary.json,3,123|42|7,,,,0.1661811309023077,0.03825568277906424,0.17855308250190202,0.060423824523783774,0.5402666666666667,0.02025964790743744,0.1661811309023077,0.03825568277906424,0.19213624275163496,0.06159057949811995,0.0,0.0,0.0,,,,,,,,,,,,,1,runner_code:np.unique(y),code_audit_false,source_hash_and_k_in_runs_csv; explicit label flag absent,3-seed paired mechanism comparison,Full and NoMix are paired within this batch; do not compare dataset names across different source manifests.
v14_advantage_5ds,V14,v14_full,v14_nomix,landsat,raw_related_advantage,runs.csv + per-run summary.json,3,123|42|7,,,,0.29062841979889853,0.12420311960330661,0.44930634568076533,0.1321247560856337,0.4667418263810597,0.1140293750653566,0.29062841979889853,0.12420311960330661,0.5201379048390412,0.011857582867561623,0.0316447879347278,0.0316447879347278,0.04561451474184369,,,,,,,,,,,,,1,runner_code:np.unique(y),code_audit_false,source_hash_and_k_in_runs_csv; explicit label flag absent,3-seed paired mechanism comparison,Full and NoMix are paired within this batch; do not compare dataset names across different source manifests.
v14_advantage_5ds,V14,v14_nomix,v14_nomix,landsat,raw_related_advantage,runs.csv + per-run summary.json,3,123|42|7,,,,0.2589836318641707,0.17519305495112117,0.4038580757319144,0.19986282025248994,0.4390830514844044,0.16147397771336242,0.2589836318641707,0.17519305495112117,0.4745233900971975,0.07816637344532157,0.0,0.0,0.0,,,,,,,,,,,,,1,runner_code:np.unique(y),code_audit_false,source_hash_and_k_in_runs_csv; explicit label flag absent,3-seed paired mechanism comparison,Full and NoMix are paired within this batch; do not compare dataset names across different source manifests.
v14_advantage_5ds,V14,v14_full,v14_nomix,spectf_heart,raw_related_advantage,runs.csv + per-run summary.json,3,123|42|7,,,,0.0,0.0,0.0,0.0,0.5,0.0,0.0,0.0,0.052232831326085756,0.04990137125039798,0.0,0.0,0.0,,,,,,,,,,,,,1,runner_code:np.unique(y),code_audit_false,source_hash_and_k_in_runs_csv; explicit label flag absent,3-seed paired mechanism comparison,Full and NoMix are paired within this batch; do not compare dataset names across different source manifests.
v14_advantage_5ds,V14,v14_nomix,v14_nomix,spectf_heart,raw_related_advantage,runs.csv + per-run summary.json,3,123|42|7,,,,0.0,0.0,0.0,0.0,0.5,0.0,0.0,0.0,0.052232831326085756,0.04990137125039798,0.0,0.0,0.0,,,,,,,,,,,,,1,runner_code:np.unique(y),code_audit_false,source_hash_and_k_in_runs_csv; explicit label flag absent,3-seed paired mechanism comparison,Full and NoMix are paired within this batch; do not compare dataset names across different source manifests.
v14_advantage_5ds,V14,v14_full,v14_nomix,vehicle,raw_related_advantage,runs.csv + per-run summary.json,3,123|42|7,,,,0.0844670188133508,0.002340265190302347,0.14105785272783927,0.0020672864301844005,0.3727344365642238,0.0006824471267016862,0.0844670188133508,0.002340265190302347,0.12693480273600669,0.004864243214880108,0.001212208630522682,0.001212208630522682,-0.0006139246174712842,,,,,,,,,,,,,1,runner_code:np.unique(y),code_audit_false,source_hash_and_k_in_runs_csv; explicit label flag absent,3-seed paired mechanism comparison,Full and NoMix are paired within this batch; do not compare dataset names across different source manifests.
v14_advantage_5ds,V14,v14_nomix,v14_nomix,vehicle,raw_related_advantage,runs.csv + per-run summary.json,3,123|42|7,,,,0.08325481018282811,0.0031433318824758026,0.1410163406919447,0.003219879435237425,0.3719464144996059,0.0024605981081159997,0.08325481018282811,0.0031433318824758026,0.12754872735347797,0.006327868667866699,0.0,0.0,0.0,,,,,,,,,,,,,1,runner_code:np.unique(y),code_audit_false,source_hash_and_k_in_runs_csv; explicit label flag absent,3-seed paired mechanism comparison,Full and NoMix are paired within this batch; do not compare dataset names across different source manifests.
v14_advantage_5ds,V14,v14_full,v14_nomix,vertebral_column,raw_related_advantage,runs.csv + per-run summary.json,3,123|42|7,,,,0.12402331401215917,0.02855609900230485,0.20608302650572993,0.006170335047967817,0.6806451612903226,0.017960530202677506,0.12402331401215917,0.02855609900230485,0.22791696771876527,0.012833175072114095,-0.013838283165219914,-0.013838283165219914,0.012292342083738667,,,,,,,,,,,,,1,runner_code:np.unique(y),code_audit_false,source_hash_and_k_in_runs_csv; explicit label flag absent,3-seed paired mechanism comparison,Full and NoMix are paired within this batch; do not compare dataset names across different source manifests.
v14_advantage_5ds,V14,v14_nomix,v14_nomix,vertebral_column,raw_related_advantage,runs.csv + per-run summary.json,3,123|42|7,,,,0.13786159717737909,0.019810242916822988,0.20487528108020128,0.011730967960154208,0.6892473118279571,0.0122127061200006,0.13786159717737909,0.019810242916822988,0.2156246256350266,0.0153725568005406,0.0,0.0,0.0,,,,,,,,,,,,,1,runner_code:np.unique(y),code_audit_false,source_hash_and_k_in_runs_csv; explicit label flag absent,3-seed paired mechanism comparison,Full and NoMix are paired within this batch; do not compare dataset names across different source manifests.
